"","rt","response","subj_idx","correct","stim"
"1",1.2113,"1","P001",0,"0"
"2",1.5311,"1","P001",0,"0"
"3",0.7969,"0","P001",0,"1"
"4",0.7116,"1","P001",1,"1"
"5",1.2254,"1","P001",0,"0"
"6",0.8041,"1","P001",1,"1"
"7",1.0579,"1","P001",1,"1"
"8",1.0717,"1","P001",0,"0"
"9",1.0694,"0","P001",1,"0"
"10",0.5949,"1","P001",1,"1"
"11",1.078,"0","P001",1,"0"
"12",1.2727,"0","P001",1,"0"
"13",0.8625,"1","P001",1,"1"
"14",0.8782,"1","P001",1,"1"
"15",0.7979,"0","P001",1,"0"
"16",0.9148,"1","P001",0,"0"
"17",0.5486,"1","P001",1,"1"
"18",0.8733,"1","P001",0,"0"
"19",0.6031,"1","P001",1,"1"
"20",0.6528,"1","P001",1,"1"
"21",0.8806,"1","P001",1,"1"
"22",0.9453,"1","P001",1,"1"
"23",0.9023,"0","P001",1,"0"
"24",1.1439,"1","P001",0,"0"
"25",0.8837,"0","P001",1,"0"
"26",0.8244,"1","P001",0,"0"
"27",1.0022,"0","P001",1,"0"
"28",0.9379,"0","P001",1,"0"
"29",0.7017,"1","P001",1,"1"
"30",1.0035,"0","P001",1,"0"
"31",0.9382,"1","P001",0,"0"
"32",0.715,"1","P001",1,"1"
"33",0.9157,"1","P001",1,"1"
"34",1.0016,"1","P001",0,"0"
"35",0.8142,"1","P001",1,"1"
"36",0.594,"1","P001",1,"1"
"37",0.6907,"0","P001",1,"0"
"38",0.5986,"1","P001",1,"1"
"39",0.8953,"0","P001",1,"0"
"40",1.1411,"0","P001",1,"0"
"41",0.6659,"0","P001",0,"1"
"42",0.7636,"1","P001",0,"0"
"43",0.6454,"1","P001",1,"1"
"44",0.9282,"1","P001",0,"0"
"45",0.7349,"0","P001",0,"1"
"46",0.6157,"1","P001",1,"1"
"47",1.4715,"1","P001",0,"0"
"48",0.5562,"1","P001",1,"1"
"49",1.1059,"1","P001",1,"1"
"50",0.6637,"1","P001",1,"1"
"51",0.7075,"0","P001",1,"0"
"52",1.2203,"1","P001",1,"1"
"53",1.089,"1","P001",1,"1"
"54",1.3288,"1","P001",0,"0"
"55",0.9196,"1","P001",0,"0"
"56",0.7353,"1","P001",1,"1"
"57",0.68,"1","P001",0,"0"
"58",0.7938,"0","P001",1,"0"
"59",1.0005,"1","P001",0,"0"
"60",0.5484,"1","P001",1,"1"
"61",0.7842,"0","P001",1,"0"
"62",0.8969,"1","P001",0,"0"
"63",0.8677,"0","P001",1,"0"
"64",0.8934,"1","P001",0,"0"
"65",0.6722,"1","P001",1,"1"
"66",1.319,"0","P001",0,"1"
"67",0.7907,"1","P001",1,"1"
"68",0.8905,"1","P001",0,"0"
"69",1.2652,"0","P001",1,"0"
"70",1.07,"1","P001",0,"0"
"71",1.0648,"1","P001",0,"0"
"72",1.3175,"1","P001",0,"0"
"73",0.6243,"1","P001",1,"1"
"74",0.8291,"0","P001",1,"0"
"75",0.8169,"0","P001",1,"0"
"76",0.7015,"1","P001",1,"1"
"77",1.1494,"1","P001",0,"0"
"78",1.2072,"1","P001",0,"0"
"79",0.9829,"1","P001",0,"0"
"80",1.3146,"0","P001",0,"1"
"81",0.9953,"0","P001",1,"0"
"82",0.7791,"1","P001",1,"1"
"83",0.714,"1","P001",0,"0"
"84",1.468,"1","P002",1,"1"
"85",2.1707,"1","P002",1,"1"
"86",1.2575,"0","P002",1,"0"
"87",0.7091,"1","P002",1,"1"
"88",1.3829,"1","P002",0,"0"
"89",0.6629,"1","P002",1,"1"
"90",1.3635,"1","P002",0,"0"
"91",1.2794,"1","P002",0,"0"
"92",0.6081,"0","P002",1,"0"
"93",0.5077,"1","P002",1,"1"
"94",1.0546,"0","P002",1,"0"
"95",1.1974,"0","P002",1,"0"
"96",0.878,"1","P002",1,"1"
"97",0.7038,"1","P002",0,"0"
"98",1.1787,"0","P002",1,"0"
"99",0.7173,"1","P002",1,"1"
"100",0.4941,"1","P002",1,"1"
"101",1.3148,"1","P002",1,"1"
"102",0.5907,"1","P002",1,"1"
"103",0.5274,"1","P002",1,"1"
"104",0.5741,"1","P002",0,"0"
"105",0.734,"1","P002",1,"1"
"106",0.9088,"0","P002",1,"0"
"107",1.5114,"1","P002",0,"0"
"108",1.2984,"0","P002",0,"1"
"109",1.947,"1","P002",0,"0"
"110",1.7558,"0","P002",1,"0"
"111",1.6025,"0","P002",1,"0"
"112",0.5912,"1","P002",1,"1"
"113",0.8831,"0","P002",0,"1"
"114",0.5498,"1","P002",1,"1"
"115",0.9705,"1","P002",1,"1"
"116",0.9263,"1","P002",1,"1"
"117",0.6922,"1","P002",1,"1"
"118",1.4819,"1","P002",1,"1"
"119",0.4816,"1","P002",1,"1"
"120",0.9793,"0","P002",1,"0"
"121",0.9633,"1","P002",1,"1"
"122",0.6099,"0","P002",0,"1"
"123",1.1537,"0","P002",1,"0"
"124",0.6774,"0","P002",0,"1"
"125",1.1332,"1","P002",1,"1"
"126",0.7579,"1","P002",0,"0"
"127",0.8599,"1","P002",1,"1"
"128",1.7556,"0","P002",0,"1"
"129",0.5604,"1","P002",1,"1"
"130",0.8721,"1","P002",1,"1"
"131",0.5179,"1","P002",1,"1"
"132",0.5567,"1","P002",1,"1"
"133",0.6363,"1","P002",0,"0"
"134",0.8452,"0","P002",1,"0"
"135",0.863,"1","P002",0,"0"
"136",1.1137,"1","P002",0,"0"
"137",1.5795,"1","P002",0,"0"
"138",0.8072,"1","P002",1,"1"
"139",0.526,"1","P002",1,"1"
"140",0.8361,"1","P002",0,"0"
"141",1.1124,"0","P002",1,"0"
"142",0.8352,"1","P002",1,"1"
"143",0.5099,"1","P002",1,"1"
"144",1.0218,"0","P002",1,"0"
"145",1.0854,"1","P002",0,"0"
"146",0.8743,"0","P002",1,"0"
"147",0.8712,"1","P002",1,"1"
"148",0.6708,"1","P002",1,"1"
"149",1.1025,"0","P002",0,"1"
"150",1.0784,"1","P002",1,"1"
"151",0.984,"1","P002",0,"0"
"152",0.5698,"0","P002",0,"1"
"153",1.1206,"1","P002",1,"1"
"154",1.6784,"1","P002",0,"0"
"155",1.2652,"1","P002",0,"0"
"156",0.7769,"1","P002",1,"1"
"157",0.9117,"0","P002",1,"0"
"158",0.8984,"0","P002",1,"0"
"159",1.0272,"1","P002",1,"1"
"160",2.09,"1","P002",1,"1"
"161",0.7556,"1","P002",0,"0"
"162",0.8994,"1","P002",0,"0"
"163",0.9222,"0","P002",1,"0"
"164",0.808,"0","P002",1,"0"
"165",0.8627,"1","P002",0,"0"
"166",0.9065,"1","P002",0,"0"
"167",3.6902,"1","P003",1,"1"
"168",0.9419,"1","P003",1,"1"
"169",0.7097,"0","P003",1,"0"
"170",0.6365,"1","P003",1,"1"
"171",0.4842,"1","P003",1,"1"
"172",1.01,"1","P003",1,"1"
"173",1.3848,"1","P003",1,"1"
"174",1.4425,"1","P003",1,"1"
"175",0.8173,"0","P003",1,"0"
"176",0.632,"1","P003",1,"1"
"177",1.2779,"0","P003",1,"0"
"178",1.5305,"0","P003",1,"0"
"179",0.6523,"1","P003",1,"1"
"180",1.0621,"1","P003",0,"0"
"181",1.1029,"0","P003",1,"0"
"182",1.0296,"1","P003",1,"1"
"183",0.5174,"1","P003",1,"1"
"184",1.3222,"1","P003",0,"0"
"185",1.2549,"1","P003",0,"0"
"186",0.7687,"1","P003",1,"1"
"187",1.5684,"1","P003",1,"1"
"188",1.4883,"1","P003",0,"0"
"189",3.072,"0","P003",1,"0"
"190",0.6707,"1","P003",1,"1"
"191",1.0105,"0","P003",1,"0"
"192",1.2243,"1","P003",1,"1"
"193",0.763,"0","P003",1,"0"
"194",1.2018,"0","P003",1,"0"
"195",0.6905,"1","P003",1,"1"
"196",0.7793,"0","P003",0,"1"
"197",1.5211,"1","P003",1,"1"
"198",2.6898,"1","P003",0,"0"
"199",1.8396,"1","P003",0,"0"
"200",0.7393,"1","P003",1,"1"
"201",1.3781,"1","P003",1,"1"
"202",0.6489,"1","P003",1,"1"
"203",0.9546,"0","P003",1,"0"
"204",2.6064,"1","P003",0,"0"
"205",0.6622,"0","P003",0,"1"
"206",1.988,"0","P003",1,"0"
"207",0.9847,"0","P003",1,"0"
"208",1.0814,"1","P003",0,"0"
"209",0.8022,"1","P003",1,"1"
"210",0.745,"1","P003",0,"0"
"211",3.5328,"0","P003",1,"0"
"212",1.1925,"1","P003",1,"1"
"213",0.8553,"1","P003",1,"1"
"214",0.622,"1","P003",1,"1"
"215",0.6538,"1","P003",1,"1"
"216",0.6546,"1","P003",1,"1"
"217",3.0373,"0","P003",0,"1"
"218",1.2181,"1","P003",0,"0"
"219",0.9209,"1","P003",0,"0"
"220",1.2776,"1","P003",0,"0"
"221",1.2824,"1","P003",0,"0"
"222",2.1251,"1","P003",1,"1"
"223",1.3689,"1","P003",0,"0"
"224",1.2567,"0","P003",1,"0"
"225",2.4324,"1","P003",0,"0"
"226",0.9422,"1","P003",1,"1"
"227",0.984,"0","P003",1,"0"
"228",0.9358,"1","P003",0,"0"
"229",0.8475,"0","P003",1,"0"
"230",0.6843,"1","P003",1,"1"
"231",0.634,"1","P003",1,"1"
"232",1.1548,"0","P003",0,"1"
"233",0.8805,"1","P003",0,"0"
"234",1.1453,"1","P003",0,"0"
"235",0.5551,"0","P003",0,"1"
"236",1.5359,"1","P003",0,"0"
"237",3.4786,"1","P003",1,"1"
"238",2.0884,"1","P003",0,"0"
"239",0.7291,"1","P003",1,"1"
"240",1.5718,"0","P003",1,"0"
"241",0.7296,"0","P003",1,"0"
"242",0.7774,"1","P003",1,"1"
"243",0.7392,"1","P003",0,"0"
"244",0.7109,"1","P003",0,"0"
"245",0.8297,"1","P003",0,"0"
"246",1.8605,"0","P003",1,"0"
"247",0.8072,"0","P003",1,"0"
"248",0.805,"1","P003",0,"0"
"249",0.7758,"1","P003",0,"0"
"250",2.5918,"1","P004",0,"0"
"251",1.2156,"1","P004",0,"0"
"252",1.2114,"0","P004",0,"1"
"253",1.12,"1","P004",1,"1"
"254",1.2959,"1","P004",1,"1"
"255",4.0935,"1","P004",1,"1"
"256",1.2954,"1","P004",1,"1"
"257",1.2182,"1","P004",0,"0"
"258",3.8459,"0","P004",0,"1"
"259",1.0026,"1","P004",1,"1"
"260",1.9645,"0","P004",0,"1"
"261",0.9852,"0","P004",0,"1"
"262",1.399,"1","P004",0,"0"
"263",1.4157,"1","P004",0,"0"
"264",1.5315,"0","P004",1,"0"
"265",1.1522,"1","P004",1,"1"
"266",1.085,"1","P004",1,"1"
"267",1.05,"1","P004",1,"1"
"268",0.9066,"1","P004",1,"1"
"269",1.0673,"1","P004",1,"1"
"270",1.2461,"1","P004",0,"0"
"271",1.4187,"1","P004",1,"1"
"272",3.4136,"0","P004",1,"0"
"273",2.1803,"1","P004",0,"0"
"274",1.3251,"0","P004",1,"0"
"275",0.9369,"1","P004",0,"0"
"276",1.2097,"0","P004",1,"0"
"277",1.1385,"0","P004",1,"0"
"278",1.109,"1","P004",0,"0"
"279",1.309,"0","P004",0,"1"
"280",1.5446,"1","P004",0,"0"
"281",1.3225,"1","P004",1,"1"
"282",1.3542,"1","P004",1,"1"
"283",1.3559,"1","P004",0,"0"
"284",1.7518,"1","P004",0,"0"
"285",1.2805,"1","P004",1,"1"
"286",2.3313,"0","P004",1,"0"
"287",2.805,"1","P004",0,"0"
"288",2.3528,"0","P004",0,"1"
"289",1.4086,"0","P004",1,"0"
"290",1.2563,"0","P004",1,"0"
"291",1.2261,"1","P004",0,"0"
"292",1.8827,"1","P004",0,"0"
"293",1.9756,"1","P004",1,"1"
"294",1.3913,"0","P004",1,"0"
"295",2.0131,"1","P004",0,"0"
"296",2.6719,"1","P004",0,"0"
"297",1.7217,"1","P004",1,"1"
"298",1.3295,"1","P004",1,"1"
"299",2.0632,"1","P004",1,"1"
"300",1.8161,"0","P004",1,"0"
"301",1.6596,"1","P004",0,"0"
"302",3.1135,"1","P004",0,"0"
"303",2.0871,"1","P004",0,"0"
"304",1.49,"1","P004",0,"0"
"305",1.7588,"1","P004",0,"0"
"306",1.0165,"1","P004",0,"0"
"307",0.9703,"0","P004",1,"0"
"308",1.8821,"1","P004",0,"0"
"309",2.2678,"1","P004",1,"1"
"310",1.0526,"0","P004",1,"0"
"311",1.4184,"1","P004",0,"0"
"312",1.3611,"0","P004",1,"0"
"313",1.5799,"1","P004",1,"1"
"314",1.4647,"1","P004",1,"1"
"315",1.5234,"0","P004",1,"0"
"316",1.8882,"1","P004",1,"1"
"317",1.915,"1","P004",0,"0"
"318",1.6107,"0","P004",1,"0"
"319",1.3855,"1","P004",0,"0"
"320",1.1822,"1","P004",0,"0"
"321",1.736,"1","P004",0,"0"
"322",1.7948,"1","P004",1,"1"
"323",1.1115,"0","P004",1,"0"
"324",1.4905,"0","P004",1,"0"
"325",1.0991,"1","P004",0,"0"
"326",1.3878,"1","P004",0,"0"
"327",1.1906,"1","P004",0,"0"
"328",2.6313,"1","P004",1,"1"
"329",2.1031,"0","P004",1,"0"
"330",1.1039,"0","P004",1,"0"
"331",1.0677,"1","P004",0,"0"
"332",0.8824,"1","P004",0,"0"
"333",2.587,"1","P005",0,"0"
"334",1.9668,"1","P005",0,"0"
"335",1.8855,"0","P005",1,"0"
"336",1.7303,"1","P005",1,"1"
"337",1.1351,"1","P005",1,"1"
"338",1.2089,"1","P005",1,"1"
"339",1.3506,"1","P005",1,"1"
"340",2.6324,"1","P005",0,"0"
"341",1.1331,"0","P005",1,"0"
"342",0.8939,"1","P005",1,"1"
"343",1.9777,"0","P005",1,"0"
"344",2.4254,"0","P005",1,"0"
"345",1.6272,"1","P005",1,"1"
"346",1.46,"1","P005",1,"1"
"347",1.4507,"0","P005",1,"0"
"348",3.1135,"1","P005",0,"0"
"349",1.3362,"1","P005",1,"1"
"350",1.036,"1","P005",1,"1"
"351",0.7717,"1","P005",1,"1"
"352",0.7225,"1","P005",1,"1"
"353",2.1503,"1","P005",1,"1"
"354",0.9041,"1","P005",1,"1"
"355",1.6688,"0","P005",1,"0"
"356",1.0276,"1","P005",0,"0"
"357",1.1153,"0","P005",1,"0"
"358",1.8451,"1","P005",0,"0"
"359",0.8389,"0","P005",1,"0"
"360",1.7027,"0","P005",1,"0"
"361",1.0703,"1","P005",1,"1"
"362",1.5052,"0","P005",1,"0"
"363",1.656,"1","P005",0,"0"
"364",1.3067,"1","P005",0,"0"
"365",1.0125,"1","P005",1,"1"
"366",0.8712,"1","P005",1,"1"
"367",1.463,"1","P005",0,"0"
"368",0.5978,"1","P005",1,"1"
"369",1.0975,"0","P005",1,"0"
"370",3.3473,"1","P005",0,"0"
"371",2.027,"0","P005",1,"0"
"372",1.2098,"0","P005",1,"0"
"373",0.9705,"0","P005",1,"0"
"374",2.0214,"1","P005",1,"1"
"375",0.7871,"1","P005",0,"0"
"376",0.7898,"1","P005",0,"0"
"377",1.0076,"0","P005",1,"0"
"378",1.3214,"1","P005",1,"1"
"379",1.1671,"1","P005",1,"1"
"380",0.8609,"1","P005",1,"1"
"381",1.0006,"1","P005",1,"1"
"382",1.1104,"1","P005",1,"1"
"383",0.9122,"0","P005",1,"0"
"384",1.1529,"1","P005",0,"0"
"385",1.2097,"1","P005",1,"1"
"386",2.9225,"1","P005",0,"0"
"387",0.9493,"1","P005",0,"0"
"388",1.111,"1","P005",1,"1"
"389",0.7968,"1","P005",0,"0"
"390",1.3916,"0","P005",1,"0"
"391",0.9663,"1","P005",1,"1"
"392",1.0171,"1","P005",1,"1"
"393",0.8388,"0","P005",1,"0"
"394",1.3186,"1","P005",1,"1"
"395",1.2764,"0","P005",1,"0"
"396",0.6781,"1","P005",1,"1"
"397",1.0529,"1","P005",1,"1"
"398",2.4217,"0","P005",1,"0"
"399",2.9944,"1","P005",1,"1"
"400",1.3002,"1","P005",0,"0"
"401",1.4409,"0","P005",1,"0"
"402",1.2667,"1","P005",0,"0"
"403",1.1824,"1","P005",0,"0"
"404",2.5112,"1","P005",1,"1"
"405",0.653,"1","P005",1,"1"
"406",0.7327,"0","P005",1,"0"
"407",0.8465,"0","P005",1,"0"
"408",1.2313,"1","P005",1,"1"
"409",1.072,"1","P005",1,"1"
"410",0.9258,"1","P005",0,"0"
"411",1.4706,"1","P005",0,"0"
"412",3.3164,"0","P005",0,"1"
"413",1.1091,"0","P005",1,"0"
"414",1.7509,"1","P005",0,"0"
"415",0.7466,"1","P005",0,"0"
"416",2.5325,"1","P006",0,"0"
"417",1.9093,"1","P006",0,"0"
"418",2.16,"0","P006",1,"0"
"419",2.5739,"1","P006",0,"0"
"420",0.9706,"1","P006",1,"1"
"421",1.5264,"1","P006",0,"0"
"422",0.7541,"1","P006",1,"1"
"423",1.6409,"1","P006",1,"1"
"424",1.7876,"0","P006",1,"0"
"425",0.8025,"1","P006",1,"1"
"426",1.4022,"0","P006",1,"0"
"427",2.7149,"0","P006",1,"0"
"428",1.6898,"1","P006",1,"1"
"429",2.0275,"1","P006",0,"0"
"430",1.2453,"0","P006",1,"0"
"431",0.7181,"1","P006",1,"1"
"432",1.0578,"1","P006",1,"1"
"433",1.3756,"1","P006",0,"0"
"434",2.4363,"1","P006",1,"1"
"435",1.502,"1","P006",1,"1"
"436",1.0629,"1","P006",1,"1"
"437",1.5016,"1","P006",0,"0"
"438",1.4673,"0","P006",1,"0"
"439",1.1761,"1","P006",1,"1"
"440",1.0219,"0","P006",1,"0"
"441",2.8097,"1","P006",0,"0"
"442",2.0974,"0","P006",1,"0"
"443",1.4951,"0","P006",1,"0"
"444",0.9739,"1","P006",1,"1"
"445",1.3017,"0","P006",0,"1"
"446",1.9985,"1","P006",0,"0"
"447",0.9442,"1","P006",1,"1"
"448",1.436,"1","P006",1,"1"
"449",1.7507,"1","P006",0,"0"
"450",1.4885,"1","P006",0,"0"
"451",0.8103,"1","P006",1,"1"
"452",1.129,"0","P006",1,"0"
"453",1.8268,"1","P006",0,"0"
"454",0.9245,"0","P006",0,"1"
"455",1.1225,"0","P006",1,"0"
"456",1.0941,"0","P006",0,"1"
"457",2.0485,"1","P006",0,"0"
"458",1.0276,"1","P006",0,"0"
"459",0.6934,"1","P006",1,"1"
"460",1.5782,"0","P006",0,"1"
"461",0.99,"1","P006",1,"1"
"462",1.1507,"1","P006",1,"1"
"463",0.7265,"1","P006",1,"1"
"464",0.8862,"1","P006",1,"1"
"465",1.063,"1","P006",1,"1"
"466",1.0447,"0","P006",0,"1"
"467",1.8385,"1","P006",0,"0"
"468",3.8982,"1","P006",1,"1"
"469",0.76,"1","P006",1,"1"
"470",1.6328,"1","P006",0,"0"
"471",1.1475,"1","P006",1,"1"
"472",1.0734,"1","P006",0,"0"
"473",1.0231,"0","P006",1,"0"
"474",0.9539,"1","P006",0,"0"
"475",1.0515,"1","P006",1,"1"
"476",1.0964,"0","P006",1,"0"
"477",0.6322,"1","P006",1,"1"
"478",1.8579,"0","P006",1,"0"
"479",1.3197,"1","P006",0,"0"
"480",1.1024,"1","P006",1,"1"
"481",1.5071,"0","P006",0,"1"
"482",0.96,"1","P006",1,"1"
"483",1.1987,"1","P006",0,"0"
"484",2.2565,"0","P006",1,"0"
"485",2.0012,"1","P006",0,"0"
"486",1.084,"1","P006",1,"1"
"487",1.0807,"1","P006",0,"0"
"488",0.7835,"1","P006",1,"1"
"489",1.2813,"0","P006",1,"0"
"490",1.895,"0","P006",1,"0"
"491",0.9438,"1","P006",1,"1"
"492",1.6876,"1","P006",0,"0"
"493",0.9773,"1","P006",0,"0"
"494",0.7711,"1","P006",1,"1"
"495",1.0299,"0","P006",1,"0"
"496",0.7898,"0","P006",1,"0"
"497",0.8974,"1","P006",0,"0"
"498",1.0862,"1","P006",0,"0"
"499",1.1851,"1","P007",0,"0"
"500",1.0178,"1","P007",1,"1"
"501",2.1525,"0","P007",0,"1"
"502",0.7523,"1","P007",1,"1"
"503",0.9831,"1","P007",1,"1"
"504",1.0088,"1","P007",0,"0"
"505",0.8728,"1","P007",1,"1"
"506",1.1883,"1","P007",0,"0"
"507",0.8411,"0","P007",1,"0"
"508",0.5398,"1","P007",1,"1"
"509",0.8436,"0","P007",1,"0"
"510",0.8934,"0","P007",1,"0"
"511",0.8982,"1","P007",1,"1"
"512",0.7629,"1","P007",0,"0"
"513",0.7967,"0","P007",1,"0"
"514",0.8784,"1","P007",1,"1"
"515",0.8602,"1","P007",1,"1"
"516",1.018,"1","P007",0,"0"
"517",0.7367,"1","P007",1,"1"
"518",1.0065,"1","P007",1,"1"
"519",1.2092,"1","P007",0,"0"
"520",0.9291,"1","P007",0,"0"
"521",1.0368,"0","P007",1,"0"
"522",0.7516,"1","P007",0,"0"
"523",0.8423,"0","P007",1,"0"
"524",0.894,"1","P007",1,"1"
"525",0.6179,"0","P007",1,"0"
"526",1.0996,"0","P007",1,"0"
"527",1.0013,"1","P007",1,"1"
"528",0.9362,"0","P007",1,"0"
"529",1.0709,"1","P007",1,"1"
"530",0.9756,"1","P007",1,"1"
"531",0.8154,"1","P007",1,"1"
"532",0.8722,"1","P007",1,"1"
"533",1.2749,"1","P007",1,"1"
"534",0.6007,"1","P007",1,"1"
"535",0.6934,"0","P007",1,"0"
"536",1.2032,"1","P007",1,"1"
"537",0.973,"0","P007",1,"0"
"538",0.8357,"0","P007",1,"0"
"539",1.1115,"0","P007",1,"0"
"540",1.0513,"1","P007",1,"1"
"541",0.879,"1","P007",0,"0"
"542",0.6348,"1","P007",0,"0"
"543",0.8766,"0","P007",1,"0"
"544",0.9694,"1","P007",1,"1"
"545",0.9371,"1","P007",1,"1"
"546",0.7279,"1","P007",1,"1"
"547",0.7807,"1","P007",1,"1"
"548",0.7784,"1","P007",1,"1"
"549",0.6521,"0","P007",1,"0"
"550",1.5679,"1","P007",1,"1"
"551",1.1167,"1","P007",1,"1"
"552",0.6828,"1","P007",1,"1"
"553",0.7302,"1","P007",0,"0"
"554",1.758,"1","P007",0,"0"
"555",0.5428,"1","P007",1,"1"
"556",0.7815,"0","P007",1,"0"
"557",1.4763,"1","P007",1,"1"
"558",0.916,"1","P007",0,"0"
"559",1.3808,"0","P007",1,"0"
"560",1.3075,"1","P007",0,"0"
"561",0.8203,"0","P007",1,"0"
"562",0.6941,"1","P007",0,"0"
"563",0.6328,"1","P007",1,"1"
"564",0.9966,"0","P007",0,"1"
"565",0.7573,"1","P007",1,"1"
"566",1.8751,"1","P007",0,"0"
"567",1.038,"0","P007",1,"0"
"568",1.8937,"1","P007",1,"1"
"569",1.1834,"1","P007",1,"1"
"570",1.2711,"1","P007",0,"0"
"571",0.743,"1","P007",1,"1"
"572",1.0437,"0","P007",0,"1"
"573",0.9195,"0","P007",1,"0"
"574",0.8682,"1","P007",1,"1"
"575",0.862,"1","P007",1,"1"
"576",1.0418,"1","P007",1,"1"
"577",1.5865,"1","P007",0,"0"
"578",1.0783,"0","P007",1,"0"
"579",0.8061,"0","P007",1,"0"
"580",1.4708,"1","P007",0,"0"
"581",1.4406,"1","P007",1,"1"
"582",2.3021,"1","P008",0,"0"
"583",0.8528,"1","P008",1,"1"
"584",1.0596,"0","P008",1,"0"
"585",2.0173,"1","P008",1,"1"
"586",0.9421,"1","P008",1,"1"
"587",1.2359,"1","P008",1,"1"
"588",1.2347,"1","P008",1,"1"
"589",1.4604,"1","P008",1,"1"
"590",0.6742,"0","P008",1,"0"
"591",0.9129,"1","P008",1,"1"
"592",1.3247,"0","P008",1,"0"
"593",2.0113,"0","P008",1,"0"
"594",1.2572,"1","P008",1,"1"
"595",0.701,"1","P008",1,"1"
"596",0.7197,"0","P008",1,"0"
"597",0.6354,"1","P008",1,"1"
"598",0.6303,"1","P008",1,"1"
"599",0.763,"1","P008",1,"1"
"600",1.0378,"1","P008",1,"1"
"601",0.7736,"1","P008",1,"1"
"602",1.8673,"1","P008",1,"1"
"603",1.4761,"1","P008",1,"1"
"604",0.7868,"0","P008",1,"0"
"605",0.8386,"1","P008",1,"1"
"606",0.6974,"0","P008",1,"0"
"607",1.0091,"1","P008",1,"1"
"608",0.7499,"0","P008",1,"0"
"609",0.9557,"0","P008",1,"0"
"610",0.8194,"1","P008",1,"1"
"611",1.9382,"0","P008",1,"0"
"612",1.1729,"1","P008",0,"0"
"613",3.1857,"1","P008",1,"1"
"614",0.8635,"1","P008",1,"1"
"615",1.1792,"1","P008",1,"1"
"616",1.782,"1","P008",1,"1"
"617",0.6527,"1","P008",1,"1"
"618",0.8405,"0","P008",1,"0"
"619",2.0143,"1","P008",0,"0"
"620",1.078,"0","P008",1,"0"
"621",2.3798,"0","P008",1,"0"
"622",1.1495,"0","P008",1,"0"
"623",0.7513,"1","P008",1,"1"
"624",1.5491,"1","P008",1,"1"
"625",0.9479,"1","P008",1,"1"
"626",0.8256,"0","P008",1,"0"
"627",0.6734,"1","P008",1,"1"
"628",1.1271,"1","P008",1,"1"
"629",0.5389,"1","P008",1,"1"
"630",1.0537,"1","P008",1,"1"
"631",0.8125,"1","P008",1,"1"
"632",0.7302,"0","P008",1,"0"
"633",3.09,"1","P008",0,"0"
"634",0.9067,"1","P008",1,"1"
"635",0.9755,"1","P008",0,"0"
"636",0.8702,"1","P008",1,"1"
"637",2.2301,"1","P008",1,"1"
"638",0.6938,"1","P008",0,"0"
"639",0.9445,"0","P008",1,"0"
"640",1.4893,"1","P008",1,"1"
"641",1.4481,"1","P008",1,"1"
"642",1.2098,"0","P008",1,"0"
"643",1.6317,"1","P008",1,"1"
"644",0.8024,"0","P008",1,"0"
"645",0.6821,"1","P008",1,"1"
"646",1.1789,"1","P008",1,"1"
"647",4.8776,"0","P008",1,"0"
"648",0.9405,"1","P008",1,"1"
"649",1.0402,"1","P008",0,"0"
"650",1.4671,"0","P008",1,"0"
"651",1.4328,"1","P008",0,"0"
"652",1.6956,"1","P008",0,"0"
"653",1.1543,"1","P008",1,"1"
"654",0.9051,"1","P008",1,"1"
"655",1.3469,"0","P008",1,"0"
"656",1.3706,"0","P008",1,"0"
"657",1.0944,"1","P008",1,"1"
"658",2.5431,"1","P008",1,"1"
"659",1.5919,"1","P008",0,"0"
"660",1.0597,"1","P008",1,"1"
"661",1.3445,"0","P008",1,"0"
"662",2.0053,"0","P008",1,"0"
"663",1.472,"1","P008",0,"0"
"664",1.3937,"1","P008",0,"0"
"665",0.8664,"1","P009",0,"0"
"666",0.8031,"1","P009",1,"1"
"667",0.6839,"0","P009",1,"0"
"668",0.7867,"1","P009",1,"1"
"669",0.6745,"1","P009",1,"1"
"670",0.8342,"1","P009",1,"1"
"671",1.237,"1","P009",1,"1"
"672",0.9678,"1","P009",0,"0"
"673",0.7345,"0","P009",1,"0"
"674",0.5813,"1","P009",1,"1"
"675",0.663,"0","P009",1,"0"
"676",1.4689,"0","P009",1,"0"
"677",0.8706,"1","P009",0,"0"
"678",0.7093,"1","P009",1,"1"
"679",0.7061,"0","P009",1,"0"
"680",0.9289,"1","P009",1,"1"
"681",0.5866,"1","P009",1,"1"
"682",0.6354,"1","P009",0,"0"
"683",0.7293,"1","P009",1,"1"
"684",0.6139,"1","P009",1,"1"
"685",1.2299,"1","P009",1,"1"
"686",0.6515,"1","P009",1,"1"
"687",0.7722,"0","P009",1,"0"
"688",0.874,"1","P009",1,"1"
"689",0.5797,"0","P009",1,"0"
"690",1.1745,"1","P009",1,"1"
"691",0.7452,"0","P009",1,"0"
"692",0.837,"0","P009",1,"0"
"693",0.7818,"1","P009",1,"1"
"694",0.7635,"0","P009",1,"0"
"695",2.3803,"1","P009",1,"1"
"696",0.6871,"1","P009",0,"0"
"697",0.6588,"1","P009",1,"1"
"698",0.8236,"1","P009",1,"1"
"699",0.7744,"1","P009",0,"0"
"700",0.5451,"1","P009",1,"1"
"701",0.6639,"0","P009",1,"0"
"702",1.6277,"1","P009",0,"0"
"703",0.9044,"0","P009",0,"1"
"704",0.7542,"0","P009",1,"0"
"705",0.7249,"0","P009",1,"0"
"706",0.6959,"1","P009",0,"0"
"707",1.3295,"1","P009",0,"0"
"708",0.7343,"1","P009",1,"1"
"709",0.8253,"0","P009",1,"0"
"710",0.5808,"1","P009",1,"1"
"711",1.4885,"1","P009",1,"1"
"712",0.5965,"1","P009",1,"1"
"713",0.994,"1","P009",1,"1"
"714",0.9718,"1","P009",1,"1"
"715",0.7657,"0","P009",1,"0"
"716",1.1173,"1","P009",0,"0"
"717",0.7291,"1","P009",1,"1"
"718",0.9519,"1","P009",1,"1"
"719",0.6866,"1","P009",0,"0"
"720",1.1734,"1","P009",1,"1"
"721",0.6792,"1","P009",0,"0"
"722",0.6819,"0","P009",1,"0"
"723",0.7127,"1","P009",1,"1"
"724",0.8166,"1","P009",1,"1"
"725",0.7352,"0","P009",1,"0"
"726",0.9539,"1","P009",1,"1"
"727",0.7887,"0","P009",1,"0"
"728",0.6385,"1","P009",1,"1"
"729",0.5983,"1","P009",1,"1"
"730",1.91,"0","P009",1,"0"
"731",0.6998,"1","P009",1,"1"
"732",0.9096,"1","P009",0,"0"
"733",1.1653,"0","P009",1,"0"
"734",1.0141,"1","P009",1,"1"
"735",2.9438,"1","P009",1,"1"
"736",0.7386,"1","P009",1,"1"
"737",0.6324,"1","P009",1,"1"
"738",0.8061,"0","P009",1,"0"
"739",0.9919,"0","P009",1,"0"
"740",1.1857,"1","P009",1,"1"
"741",0.8835,"1","P009",1,"1"
"742",0.9932,"1","P009",1,"1"
"743",0.642,"1","P009",0,"0"
"744",2.7888,"0","P009",1,"0"
"745",0.8084,"0","P009",1,"0"
"746",0.6762,"1","P009",0,"0"
"747",0.6881,"1","P009",0,"0"
"748",2.19,"1","P010",1,"1"
"749",3.1408,"1","P010",0,"0"
"750",2.0596,"0","P010",1,"0"
"751",0.9293,"1","P010",1,"1"
"752",1.2411,"1","P010",1,"1"
"753",1.4148,"1","P010",1,"1"
"754",2.2546,"1","P010",1,"1"
"755",2.9394,"1","P010",1,"1"
"756",0.9921,"0","P010",1,"0"
"757",0.6759,"1","P010",1,"1"
"758",1.2297,"0","P010",1,"0"
"759",1.9644,"0","P010",1,"0"
"760",0.8653,"1","P010",1,"1"
"761",1.2229,"1","P010",1,"1"
"762",1.0637,"0","P010",1,"0"
"763",0.6935,"1","P010",1,"1"
"764",0.6845,"1","P010",1,"1"
"765",0.906,"1","P010",1,"1"
"766",3.5388,"1","P010",0,"0"
"767",0.9135,"1","P010",0,"0"
"768",3.0173,"1","P010",1,"1"
"769",1.1251,"1","P010",0,"0"
"770",0.9548,"0","P010",1,"0"
"771",1.3896,"1","P010",1,"1"
"772",0.6793,"0","P010",1,"0"
"773",1.6001,"1","P010",1,"1"
"774",1.1369,"0","P010",1,"0"
"775",1.7646,"0","P010",1,"0"
"776",0.7654,"1","P010",1,"1"
"777",2.4442,"0","P010",1,"0"
"778",3.5569,"1","P010",1,"1"
"779",2.0877,"1","P010",0,"0"
"780",1.0694,"1","P010",1,"1"
"781",0.7452,"1","P010",1,"1"
"782",1.849,"1","P010",0,"0"
"783",0.5708,"1","P010",1,"1"
"784",2.8385,"0","P010",1,"0"
"785",4.2283,"1","P010",1,"1"
"786",1.41,"0","P010",0,"1"
"787",0.9658,"0","P010",1,"0"
"788",1.3106,"0","P010",1,"0"
"789",1.9993,"1","P010",1,"1"
"790",1.0921,"1","P010",0,"0"
"791",0.8409,"1","P010",0,"0"
"792",2.3976,"0","P010",1,"0"
"793",0.6604,"1","P010",1,"1"
"794",1.5562,"1","P010",1,"1"
"795",0.6629,"1","P010",1,"1"
"796",0.7617,"1","P010",1,"1"
"797",0.9555,"1","P010",1,"1"
"798",1.7832,"0","P010",1,"0"
"799",2.055,"1","P010",1,"1"
"800",1.3407,"1","P010",0,"0"
"801",2.2245,"1","P010",1,"1"
"802",1.3903,"1","P010",1,"1"
"803",0.869,"1","P010",1,"1"
"804",0.8428,"1","P010",0,"0"
"805",3.0085,"0","P010",1,"0"
"806",1.0553,"1","P010",1,"1"
"807",0.7751,"1","P010",1,"1"
"808",1.2999,"0","P010",0,"1"
"809",0.8596,"1","P010",1,"1"
"810",1.0723,"0","P010",1,"0"
"811",0.8912,"1","P010",1,"1"
"812",1.0359,"1","P010",1,"1"
"813",2.7706,"0","P010",1,"0"
"814",0.6745,"1","P010",1,"1"
"815",2.8991,"1","P010",0,"0"
"816",2.3249,"0","P010",1,"0"
"817",1.9007,"1","P010",0,"0"
"818",3.1585,"1","P010",0,"0"
"819",2.8462,"1","P010",1,"1"
"820",0.646,"1","P010",1,"1"
"821",0.7759,"0","P010",1,"0"
"822",1.0596,"0","P010",1,"0"
"823",1.1813,"1","P010",1,"1"
"824",4.0411,"1","P010",1,"1"
"825",0.7149,"1","P010",0,"0"
"826",2.1906,"1","P010",0,"0"
"827",2.3553,"0","P010",1,"0"
"828",1.2791,"0","P010",1,"0"
"829",1.2468,"1","P010",1,"1"
"830",2.5296,"1","P010",0,"0"
"831",1.4213,"1","P011",0,"0"
"832",0.763,"1","P011",1,"1"
"833",1.4268,"0","P011",0,"1"
"834",0.6705,"1","P011",1,"1"
"835",0.6623,"1","P011",1,"1"
"836",0.6441,"1","P011",1,"1"
"837",0.7738,"1","P011",1,"1"
"838",0.6006,"1","P011",1,"1"
"839",1.1494,"0","P011",1,"0"
"840",0.5851,"1","P011",1,"1"
"841",0.8129,"0","P011",1,"0"
"842",0.9176,"0","P011",1,"0"
"843",2.1434,"1","P011",1,"1"
"844",2.3281,"1","P011",1,"1"
"845",0.856,"0","P011",1,"0"
"846",0.7597,"1","P011",1,"1"
"847",0.6286,"1","P011",1,"1"
"848",0.9453,"1","P011",0,"0"
"849",0.939,"1","P011",1,"1"
"850",1.0468,"1","P011",1,"1"
"851",1.8545,"1","P011",1,"1"
"852",0.9343,"1","P011",1,"1"
"853",0.9311,"0","P011",1,"0"
"854",1.2058,"1","P011",0,"0"
"855",1.0696,"0","P011",1,"0"
"856",1.1563,"1","P011",0,"0"
"857",1.2891,"0","P011",1,"0"
"858",0.8499,"0","P011",1,"0"
"859",0.8657,"1","P011",1,"1"
"860",1.2064,"0","P011",1,"0"
"861",1.8502,"1","P011",1,"1"
"862",1.0869,"1","P011",1,"1"
"863",1.8227,"1","P011",1,"1"
"864",0.8875,"1","P011",1,"1"
"865",2.0692,"1","P011",1,"1"
"866",0.707,"1","P011",1,"1"
"867",0.7647,"0","P011",1,"0"
"868",1.9595,"1","P011",0,"0"
"869",0.8422,"0","P011",0,"1"
"870",1.11,"0","P011",1,"0"
"871",1.0708,"0","P011",0,"1"
"872",1.1886,"1","P011",1,"1"
"873",1.2153,"1","P011",1,"1"
"874",2.3721,"1","P011",1,"1"
"875",1.2258,"0","P011",1,"0"
"876",0.7406,"1","P011",1,"1"
"877",1.1684,"1","P011",0,"0"
"878",0.6142,"1","P011",1,"1"
"879",1.2729,"1","P011",1,"1"
"880",0.7287,"1","P011",1,"1"
"881",0.8714,"0","P011",1,"0"
"882",1.6322,"1","P011",1,"1"
"883",0.787,"1","P011",0,"0"
"884",0.8557,"1","P011",0,"0"
"885",1.2265,"1","P011",1,"1"
"886",1.7623,"1","P011",0,"0"
"887",0.987,"1","P011",0,"0"
"888",0.7209,"0","P011",1,"0"
"889",0.8585,"1","P011",1,"1"
"890",0.9022,"1","P011",1,"1"
"891",1.1072,"0","P011",1,"0"
"892",1.5768,"1","P011",1,"1"
"893",1.0736,"0","P011",1,"0"
"894",0.7564,"1","P011",1,"1"
"895",0.7311,"1","P011",1,"1"
"896",1.5938,"0","P011",1,"0"
"897",1.4857,"1","P011",1,"1"
"898",0.9903,"1","P011",0,"0"
"899",1.0882,"0","P011",1,"0"
"900",0.89,"1","P011",0,"0"
"901",1.2937,"1","P011",0,"0"
"902",1.3674,"1","P011",0,"0"
"903",1.3653,"1","P011",1,"1"
"904",0.7999,"0","P011",1,"0"
"905",0.9348,"0","P011",1,"0"
"906",0.9475,"1","P011",1,"1"
"907",1.3353,"1","P011",1,"1"
"908",0.7141,"1","P011",0,"0"
"909",2.4178,"1","P011",0,"0"
"910",0.7296,"0","P011",1,"0"
"911",0.9493,"0","P011",1,"0"
"912",1.1761,"1","P011",1,"1"
"913",1.3439,"1","P011",0,"0"
"914",1.4741,"1","P012",1,"1"
"915",1.0601,"1","P012",1,"1"
"916",1.2117,"0","P012",1,"0"
"917",0.7256,"1","P012",1,"1"
"918",0.8874,"1","P012",1,"1"
"919",0.7209,"1","P012",1,"1"
"920",0.7887,"1","P012",1,"1"
"921",2.7504,"1","P012",1,"1"
"922",0.8642,"0","P012",1,"0"
"923",0.5892,"1","P012",1,"1"
"924",0.7328,"0","P012",1,"0"
"925",1.0006,"0","P012",1,"0"
"926",0.7534,"1","P012",1,"1"
"927",1.0683,"1","P012",1,"1"
"928",1.1719,"0","P012",1,"0"
"929",0.7977,"1","P012",1,"1"
"930",0.5956,"1","P012",1,"1"
"931",0.98,"1","P012",1,"1"
"932",1.2508,"1","P012",1,"1"
"933",0.6436,"1","P012",1,"1"
"934",0.9643,"1","P012",1,"1"
"935",0.8291,"1","P012",0,"0"
"936",1.0969,"0","P012",1,"0"
"937",0.9176,"1","P012",1,"1"
"938",1.1904,"0","P012",1,"0"
"939",1.5692,"1","P012",1,"1"
"940",1.1721,"0","P012",0,"1"
"941",1.4239,"0","P012",1,"0"
"942",0.9384,"1","P012",1,"1"
"943",2.1124,"0","P012",1,"0"
"944",1.8342,"1","P012",0,"0"
"945",0.8489,"1","P012",1,"1"
"946",1.0877,"1","P012",1,"1"
"947",1.4693,"1","P012",1,"1"
"948",1.4203,"1","P012",0,"0"
"949",0.5489,"1","P012",1,"1"
"950",0.9108,"0","P012",1,"0"
"951",2.2853,"1","P012",0,"0"
"952",2.5263,"0","P012",0,"1"
"953",1.074,"0","P012",1,"0"
"954",0.8638,"0","P012",1,"0"
"955",1.3356,"1","P012",1,"1"
"956",1.0191,"1","P012",1,"1"
"957",3.8039,"1","P012",1,"1"
"958",0.6517,"0","P012",1,"0"
"959",0.6446,"1","P012",1,"1"
"960",1.2702,"1","P012",0,"0"
"961",0.522,"1","P012",1,"1"
"962",0.8849,"1","P012",1,"1"
"963",0.7464,"1","P012",1,"1"
"964",1.4975,"0","P012",1,"0"
"965",1.1802,"1","P012",0,"0"
"966",0.8797,"1","P012",1,"1"
"967",0.8925,"1","P012",1,"1"
"968",1.0935,"1","P012",0,"0"
"969",1.0212,"1","P012",1,"1"
"970",0.7158,"1","P012",0,"0"
"971",0.8678,"0","P012",1,"0"
"972",0.8563,"1","P012",1,"1"
"973",1.7806,"1","P012",1,"1"
"974",0.972,"0","P012",1,"0"
"975",0.7316,"1","P012",0,"0"
"976",0.9964,"0","P012",1,"0"
"977",0.7422,"1","P012",1,"1"
"978",0.8867,"1","P012",1,"1"
"979",1.0027,"0","P012",1,"0"
"980",0.8686,"1","P012",1,"1"
"981",0.9952,"1","P012",0,"0"
"982",1.37,"0","P012",1,"0"
"983",0.9918,"1","P012",0,"0"
"984",1.1525,"1","P012",1,"1"
"985",1.6143,"1","P012",1,"1"
"986",0.597,"1","P012",1,"1"
"987",0.8098,"0","P012",1,"0"
"988",1.3566,"0","P012",1,"0"
"989",0.7133,"1","P012",1,"1"
"990",1.0791,"1","P012",1,"1"
"991",0.9959,"1","P012",0,"0"
"992",0.7737,"1","P012",1,"1"
"993",0.8994,"0","P012",1,"0"
"994",0.9302,"0","P012",1,"0"
"995",2.66,"1","P012",1,"1"
"996",0.7137,"1","P012",1,"1"
"997",1.3348,"1","P013",1,"1"
"998",1.0195,"0","P013",1,"0"
"999",1.3336,"1","P013",0,"0"
"1000",1.272,"1","P013",1,"1"
"1001",0.9629,"1","P013",1,"1"
"1002",0.9186,"1","P013",1,"1"
"1003",2.1863,"1","P013",1,"1"
"1004",1.2072,"0","P013",1,"0"
"1005",0.6928,"1","P013",1,"1"
"1006",1.0897,"0","P013",1,"0"
"1007",1.0694,"0","P013",1,"0"
"1008",2.0613,"1","P013",0,"0"
"1009",1.3568,"1","P013",1,"1"
"1010",1.1418,"0","P013",1,"0"
"1011",1.2265,"1","P013",0,"0"
"1012",1.4063,"1","P013",1,"1"
"1013",1.0391,"1","P013",1,"1"
"1014",1.0688,"1","P013",1,"1"
"1015",0.9296,"1","P013",1,"1"
"1016",1.4054,"1","P013",1,"1"
"1017",2.8111,"1","P013",0,"0"
"1018",1.2659,"0","P013",1,"0"
"1019",1.1246,"1","P013",0,"0"
"1020",0.8954,"0","P013",1,"0"
"1021",1.5899,"1","P013",1,"1"
"1022",0.9379,"0","P013",1,"0"
"1023",1.4926,"0","P013",1,"0"
"1024",0.9424,"1","P013",1,"1"
"1025",1.5592,"0","P013",1,"0"
"1026",1.714,"1","P013",0,"0"
"1027",1.6597,"1","P013",0,"0"
"1028",1.2545,"1","P013",1,"1"
"1029",1.2963,"1","P013",0,"0"
"1030",1.3979,"1","P013",0,"0"
"1031",0.8858,"1","P013",1,"1"
"1032",1.0844,"0","P013",1,"0"
"1033",1.2943,"1","P013",0,"0"
"1034",3.0211,"0","P013",0,"1"
"1035",1.2438,"0","P013",1,"0"
"1036",1.4396,"0","P013",1,"0"
"1037",2.3455,"1","P013",1,"1"
"1038",1.1731,"1","P013",0,"0"
"1039",1.7309,"1","P013",0,"0"
"1040",1.2356,"0","P013",1,"0"
"1041",0.8965,"1","P013",1,"1"
"1042",1.4032,"1","P013",1,"1"
"1043",0.954,"1","P013",1,"1"
"1044",1.4097,"1","P013",1,"1"
"1045",0.9875,"1","P013",1,"1"
"1046",1.0742,"0","P013",1,"0"
"1047",2.7431,"1","P013",1,"1"
"1048",1.2847,"1","P013",0,"0"
"1049",1.5486,"1","P013",0,"0"
"1050",1.2903,"1","P013",0,"0"
"1051",2.4161,"1","P013",1,"1"
"1052",1.7122,"1","P013",0,"0"
"1053",1.3715,"0","P013",1,"0"
"1054",0.9915,"1","P013",0,"0"
"1055",0.9852,"1","P013",1,"1"
"1056",1.3397,"0","P013",1,"0"
"1057",1.3637,"1","P013",1,"1"
"1058",1.0914,"0","P013",1,"0"
"1059",0.9482,"1","P013",1,"1"
"1060",0.994,"1","P013",1,"1"
"1061",1.2867,"0","P013",1,"0"
"1062",1.7035,"1","P013",0,"0"
"1063",0.9622,"1","P013",1,"1"
"1064",1.2919,"0","P013",1,"0"
"1065",1.2957,"1","P013",1,"1"
"1066",1.5825,"1","P013",1,"1"
"1067",1.0813,"1","P013",1,"1"
"1068",0.782,"1","P013",1,"1"
"1069",1.0593,"0","P013",1,"0"
"1070",1.0962,"0","P013",1,"0"
"1071",1.1263,"1","P013",1,"1"
"1072",1.1451,"1","P013",0,"0"
"1073",1.2599,"1","P013",1,"1"
"1074",1.0856,"1","P013",0,"0"
"1075",1.5614,"0","P013",1,"0"
"1076",0.8701,"0","P013",1,"0"
"1077",1.7329,"1","P013",1,"1"
"1078",1.0777,"1","P013",0,"0"
"1079",1.8456,"1","P014",0,"0"
"1080",1.5034,"1","P014",0,"0"
"1081",1.1872,"0","P014",1,"0"
"1082",1.0399,"1","P014",1,"1"
"1083",0.7437,"1","P014",1,"1"
"1084",0.6975,"1","P014",1,"1"
"1085",0.8422,"1","P014",1,"1"
"1086",2.158,"1","P014",1,"1"
"1087",0.8658,"0","P014",1,"0"
"1088",0.7415,"1","P014",1,"1"
"1089",1.0943,"0","P014",1,"0"
"1090",1.317,"0","P014",1,"0"
"1091",1.0248,"1","P014",1,"1"
"1092",1.1166,"1","P014",1,"1"
"1093",1.1153,"0","P014",1,"0"
"1094",1.0541,"1","P014",0,"0"
"1095",0.7929,"1","P014",1,"1"
"1096",1.0368,"1","P014",1,"1"
"1097",0.6453,"1","P014",1,"1"
"1098",0.9452,"1","P014",1,"1"
"1099",2.3049,"1","P014",0,"0"
"1100",0.7957,"1","P014",1,"1"
"1101",0.8115,"0","P014",1,"0"
"1102",1.3702,"1","P014",1,"1"
"1103",0.6349,"0","P014",1,"0"
"1104",2.4658,"1","P014",1,"1"
"1105",0.6725,"0","P014",1,"0"
"1106",0.8572,"0","P014",1,"0"
"1107",0.892,"1","P014",1,"1"
"1108",1.0338,"0","P014",1,"0"
"1109",1.4916,"1","P014",0,"0"
"1110",0.9763,"1","P014",1,"1"
"1111",0.6531,"1","P014",1,"1"
"1112",1.3738,"1","P014",0,"0"
"1113",1.0516,"1","P014",1,"1"
"1114",0.5384,"1","P014",1,"1"
"1115",0.7411,"0","P014",1,"0"
"1116",1.1079,"1","P014",0,"0"
"1117",1.6886,"0","P014",0,"1"
"1118",0.9404,"0","P014",1,"0"
"1119",0.9701,"0","P014",1,"0"
"1120",0.7129,"1","P014",0,"0"
"1121",1.0637,"1","P014",0,"0"
"1122",0.9655,"1","P014",1,"1"
"1123",0.7652,"0","P014",1,"0"
"1124",0.844,"1","P014",1,"1"
"1125",1.3008,"1","P014",0,"0"
"1126",0.5676,"1","P014",1,"1"
"1127",0.9003,"1","P014",1,"1"
"1128",0.869,"1","P014",1,"1"
"1129",0.7439,"0","P014",1,"0"
"1130",1.0575,"1","P014",0,"0"
"1131",1.7833,"1","P014",1,"1"
"1132",0.7631,"1","P014",0,"0"
"1133",1.0388,"1","P014",0,"0"
"1134",3.0806,"1","P014",0,"0"
"1135",0.7404,"1","P014",0,"0"
"1136",0.7022,"0","P014",1,"0"
"1137",0.8479,"1","P014",1,"1"
"1138",0.7857,"1","P014",1,"1"
"1139",0.9155,"0","P014",1,"0"
"1140",0.7073,"1","P014",1,"1"
"1141",0.684,"0","P014",1,"0"
"1142",0.7637,"1","P014",1,"1"
"1143",1.0935,"1","P014",1,"1"
"1144",0.7863,"0","P014",1,"0"
"1145",0.8691,"1","P014",1,"1"
"1146",0.8548,"1","P014",0,"0"
"1147",0.8746,"0","P014",1,"0"
"1148",0.7003,"1","P014",0,"0"
"1149",1.5091,"1","P014",0,"0"
"1150",1.6818,"1","P014",1,"1"
"1151",0.6486,"1","P014",1,"1"
"1152",0.7574,"0","P014",1,"0"
"1153",0.9211,"0","P014",1,"0"
"1154",0.9141,"1","P014",1,"1"
"1155",0.7027,"1","P014",0,"0"
"1156",0.9344,"1","P014",0,"0"
"1157",0.7942,"1","P014",0,"0"
"1158",0.851,"0","P014",1,"0"
"1159",0.6618,"0","P014",1,"0"
"1160",0.6636,"1","P014",0,"0"
"1161",0.7912,"1","P014",0,"0"
"1162",0.9791,"1","P015",0,"0"
"1163",0.5619,"1","P015",0,"0"
"1164",0.8127,"0","P015",1,"0"
"1165",1.5854,"1","P015",1,"1"
"1166",0.8983,"1","P015",0,"0"
"1167",1.001,"1","P015",1,"1"
"1168",0.9117,"1","P015",1,"1"
"1169",1.2975,"1","P015",0,"0"
"1170",0.8423,"0","P015",1,"0"
"1171",0.685,"1","P015",1,"1"
"1172",0.8778,"0","P015",1,"0"
"1173",0.8516,"0","P015",1,"0"
"1174",1.0203,"1","P015",1,"1"
"1175",0.8531,"1","P015",0,"0"
"1176",0.8408,"0","P015",1,"0"
"1177",0.9227,"1","P015",0,"0"
"1178",0.9883,"1","P015",1,"1"
"1179",0.8621,"1","P015",0,"0"
"1180",1.211,"1","P015",0,"0"
"1181",0.8537,"1","P015",1,"1"
"1182",0.9494,"1","P015",0,"0"
"1183",0.8632,"1","P015",0,"0"
"1184",0.883,"0","P015",1,"0"
"1185",0.8378,"1","P015",0,"0"
"1186",0.7125,"0","P015",1,"0"
"1187",1.2013,"1","P015",1,"1"
"1188",0.7389,"0","P015",1,"0"
"1189",0.7498,"0","P015",1,"0"
"1190",0.7324,"1","P015",1,"1"
"1191",0.9413,"0","P015",1,"0"
"1192",1.413,"1","P015",1,"1"
"1193",1.3018,"1","P015",1,"1"
"1194",0.9406,"1","P015",1,"1"
"1195",1.1283,"1","P015",1,"1"
"1196",1.3171,"1","P015",1,"1"
"1197",0.6098,"1","P015",1,"1"
"1198",1.7847,"0","P015",1,"0"
"1199",1.3124,"1","P015",0,"0"
"1200",1.8362,"0","P015",1,"0"
"1201",0.8759,"0","P015",1,"0"
"1202",0.9887,"0","P015",1,"0"
"1203",2.1645,"1","P015",1,"1"
"1204",1.0592,"1","P015",0,"0"
"1205",1.2769,"1","P015",0,"0"
"1206",1.2958,"0","P015",1,"0"
"1207",0.9315,"1","P015",1,"1"
"1208",1.1533,"1","P015",0,"0"
"1209",0.672,"1","P015",1,"1"
"1210",1.0998,"1","P015",1,"1"
"1211",1.3665,"1","P015",1,"1"
"1212",0.8953,"0","P015",1,"0"
"1213",0.9761,"1","P015",0,"0"
"1214",0.8689,"1","P015",0,"0"
"1215",0.8756,"1","P015",0,"0"
"1216",1.5724,"1","P015",0,"0"
"1217",1.0802,"1","P015",1,"1"
"1218",0.6889,"1","P015",0,"0"
"1219",1.2687,"0","P015",1,"0"
"1220",0.9694,"1","P015",0,"0"
"1221",0.7302,"1","P015",1,"1"
"1222",0.788,"0","P015",1,"0"
"1223",0.7837,"1","P015",0,"0"
"1224",0.8415,"0","P015",1,"0"
"1225",0.8543,"1","P015",0,"0"
"1226",0.835,"1","P015",1,"1"
"1227",1.0748,"0","P015",1,"0"
"1228",0.7615,"1","P015",0,"0"
"1229",0.8513,"1","P015",0,"0"
"1230",0.8441,"0","P015",1,"0"
"1231",1.0598,"1","P015",0,"0"
"1232",0.6816,"1","P015",0,"0"
"1233",0.7584,"1","P015",0,"0"
"1234",0.8001,"1","P015",1,"1"
"1235",0.8869,"0","P015",1,"0"
"1236",1.4986,"0","P015",1,"0"
"1237",0.7252,"1","P015",1,"1"
"1238",1.4532,"1","P015",1,"1"
"1239",0.691,"1","P015",0,"0"
"1240",1.2487,"1","P015",0,"0"
"1241",0.6985,"0","P015",1,"0"
"1242",0.6412,"0","P015",1,"0"
"1243",1.125,"1","P015",1,"1"
"1244",0.8058,"1","P015",0,"0"
"1245",2.5194,"1","P016",0,"0"
"1246",1.4962,"1","P016",1,"1"
"1247",1.1309,"0","P016",1,"0"
"1248",0.8147,"1","P016",1,"1"
"1249",0.9474,"1","P016",1,"1"
"1250",0.6782,"1","P016",1,"1"
"1251",1.0249,"1","P016",1,"1"
"1252",1.7257,"1","P016",0,"0"
"1253",0.9005,"0","P016",1,"0"
"1254",0.5933,"1","P016",1,"1"
"1255",0.968,"0","P016",1,"0"
"1256",1.0958,"0","P016",1,"0"
"1257",1.2183,"1","P016",1,"1"
"1258",1.1303,"1","P016",0,"0"
"1259",1.8063,"0","P016",1,"0"
"1260",0.7278,"1","P016",1,"1"
"1261",0.7035,"1","P016",1,"1"
"1262",1.2822,"1","P016",1,"1"
"1263",0.8631,"1","P016",1,"1"
"1264",0.7544,"1","P016",1,"1"
"1265",1.4626,"1","P016",1,"1"
"1266",0.8324,"1","P016",1,"1"
"1267",1.3241,"0","P016",1,"0"
"1268",1.1239,"1","P016",1,"1"
"1269",0.7637,"0","P016",1,"0"
"1270",1.4825,"1","P016",1,"1"
"1271",0.8342,"0","P016",1,"0"
"1272",0.9579,"0","P016",1,"0"
"1273",0.9357,"1","P016",1,"1"
"1274",0.9005,"0","P016",0,"1"
"1275",1.5513,"1","P016",1,"1"
"1276",0.9641,"1","P016",1,"1"
"1277",0.7487,"1","P016",1,"1"
"1278",1.4826,"1","P016",1,"1"
"1279",1.2023,"1","P016",0,"0"
"1280",0.6441,"1","P016",1,"1"
"1281",0.9838,"0","P016",1,"0"
"1282",1.2646,"1","P016",0,"0"
"1283",1.2894,"0","P016",0,"1"
"1284",0.9602,"0","P016",1,"0"
"1285",0.8599,"0","P016",1,"0"
"1286",1.3347,"1","P016",1,"1"
"1287",1.4394,"1","P016",0,"0"
"1288",1.5884,"1","P016",1,"1"
"1289",1.1138,"0","P016",1,"0"
"1290",0.6887,"1","P016",1,"1"
"1291",0.9125,"1","P016",1,"1"
"1292",0.6303,"1","P016",1,"1"
"1293",0.7772,"1","P016",1,"1"
"1294",0.7998,"1","P016",1,"1"
"1295",0.9416,"0","P016",1,"0"
"1296",1.2123,"1","P016",0,"0"
"1297",1.9021,"1","P016",1,"1"
"1298",1.0319,"1","P016",1,"1"
"1299",1.6676,"1","P016",0,"0"
"1300",0.9616,"1","P016",1,"1"
"1301",0.6861,"1","P016",0,"0"
"1302",0.7929,"0","P016",1,"0"
"1303",0.6887,"1","P016",1,"1"
"1304",2.5015,"1","P016",1,"1"
"1305",1.0772,"0","P016",1,"0"
"1306",1.2867,"1","P016",1,"1"
"1307",0.9397,"0","P016",1,"0"
"1308",0.9505,"1","P016",1,"1"
"1309",0.7903,"1","P016",1,"1"
"1310",0.846,"0","P016",1,"0"
"1311",0.7858,"1","P016",0,"0"
"1312",1.0095,"1","P016",0,"0"
"1313",1.0753,"0","P016",1,"0"
"1314",0.7051,"1","P016",0,"0"
"1315",1.1299,"1","P016",1,"1"
"1316",1.1366,"1","P016",0,"0"
"1317",0.7323,"1","P016",1,"1"
"1318",0.8281,"0","P016",1,"0"
"1319",0.9219,"0","P016",1,"0"
"1320",1.2256,"1","P016",1,"1"
"1321",0.7824,"1","P016",0,"0"
"1322",0.8062,"1","P016",0,"0"
"1323",1.0038,"1","P016",1,"1"
"1324",0.7937,"0","P016",0,"1"
"1325",0.8164,"0","P016",1,"0"
"1326",1.5092,"1","P016",0,"0"
"1327",1.263,"1","P016",0,"0"
"1328",1.8774,"1","P017",0,"0"
"1329",0.8352,"1","P017",0,"0"
"1330",1.1389,"0","P017",1,"0"
"1331",0.8346,"1","P017",1,"1"
"1332",0.7584,"1","P017",1,"1"
"1333",0.7071,"1","P017",1,"1"
"1334",1.9009,"1","P017",1,"1"
"1335",1.1677,"1","P017",0,"0"
"1336",0.7855,"0","P017",1,"0"
"1337",0.6282,"1","P017",1,"1"
"1338",0.8159,"0","P017",1,"0"
"1339",1.0898,"0","P017",1,"0"
"1340",0.7235,"1","P017",1,"1"
"1341",0.9452,"1","P017",1,"1"
"1342",0.636,"0","P017",1,"0"
"1343",0.9168,"1","P017",1,"1"
"1344",1.7846,"1","P017",0,"0"
"1345",0.9564,"1","P017",1,"1"
"1346",0.5881,"1","P017",1,"1"
"1347",0.6719,"1","P017",1,"1"
"1348",1.0726,"1","P017",0,"0"
"1349",0.7954,"1","P017",0,"0"
"1350",0.8451,"0","P017",1,"0"
"1351",1.6519,"1","P017",0,"0"
"1352",0.9197,"0","P017",1,"0"
"1353",1.2965,"1","P017",0,"0"
"1354",1.0442,"0","P017",1,"0"
"1355",0.831,"0","P017",1,"0"
"1356",0.7437,"1","P017",1,"1"
"1357",1.3045,"0","P017",1,"0"
"1358",1.4243,"1","P017",0,"0"
"1359",1.3701,"1","P017",0,"0"
"1360",1.5258,"1","P017",0,"0"
"1361",1.0066,"1","P017",0,"0"
"1362",1.1513,"1","P017",1,"1"
"1363",0.6311,"1","P017",1,"1"
"1364",0.9598,"0","P017",1,"0"
"1365",2.1475,"1","P017",0,"0"
"1366",1.1154,"0","P017",1,"0"
"1367",0.9221,"0","P017",1,"0"
"1368",1.2289,"0","P017",1,"0"
"1369",0.6977,"1","P017",0,"0"
"1370",1.7804,"1","P017",0,"0"
"1371",0.9181,"1","P017",0,"0"
"1372",1.891,"0","P017",1,"0"
"1373",1.2007,"1","P017",1,"1"
"1374",1.3895,"1","P017",1,"1"
"1375",0.6812,"1","P017",1,"1"
"1376",1.17,"1","P017",1,"1"
"1377",0.7938,"1","P017",1,"1"
"1378",2.3435,"0","P017",1,"0"
"1379",1.4703,"1","P017",1,"1"
"1380",1.132,"1","P017",0,"0"
"1381",1.2648,"1","P017",1,"1"
"1382",2.4486,"1","P017",1,"1"
"1383",1.4743,"1","P017",0,"0"
"1384",1.0492,"1","P017",0,"0"
"1385",0.881,"0","P017",1,"0"
"1386",0.6763,"1","P017",0,"0"
"1387",0.9014,"1","P017",0,"0"
"1388",0.7311,"0","P017",1,"0"
"1389",0.6689,"1","P017",1,"1"
"1390",1.5057,"0","P017",1,"0"
"1391",0.8345,"1","P017",1,"1"
"1392",0.8052,"1","P017",1,"1"
"1393",0.986,"0","P017",1,"0"
"1394",1.0847,"1","P017",0,"0"
"1395",0.8795,"1","P017",0,"0"
"1396",0.7811,"0","P017",1,"0"
"1397",0.705,"1","P017",0,"0"
"1398",2.0138,"1","P017",0,"0"
"1399",2.3015,"1","P017",0,"0"
"1400",0.6693,"1","P017",1,"1"
"1401",0.8511,"0","P017",1,"0"
"1402",1.0359,"0","P017",1,"0"
"1403",1.1636,"1","P017",1,"1"
"1404",1.0544,"1","P017",0,"0"
"1405",1.9902,"1","P017",0,"0"
"1406",1.2518,"1","P017",1,"1"
"1407",1.6497,"0","P017",1,"0"
"1408",0.8823,"0","P017",1,"0"
"1409",2.9102,"1","P017",1,"1"
"1410",1.7119,"1","P017",0,"0"
"1411",1.0474,"1","P018",0,"0"
"1412",1.2082,"1","P018",1,"1"
"1413",1.4151,"0","P018",1,"0"
"1414",0.9768,"1","P018",1,"1"
"1415",0.7766,"1","P018",1,"1"
"1416",0.6942,"1","P018",1,"1"
"1417",0.7421,"1","P018",1,"1"
"1418",1.3208,"1","P018",1,"1"
"1419",1.2256,"0","P018",1,"0"
"1420",0.7763,"1","P018",1,"1"
"1421",1.415,"0","P018",1,"0"
"1422",1.0659,"0","P018",1,"0"
"1423",1.1598,"1","P018",1,"1"
"1424",0.8463,"1","P018",0,"0"
"1425",1.2202,"0","P018",1,"0"
"1426",1.0418,"1","P018",0,"0"
"1427",0.5608,"1","P018",1,"1"
"1428",0.7885,"1","P018",1,"1"
"1429",1.2741,"1","P018",1,"1"
"1430",0.8072,"1","P018",1,"1"
"1431",0.9039,"1","P018",1,"1"
"1432",1.1366,"1","P018",1,"1"
"1433",0.8284,"0","P018",1,"0"
"1434",0.9712,"1","P018",1,"1"
"1435",1.0279,"0","P018",1,"0"
"1436",1.0577,"1","P018",1,"1"
"1437",1.4465,"0","P018",1,"0"
"1438",1.197,"0","P018",1,"0"
"1439",0.925,"1","P018",1,"1"
"1440",1.3706,"0","P018",0,"1"
"1441",1.0675,"1","P018",1,"1"
"1442",0.8663,"1","P018",1,"1"
"1443",0.801,"1","P018",1,"1"
"1444",1.4367,"1","P018",1,"1"
"1445",1.0716,"1","P018",1,"1"
"1446",0.6833,"1","P018",1,"1"
"1447",0.8471,"0","P018",1,"0"
"1448",0.9568,"1","P018",1,"1"
"1449",1.1116,"0","P018",0,"1"
"1450",1.7663,"0","P018",1,"0"
"1451",1.237,"0","P018",1,"0"
"1452",1.1877,"1","P018",1,"1"
"1453",1.8237,"1","P018",0,"0"
"1454",0.9454,"1","P018",0,"0"
"1455",0.9731,"0","P018",1,"0"
"1456",1.1149,"1","P018",1,"1"
"1457",1.2405,"1","P018",0,"0"
"1458",0.7454,"1","P018",1,"1"
"1459",0.789,"1","P018",1,"1"
"1460",1.178,"1","P018",1,"1"
"1461",1.0685,"0","P018",1,"0"
"1462",1.2452,"1","P018",0,"0"
"1463",1.3662,"1","P018",0,"0"
"1464",1.027,"1","P018",1,"1"
"1465",1.0198,"1","P018",0,"0"
"1466",1.2066,"1","P018",1,"1"
"1467",1.1172,"1","P018",0,"0"
"1468",1.0651,"0","P018",1,"0"
"1469",1.532,"1","P018",1,"1"
"1470",1.5077,"1","P018",0,"0"
"1471",1.7124,"0","P018",1,"0"
"1472",1.1812,"1","P018",0,"0"
"1473",1.3349,"0","P018",1,"0"
"1474",1.5577,"1","P018",0,"0"
"1475",0.8605,"1","P018",1,"1"
"1476",0.9693,"0","P018",1,"0"
"1477",1.459,"1","P018",1,"1"
"1478",1.1508,"1","P018",0,"0"
"1479",1.0555,"0","P018",1,"0"
"1480",0.8583,"1","P018",0,"0"
"1481",1.5831,"1","P018",1,"1"
"1482",1.3358,"1","P018",0,"0"
"1483",0.7026,"1","P018",1,"1"
"1484",1.1834,"0","P018",1,"0"
"1485",1.13,"0","P018",1,"0"
"1486",0.8628,"1","P018",1,"1"
"1487",1.7505,"1","P018",1,"1"
"1488",0.8084,"1","P018",0,"0"
"1489",1.4092,"1","P018",1,"1"
"1490",1.6609,"0","P018",1,"0"
"1491",0.9507,"0","P018",1,"0"
"1492",1.8295,"1","P018",1,"1"
"1493",1.1402,"1","P018",0,"0"
"1494",1.2942,"1","P019",1,"1"
"1495",0.882,"1","P019",1,"1"
"1496",0.9988,"0","P019",1,"0"
"1497",1.0256,"1","P019",0,"0"
"1498",0.9063,"1","P019",1,"1"
"1499",0.8461,"1","P019",1,"1"
"1500",1.1189,"1","P019",1,"1"
"1501",1.3746,"1","P019",0,"0"
"1502",1.1794,"0","P019",1,"0"
"1503",0.6372,"1","P019",1,"1"
"1504",1.5879,"0","P019",1,"0"
"1505",1.1767,"0","P019",1,"0"
"1506",0.8554,"1","P019",1,"1"
"1507",1.8632,"1","P019",0,"0"
"1508",0.951,"0","P019",1,"0"
"1509",1.9348,"1","P019",0,"0"
"1510",0.7765,"1","P019",1,"1"
"1511",1.2953,"1","P019",0,"0"
"1512",0.589,"1","P019",1,"1"
"1513",0.8368,"1","P019",1,"1"
"1514",1.3256,"1","P019",1,"1"
"1515",1.3983,"1","P019",1,"1"
"1516",0.9241,"0","P019",1,"0"
"1517",0.7569,"1","P019",1,"1"
"1518",0.8247,"0","P019",1,"0"
"1519",1.1774,"1","P019",1,"1"
"1520",0.8801,"0","P019",1,"0"
"1521",1.1109,"0","P019",1,"0"
"1522",0.9066,"1","P019",1,"1"
"1523",1.0594,"0","P019",1,"0"
"1524",0.7942,"1","P019",1,"1"
"1525",1.323,"1","P019",1,"1"
"1526",1.7087,"1","P019",1,"1"
"1527",0.9965,"1","P019",1,"1"
"1528",0.9503,"1","P019",0,"0"
"1529",0.604,"1","P019",1,"1"
"1530",0.9688,"0","P019",1,"0"
"1531",1.1495,"1","P019",0,"0"
"1532",1.1425,"0","P019",1,"0"
"1533",0.9401,"0","P019",1,"0"
"1534",1.5149,"0","P019",0,"1"
"1535",1.1713,"1","P019",1,"1"
"1536",0.6924,"1","P019",1,"1"
"1537",1.1842,"1","P019",1,"1"
"1538",0.8979,"0","P019",1,"0"
"1539",0.7277,"1","P019",1,"1"
"1540",0.8954,"1","P019",1,"1"
"1541",0.6952,"1","P019",1,"1"
"1542",0.645,"1","P019",1,"1"
"1543",0.7197,"1","P019",1,"1"
"1544",1.1055,"0","P019",1,"0"
"1545",1.1032,"1","P019",1,"1"
"1546",1.106,"1","P019",1,"1"
"1547",0.7158,"1","P019",1,"1"
"1548",0.8925,"1","P019",1,"1"
"1549",1.5283,"1","P019",0,"0"
"1550",0.658,"1","P019",0,"0"
"1551",0.7938,"0","P019",1,"0"
"1552",1.0136,"1","P019",0,"0"
"1553",0.9443,"1","P019",1,"1"
"1554",0.7071,"0","P019",1,"0"
"1555",1.4929,"1","P019",1,"1"
"1556",0.7076,"0","P019",1,"0"
"1557",0.5984,"1","P019",1,"1"
"1558",0.8851,"1","P019",1,"1"
"1559",1.0309,"0","P019",1,"0"
"1560",1.1307,"1","P019",1,"1"
"1561",0.7555,"1","P019",0,"0"
"1562",0.9402,"0","P019",1,"0"
"1563",1.04,"1","P019",0,"0"
"1564",2.2187,"1","P019",1,"1"
"1565",0.8645,"1","P019",1,"1"
"1566",0.8003,"1","P019",1,"1"
"1567",0.8592,"0","P019",1,"0"
"1568",0.7288,"0","P019",1,"0"
"1569",0.9626,"1","P019",1,"1"
"1570",2.3033,"1","P019",1,"1"
"1571",0.8911,"1","P019",0,"0"
"1572",1.4678,"1","P019",1,"1"
"1573",1.0766,"0","P019",1,"0"
"1574",0.6964,"0","P019",1,"0"
"1575",0.6581,"1","P019",0,"0"
"1576",0.7389,"1","P019",0,"0"
"1577",1.6752,"1","P020",1,"1"
"1578",0.7319,"1","P020",1,"1"
"1579",1.2957,"0","P020",0,"1"
"1580",0.8654,"1","P020",1,"1"
"1581",0.7852,"1","P020",1,"1"
"1582",0.749,"1","P020",1,"1"
"1583",0.8117,"1","P020",1,"1"
"1584",2.1465,"1","P020",1,"1"
"1585",0.7502,"0","P020",1,"0"
"1586",0.639,"1","P020",1,"1"
"1587",1.0928,"0","P020",1,"0"
"1588",1.2555,"0","P020",1,"0"
"1589",0.8823,"1","P020",1,"1"
"1590",0.8381,"1","P020",0,"0"
"1591",0.7308,"0","P020",1,"0"
"1592",1.0936,"1","P020",0,"0"
"1593",0.6623,"1","P020",1,"1"
"1594",0.8891,"1","P020",1,"1"
"1595",1.1279,"1","P020",1,"1"
"1596",0.6986,"1","P020",1,"1"
"1597",1.4814,"1","P020",1,"1"
"1598",1.7052,"1","P020",0,"0"
"1599",0.8699,"0","P020",1,"0"
"1600",0.8327,"1","P020",1,"1"
"1601",0.7395,"0","P020",1,"0"
"1602",1.1212,"1","P020",1,"1"
"1603",0.963,"0","P020",1,"0"
"1604",0.7848,"0","P020",1,"0"
"1605",0.8045,"1","P020",1,"1"
"1606",1.4583,"0","P020",1,"0"
"1607",1.7751,"1","P020",0,"0"
"1608",0.7788,"1","P020",0,"0"
"1609",1.3966,"1","P020",1,"1"
"1610",1.4403,"1","P020",0,"0"
"1611",0.8321,"1","P020",1,"1"
"1612",0.7169,"1","P020",1,"1"
"1613",0.8116,"0","P020",1,"0"
"1614",1.6894,"1","P020",0,"0"
"1615",1.862,"0","P020",0,"1"
"1616",0.6989,"0","P020",1,"0"
"1617",0.8287,"0","P020",1,"0"
"1618",0.8425,"1","P020",1,"1"
"1619",1.0692,"1","P020",0,"0"
"1620",0.871,"1","P020",0,"0"
"1621",0.7667,"0","P020",1,"0"
"1622",0.8545,"1","P020",1,"1"
"1623",2.4113,"1","P020",0,"0"
"1624",0.672,"1","P020",1,"1"
"1625",0.9358,"1","P020",1,"1"
"1626",0.6806,"1","P020",1,"1"
"1627",0.7413,"0","P020",1,"0"
"1628",0.7221,"1","P020",0,"0"
"1629",0.5948,"1","P020",0,"0"
"1630",0.7126,"1","P020",0,"0"
"1631",1.6204,"1","P020",0,"0"
"1632",0.8672,"1","P020",1,"1"
"1633",1.1049,"1","P020",1,"1"
"1634",0.7247,"0","P020",1,"0"
"1635",0.9574,"1","P020",0,"0"
"1636",0.6412,"1","P020",1,"1"
"1637",0.7619,"0","P020",1,"0"
"1638",0.7537,"1","P020",1,"1"
"1639",0.7075,"0","P020",1,"0"
"1640",0.7112,"1","P020",1,"1"
"1641",0.7461,"1","P020",1,"1"
"1642",2.2417,"0","P020",1,"0"
"1643",0.8285,"1","P020",1,"1"
"1644",0.7013,"1","P020",0,"0"
"1645",1.041,"0","P020",1,"0"
"1646",1.0308,"1","P020",1,"1"
"1647",0.8826,"1","P020",0,"0"
"1648",0.8374,"1","P020",0,"0"
"1649",0.7081,"1","P020",1,"1"
"1650",0.6839,"0","P020",1,"0"
"1651",0.8386,"0","P020",1,"0"
"1652",1.0194,"1","P020",1,"1"
"1653",0.7651,"1","P020",0,"0"
"1654",1.2259,"1","P020",1,"1"
"1655",1.4237,"1","P020",0,"0"
"1656",0.8675,"0","P020",1,"0"
"1657",0.7232,"0","P020",1,"0"
"1658",1.119,"1","P020",1,"1"
"1659",1.5698,"1","P020",1,"1"
"1660",1.8332,"1","P021",1,"1"
"1661",1.7281,"1","P021",1,"1"
"1662",2.3188,"0","P021",1,"0"
"1663",2.3626,"1","P021",0,"0"
"1664",1.1364,"1","P021",1,"1"
"1665",1.2221,"1","P021",1,"1"
"1666",1.7309,"1","P021",1,"1"
"1667",1.6336,"1","P021",0,"0"
"1668",1.6845,"0","P021",1,"0"
"1669",0.8902,"1","P021",1,"1"
"1670",1.393,"0","P021",1,"0"
"1671",1.2207,"0","P021",1,"0"
"1672",1.1204,"1","P021",1,"1"
"1673",1.6832,"1","P021",1,"1"
"1674",1.051,"0","P021",1,"0"
"1675",1.0317,"1","P021",1,"1"
"1676",1.1864,"1","P021",1,"1"
"1677",1.1142,"1","P021",1,"1"
"1678",1.119,"1","P021",1,"1"
"1679",0.9968,"1","P021",1,"1"
"1680",1.8956,"1","P021",1,"1"
"1681",1.1803,"1","P021",1,"1"
"1682",1.1491,"0","P021",1,"0"
"1683",1.2998,"1","P021",1,"1"
"1684",1.1416,"0","P021",1,"0"
"1685",1.3344,"1","P021",1,"1"
"1686",1.4812,"0","P021",1,"0"
"1687",1.2389,"0","P021",1,"0"
"1688",1.1136,"1","P021",1,"1"
"1689",1.5815,"0","P021",0,"1"
"1690",1.4042,"1","P021",1,"1"
"1691",1.142,"1","P021",1,"1"
"1692",1.1107,"1","P021",1,"1"
"1693",1.1585,"1","P021",1,"1"
"1694",2.0703,"1","P021",1,"1"
"1695",0.8039,"1","P021",1,"1"
"1696",1.4537,"0","P021",1,"0"
"1697",2.5186,"1","P021",1,"1"
"1698",2.2253,"0","P021",1,"0"
"1699",1.3021,"0","P021",1,"0"
"1700",1.4429,"0","P021",1,"0"
"1701",1.0545,"1","P021",1,"1"
"1702",1.3084,"1","P021",1,"1"
"1703",1.6301,"1","P021",1,"1"
"1704",1.0879,"0","P021",1,"0"
"1705",0.8956,"1","P021",1,"1"
"1706",1.5894,"1","P021",0,"0"
"1707",0.8281,"1","P021",1,"1"
"1708",1.145,"1","P021",1,"1"
"1709",0.9077,"1","P021",1,"1"
"1710",0.9114,"0","P021",1,"0"
"1711",1.3782,"1","P021",0,"0"
"1712",1.312,"1","P021",1,"1"
"1713",1.6398,"1","P021",0,"0"
"1714",0.9345,"1","P021",1,"1"
"1715",1.2303,"1","P021",1,"1"
"1716",1.04,"1","P021",0,"0"
"1717",1.0868,"0","P021",1,"0"
"1718",1.9965,"1","P021",0,"0"
"1719",0.6383,"1","P021",1,"1"
"1720",1.0051,"0","P021",1,"0"
"1721",1.6229,"1","P021",0,"0"
"1722",1.1666,"0","P021",1,"0"
"1723",1.2104,"1","P021",1,"1"
"1724",1.1441,"1","P021",1,"1"
"1725",1.6427,"0","P021",1,"0"
"1726",0.8666,"1","P021",1,"1"
"1727",1.0004,"1","P021",0,"0"
"1728",1.2632,"0","P021",1,"0"
"1729",1.129,"1","P021",0,"0"
"1730",1.4708,"1","P021",1,"1"
"1731",1.4345,"1","P021",0,"0"
"1732",0.8383,"1","P021",1,"1"
"1733",0.897,"0","P021",1,"0"
"1734",0.976,"0","P021",1,"0"
"1735",1.1365,"1","P021",1,"1"
"1736",1.3112,"1","P021",1,"1"
"1737",1.3401,"1","P021",0,"0"
"1738",1.8619,"1","P021",1,"1"
"1739",0.8956,"0","P021",1,"0"
"1740",1.0423,"0","P021",1,"0"
"1741",1.4341,"1","P021",0,"0"
"1742",1.9429,"1","P021",1,"1"
"1743",4.3532,"1","P022",1,"1"
"1744",1.689,"1","P022",0,"0"
"1745",1.7148,"0","P022",1,"0"
"1746",0.9714,"1","P022",0,"0"
"1747",1.1123,"1","P022",0,"0"
"1748",0.807,"1","P022",1,"1"
"1749",0.9268,"1","P022",0,"0"
"1750",1.5445,"1","P022",0,"0"
"1751",0.9892,"0","P022",1,"0"
"1752",0.828,"1","P022",1,"1"
"1753",0.8159,"0","P022",1,"0"
"1754",0.8006,"0","P022",1,"0"
"1755",0.8074,"1","P022",1,"1"
"1756",0.8341,"1","P022",0,"0"
"1757",1.0419,"0","P022",1,"0"
"1758",0.8216,"1","P022",0,"0"
"1759",0.9803,"1","P022",1,"1"
"1760",1.2581,"1","P022",0,"0"
"1761",1.3029,"1","P022",0,"0"
"1762",1.0357,"1","P022",0,"0"
"1763",2.1595,"1","P022",0,"0"
"1764",1.2852,"1","P022",0,"0"
"1765",1.089,"0","P022",1,"0"
"1766",2.0697,"1","P022",0,"0"
"1767",1.1135,"0","P022",1,"0"
"1768",1.5613,"1","P022",0,"0"
"1769",0.917,"0","P022",1,"0"
"1770",0.8648,"0","P022",1,"0"
"1771",0.8625,"1","P022",1,"1"
"1772",1.1173,"0","P022",1,"0"
"1773",0.7481,"1","P022",1,"1"
"1774",1.0518,"1","P022",0,"0"
"1775",1.6616,"1","P022",0,"0"
"1776",2.3984,"1","P022",0,"0"
"1777",0.7311,"1","P022",0,"0"
"1778",1.0888,"1","P022",1,"1"
"1779",1.0377,"0","P022",1,"0"
"1780",0.9154,"1","P022",0,"0"
"1781",2.3151,"0","P022",1,"0"
"1782",1.0559,"0","P022",1,"0"
"1783",1.7307,"0","P022",1,"0"
"1784",1.2665,"1","P022",0,"0"
"1785",0.9522,"1","P022",0,"0"
"1786",0.702,"1","P022",0,"0"
"1787",0.7818,"0","P022",1,"0"
"1788",1.0315,"1","P022",1,"1"
"1789",1.4813,"1","P022",0,"0"
"1790",0.6641,"1","P022",1,"1"
"1791",1.6418,"1","P022",0,"0"
"1792",1.0625,"1","P022",1,"1"
"1793",0.9194,"0","P022",1,"0"
"1794",0.992,"1","P022",0,"0"
"1795",1.0809,"1","P022",0,"0"
"1796",1.5517,"1","P022",1,"1"
"1797",0.9804,"1","P022",1,"1"
"1798",0.8592,"1","P022",0,"0"
"1799",0.785,"1","P022",0,"0"
"1800",0.8367,"0","P022",1,"0"
"1801",1.1305,"1","P022",1,"1"
"1802",1.2612,"1","P022",0,"0"
"1803",1.8279,"0","P022",1,"0"
"1804",1.1088,"1","P022",0,"0"
"1805",0.8605,"0","P022",1,"0"
"1806",1.3013,"1","P022",0,"0"
"1807",0.8521,"1","P022",1,"1"
"1808",1.0018,"0","P022",1,"0"
"1809",0.7066,"1","P022",0,"0"
"1810",0.8113,"1","P022",1,"1"
"1811",1.2431,"0","P022",1,"0"
"1812",1.1819,"1","P022",0,"0"
"1813",1.9916,"1","P022",1,"1"
"1814",1.4914,"1","P022",0,"0"
"1815",0.6852,"1","P022",1,"1"
"1816",1.7829,"0","P022",1,"0"
"1817",1.1756,"0","P022",1,"0"
"1818",0.8794,"1","P022",1,"1"
"1819",1.0812,"1","P022",1,"1"
"1820",1.1369,"1","P022",0,"0"
"1821",1.1608,"1","P022",0,"0"
"1822",1.3704,"0","P022",1,"0"
"1823",0.9393,"0","P022",1,"0"
"1824",1.046,"1","P022",0,"0"
"1825",0.9438,"1","P022",0,"0"
"1826",2.3027,"1","P023",0,"0"
"1827",0.8525,"1","P023",1,"1"
"1828",1.0242,"0","P023",1,"0"
"1829",1.114,"1","P023",1,"1"
"1830",0.9677,"1","P023",1,"1"
"1831",0.7225,"1","P023",1,"1"
"1832",0.9593,"1","P023",1,"1"
"1833",1.633,"1","P023",0,"0"
"1834",0.7398,"0","P023",1,"0"
"1835",0.6855,"1","P023",1,"1"
"1836",1.5063,"0","P023",1,"0"
"1837",1.6981,"0","P023",1,"0"
"1838",0.8109,"1","P023",1,"1"
"1839",1.7146,"1","P023",0,"0"
"1840",0.8494,"0","P023",1,"0"
"1841",0.8981,"1","P023",1,"1"
"1842",0.9072,"1","P023",1,"1"
"1843",0.8527,"1","P023",1,"1"
"1844",1.2475,"1","P023",1,"1"
"1845",0.6672,"1","P023",1,"1"
"1846",2.993,"1","P023",0,"0"
"1847",0.7828,"1","P023",1,"1"
"1848",0.9165,"0","P023",1,"0"
"1849",1.4102,"1","P023",0,"0"
"1850",0.897,"0","P023",1,"0"
"1851",1.7568,"1","P023",1,"1"
"1852",1.1485,"0","P023",1,"0"
"1853",2.0113,"0","P023",1,"0"
"1854",0.9641,"1","P023",1,"1"
"1855",2.8279,"0","P023",1,"0"
"1856",2.0196,"1","P023",1,"1"
"1857",2.3224,"1","P023",1,"1"
"1858",0.6991,"1","P023",1,"1"
"1859",2.4839,"1","P023",0,"0"
"1860",1.5606,"1","P023",1,"1"
"1861",0.5524,"1","P023",1,"1"
"1862",0.9312,"0","P023",1,"0"
"1863",1.2779,"1","P023",1,"1"
"1864",4.6827,"0","P023",1,"0"
"1865",0.8947,"0","P023",1,"0"
"1866",1.9412,"0","P023",1,"0"
"1867",1.782,"1","P023",1,"1"
"1868",2.5198,"1","P023",0,"0"
"1869",1.8175,"1","P023",0,"0"
"1870",1.2103,"0","P023",1,"0"
"1871",0.8311,"1","P023",1,"1"
"1872",0.7048,"1","P023",1,"1"
"1873",0.5465,"1","P023",1,"1"
"1874",0.8783,"1","P023",1,"1"
"1875",0.694,"1","P023",1,"1"
"1876",1.2759,"0","P023",1,"0"
"1877",2.0477,"1","P023",0,"0"
"1878",1.0754,"1","P023",1,"1"
"1879",0.9642,"1","P023",0,"0"
"1880",1.2379,"1","P023",1,"1"
"1881",1.2817,"1","P023",1,"1"
"1882",0.8608,"1","P023",0,"0"
"1883",0.9792,"0","P023",1,"0"
"1884",0.7649,"1","P023",1,"1"
"1885",1.7637,"1","P023",0,"0"
"1886",1.8115,"0","P023",1,"0"
"1887",1.0372,"1","P023",0,"0"
"1888",0.885,"0","P023",1,"0"
"1889",0.7597,"1","P023",1,"1"
"1890",0.8576,"1","P023",1,"1"
"1891",1.6373,"0","P023",1,"0"
"1892",0.759,"1","P023",1,"1"
"1893",1.9269,"1","P023",0,"0"
"1894",0.9455,"0","P023",1,"0"
"1895",0.7974,"1","P023",0,"0"
"1896",1.3781,"1","P023",1,"1"
"1897",2.4848,"1","P023",0,"0"
"1898",0.5827,"1","P023",1,"1"
"1899",0.8644,"0","P023",1,"0"
"1900",1.0391,"0","P023",1,"0"
"1901",0.743,"1","P023",1,"1"
"1902",0.7657,"1","P023",1,"1"
"1903",0.9004,"1","P023",0,"0"
"1904",1.6832,"1","P023",0,"0"
"1905",1.22,"0","P023",1,"0"
"1906",0.9758,"0","P023",1,"0"
"1907",2.1865,"1","P023",0,"0"
"1908",0.7003,"1","P023",0,"0"
"1909",2.3573,"1","P024",1,"1"
"1910",1.6051,"0","P024",1,"0"
"1911",1.0415,"1","P024",1,"1"
"1912",0.8473,"1","P024",1,"1"
"1913",0.7621,"1","P024",1,"1"
"1914",1.6478,"1","P024",1,"1"
"1915",1.2236,"1","P024",0,"0"
"1916",1.3448,"0","P024",1,"0"
"1917",0.8412,"1","P024",1,"1"
"1918",0.9779,"0","P024",1,"0"
"1919",2.3256,"0","P024",1,"0"
"1920",1.0374,"1","P024",1,"1"
"1921",1.7272,"1","P024",0,"0"
"1922",1.5289,"0","P024",1,"0"
"1923",2.8367,"1","P024",0,"0"
"1924",0.6725,"1","P024",1,"1"
"1925",0.9272,"1","P024",1,"1"
"1926",0.737,"1","P024",1,"1"
"1927",0.8928,"1","P024",1,"1"
"1928",0.7773,"1","P024",1,"1"
"1929",1.35,"0","P024",1,"0"
"1930",1.9646,"1","P024",0,"0"
"1931",1.2866,"0","P024",1,"0"
"1932",1.5104,"1","P024",0,"0"
"1933",1.1751,"0","P024",1,"0"
"1934",2.8479,"0","P024",1,"0"
"1935",1.1946,"1","P024",1,"1"
"1936",1.4434,"0","P024",1,"0"
"1937",2.7332,"1","P024",1,"1"
"1938",2.364,"1","P024",0,"0"
"1939",1.6268,"1","P024",1,"1"
"1940",1.5685,"1","P024",1,"1"
"1941",1.5613,"1","P024",0,"0"
"1942",1.045,"1","P024",1,"1"
"1943",1.3738,"0","P024",1,"0"
"1944",3.4815,"1","P024",0,"0"
"1945",2.7063,"0","P024",0,"1"
"1946",1.0681,"0","P024",1,"0"
"1947",1.3028,"0","P024",1,"0"
"1948",2.6398,"1","P024",0,"0"
"1949",1.7803,"1","P024",0,"0"
"1950",1.1721,"1","P024",1,"1"
"1951",2.6518,"0","P024",1,"0"
"1952",1.0396,"1","P024",1,"1"
"1953",3.0046,"1","P024",0,"0"
"1954",1.1202,"1","P024",1,"1"
"1955",1.0179,"1","P024",1,"1"
"1956",1.7882,"1","P024",1,"1"
"1957",1.9474,"0","P024",1,"0"
"1958",1.3923,"1","P024",1,"1"
"1959",1.9832,"1","P024",1,"1"
"1960",4.4057,"1","P024",1,"1"
"1961",1.1395,"1","P024",0,"0"
"1962",1.2273,"1","P024",1,"1"
"1963",2.2151,"1","P024",1,"1"
"1964",2.1827,"0","P024",1,"0"
"1965",1.6025,"1","P024",1,"1"
"1966",2.7553,"1","P024",1,"1"
"1967",1.256,"0","P024",1,"0"
"1968",1.2958,"1","P024",0,"0"
"1969",1.7636,"0","P024",1,"0"
"1970",1.1963,"1","P024",1,"1"
"1971",1.5921,"1","P024",1,"1"
"1972",1.7479,"0","P024",1,"0"
"1973",1.6749,"1","P024",1,"1"
"1974",1.4474,"1","P024",0,"0"
"1975",1.5936,"0","P024",1,"0"
"1976",2.465,"1","P024",0,"0"
"1977",2.4797,"1","P024",0,"0"
"1978",1.3589,"1","P024",0,"0"
"1979",1.2023,"1","P024",1,"1"
"1980",1.3422,"0","P024",1,"0"
"1981",1.309,"0","P024",1,"0"
"1982",1.6135,"1","P024",1,"1"
"1983",1.2853,"1","P024",0,"0"
"1984",1.5383,"1","P024",0,"0"
"1985",3.1418,"1","P024",0,"0"
"1986",1.9795,"0","P024",1,"0"
"1987",1.3043,"0","P024",1,"0"
"1988",1.3363,"1","P024",0,"0"
"1989",2.8508,"1","P024",0,"0"
"1990",3.4128,"1","P025",1,"1"
"1991",0.8066,"1","P025",1,"1"
"1992",1.9554,"0","P025",1,"0"
"1993",0.7281,"1","P025",1,"1"
"1994",0.7839,"1","P025",1,"1"
"1995",0.8367,"1","P025",1,"1"
"1996",0.8974,"1","P025",1,"1"
"1997",1.2221,"1","P025",1,"1"
"1998",0.898,"0","P025",1,"0"
"1999",0.5957,"1","P025",1,"1"
"2000",0.8385,"0","P025",1,"0"
"2001",0.7882,"0","P025",1,"0"
"2002",0.843,"1","P025",1,"1"
"2003",0.7307,"1","P025",0,"0"
"2004",0.9345,"0","P025",1,"0"
"2005",0.6733,"1","P025",1,"1"
"2006",0.714,"1","P025",1,"1"
"2007",0.9388,"1","P025",1,"1"
"2008",0.8677,"1","P025",1,"1"
"2009",1.0063,"1","P025",1,"1"
"2010",1.9511,"1","P025",1,"1"
"2011",0.9989,"1","P025",0,"0"
"2012",0.9246,"0","P025",1,"0"
"2013",1.8594,"1","P025",1,"1"
"2014",0.7302,"0","P025",1,"0"
"2015",1.1779,"1","P025",1,"1"
"2016",0.9996,"0","P025",1,"0"
"2017",1.9044,"0","P025",0,"1"
"2018",0.9232,"1","P025",1,"1"
"2019",1.3809,"0","P025",1,"0"
"2020",1.1446,"1","P025",1,"1"
"2021",0.9035,"1","P025",1,"1"
"2022",1.0362,"1","P025",1,"1"
"2023",0.7961,"1","P025",1,"1"
"2024",0.9308,"1","P025",1,"1"
"2025",0.6326,"1","P025",1,"1"
"2026",0.8803,"0","P025",1,"0"
"2027",1.6071,"1","P025",1,"1"
"2028",1.8299,"0","P025",1,"0"
"2029",0.8336,"0","P025",1,"0"
"2030",1.6124,"0","P025",0,"1"
"2031",0.7912,"1","P025",1,"1"
"2032",1.2939,"1","P025",1,"1"
"2033",2.3567,"1","P025",1,"1"
"2034",1.1505,"0","P025",0,"1"
"2035",0.8302,"1","P025",1,"1"
"2036",0.908,"1","P025",1,"1"
"2037",0.6247,"1","P025",1,"1"
"2038",0.7375,"1","P025",1,"1"
"2039",0.7392,"1","P025",1,"1"
"2040",0.952,"0","P025",1,"0"
"2041",2.0588,"1","P025",0,"0"
"2042",0.9045,"1","P025",1,"1"
"2043",0.8963,"1","P025",1,"1"
"2044",1.1261,"1","P025",1,"1"
"2045",0.6248,"1","P025",1,"1"
"2046",0.7276,"1","P025",0,"0"
"2047",1.0053,"0","P025",1,"0"
"2048",0.8841,"1","P025",1,"1"
"2049",0.9389,"1","P025",1,"1"
"2050",1.0286,"0","P025",1,"0"
"2051",0.6945,"1","P025",1,"1"
"2052",0.7562,"0","P025",1,"0"
"2053",0.6189,"1","P025",1,"1"
"2054",0.8447,"1","P025",1,"1"
"2055",2.7565,"0","P025",0,"1"
"2056",0.7712,"1","P025",1,"1"
"2057",2.106,"1","P025",0,"0"
"2058",0.6008,"0","P025",0,"1"
"2059",1.3775,"1","P025",1,"1"
"2060",0.8233,"1","P025",0,"0"
"2061",1.2891,"1","P025",0,"0"
"2062",0.7798,"1","P025",1,"1"
"2063",0.7796,"0","P025",1,"0"
"2064",0.8633,"0","P025",1,"0"
"2065",0.9041,"1","P025",1,"1"
"2066",1.4808,"1","P025",1,"1"
"2067",1.3016,"1","P025",0,"0"
"2068",0.8724,"1","P025",1,"1"
"2069",2.7341,"0","P025",1,"0"
"2070",0.7759,"0","P025",1,"0"
"2071",1.0757,"1","P025",1,"1"
"2072",2.0514,"1","P025",1,"1"
"2073",1.4938,"1","P026",1,"1"
"2074",1.1577,"1","P026",0,"0"
"2075",1.4145,"0","P026",1,"0"
"2076",0.8622,"1","P026",1,"1"
"2077",0.846,"1","P026",1,"1"
"2078",0.8798,"1","P026",1,"1"
"2079",1.2464,"1","P026",1,"1"
"2080",1.1203,"1","P026",0,"0"
"2081",1.1071,"0","P026",1,"0"
"2082",0.7847,"1","P026",1,"1"
"2083",1.0826,"0","P026",1,"0"
"2084",1.0503,"0","P026",1,"0"
"2085",1.0021,"1","P026",1,"1"
"2086",1.8648,"1","P026",1,"1"
"2087",1.0927,"0","P026",1,"0"
"2088",2.4804,"1","P026",0,"0"
"2089",0.7401,"1","P026",1,"1"
"2090",1.2518,"1","P026",0,"0"
"2091",0.7948,"1","P026",1,"1"
"2092",1.0564,"1","P026",1,"1"
"2093",1.2482,"1","P026",1,"1"
"2094",1.6408,"1","P026",0,"0"
"2095",1.8187,"0","P026",1,"0"
"2096",2.0935,"1","P026",1,"1"
"2097",1.0862,"0","P026",1,"0"
"2098",1.656,"1","P026",0,"0"
"2099",1.3518,"0","P026",1,"0"
"2100",1.0546,"0","P026",0,"1"
"2101",1.0433,"1","P026",1,"1"
"2102",1.1501,"0","P026",1,"0"
"2103",0.8509,"1","P026",1,"1"
"2104",2.0356,"1","P026",1,"1"
"2105",0.8873,"1","P026",1,"1"
"2106",1.0021,"1","P026",0,"0"
"2107",1.2039,"1","P026",1,"1"
"2108",0.7147,"1","P026",1,"1"
"2109",0.8984,"0","P026",1,"0"
"2110",2.8071,"1","P026",1,"1"
"2111",2.1409,"0","P026",1,"0"
"2112",1.2346,"0","P026",1,"0"
"2113",1.9205,"0","P026",1,"0"
"2114",1.0602,"1","P026",1,"1"
"2115",0.95,"1","P026",1,"1"
"2116",1.0238,"1","P026",1,"1"
"2117",1.6835,"0","P026",1,"0"
"2118",0.7813,"1","P026",1,"1"
"2119",2.2941,"1","P026",1,"1"
"2120",0.8818,"1","P026",1,"1"
"2121",0.7446,"1","P026",1,"1"
"2122",0.7833,"1","P026",1,"1"
"2123",1.047,"0","P026",1,"0"
"2124",2.0908,"1","P026",1,"1"
"2125",1.9525,"1","P026",1,"1"
"2126",1.4704,"1","P026",0,"0"
"2127",1.1421,"1","P026",1,"1"
"2128",2.4098,"1","P026",0,"0"
"2129",1.0757,"1","P026",0,"0"
"2130",0.8565,"0","P026",1,"0"
"2131",0.8222,"1","P026",1,"1"
"2132",1.216,"1","P026",0,"0"
"2133",0.9667,"0","P026",1,"0"
"2134",1.0505,"1","P026",0,"0"
"2135",1.1963,"0","P026",1,"0"
"2136",2.402,"1","P026",1,"1"
"2137",0.8848,"1","P026",1,"1"
"2138",1.0536,"0","P026",1,"0"
"2139",1.1193,"1","P026",1,"1"
"2140",0.961,"1","P026",0,"0"
"2141",1.1338,"0","P026",1,"0"
"2142",1.2366,"1","P026",1,"1"
"2143",1.1923,"1","P026",1,"1"
"2144",1.4339,"1","P026",0,"0"
"2145",0.7589,"1","P026",1,"1"
"2146",1.1577,"0","P026",1,"0"
"2147",1.0744,"0","P026",1,"0"
"2148",1.9562,"1","P026",1,"1"
"2149",2.546,"1","P026",0,"0"
"2150",1.2617,"1","P026",0,"0"
"2151",0.8745,"1","P026",1,"1"
"2152",1.1713,"0","P026",1,"0"
"2153",1.318,"0","P026",1,"0"
"2154",2.1077,"1","P026",0,"0"
"2155",2.0646,"1","P026",0,"0"
"2156",2.4884,"1","P027",0,"0"
"2157",1.1651,"1","P027",0,"0"
"2158",3.1548,"0","P027",1,"0"
"2159",1.6676,"1","P027",1,"1"
"2160",1.2914,"1","P027",1,"1"
"2161",0.9151,"1","P027",1,"1"
"2162",1.8259,"1","P027",0,"0"
"2163",2.9517,"1","P027",0,"0"
"2164",1.3494,"0","P027",1,"0"
"2165",0.7772,"1","P027",1,"1"
"2166",2.37,"0","P027",1,"0"
"2167",1.0918,"0","P027",1,"0"
"2168",0.9965,"1","P027",1,"1"
"2169",1.7022,"1","P027",1,"1"
"2170",0.9658,"0","P027",1,"0"
"2171",0.9417,"1","P027",1,"1"
"2172",0.6415,"1","P027",1,"1"
"2173",1.0643,"1","P027",1,"1"
"2174",0.9692,"1","P027",1,"1"
"2175",2.5408,"1","P027",0,"0"
"2176",1.3416,"1","P027",1,"1"
"2177",1.6963,"1","P027",1,"1"
"2178",1.0282,"0","P027",1,"0"
"2179",1.5329,"1","P027",0,"0"
"2180",0.7977,"0","P027",1,"0"
"2181",0.8724,"1","P027",1,"1"
"2182",1.2582,"0","P027",1,"0"
"2183",2.063,"0","P027",1,"0"
"2184",1.1507,"1","P027",1,"1"
"2185",2.4025,"0","P027",1,"0"
"2186",1.3122,"1","P027",1,"1"
"2187",1.182,"1","P027",0,"0"
"2188",2.1578,"1","P027",1,"1"
"2189",1.6605,"1","P027",0,"0"
"2190",1.7013,"1","P027",1,"1"
"2191",0.699,"1","P027",1,"1"
"2192",1.2178,"0","P027",1,"0"
"2193",1.5705,"1","P027",1,"1"
"2194",1.3562,"0","P027",1,"0"
"2195",2.3861,"0","P027",1,"0"
"2196",1.8969,"0","P027",1,"0"
"2197",1.0086,"1","P027",0,"0"
"2198",1.9014,"1","P027",1,"1"
"2199",1.4932,"1","P027",1,"1"
"2200",2.4289,"0","P027",1,"0"
"2201",0.8794,"1","P027",1,"1"
"2202",1.1105,"1","P027",1,"1"
"2203",0.7062,"1","P027",1,"1"
"2204",0.8201,"1","P027",1,"1"
"2205",0.9237,"1","P027",1,"1"
"2206",1.8984,"0","P027",0,"1"
"2207",1.3143,"1","P027",0,"0"
"2208",2.296,"1","P027",1,"1"
"2209",2.2788,"1","P027",0,"0"
"2210",1.4216,"1","P027",0,"0"
"2211",1.7783,"1","P027",0,"0"
"2212",2.094,"1","P027",0,"0"
"2213",1.7379,"0","P027",1,"0"
"2214",1.0036,"1","P027",0,"0"
"2215",1.3698,"1","P027",1,"1"
"2216",0.8195,"0","P027",1,"0"
"2217",2.6059,"1","P027",0,"0"
"2218",1.1337,"0","P027",1,"0"
"2219",1.5553,"1","P027",1,"1"
"2220",0.9012,"1","P027",1,"1"
"2221",3.159,"0","P027",0,"1"
"2222",2.0276,"1","P027",0,"0"
"2223",1.2435,"1","P027",1,"1"
"2224",1.0942,"0","P027",1,"0"
"2225",1.617,"1","P027",0,"0"
"2226",1.1278,"1","P027",0,"0"
"2227",1.1116,"1","P027",0,"0"
"2228",0.7573,"1","P027",1,"1"
"2229",2.1871,"0","P027",0,"1"
"2230",0.9977,"0","P027",1,"0"
"2231",1.0366,"1","P027",1,"1"
"2232",2.0643,"1","P027",1,"1"
"2233",1.1921,"1","P027",0,"0"
"2234",1.1329,"1","P027",1,"1"
"2235",1.5866,"0","P027",0,"1"
"2236",1.4554,"0","P027",1,"0"
"2237",1.2832,"1","P027",0,"0"
"2238",1.2529,"1","P027",0,"0"
"2239",2.1101,"1","P028",1,"1"
"2240",1.2747,"1","P028",1,"1"
"2241",1.3114,"0","P028",1,"0"
"2242",0.7182,"1","P028",1,"1"
"2243",0.8529,"1","P028",1,"1"
"2244",0.7157,"1","P028",1,"1"
"2245",0.7414,"1","P028",1,"1"
"2246",0.8482,"1","P028",1,"1"
"2247",0.6781,"0","P028",1,"0"
"2248",0.6369,"1","P028",1,"1"
"2249",0.7845,"0","P028",1,"0"
"2250",0.7922,"0","P028",1,"0"
"2251",0.7301,"1","P028",1,"1"
"2252",0.9459,"1","P028",1,"1"
"2253",0.7246,"0","P028",1,"0"
"2254",0.7253,"1","P028",1,"1"
"2255",0.7391,"1","P028",1,"1"
"2256",0.7599,"1","P028",1,"1"
"2257",0.7836,"1","P028",1,"1"
"2258",1.0515,"1","P028",1,"1"
"2259",0.9801,"1","P028",1,"1"
"2260",0.8909,"1","P028",1,"1"
"2261",0.8637,"0","P028",1,"0"
"2262",1.1174,"1","P028",1,"1"
"2263",0.8712,"0","P028",1,"0"
"2264",1.718,"1","P028",1,"1"
"2265",1.4067,"0","P028",1,"0"
"2266",0.8445,"0","P028",1,"0"
"2267",0.9132,"1","P028",1,"1"
"2268",1.046,"0","P028",1,"0"
"2269",1.8808,"1","P028",0,"0"
"2270",0.8145,"1","P028",1,"1"
"2271",0.7503,"1","P028",1,"1"
"2272",0.9091,"1","P028",1,"1"
"2273",0.8438,"1","P028",1,"1"
"2274",0.5736,"1","P028",1,"1"
"2275",0.7884,"0","P028",1,"0"
"2276",1.4552,"1","P028",0,"0"
"2277",1.8179,"0","P028",0,"1"
"2278",0.7406,"0","P028",1,"0"
"2279",1.7954,"0","P028",1,"0"
"2280",1.3932,"1","P028",1,"1"
"2281",1.194,"1","P028",1,"1"
"2282",0.7007,"1","P028",1,"1"
"2283",0.8695,"0","P028",1,"0"
"2284",0.7342,"1","P028",1,"1"
"2285",1.268,"1","P028",1,"1"
"2286",0.5978,"1","P028",1,"1"
"2287",1.0135,"1","P028",1,"1"
"2288",0.6483,"1","P028",1,"1"
"2289",0.746,"0","P028",1,"0"
"2290",1.0816,"1","P028",1,"1"
"2291",1.8556,"1","P028",1,"1"
"2292",0.7984,"1","P028",1,"1"
"2293",1.1541,"1","P028",1,"1"
"2294",0.7349,"1","P028",1,"1"
"2295",0.7176,"1","P028",0,"0"
"2296",0.8844,"0","P028",1,"0"
"2297",0.6862,"1","P028",1,"1"
"2298",1.2739,"1","P028",0,"0"
"2299",1.0637,"0","P028",1,"0"
"2300",0.8825,"1","P028",1,"1"
"2301",0.6952,"0","P028",1,"0"
"2302",0.8379,"1","P028",1,"1"
"2303",0.7017,"1","P028",1,"1"
"2304",3.0665,"0","P028",1,"0"
"2305",1.5332,"1","P028",1,"1"
"2306",0.7481,"1","P028",0,"0"
"2307",0.8229,"0","P028",1,"0"
"2308",0.8486,"1","P028",1,"1"
"2309",1.0274,"1","P028",1,"1"
"2310",1.4651,"1","P028",0,"0"
"2311",0.7068,"1","P028",1,"1"
"2312",0.6097,"0","P028",1,"0"
"2313",0.6564,"0","P028",1,"0"
"2314",0.5822,"1","P028",1,"1"
"2315",1.3079,"1","P028",1,"1"
"2316",0.8016,"1","P028",1,"1"
"2317",0.8055,"1","P028",1,"1"
"2318",0.7461,"0","P028",1,"0"
"2319",0.7649,"0","P028",1,"0"
"2320",3.0497,"1","P028",0,"0"
"2321",0.6415,"1","P028",1,"1"
"2322",1.0868,"1","P029",0,"0"
"2323",0.8857,"1","P029",1,"1"
"2324",0.8445,"0","P029",1,"0"
"2325",0.7001,"1","P029",1,"1"
"2326",1.267,"1","P029",0,"0"
"2327",1.0217,"1","P029",1,"1"
"2328",1.0294,"1","P029",1,"1"
"2329",0.9983,"1","P029",1,"1"
"2330",0.5861,"0","P029",1,"0"
"2331",0.5748,"1","P029",1,"1"
"2332",0.8725,"0","P029",1,"0"
"2333",1.1833,"0","P029",1,"0"
"2334",0.716,"1","P029",0,"0"
"2335",1.0138,"1","P029",1,"1"
"2336",1.2026,"0","P029",1,"0"
"2337",0.7434,"1","P029",1,"1"
"2338",0.6911,"1","P029",1,"1"
"2339",0.7599,"1","P029",1,"1"
"2340",0.6816,"1","P029",1,"1"
"2341",0.5854,"1","P029",1,"1"
"2342",1.1242,"1","P029",1,"1"
"2343",1.1219,"1","P029",1,"1"
"2344",0.8237,"0","P029",1,"0"
"2345",1.1134,"1","P029",0,"0"
"2346",0.7182,"0","P029",1,"0"
"2347",1.232,"1","P029",1,"1"
"2348",1.3808,"0","P029",1,"0"
"2349",0.9495,"0","P029",1,"0"
"2350",0.8482,"1","P029",1,"1"
"2351",1.0731,"0","P029",1,"0"
"2352",1.1308,"1","P029",1,"1"
"2353",1.6986,"1","P029",1,"1"
"2354",1.0113,"1","P029",1,"1"
"2355",0.774,"1","P029",1,"1"
"2356",0.7318,"1","P029",1,"1"
"2357",0.5866,"1","P029",1,"1"
"2358",1.0474,"0","P029",1,"0"
"2359",2.2212,"1","P029",0,"0"
"2360",0.9209,"0","P029",0,"1"
"2361",0.7747,"0","P029",1,"0"
"2362",0.9824,"0","P029",1,"0"
"2363",1.9092,"1","P029",1,"1"
"2364",2.199,"1","P029",1,"1"
"2365",0.7977,"1","P029",0,"0"
"2366",0.7306,"0","P029",1,"0"
"2367",1.1863,"1","P029",1,"1"
"2368",0.887,"1","P029",1,"1"
"2369",0.6137,"1","P029",1,"1"
"2370",0.7875,"1","P029",0,"0"
"2371",0.7993,"1","P029",1,"1"
"2372",0.785,"0","P029",1,"0"
"2373",1.5097,"1","P029",0,"0"
"2374",0.8966,"1","P029",0,"0"
"2375",1.2344,"1","P029",1,"1"
"2376",0.6521,"1","P029",0,"0"
"2377",1.0779,"1","P029",1,"1"
"2378",0.7626,"1","P029",0,"0"
"2379",0.7854,"0","P029",1,"0"
"2380",1.1561,"1","P029",0,"0"
"2381",0.791,"1","P029",1,"1"
"2382",0.8747,"0","P029",1,"0"
"2383",1.6945,"1","P029",0,"0"
"2384",1.3232,"0","P029",1,"0"
"2385",0.882,"1","P029",1,"1"
"2386",0.7227,"1","P029",1,"1"
"2387",1.6565,"0","P029",0,"1"
"2388",0.7203,"1","P029",1,"1"
"2389",3.021,"1","P029",1,"1"
"2390",0.9718,"0","P029",1,"0"
"2391",1.3616,"1","P029",0,"0"
"2392",0.8273,"1","P029",1,"1"
"2393",1.5391,"1","P029",0,"0"
"2394",0.6009,"1","P029",1,"1"
"2395",0.8006,"0","P029",1,"0"
"2396",1.9274,"0","P029",1,"0"
"2397",0.6572,"1","P029",1,"1"
"2398",0.9231,"1","P029",0,"0"
"2399",1.0627,"1","P029",0,"0"
"2400",0.7854,"1","P029",0,"0"
"2401",1.4732,"0","P029",1,"0"
"2402",0.773,"0","P029",1,"0"
"2403",1.7098,"1","P029",0,"0"
"2404",1.1385,"1","P029",1,"1"
"2405",1.2857,"1","P030",0,"0"
"2406",1.1685,"1","P030",1,"1"
"2407",1.3513,"0","P030",1,"0"
"2408",0.6321,"1","P030",1,"1"
"2409",0.8458,"1","P030",1,"1"
"2410",1.3325,"1","P030",1,"1"
"2411",0.9003,"1","P030",1,"1"
"2412",0.785,"1","P030",1,"1"
"2413",0.9012,"0","P030",1,"0"
"2414",0.5267,"1","P030",1,"1"
"2415",1.3773,"0","P030",1,"0"
"2416",0.557,"0","P030",0,"1"
"2417",0.8319,"1","P030",1,"1"
"2418",0.8527,"1","P030",1,"1"
"2419",1.0834,"0","P030",1,"0"
"2420",0.524,"1","P030",1,"1"
"2421",0.7779,"1","P030",1,"1"
"2422",0.6067,"1","P030",1,"1"
"2423",0.8034,"1","P030",1,"1"
"2424",0.7552,"1","P030",1,"1"
"2425",1.0719,"1","P030",0,"0"
"2426",1.5137,"1","P030",0,"0"
"2427",1.0675,"0","P030",0,"1"
"2428",1.0273,"1","P030",1,"1"
"2429",0.926,"0","P030",1,"0"
"2430",0.9888,"1","P030",1,"1"
"2431",0.9755,"0","P030",1,"0"
"2432",0.6303,"0","P030",0,"1"
"2433",0.9971,"1","P030",1,"1"
"2434",1.0997,"0","P030",0,"1"
"2435",1.1136,"1","P030",1,"1"
"2436",0.9643,"1","P030",1,"1"
"2437",0.7671,"1","P030",1,"1"
"2438",1.0959,"1","P030",0,"0"
"2439",0.9446,"1","P030",1,"1"
"2440",0.8364,"1","P030",1,"1"
"2441",1.0252,"0","P030",1,"0"
"2442",1.989,"1","P030",0,"0"
"2443",0.7917,"0","P030",0,"1"
"2444",0.5835,"0","P030",0,"1"
"2445",1.4572,"0","P030",1,"0"
"2446",1.264,"1","P030",0,"0"
"2447",0.7767,"1","P030",1,"1"
"2448",0.8455,"1","P030",1,"1"
"2449",0.9353,"0","P030",1,"0"
"2450",0.947,"1","P030",1,"1"
"2451",0.8058,"1","P030",1,"1"
"2452",0.7456,"1","P030",1,"1"
"2453",0.8554,"1","P030",0,"0"
"2454",1.2461,"1","P030",1,"1"
"2455",0.8219,"0","P030",1,"0"
"2456",0.9187,"1","P030",1,"1"
"2457",1.0423,"1","P030",0,"0"
"2458",0.7092,"1","P030",1,"1"
"2459",0.7289,"1","P030",0,"0"
"2460",0.6086,"1","P030",1,"1"
"2461",1.0525,"1","P030",1,"1"
"2462",0.8802,"0","P030",1,"0"
"2463",0.8584,"1","P030",1,"1"
"2464",1.5188,"1","P030",0,"0"
"2465",0.7235,"0","P030",0,"1"
"2466",0.6432,"1","P030",1,"1"
"2467",0.947,"0","P030",1,"0"
"2468",0.6588,"1","P030",1,"1"
"2469",0.8796,"1","P030",1,"1"
"2470",1.1653,"0","P030",1,"0"
"2471",0.7062,"1","P030",1,"1"
"2472",1.4439,"1","P030",1,"1"
"2473",0.8666,"0","P030",0,"1"
"2474",0.7864,"1","P030",1,"1"
"2475",0.9571,"1","P030",0,"0"
"2476",0.6098,"1","P030",1,"1"
"2477",0.6695,"1","P030",1,"1"
"2478",1.3374,"0","P030",1,"0"
"2479",0.8152,"0","P030",0,"1"
"2480",0.9779,"1","P030",1,"1"
"2481",0.7767,"1","P030",0,"0"
"2482",0.6444,"1","P030",1,"1"
"2483",1.3873,"1","P030",0,"0"
"2484",0.8469,"0","P030",0,"1"
"2485",0.9768,"0","P030",1,"0"
"2486",0.9073,"1","P030",1,"1"
"2487",2.0063,"1","P030",0,"0"
"2488",1.227,"1","P031",0,"0"
"2489",1.0248,"1","P031",1,"1"
"2490",0.9116,"0","P031",1,"0"
"2491",0.8263,"1","P031",0,"0"
"2492",0.6881,"1","P031",1,"1"
"2493",1.0208,"1","P031",0,"0"
"2494",0.9436,"1","P031",0,"0"
"2495",1.2294,"1","P031",1,"1"
"2496",0.7471,"0","P031",1,"0"
"2497",0.5859,"1","P031",1,"1"
"2498",1.0027,"0","P031",1,"0"
"2499",1.5204,"0","P031",1,"0"
"2500",1.2602,"1","P031",1,"1"
"2501",1.4979,"1","P031",0,"0"
"2502",0.6697,"0","P031",1,"0"
"2503",1.0645,"1","P031",1,"1"
"2504",0.7192,"1","P031",1,"1"
"2505",0.843,"1","P031",0,"0"
"2506",0.7488,"1","P031",1,"1"
"2507",1.0825,"1","P031",0,"0"
"2508",1.9173,"1","P031",0,"0"
"2509",0.889,"1","P031",0,"0"
"2510",0.8398,"0","P031",1,"0"
"2511",1.9065,"1","P031",1,"1"
"2512",0.6884,"0","P031",1,"0"
"2513",0.7912,"1","P031",0,"0"
"2514",1.3848,"0","P031",1,"0"
"2515",0.7645,"0","P031",1,"0"
"2516",1.3644,"1","P031",0,"0"
"2517",0.8901,"0","P031",1,"0"
"2518",1.6569,"1","P031",0,"0"
"2519",0.7947,"1","P031",0,"0"
"2520",0.9864,"1","P031",1,"1"
"2521",1.2903,"1","P031",0,"0"
"2522",1.4329,"1","P031",0,"0"
"2523",0.5917,"1","P031",1,"1"
"2524",1.6295,"0","P031",1,"0"
"2525",1.9573,"1","P031",0,"0"
"2526",2.7081,"0","P031",1,"0"
"2527",1.0768,"0","P031",1,"0"
"2528",1.0316,"0","P031",1,"0"
"2529",1.7014,"1","P031",0,"0"
"2530",1.0381,"1","P031",0,"0"
"2531",2.5449,"1","P031",0,"0"
"2532",1.8747,"0","P031",1,"0"
"2533",1.9934,"1","P031",0,"0"
"2534",2.5391,"1","P031",1,"1"
"2535",0.6549,"1","P031",1,"1"
"2536",1.1447,"1","P031",1,"1"
"2537",0.8475,"1","P031",1,"1"
"2538",0.8602,"0","P031",1,"0"
"2539",0.909,"1","P031",0,"0"
"2540",1.3487,"1","P031",0,"0"
"2541",1.0285,"1","P031",0,"0"
"2542",2.0762,"1","P031",0,"0"
"2543",1.412,"1","P031",0,"0"
"2544",0.9278,"1","P031",0,"0"
"2545",0.6665,"0","P031",1,"0"
"2546",0.8044,"1","P031",0,"0"
"2547",0.9371,"1","P031",0,"0"
"2548",0.6868,"0","P031",1,"0"
"2549",1.3606,"1","P031",0,"0"
"2550",0.9614,"0","P031",1,"0"
"2551",0.8732,"1","P031",1,"1"
"2552",1.1059,"1","P031",1,"1"
"2553",1.5257,"0","P031",0,"1"
"2554",0.7476,"1","P031",1,"1"
"2555",1.5082,"1","P031",0,"0"
"2556",0.9769,"0","P031",1,"0"
"2557",2.7387,"1","P031",0,"0"
"2558",0.8855,"1","P031",0,"0"
"2559",1.1752,"1","P031",0,"0"
"2560",1.011,"1","P031",1,"1"
"2561",0.9707,"0","P031",1,"0"
"2562",1.4127,"0","P031",1,"0"
"2563",0.6813,"1","P031",1,"1"
"2564",0.751,"1","P031",0,"0"
"2565",1.2478,"1","P031",0,"0"
"2566",0.7636,"1","P031",0,"0"
"2567",1.0723,"0","P031",1,"0"
"2568",0.7341,"0","P031",1,"0"
"2569",1.2109,"1","P031",0,"0"
"2570",0.9496,"1","P031",0,"0"
"2571",2.1456,"1","P032",1,"1"
"2572",1.1494,"1","P032",1,"1"
"2573",1.6381,"0","P032",1,"0"
"2574",1.1908,"1","P032",1,"1"
"2575",2.4237,"1","P032",0,"0"
"2576",0.8555,"1","P032",1,"1"
"2577",0.9563,"1","P032",1,"1"
"2578",1.2468,"1","P032",1,"1"
"2579",0.8478,"0","P032",1,"0"
"2580",0.6625,"1","P032",1,"1"
"2581",0.9463,"0","P032",1,"0"
"2582",1.485,"0","P032",1,"0"
"2583",0.9888,"1","P032",1,"1"
"2584",0.8885,"1","P032",0,"0"
"2585",0.9384,"0","P032",1,"0"
"2586",1.9032,"1","P032",0,"0"
"2587",0.8649,"1","P032",1,"1"
"2588",1.0506,"1","P032",1,"1"
"2589",0.8624,"1","P032",1,"1"
"2590",0.8342,"1","P032",1,"1"
"2591",1.6369,"1","P032",0,"0"
"2592",1.0347,"1","P032",1,"1"
"2593",0.9795,"0","P032",1,"0"
"2594",1.1191,"1","P032",1,"1"
"2595",0.86,"0","P032",1,"0"
"2596",1.0648,"1","P032",1,"1"
"2597",0.9115,"0","P032",1,"0"
"2598",0.8363,"0","P032",1,"0"
"2599",0.8539,"1","P032",1,"1"
"2600",1.6578,"0","P032",1,"0"
"2601",1.4935,"1","P032",0,"0"
"2602",1.1203,"1","P032",1,"1"
"2603",0.7701,"1","P032",1,"1"
"2604",1.3067,"1","P032",1,"1"
"2605",1.4596,"1","P032",0,"0"
"2606",0.8073,"1","P032",1,"1"
"2607",1.3452,"0","P032",1,"0"
"2608",2.8489,"1","P032",1,"1"
"2609",1.6848,"0","P032",1,"0"
"2610",1.1724,"0","P032",1,"0"
"2611",0.8891,"0","P032",1,"0"
"2612",1.823,"1","P032",1,"1"
"2613",1.6697,"1","P032",1,"1"
"2614",0.9505,"1","P032",0,"0"
"2615",0.8672,"0","P032",1,"0"
"2616",0.804,"1","P032",1,"1"
"2617",1.6128,"1","P032",1,"1"
"2618",0.7296,"1","P032",1,"1"
"2619",1.2823,"1","P032",1,"1"
"2620",0.916,"1","P032",1,"1"
"2621",1.0568,"0","P032",1,"0"
"2622",1.4496,"1","P032",1,"1"
"2623",1.0972,"1","P032",1,"1"
"2624",1.252,"1","P032",1,"1"
"2625",1.3138,"1","P032",0,"0"
"2626",1.2936,"1","P032",1,"1"
"2627",1.5824,"1","P032",0,"0"
"2628",0.8681,"0","P032",1,"0"
"2629",2.0779,"1","P032",0,"0"
"2630",1.8376,"1","P032",1,"1"
"2631",1.4143,"0","P032",1,"0"
"2632",1.2191,"1","P032",0,"0"
"2633",1.079,"0","P032",1,"0"
"2634",1.0558,"1","P032",1,"1"
"2635",0.9554,"1","P032",1,"1"
"2636",1.2762,"0","P032",1,"0"
"2637",1.1641,"1","P032",1,"1"
"2638",1.8418,"1","P032",0,"0"
"2639",1.6335,"0","P032",1,"0"
"2640",1.4812,"1","P032",0,"0"
"2641",2.0381,"1","P032",0,"0"
"2642",2.3028,"1","P032",0,"0"
"2643",0.7997,"1","P032",1,"1"
"2644",1.1034,"0","P032",1,"0"
"2645",1.0822,"0","P032",1,"0"
"2646",0.9909,"1","P032",1,"1"
"2647",1.7206,"1","P032",0,"0"
"2648",2.6854,"1","P032",1,"1"
"2649",1.8122,"1","P032",1,"1"
"2650",2.478,"0","P032",1,"0"
"2651",1.0588,"0","P032",1,"0"
"2652",2.1495,"1","P032",0,"0"
"2653",1.8301,"1","P032",0,"0"
"2654",1.1938,"1","P033",0,"0"
"2655",0.8746,"1","P033",1,"1"
"2656",0.7903,"0","P033",1,"0"
"2657",1.1731,"1","P033",1,"1"
"2658",0.7299,"1","P033",1,"1"
"2659",0.7027,"1","P033",1,"1"
"2660",1.0564,"1","P033",1,"1"
"2661",1.2231,"1","P033",0,"0"
"2662",0.8499,"0","P033",1,"0"
"2663",0.6227,"1","P033",1,"1"
"2664",0.8174,"0","P033",1,"0"
"2665",0.8252,"0","P033",1,"0"
"2666",0.703,"1","P033",1,"1"
"2667",1.5177,"1","P033",0,"0"
"2668",0.7645,"0","P033",1,"0"
"2669",1.0713,"1","P033",0,"0"
"2670",0.629,"1","P033",1,"1"
"2671",0.6338,"1","P033",1,"1"
"2672",0.8675,"1","P033",0,"0"
"2673",0.6733,"1","P033",1,"1"
"2674",1.3,"1","P033",0,"0"
"2675",0.8667,"1","P033",0,"0"
"2676",0.7485,"0","P033",1,"0"
"2677",0.8274,"1","P033",1,"1"
"2678",0.8002,"0","P033",1,"0"
"2679",0.6919,"1","P033",1,"1"
"2680",0.7216,"0","P033",1,"0"
"2681",1.2724,"0","P033",0,"1"
"2682",0.6692,"1","P033",1,"1"
"2683",0.9119,"0","P033",1,"0"
"2684",0.9488,"1","P033",1,"1"
"2685",1.0854,"1","P033",1,"1"
"2686",1.2002,"1","P033",0,"0"
"2687",0.84,"1","P033",1,"1"
"2688",0.8708,"1","P033",1,"1"
"2689",0.5895,"1","P033",1,"1"
"2690",0.8623,"0","P033",1,"0"
"2691",1.0311,"1","P033",1,"1"
"2692",0.6358,"0","P033",0,"1"
"2693",0.6776,"0","P033",1,"0"
"2694",0.9244,"0","P033",1,"0"
"2695",0.9581,"1","P033",1,"1"
"2696",1.4299,"1","P033",1,"1"
"2697",0.7727,"1","P033",0,"0"
"2698",0.9504,"0","P033",1,"0"
"2699",0.8901,"1","P033",1,"1"
"2700",0.9599,"1","P033",1,"1"
"2701",0.6077,"1","P033",1,"1"
"2702",0.6884,"1","P033",1,"1"
"2703",0.7452,"1","P033",1,"1"
"2704",0.848,"0","P033",1,"0"
"2705",0.6817,"1","P033",0,"0"
"2706",0.9655,"1","P033",1,"1"
"2707",1.0823,"1","P033",1,"1"
"2708",2.371,"1","P033",1,"1"
"2709",0.9448,"1","P033",1,"1"
"2710",0.6642,"1","P033",0,"0"
"2711",0.8313,"0","P033",1,"0"
"2712",0.8091,"1","P033",1,"1"
"2713",1.0478,"1","P033",1,"1"
"2714",1.9586,"0","P033",1,"0"
"2715",1.0974,"1","P033",0,"0"
"2716",1.1911,"0","P033",1,"0"
"2717",1.3119,"1","P033",1,"1"
"2718",0.7536,"1","P033",1,"1"
"2719",1.2854,"0","P033",0,"1"
"2720",1.0392,"1","P033",1,"1"
"2721",1.479,"1","P033",0,"0"
"2722",0.8817,"0","P033",1,"0"
"2723",1.4565,"1","P033",1,"1"
"2724",1.3132,"1","P033",1,"1"
"2725",0.693,"1","P033",0,"0"
"2726",0.6688,"1","P033",1,"1"
"2727",0.8725,"0","P033",1,"0"
"2728",1.1473,"0","P033",1,"0"
"2729",0.9371,"1","P033",1,"1"
"2730",1.0438,"1","P033",1,"1"
"2731",1.1866,"1","P033",0,"0"
"2732",1.0794,"1","P033",0,"0"
"2733",1.3542,"0","P033",0,"1"
"2734",1.0829,"0","P033",1,"0"
"2735",1.3346,"1","P033",1,"1"
"2736",0.8984,"1","P033",0,"0"
"2737",1.1722,"1","P034",0,"0"
"2738",1.07,"1","P034",1,"1"
"2739",2.9586,"0","P034",0,"1"
"2740",0.6454,"1","P034",1,"1"
"2741",0.6531,"1","P034",1,"1"
"2742",0.5969,"1","P034",1,"1"
"2743",0.7416,"1","P034",1,"1"
"2744",2.0734,"1","P034",1,"1"
"2745",1.2232,"0","P034",1,"0"
"2746",0.6179,"1","P034",1,"1"
"2747",1.6099,"0","P034",1,"0"
"2748",0.9696,"0","P034",1,"0"
"2749",1.0212,"1","P034",1,"1"
"2750",0.9861,"1","P034",1,"1"
"2751",0.9449,"0","P034",1,"0"
"2752",1.1776,"1","P034",1,"1"
"2753",0.9113,"1","P034",1,"1"
"2754",1.1552,"1","P034",0,"0"
"2755",0.5348,"1","P034",1,"1"
"2756",0.8387,"1","P034",1,"1"
"2757",1.4845,"1","P034",1,"1"
"2758",1.0722,"1","P034",1,"1"
"2759",1.456,"0","P034",1,"0"
"2760",2.7918,"1","P034",0,"0"
"2761",0.9655,"0","P034",1,"0"
"2762",0.9252,"1","P034",0,"0"
"2763",0.905,"0","P034",1,"0"
"2764",2.3408,"0","P034",0,"1"
"2765",1.3546,"1","P034",1,"1"
"2766",1.4202,"0","P034",0,"1"
"2767",2.8291,"1","P034",1,"1"
"2768",1.2688,"1","P034",0,"0"
"2769",1.0246,"1","P034",1,"1"
"2770",0.6824,"1","P034",1,"1"
"2771",1.1101,"1","P034",1,"1"
"2772",0.5879,"1","P034",1,"1"
"2773",1.1096,"0","P034",1,"0"
"2774",2.0483,"1","P034",0,"0"
"2775",0.7102,"0","P034",0,"1"
"2776",1.2419,"0","P034",1,"0"
"2777",0.8867,"0","P034",1,"0"
"2778",1.5355,"1","P034",1,"1"
"2779",0.9632,"1","P034",1,"1"
"2780",0.7401,"1","P034",1,"1"
"2781",1.1841,"0","P034",1,"0"
"2782",0.5445,"1","P034",1,"1"
"2783",1.4372,"1","P034",1,"1"
"2784",0.642,"1","P034",1,"1"
"2785",0.6898,"1","P034",1,"1"
"2786",0.6887,"1","P034",1,"1"
"2787",0.9165,"0","P034",1,"0"
"2788",0.8831,"1","P034",0,"0"
"2789",1.0459,"1","P034",0,"0"
"2790",0.9766,"1","P034",1,"1"
"2791",1.0234,"1","P034",0,"0"
"2792",1.2491,"1","P034",1,"1"
"2793",0.8128,"1","P034",0,"0"
"2794",0.6837,"0","P034",1,"0"
"2795",0.8163,"1","P034",1,"1"
"2796",2.8682,"1","P034",1,"1"
"2797",1.4339,"0","P034",1,"0"
"2798",2.4356,"1","P034",1,"1"
"2799",0.7555,"0","P034",1,"0"
"2800",0.9783,"1","P034",1,"1"
"2801",0.7339,"1","P034",1,"1"
"2802",0.8997,"0","P034",1,"0"
"2803",1.1984,"1","P034",1,"1"
"2804",0.7253,"1","P034",0,"0"
"2805",0.742,"0","P034",1,"0"
"2806",0.9399,"1","P034",0,"0"
"2807",0.7656,"1","P034",0,"0"
"2808",0.6554,"1","P034",0,"0"
"2809",0.5821,"1","P034",1,"1"
"2810",0.7169,"0","P034",1,"0"
"2811",0.7936,"0","P034",1,"0"
"2812",1.0805,"1","P034",1,"1"
"2813",1.2372,"1","P034",1,"1"
"2814",0.7819,"1","P034",0,"0"
"2815",0.7857,"1","P034",1,"1"
"2816",0.7365,"0","P034",1,"0"
"2817",0.8042,"0","P034",1,"0"
"2818",1.13,"1","P034",0,"0"
"2819",1.0517,"1","P034",0,"0"
"2820",1.0865,"1","P035",0,"0"
"2821",0.8203,"1","P035",1,"1"
"2822",1.129,"0","P035",1,"0"
"2823",0.8029,"1","P035",1,"1"
"2824",1.3105,"1","P035",0,"0"
"2825",0.6512,"1","P035",1,"1"
"2826",1.0281,"1","P035",1,"1"
"2827",3.2419,"1","P035",1,"1"
"2828",0.9716,"0","P035",1,"0"
"2829",0.6624,"1","P035",1,"1"
"2830",1.0311,"0","P035",1,"0"
"2831",2.2218,"0","P035",1,"0"
"2832",0.7047,"1","P035",1,"1"
"2833",2.1004,"1","P035",0,"0"
"2834",1.7702,"0","P035",1,"0"
"2835",2.2007,"1","P035",1,"1"
"2836",1.1217,"1","P035",1,"1"
"2837",1.5915,"1","P035",1,"1"
"2838",1.3472,"1","P035",0,"0"
"2839",2.586,"1","P035",0,"0"
"2840",1.6257,"1","P035",0,"0"
"2841",0.8966,"1","P035",1,"1"
"2842",0.9683,"0","P035",1,"0"
"2843",1.2671,"1","P035",1,"1"
"2844",1.7617,"0","P035",1,"0"
"2845",2.4506,"1","P035",0,"0"
"2846",1.9814,"0","P035",1,"0"
"2847",1.5831,"0","P035",1,"0"
"2848",0.8739,"1","P035",1,"1"
"2849",2.1886,"0","P035",1,"0"
"2850",1.7154,"1","P035",0,"0"
"2851",0.9802,"1","P035",1,"1"
"2852",0.7569,"1","P035",1,"1"
"2853",1.2357,"1","P035",0,"0"
"2854",2.9495,"1","P035",0,"0"
"2855",0.6522,"1","P035",1,"1"
"2856",1.156,"0","P035",1,"0"
"2857",2.0778,"1","P035",0,"0"
"2858",2.9484,"0","P035",1,"0"
"2859",2.2764,"0","P035",1,"0"
"2860",1.5331,"0","P035",1,"0"
"2861",2.5625,"1","P035",0,"0"
"2862",3.105,"1","P035",0,"0"
"2863",0.7762,"1","P035",1,"1"
"2864",1.3351,"0","P035",1,"0"
"2865",0.8898,"1","P035",1,"1"
"2866",0.9006,"1","P035",1,"1"
"2867",1.1994,"1","P035",1,"1"
"2868",1.0521,"1","P035",1,"1"
"2869",0.9579,"1","P035",1,"1"
"2870",0.9606,"0","P035",1,"0"
"2871",2.1424,"1","P035",0,"0"
"2872",1.3042,"1","P035",0,"0"
"2873",0.7749,"1","P035",0,"0"
"2874",0.8195,"1","P035",1,"1"
"2875",1.8363,"1","P035",0,"0"
"2876",2.123,"0","P035",1,"0"
"2877",0.8088,"1","P035",1,"1"
"2878",1.7715,"1","P035",0,"0"
"2879",1.2112,"0","P035",0,"1"
"2880",1.4101,"1","P035",0,"0"
"2881",1.5267,"0","P035",1,"0"
"2882",2.8586,"1","P035",0,"0"
"2883",0.7584,"1","P035",1,"1"
"2884",0.94,"0","P035",0,"1"
"2885",0.8109,"1","P035",1,"1"
"2886",2.4339,"1","P035",0,"0"
"2887",0.9584,"0","P035",1,"0"
"2888",3.3552,"1","P035",0,"0"
"2889",4.2269,"1","P035",1,"1"
"2890",1.0747,"1","P035",0,"0"
"2891",3.1334,"1","P035",1,"1"
"2892",1.1473,"0","P035",1,"0"
"2893",0.9859,"0","P035",1,"0"
"2894",0.8668,"1","P035",1,"1"
"2895",1.3475,"1","P035",0,"0"
"2896",1.0953,"1","P035",0,"0"
"2897",1.113,"1","P035",1,"1"
"2898",1.3937,"0","P035",0,"1"
"2899",0.9104,"0","P035",1,"0"
"2900",2.1045,"1","P035",1,"1"
"2901",1.7811,"1","P035",0,"0"
"2902",1.6956,"1","P036",1,"1"
"2903",1.4754,"1","P036",0,"0"
"2904",1.4471,"0","P036",1,"0"
"2905",0.7879,"1","P036",1,"1"
"2906",1.0576,"1","P036",0,"0"
"2907",0.8914,"1","P036",1,"1"
"2908",1.0402,"1","P036",1,"1"
"2909",1.3369,"1","P036",0,"0"
"2910",0.9167,"0","P036",1,"0"
"2911",0.6906,"1","P036",1,"1"
"2912",0.9782,"0","P036",1,"0"
"2913",0.976,"0","P036",0,"1"
"2914",1.4578,"1","P036",0,"0"
"2915",1.4816,"1","P036",1,"1"
"2916",0.8733,"0","P036",1,"0"
"2917",0.8991,"1","P036",1,"1"
"2918",0.8428,"1","P036",1,"1"
"2919",0.7695,"1","P036",0,"0"
"2920",1.5714,"1","P036",0,"0"
"2921",0.7981,"1","P036",0,"0"
"2922",0.9849,"1","P036",1,"1"
"2923",0.7746,"1","P036",1,"1"
"2924",0.8174,"0","P036",1,"0"
"2925",1.3652,"1","P036",1,"1"
"2926",0.751,"0","P036",1,"0"
"2927",1.6817,"1","P036",0,"0"
"2928",0.9265,"0","P036",1,"0"
"2929",1.4742,"0","P036",1,"0"
"2930",0.903,"1","P036",1,"1"
"2931",1.0848,"0","P036",1,"0"
"2932",0.9155,"1","P036",1,"1"
"2933",0.9883,"1","P036",1,"1"
"2934",1.7401,"1","P036",1,"1"
"2935",0.8289,"1","P036",0,"0"
"2936",1.3436,"1","P036",1,"1"
"2937",0.6814,"1","P036",1,"1"
"2938",1.7591,"0","P036",1,"0"
"2939",1.1509,"1","P036",1,"1"
"2940",1.5256,"0","P036",1,"0"
"2941",1.3254,"0","P036",1,"0"
"2942",1.2701,"0","P036",1,"0"
"2943",2.1309,"1","P036",1,"1"
"2944",0.8807,"1","P036",1,"1"
"2945",0.8874,"1","P036",1,"1"
"2946",1.1562,"0","P036",1,"0"
"2947",0.745,"1","P036",1,"1"
"2948",1.1517,"1","P036",1,"1"
"2949",0.7845,"1","P036",1,"1"
"2950",0.7932,"1","P036",1,"1"
"2951",0.848,"1","P036",1,"1"
"2952",1.0958,"0","P036",1,"0"
"2953",1.4696,"1","P036",0,"0"
"2954",1.8413,"1","P036",0,"0"
"2955",2.2051,"1","P036",0,"0"
"2956",0.8479,"1","P036",1,"1"
"2957",1.0355,"1","P036",1,"1"
"2958",1.2204,"1","P036",0,"0"
"2959",0.8661,"0","P036",1,"0"
"2960",1.3359,"1","P036",0,"0"
"2961",0.9847,"1","P036",0,"0"
"2962",0.9514,"0","P036",1,"0"
"2963",0.6884,"1","P036",1,"1"
"2964",1.3709,"0","P036",1,"0"
"2965",0.9427,"1","P036",1,"1"
"2966",0.8125,"1","P036",1,"1"
"2967",1.8733,"0","P036",1,"0"
"2968",0.781,"1","P036",1,"1"
"2969",1.1488,"1","P036",0,"0"
"2970",1.2695,"0","P036",1,"0"
"2971",0.9093,"1","P036",0,"0"
"2972",2.227,"1","P036",0,"0"
"2973",1.1198,"1","P036",1,"1"
"2974",0.7866,"1","P036",1,"1"
"2975",0.8474,"0","P036",1,"0"
"2976",1.2041,"0","P036",1,"0"
"2977",1.0959,"1","P036",1,"1"
"2978",1.1477,"1","P036",1,"1"
"2979",2.3754,"1","P036",1,"1"
"2980",0.9532,"1","P036",0,"0"
"2981",0.9749,"0","P036",1,"0"
"2982",0.8228,"0","P036",1,"0"
"2983",1.3924,"1","P036",0,"0"
"2984",1.1953,"1","P036",0,"0"
"2985",2.5405,"1","P037",1,"1"
"2986",1.1801,"1","P037",1,"1"
"2987",0.9719,"0","P037",1,"0"
"2988",0.7887,"1","P037",1,"1"
"2989",1.2205,"1","P037",0,"0"
"2990",0.6942,"1","P037",1,"1"
"2991",0.8709,"1","P037",1,"1"
"2992",1.0658,"1","P037",0,"0"
"2993",0.7695,"0","P037",1,"0"
"2994",0.6353,"1","P037",1,"1"
"2995",1.1119,"0","P037",1,"0"
"2996",0.8328,"0","P037",1,"0"
"2997",0.7825,"1","P037",1,"1"
"2998",0.6683,"1","P037",1,"1"
"2999",0.9401,"0","P037",1,"0"
"3000",0.8319,"1","P037",1,"1"
"3001",0.7536,"1","P037",1,"1"
"3002",0.7834,"1","P037",1,"1"
"3003",0.9641,"1","P037",0,"0"
"3004",0.686,"1","P037",0,"0"
"3005",1.3557,"1","P037",1,"1"
"3006",0.7724,"1","P037",0,"0"
"3007",0.7693,"0","P037",1,"0"
"3008",0.679,"1","P037",1,"1"
"3009",0.6847,"0","P037",1,"0"
"3010",0.7065,"1","P037",1,"1"
"3011",0.6872,"0","P037",1,"0"
"3012",2.258,"0","P037",0,"1"
"3013",0.7498,"1","P037",1,"1"
"3014",0.8285,"0","P037",1,"0"
"3015",2.0293,"1","P037",1,"1"
"3016",0.647,"1","P037",0,"0"
"3017",0.7209,"1","P037",0,"0"
"3018",0.8936,"1","P037",1,"1"
"3019",1.3054,"1","P037",1,"1"
"3020",1.0371,"1","P037",1,"1"
"3021",0.6699,"0","P037",1,"0"
"3022",1.0567,"1","P037",0,"0"
"3023",0.9354,"0","P037",1,"0"
"3024",0.8182,"0","P037",1,"0"
"3025",0.7449,"0","P037",1,"0"
"3026",0.7437,"1","P037",0,"0"
"3027",1.3814,"1","P037",1,"1"
"3028",0.6412,"1","P037",0,"0"
"3029",0.91,"0","P037",1,"0"
"3030",2.0387,"1","P037",1,"1"
"3031",0.8125,"1","P037",1,"1"
"3032",0.7392,"1","P037",1,"1"
"3033",0.8751,"1","P037",1,"1"
"3034",0.7688,"1","P037",1,"1"
"3035",0.8526,"0","P037",1,"0"
"3036",1.0053,"1","P037",0,"0"
"3037",2.0261,"1","P037",0,"0"
"3038",1.1389,"1","P037",0,"0"
"3039",0.8736,"1","P037",0,"0"
"3040",1.2013,"1","P037",1,"1"
"3041",0.7682,"1","P037",0,"0"
"3042",0.7289,"0","P037",1,"0"
"3043",1.4107,"1","P037",0,"0"
"3044",1.4685,"1","P037",0,"0"
"3045",0.7952,"0","P037",1,"0"
"3046",0.921,"1","P037",0,"0"
"3047",0.6918,"0","P037",1,"0"
"3048",0.8195,"1","P037",0,"0"
"3049",0.7783,"1","P037",1,"1"
"3050",1.152,"0","P037",1,"0"
"3051",1.2037,"1","P037",1,"1"
"3052",0.9385,"1","P037",0,"0"
"3053",0.6253,"0","P037",1,"0"
"3054",0.704,"1","P037",0,"0"
"3055",1.0458,"1","P037",0,"0"
"3056",0.7946,"1","P037",0,"0"
"3057",0.6634,"1","P037",0,"0"
"3058",0.8611,"0","P037",1,"0"
"3059",0.7589,"0","P037",1,"0"
"3060",0.7626,"1","P037",1,"1"
"3061",0.7084,"1","P037",0,"0"
"3062",0.6712,"1","P037",0,"0"
"3063",0.8039,"1","P037",0,"0"
"3064",0.7618,"0","P037",1,"0"
"3065",0.8255,"0","P037",1,"0"
"3066",0.8843,"1","P037",0,"0"
"3067",0.774,"1","P037",0,"0"
"3068",3.4717,"1","P038",1,"1"
"3069",1.5004,"1","P038",1,"1"
"3070",2.4291,"0","P038",1,"0"
"3071",1.147,"1","P038",1,"1"
"3072",0.7097,"1","P038",1,"1"
"3073",3.6004,"1","P038",0,"0"
"3074",1.1422,"1","P038",1,"1"
"3075",1.735,"1","P038",1,"1"
"3076",1.1017,"0","P038",1,"0"
"3077",0.7875,"1","P038",1,"1"
"3078",2.3642,"0","P038",1,"0"
"3079",1.065,"0","P038",1,"0"
"3080",1.0939,"1","P038",1,"1"
"3081",1.1316,"1","P038",0,"0"
"3082",1.2523,"0","P038",1,"0"
"3083",1.2141,"1","P038",1,"1"
"3084",0.7669,"1","P038",1,"1"
"3085",2.8666,"1","P038",0,"0"
"3086",1.2294,"1","P038",1,"1"
"3087",0.7662,"1","P038",1,"1"
"3088",4.6129,"1","P038",0,"0"
"3089",2.3096,"1","P038",0,"0"
"3090",1.7475,"0","P038",1,"0"
"3091",1.3032,"1","P038",1,"1"
"3092",0.9,"0","P038",1,"0"
"3093",2.7257,"1","P038",1,"1"
"3094",1.9315,"0","P038",1,"0"
"3095",1.4093,"0","P038",0,"1"
"3096",1.137,"1","P038",1,"1"
"3097",2.3628,"0","P038",1,"0"
"3098",1.6015,"1","P038",1,"1"
"3099",3.3123,"1","P038",0,"0"
"3100",1.1621,"1","P038",1,"1"
"3101",3.4708,"1","P038",1,"1"
"3102",1.0016,"1","P038",1,"1"
"3103",0.6694,"1","P038",1,"1"
"3104",1.3951,"0","P038",1,"0"
"3105",2.7679,"1","P038",1,"1"
"3106",2.8426,"0","P038",1,"0"
"3107",0.9794,"0","P038",1,"0"
"3108",1.9962,"0","P038",1,"0"
"3109",3.728,"1","P038",0,"0"
"3110",0.8067,"1","P038",1,"1"
"3111",0.6634,"1","P038",1,"1"
"3112",1.2262,"0","P038",1,"0"
"3113",0.9359,"1","P038",1,"1"
"3114",1.6637,"1","P038",1,"1"
"3115",0.6385,"1","P038",1,"1"
"3116",0.9813,"1","P038",1,"1"
"3117",0.796,"1","P038",1,"1"
"3118",0.9108,"0","P038",1,"0"
"3119",1.3006,"1","P038",0,"0"
"3120",1.0828,"1","P038",0,"0"
"3121",3.3861,"1","P038",0,"0"
"3122",3.9439,"1","P038",1,"1"
"3123",1.1256,"1","P038",1,"1"
"3124",1.3174,"1","P038",0,"0"
"3125",1.4322,"0","P038",1,"0"
"3126",0.6829,"1","P038",1,"1"
"3127",0.5477,"1","P038",1,"1"
"3128",1.0535,"0","P038",1,"0"
"3129",1.7122,"1","P038",1,"1"
"3130",3.758,"0","P038",1,"0"
"3131",0.7247,"1","P038",1,"1"
"3132",0.8885,"1","P038",1,"1"
"3133",1.4122,"0","P038",1,"0"
"3134",1.363,"1","P038",1,"1"
"3135",1.1297,"1","P038",0,"0"
"3136",3.6636,"0","P038",1,"0"
"3137",1.3203,"1","P038",0,"0"
"3138",2.5551,"1","P038",1,"1"
"3139",0.9988,"1","P038",0,"0"
"3140",1.4476,"1","P038",1,"1"
"3141",0.7664,"0","P038",1,"0"
"3142",0.7881,"0","P038",1,"0"
"3143",0.7619,"1","P038",1,"1"
"3144",4.0827,"1","P038",1,"1"
"3145",2.4284,"1","P038",0,"0"
"3146",0.9162,"1","P038",1,"1"
"3147",1.266,"0","P038",1,"0"
"3148",1.2497,"0","P038",1,"0"
"3149",1.7015,"1","P038",1,"1"
"3150",0.9473,"1","P038",0,"0"
"3151",4.2363,"1","P039",1,"1"
"3152",0.8021,"1","P039",1,"1"
"3153",1.3209,"0","P039",1,"0"
"3154",1.1846,"1","P039",1,"1"
"3155",1.6364,"1","P039",0,"0"
"3156",1.0451,"1","P039",1,"1"
"3157",0.8648,"1","P039",1,"1"
"3158",1.7786,"1","P039",0,"0"
"3159",0.9014,"0","P039",1,"0"
"3160",0.7052,"1","P039",1,"1"
"3161",1.8969,"0","P039",0,"1"
"3162",1.2457,"0","P039",1,"0"
"3163",1.1355,"1","P039",1,"1"
"3164",1.4642,"1","P039",0,"0"
"3165",1.398,"0","P039",1,"0"
"3166",1.8417,"1","P039",0,"0"
"3167",0.9035,"1","P039",1,"1"
"3168",1.3983,"1","P039",1,"1"
"3169",0.8411,"1","P039",1,"1"
"3170",1.0278,"1","P039",1,"1"
"3171",1.4746,"1","P039",1,"1"
"3172",1.4303,"1","P039",1,"1"
"3173",0.9982,"0","P039",1,"0"
"3174",1.3129,"1","P039",1,"1"
"3175",1.1466,"0","P039",0,"1"
"3176",0.9734,"1","P039",1,"1"
"3177",0.7922,"0","P039",1,"0"
"3178",1.326,"0","P039",1,"0"
"3179",1.1197,"1","P039",1,"1"
"3180",1.2634,"0","P039",0,"1"
"3181",1.4461,"1","P039",0,"0"
"3182",1.0829,"1","P039",1,"1"
"3183",1.7727,"1","P039",1,"1"
"3184",1.8665,"1","P039",0,"0"
"3185",2.0593,"1","P039",0,"0"
"3186",0.608,"1","P039",1,"1"
"3187",1.2398,"0","P039",1,"0"
"3188",1.3525,"1","P039",0,"0"
"3189",1.3853,"0","P039",0,"1"
"3190",1.4401,"0","P039",1,"0"
"3191",1.1278,"0","P039",1,"0"
"3192",1.4476,"1","P039",1,"1"
"3193",1.2504,"1","P039",1,"1"
"3194",1.9601,"1","P039",1,"1"
"3195",1.5379,"0","P039",1,"0"
"3196",0.8816,"1","P039",1,"1"
"3197",1.0554,"1","P039",0,"0"
"3198",0.7571,"1","P039",1,"1"
"3199",1.0819,"1","P039",1,"1"
"3200",1.0347,"1","P039",1,"1"
"3201",1.6344,"0","P039",1,"0"
"3202",2.1313,"1","P039",0,"0"
"3203",2.076,"1","P039",0,"0"
"3204",1.8117,"1","P039",0,"0"
"3205",2.4546,"1","P039",0,"0"
"3206",1.0893,"1","P039",0,"0"
"3207",2.3921,"1","P039",0,"0"
"3208",0.9709,"0","P039",1,"0"
"3209",0.9296,"1","P039",1,"1"
"3210",2.2793,"1","P039",0,"0"
"3211",1.0871,"0","P039",1,"0"
"3212",1.9279,"1","P039",1,"1"
"3213",1.2556,"0","P039",1,"0"
"3214",1.1131,"1","P039",1,"1"
"3215",1.1212,"1","P039",1,"1"
"3216",3.084,"0","P039",1,"0"
"3217",1.1367,"1","P039",1,"1"
"3218",1.9335,"1","P039",0,"0"
"3219",1.9462,"0","P039",0,"1"
"3220",1.349,"1","P039",0,"0"
"3221",1.6898,"1","P039",0,"0"
"3222",1.6275,"1","P039",0,"0"
"3223",0.7463,"1","P039",1,"1"
"3224",0.954,"0","P039",1,"0"
"3225",1.3157,"0","P039",1,"0"
"3226",0.8796,"1","P039",1,"1"
"3227",1.4273,"1","P039",1,"1"
"3228",1.8361,"1","P039",0,"0"
"3229",2.3639,"1","P039",1,"1"
"3230",0.8106,"0","P039",1,"0"
"3231",0.7294,"0","P039",1,"0"
"3232",1.6441,"1","P039",0,"0"
"3233",0.7649,"1","P039",0,"0"
"3234",1.1745,"1","P040",0,"0"
"3235",3.4412,"0","P040",1,"0"
"3236",1.9348,"1","P040",1,"1"
"3237",3.0296,"1","P040",0,"0"
"3238",1.0733,"1","P040",0,"0"
"3239",1.607,"1","P040",0,"0"
"3240",1.2398,"0","P040",1,"0"
"3241",0.6406,"1","P040",1,"1"
"3242",1.2813,"0","P040",0,"1"
"3243",1.6521,"0","P040",0,"1"
"3244",1.6809,"1","P040",1,"1"
"3245",1.5846,"1","P040",1,"1"
"3246",1.1594,"0","P040",1,"0"
"3247",0.8481,"1","P040",1,"1"
"3248",2.2949,"1","P040",0,"0"
"3249",1.1876,"1","P040",1,"1"
"3250",1.7794,"1","P040",1,"1"
"3251",1.0782,"1","P040",1,"1"
"3252",1.885,"1","P040",1,"1"
"3253",0.9857,"1","P040",1,"1"
"3254",2.5905,"0","P040",1,"0"
"3255",0.8382,"1","P040",1,"1"
"3256",1.0701,"0","P040",1,"0"
"3257",1.0448,"1","P040",1,"1"
"3258",1.0006,"0","P040",1,"0"
"3259",2.9993,"0","P040",0,"1"
"3260",1.5059,"1","P040",1,"1"
"3261",2.0668,"0","P040",1,"0"
"3262",1.1256,"1","P040",0,"0"
"3263",1.8553,"1","P040",1,"1"
"3264",1.2451,"1","P040",1,"1"
"3265",1.4489,"1","P040",1,"1"
"3266",0.9636,"1","P040",1,"1"
"3267",0.7674,"1","P040",1,"1"
"3268",0.6902,"0","P040",1,"0"
"3269",1.366,"1","P040",0,"0"
"3270",1.1787,"0","P040",1,"0"
"3271",1.0735,"0","P040",1,"0"
"3272",1.1292,"0","P040",1,"0"
"3273",1.1759,"1","P040",1,"1"
"3274",2.1658,"1","P040",0,"0"
"3275",1.0615,"1","P040",1,"1"
"3276",2.6542,"0","P040",1,"0"
"3277",1.5361,"1","P040",1,"1"
"3278",1.9178,"1","P040",0,"0"
"3279",0.7275,"1","P040",1,"1"
"3280",0.7334,"1","P040",1,"1"
"3281",3.2511,"1","P040",1,"1"
"3282",0.9609,"0","P040",1,"0"
"3283",0.9876,"1","P040",0,"0"
"3284",1.1124,"1","P040",0,"0"
"3285",1.9012,"1","P040",0,"0"
"3286",1.7069,"1","P040",1,"1"
"3287",1.0086,"1","P040",1,"1"
"3288",0.9257,"1","P040",0,"0"
"3289",1.2462,"0","P040",1,"0"
"3290",1.619,"1","P040",1,"1"
"3291",1.8007,"1","P040",1,"1"
"3292",1.6625,"0","P040",1,"0"
"3293",3.5353,"1","P040",1,"1"
"3294",0.855,"0","P040",1,"0"
"3295",1.0318,"1","P040",0,"0"
"3296",1.1405,"1","P040",1,"1"
"3297",1.2244,"0","P040",1,"0"
"3298",1.8391,"1","P040",1,"1"
"3299",2.5329,"1","P040",0,"0"
"3300",1.0596,"0","P040",1,"0"
"3301",0.8082,"1","P040",0,"0"
"3302",1.2002,"1","P040",0,"0"
"3303",2.7829,"1","P040",0,"0"
"3304",2.9637,"1","P040",1,"1"
"3305",0.9014,"0","P040",1,"0"
"3306",1.3002,"0","P040",1,"0"
"3307",1.5759,"1","P040",1,"1"
"3308",2.2377,"1","P040",1,"1"
"3309",1.4195,"1","P040",0,"0"
"3310",0.8012,"1","P040",0,"0"
"3311",1.1719,"0","P040",1,"0"
"3312",1.9937,"0","P040",1,"0"
"3313",0.7555,"1","P040",0,"0"
"3314",1.7703,"1","P040",0,"0"
"3315",1.4826,"1","P041",1,"1"
"3316",3.6513,"1","P041",0,"0"
"3317",1.3691,"0","P041",1,"0"
"3318",1.0118,"1","P041",1,"1"
"3319",2.1807,"1","P041",1,"1"
"3320",0.8712,"1","P041",1,"1"
"3321",1.745,"1","P041",0,"0"
"3322",3.9987,"1","P041",0,"0"
"3323",1.5907,"0","P041",0,"1"
"3324",0.7672,"1","P041",1,"1"
"3325",0.907,"0","P041",0,"1"
"3326",0.9468,"0","P041",1,"0"
"3327",1.2956,"1","P041",1,"1"
"3328",3.2584,"1","P041",0,"0"
"3329",1.3582,"0","P041",1,"0"
"3330",0.6468,"1","P041",1,"1"
"3331",1.4278,"1","P041",1,"1"
"3332",1.2455,"1","P041",0,"0"
"3333",0.7453,"1","P041",1,"1"
"3334",3.1352,"1","P041",1,"1"
"3335",1.3718,"1","P041",1,"1"
"3336",1.7834,"1","P041",0,"0"
"3337",2.4502,"0","P041",0,"1"
"3338",1.5559,"1","P041",1,"1"
"3339",1.8847,"0","P041",0,"1"
"3340",1.3515,"1","P041",1,"1"
"3341",1.3402,"0","P041",1,"0"
"3342",0.714,"0","P041",1,"0"
"3343",1.5527,"1","P041",1,"1"
"3344",1.8275,"0","P041",0,"1"
"3345",1.5313,"1","P041",0,"0"
"3346",0.9471,"1","P041",1,"1"
"3347",1.1718,"1","P041",1,"1"
"3348",2.4986,"1","P041",0,"0"
"3349",1.6133,"1","P041",0,"0"
"3350",1.8231,"1","P041",1,"1"
"3351",1.0139,"0","P041",0,"1"
"3352",1.9636,"1","P041",1,"1"
"3353",2.2914,"0","P041",1,"0"
"3354",1.6122,"0","P041",1,"0"
"3355",1.9029,"0","P041",1,"0"
"3356",1.7567,"1","P041",1,"1"
"3357",1.6045,"1","P041",0,"0"
"3358",0.9992,"1","P041",0,"0"
"3359",0.871,"0","P041",1,"0"
"3360",0.9717,"1","P041",1,"1"
"3361",1.0145,"1","P041",1,"1"
"3362",0.8093,"1","P041",1,"1"
"3363",0.8611,"1","P041",1,"1"
"3364",0.7528,"1","P041",1,"1"
"3365",0.8196,"0","P041",1,"0"
"3366",2.3315,"1","P041",0,"0"
"3367",0.7633,"1","P041",0,"0"
"3368",1.4138,"1","P041",0,"0"
"3369",1.8618,"1","P041",0,"0"
"3370",1.4524,"1","P041",0,"0"
"3371",1.0362,"1","P041",0,"0"
"3372",0.7099,"0","P041",1,"0"
"3373",0.8068,"1","P041",0,"0"
"3374",1.3317,"1","P041",1,"1"
"3375",1.9752,"0","P041",1,"0"
"3376",2.824,"1","P041",1,"1"
"3377",2.7897,"0","P041",0,"1"
"3378",0.6486,"1","P041",1,"1"
"3379",1.1552,"1","P041",1,"1"
"3380",1.6681,"0","P041",1,"0"
"3381",2.322,"1","P041",1,"1"
"3382",2.1096,"1","P041",0,"0"
"3383",1.7653,"0","P041",0,"1"
"3384",2.8831,"1","P041",1,"1"
"3385",1.8029,"1","P041",0,"0"
"3386",1.7537,"1","P041",0,"0"
"3387",1.4253,"1","P041",1,"1"
"3388",1.7671,"0","P041",1,"0"
"3389",1.9981,"0","P041",0,"1"
"3390",3.0446,"1","P041",1,"1"
"3391",2.3234,"1","P041",1,"1"
"3392",1.5963,"1","P041",0,"0"
"3393",2.2392,"1","P041",1,"1"
"3394",2.3029,"0","P041",0,"1"
"3395",1.9064,"0","P041",1,"0"
"3396",3.7892,"1","P041",0,"0"
"3397",1.3392,"1","P041",0,"0"
"3398",1.3546,"1","P042",0,"0"
"3399",0.9255,"1","P042",1,"1"
"3400",0.9551,"0","P042",1,"0"
"3401",0.9709,"1","P042",0,"0"
"3402",0.6806,"1","P042",1,"1"
"3403",0.7514,"1","P042",1,"1"
"3404",0.8212,"1","P042",1,"1"
"3405",1.01,"1","P042",0,"0"
"3406",1.0157,"0","P042",1,"0"
"3407",0.7015,"1","P042",1,"1"
"3408",1.1192,"0","P042",1,"0"
"3409",1.137,"0","P042",1,"0"
"3410",0.8778,"1","P042",1,"1"
"3411",1.1635,"1","P042",1,"1"
"3412",0.9723,"0","P042",1,"0"
"3413",0.7161,"1","P042",1,"1"
"3414",1.9328,"1","P042",1,"1"
"3415",0.8916,"1","P042",1,"1"
"3416",1.1214,"1","P042",1,"1"
"3417",0.9131,"1","P042",1,"1"
"3418",1.2049,"1","P042",1,"1"
"3419",0.9596,"1","P042",1,"1"
"3420",1.2574,"0","P042",1,"0"
"3421",0.9142,"1","P042",1,"1"
"3422",1.2849,"0","P042",1,"0"
"3423",1.1497,"1","P042",1,"1"
"3424",1.6794,"0","P042",1,"0"
"3425",1.9862,"0","P042",1,"0"
"3426",0.886,"1","P042",1,"1"
"3427",1.2358,"0","P042",1,"0"
"3428",2.5075,"1","P042",0,"0"
"3429",1.0663,"1","P042",1,"1"
"3430",0.795,"1","P042",0,"0"
"3431",1.3718,"1","P042",1,"1"
"3432",1.1845,"1","P042",1,"1"
"3433",0.7604,"1","P042",1,"1"
"3434",1.1041,"0","P042",1,"0"
"3435",1.0089,"1","P042",1,"1"
"3436",1.1346,"0","P042",1,"0"
"3437",1.1743,"0","P042",1,"0"
"3438",1.3482,"0","P042",1,"0"
"3439",1.3879,"1","P042",0,"0"
"3440",0.9737,"1","P042",1,"1"
"3441",1.2934,"1","P042",1,"1"
"3442",2.3182,"0","P042",1,"0"
"3443",1.03,"1","P042",0,"0"
"3444",0.9747,"1","P042",1,"1"
"3445",0.8725,"1","P042",1,"1"
"3446",0.9334,"1","P042",1,"1"
"3447",1.023,"1","P042",1,"1"
"3448",0.8598,"0","P042",1,"0"
"3449",0.9705,"1","P042",0,"0"
"3450",0.9473,"1","P042",0,"0"
"3451",1.5402,"1","P042",0,"0"
"3452",0.9778,"1","P042",1,"1"
"3453",1.5376,"1","P042",1,"1"
"3454",0.8644,"1","P042",0,"0"
"3455",0.8831,"0","P042",1,"0"
"3456",1.2489,"1","P042",0,"0"
"3457",0.9427,"1","P042",1,"1"
"3458",1.1324,"0","P042",1,"0"
"3459",0.8602,"1","P042",1,"1"
"3460",1.35,"0","P042",1,"0"
"3461",0.8737,"1","P042",1,"1"
"3462",1.2285,"1","P042",1,"1"
"3463",1.1712,"0","P042",1,"0"
"3464",0.861,"1","P042",1,"1"
"3465",1.0837,"1","P042",0,"0"
"3466",1.0585,"0","P042",1,"0"
"3467",1.0803,"1","P042",1,"1"
"3468",1.118,"1","P042",0,"0"
"3469",1.0418,"1","P042",0,"0"
"3470",0.6986,"1","P042",1,"1"
"3471",0.8443,"0","P042",1,"0"
"3472",0.9421,"0","P042",1,"0"
"3473",1.3178,"1","P042",1,"1"
"3474",0.7476,"1","P042",0,"0"
"3475",1.0294,"1","P042",0,"0"
"3476",1.5042,"1","P042",0,"0"
"3477",1.1599,"0","P042",1,"0"
"3478",1.0927,"0","P042",1,"0"
"3479",0.8724,"1","P042",0,"0"
"3480",1.1652,"1","P042",0,"0"
"3481",1.5832,"1","P043",0,"0"
"3482",1.1419,"1","P043",1,"1"
"3483",0.8034,"0","P043",1,"0"
"3484",1.9362,"1","P043",0,"0"
"3485",0.7692,"1","P043",1,"1"
"3486",0.746,"1","P043",1,"1"
"3487",0.7957,"1","P043",1,"1"
"3488",1.8764,"1","P043",1,"1"
"3489",0.9973,"0","P043",1,"0"
"3490",0.5949,"1","P043",1,"1"
"3491",0.8458,"0","P043",1,"0"
"3492",1.2136,"0","P043",1,"0"
"3493",1.2503,"1","P043",1,"1"
"3494",1.3608,"1","P043",1,"1"
"3495",1.4748,"0","P043",1,"0"
"3496",1.4475,"1","P043",1,"1"
"3497",0.7291,"1","P043",1,"1"
"3498",0.7371,"1","P043",1,"1"
"3499",0.8059,"1","P043",1,"1"
"3500",0.8517,"1","P043",1,"1"
"3501",1.2284,"1","P043",1,"1"
"3502",1.1632,"1","P043",1,"1"
"3503",0.8219,"0","P043",1,"0"
"3504",1.0898,"1","P043",1,"1"
"3505",0.8145,"0","P043",1,"0"
"3506",1.1333,"1","P043",1,"1"
"3507",0.805,"0","P043",1,"0"
"3508",1.3078,"0","P043",1,"0"
"3509",0.9206,"1","P043",1,"1"
"3510",1.3233,"0","P043",1,"0"
"3511",1.3351,"1","P043",1,"1"
"3512",0.9858,"1","P043",1,"1"
"3513",1.1396,"1","P043",1,"1"
"3514",1.2123,"1","P043",1,"1"
"3515",1.0581,"1","P043",0,"0"
"3516",0.6919,"1","P043",1,"1"
"3517",0.8017,"0","P043",1,"0"
"3518",1.0794,"1","P043",1,"1"
"3519",1.1202,"0","P043",0,"1"
"3520",0.819,"0","P043",1,"0"
"3521",0.9377,"0","P043",1,"0"
"3522",0.9995,"1","P043",1,"1"
"3523",0.9392,"1","P043",0,"0"
"3524",1.829,"1","P043",1,"1"
"3525",0.6428,"0","P043",1,"0"
"3526",1.8215,"1","P043",1,"1"
"3527",0.7633,"1","P043",0,"0"
"3528",0.6541,"1","P043",1,"1"
"3529",0.7758,"1","P043",1,"1"
"3530",0.6976,"1","P043",1,"1"
"3531",0.8112,"0","P043",1,"0"
"3532",0.8131,"1","P043",0,"0"
"3533",1.7209,"1","P043",0,"0"
"3534",0.9016,"1","P043",0,"0"
"3535",0.8984,"1","P043",0,"0"
"3536",1.7482,"1","P043",1,"1"
"3537",1.749,"1","P043",0,"0"
"3538",0.7907,"0","P043",1,"0"
"3539",1.1995,"1","P043",1,"1"
"3540",0.8503,"1","P043",0,"0"
"3541",0.835,"0","P043",1,"0"
"3542",0.9207,"1","P043",0,"0"
"3543",0.8754,"0","P043",1,"0"
"3544",0.7202,"1","P043",1,"1"
"3545",0.741,"1","P043",1,"1"
"3546",2.6948,"0","P043",0,"1"
"3547",1.7256,"1","P043",0,"0"
"3548",0.8243,"1","P043",0,"0"
"3549",1.092,"0","P043",1,"0"
"3550",1.1278,"1","P043",0,"0"
"3551",0.8086,"1","P043",0,"0"
"3552",0.8854,"1","P043",1,"1"
"3553",0.5961,"1","P043",1,"1"
"3554",0.8269,"0","P043",1,"0"
"3555",0.9486,"0","P043",1,"0"
"3556",0.8044,"1","P043",1,"1"
"3557",0.7692,"1","P043",0,"0"
"3558",1.431,"1","P043",0,"0"
"3559",0.9497,"1","P043",1,"1"
"3560",1.1675,"0","P043",1,"0"
"3561",0.9012,"0","P043",1,"0"
"3562",0.9531,"1","P043",0,"0"
"3563",0.8958,"1","P043",0,"0"
"3564",2.5765,"1","P044",1,"1"
"3565",2.7594,"1","P044",0,"0"
"3566",1.5761,"0","P044",1,"0"
"3567",1.3499,"1","P044",0,"0"
"3568",1.1567,"1","P044",1,"1"
"3569",1.1114,"1","P044",0,"0"
"3570",1.5022,"1","P044",1,"1"
"3571",1.294,"1","P044",1,"1"
"3572",1.1607,"0","P044",1,"0"
"3573",1.0455,"1","P044",1,"1"
"3574",1.1292,"0","P044",1,"0"
"3575",0.939,"0","P044",0,"1"
"3576",1.0918,"1","P044",0,"0"
"3577",0.9396,"1","P044",0,"0"
"3578",1.2973,"0","P044",1,"0"
"3579",1.3571,"1","P044",0,"0"
"3580",0.7078,"1","P044",1,"1"
"3581",1.2145,"1","P044",0,"0"
"3582",2.5193,"1","P044",1,"1"
"3583",1.2381,"1","P044",1,"1"
"3584",0.8499,"1","P044",1,"1"
"3585",1.1946,"1","P044",0,"0"
"3586",0.9645,"0","P044",1,"0"
"3587",1.8202,"1","P044",0,"0"
"3588",1.1759,"0","P044",1,"0"
"3589",1.1357,"1","P044",1,"1"
"3590",0.7983,"0","P044",1,"0"
"3591",1.3083,"0","P044",1,"0"
"3592",2.4678,"1","P045",1,"1"
"3593",0.8836,"1","P045",1,"1"
"3594",1.6764,"0","P045",1,"0"
"3595",1.0891,"1","P045",1,"1"
"3596",1.4709,"1","P045",1,"1"
"3597",0.7107,"1","P045",1,"1"
"3598",0.7304,"1","P045",1,"1"
"3599",1.9242,"1","P045",0,"0"
"3600",1.2879,"0","P045",1,"0"
"3601",0.6357,"1","P045",1,"1"
"3602",1.5615,"0","P045",1,"0"
"3603",2.0172,"0","P045",1,"0"
"3604",0.74,"1","P045",1,"1"
"3605",1.1147,"1","P045",1,"1"
"3606",1.1045,"0","P045",1,"0"
"3607",0.6352,"1","P045",1,"1"
"3608",0.6701,"1","P045",1,"1"
"3609",1.0009,"1","P045",0,"0"
"3610",1.0706,"1","P045",1,"1"
"3611",0.6634,"1","P045",1,"1"
"3612",1.2401,"1","P045",1,"1"
"3613",1.0059,"1","P045",1,"1"
"3614",1.0915,"0","P045",1,"0"
"3615",0.7403,"1","P045",1,"1"
"3616",1.0721,"0","P045",1,"0"
"3617",0.6419,"1","P045",1,"1"
"3618",1.2507,"0","P045",1,"0"
"3619",1.3164,"0","P045",1,"0"
"3620",0.6781,"1","P045",1,"1"
"3621",0.8849,"0","P045",0,"1"
"3622",0.7268,"1","P045",1,"1"
"3623",1.1945,"1","P045",1,"1"
"3624",2.5273,"1","P045",0,"0"
"3625",0.79,"1","P045",1,"1"
"3626",1.0438,"1","P045",1,"1"
"3627",0.7386,"1","P045",1,"1"
"3628",1.3939,"0","P045",1,"0"
"3629",1.466,"1","P045",1,"1"
"3630",1.9949,"0","P045",0,"1"
"3631",0.9676,"0","P045",0,"1"
"3632",1.1014,"0","P045",0,"1"
"3633",0.7881,"1","P045",1,"1"
"3634",2.5359,"1","P045",0,"0"
"3635",1.1087,"1","P045",1,"1"
"3636",1.7535,"0","P045",0,"1"
"3637",1.1422,"1","P045",1,"1"
"3638",2.9849,"1","P045",1,"1"
"3639",1.0304,"1","P045",1,"1"
"3640",1.2175,"1","P045",1,"1"
"3641",1.3062,"1","P045",1,"1"
"3642",1.4997,"0","P045",1,"0"
"3643",1.3978,"1","P045",1,"1"
"3644",2.9694,"1","P045",0,"0"
"3645",3.0792,"1","P045",1,"1"
"3646",1.2871,"1","P045",0,"0"
"3647",1.5198,"1","P045",0,"0"
"3648",1.0736,"1","P045",0,"0"
"3649",1.1999,"0","P045",1,"0"
"3650",1.2051,"1","P045",0,"0"
"3651",1.1309,"1","P045",1,"1"
"3652",1.6317,"0","P045",1,"0"
"3653",1.7773,"1","P045",1,"1"
"3654",1.3771,"0","P045",1,"0"
"3655",1.102,"1","P045",1,"1"
"3656",1.1167,"1","P045",1,"1"
"3657",1.2294,"0","P045",1,"0"
"3658",1.1433,"1","P045",1,"1"
"3659",1.561,"1","P045",0,"0"
"3660",1.3327,"0","P045",0,"1"
"3661",2.2945,"1","P045",1,"1"
"3662",1.4783,"1","P045",1,"1"
"3663",1.223,"1","P045",0,"0"
"3664",1.6838,"1","P045",1,"1"
"3665",1.6045,"0","P045",1,"0"
"3666",0.8322,"0","P045",1,"0"
"3667",1.2251,"1","P045",1,"1"
"3668",1.2809,"1","P045",0,"0"
"3669",1.3916,"1","P045",0,"0"
"3670",1.4284,"1","P045",1,"1"
"3671",1.4752,"0","P045",1,"0"
"3672",1.6509,"0","P045",1,"0"
"3673",1.6557,"1","P045",0,"0"
"3674",1.7775,"1","P045",1,"1"
"3675",1.6293,"1","P046",1,"1"
"3676",1.6371,"1","P046",0,"0"
"3677",0.7759,"0","P046",1,"0"
"3678",1.1466,"1","P046",1,"1"
"3679",1.2384,"1","P046",0,"0"
"3680",0.8882,"1","P046",1,"1"
"3681",0.9419,"1","P046",1,"1"
"3682",1.2667,"1","P046",0,"0"
"3683",0.9224,"0","P046",1,"0"
"3684",0.5702,"1","P046",1,"1"
"3685",1.0069,"0","P046",1,"0"
"3686",2.5677,"0","P046",1,"0"
"3687",2.0015,"1","P046",1,"1"
"3688",0.7082,"1","P046",0,"0"
"3689",0.759,"0","P046",1,"0"
"3690",0.8748,"1","P046",1,"1"
"3691",0.8014,"1","P046",1,"1"
"3692",1.0583,"1","P046",1,"1"
"3693",0.8581,"1","P046",1,"1"
"3694",1.6179,"1","P046",0,"0"
"3695",2.0406,"1","P046",1,"1"
"3696",0.9284,"1","P046",0,"0"
"3697",0.8661,"0","P046",1,"0"
"3698",0.9139,"1","P046",1,"1"
"3699",0.8406,"0","P046",1,"0"
"3700",2.5964,"1","P046",1,"1"
"3701",0.8012,"0","P046",1,"0"
"3702",0.9303,"0","P046",1,"0"
"3703",0.8197,"1","P046",1,"1"
"3704",3.2965,"0","P046",1,"0"
"3705",0.8411,"1","P046",1,"1"
"3706",0.696,"1","P046",1,"1"
"3707",0.9487,"1","P046",0,"0"
"3708",1.1415,"1","P046",1,"1"
"3709",0.8413,"1","P046",1,"1"
"3710",0.564,"1","P046",1,"1"
"3711",0.7849,"0","P046",1,"0"
"3712",1.6614,"1","P046",0,"0"
"3713",0.8394,"0","P046",1,"0"
"3714",1.2341,"0","P046",1,"0"
"3715",1.2708,"0","P046",1,"0"
"3716",1.5766,"1","P046",1,"1"
"3717",1.0064,"1","P046",0,"0"
"3718",0.8531,"1","P046",0,"0"
"3719",2.4009,"0","P046",0,"1"
"3720",0.7994,"1","P046",1,"1"
"3721",1.9305,"1","P046",0,"0"
"3722",0.6422,"1","P046",1,"1"
"3723",1.264,"1","P046",0,"0"
"3724",0.7647,"1","P046",1,"1"
"3725",0.8345,"0","P046",1,"0"
"3726",0.9854,"1","P046",1,"1"
"3727",0.8401,"1","P046",0,"0"
"3728",1.1778,"1","P046",1,"1"
"3729",1.1906,"1","P046",0,"0"
"3730",1.4343,"1","P046",0,"0"
"3731",0.6891,"1","P046",0,"0"
"3732",0.7578,"0","P046",1,"0"
"3733",0.8687,"1","P046",1,"1"
"3734",1.3263,"1","P046",1,"1"
"3735",1.2081,"0","P046",1,"0"
"3736",1.6469,"1","P046",0,"0"
"3737",0.9567,"0","P046",1,"0"
"3738",2.3887,"1","P046",0,"0"
"3739",0.8693,"1","P046",1,"1"
"3740",1.673,"0","P046",1,"0"
"3741",1.1997,"1","P046",1,"1"
"3742",1.8724,"1","P046",1,"1"
"3743",1.2292,"0","P046",1,"0"
"3744",0.848,"1","P046",0,"0"
"3745",1.1317,"1","P046",1,"1"
"3746",2.9006,"1","P046",1,"1"
"3747",0.6643,"1","P046",1,"1"
"3748",0.6,"0","P046",1,"0"
"3749",0.8638,"0","P046",1,"0"
"3750",0.9536,"1","P046",1,"1"
"3751",0.7474,"1","P046",0,"0"
"3752",0.9241,"1","P046",0,"0"
"3753",0.7828,"1","P046",0,"0"
"3754",0.8957,"0","P046",1,"0"
"3755",0.8654,"0","P046",1,"0"
"3756",0.7261,"1","P046",0,"0"
"3757",0.6109,"1","P046",0,"0"
"3758",1.7969,"1","P047",1,"1"
"3759",1.0527,"1","P047",1,"1"
"3760",1.3004,"0","P047",1,"0"
"3761",0.9391,"1","P047",1,"1"
"3762",0.7868,"1","P047",1,"1"
"3763",1.0136,"1","P047",1,"1"
"3764",0.9415,"1","P047",1,"1"
"3765",1.4462,"1","P047",1,"1"
"3766",1.012,"0","P047",1,"0"
"3767",0.7038,"1","P047",1,"1"
"3768",1.0756,"0","P047",1,"0"
"3769",1.5424,"0","P047",1,"0"
"3770",0.902,"1","P047",1,"1"
"3771",1.0987,"1","P047",0,"0"
"3772",0.7556,"0","P047",1,"0"
"3773",0.8764,"1","P047",1,"1"
"3774",0.6642,"1","P047",1,"1"
"3775",1.122,"1","P047",1,"1"
"3776",0.7716,"1","P047",1,"1"
"3777",0.9193,"1","P047",1,"1"
"3778",1.1962,"1","P047",0,"0"
"3779",1.1509,"1","P047",1,"1"
"3780",0.9327,"0","P047",1,"0"
"3781",1.1825,"1","P047",1,"1"
"3782",0.8012,"0","P047",1,"0"
"3783",1.832,"1","P047",0,"0"
"3784",0.8688,"0","P047",1,"0"
"3785",0.8395,"0","P047",1,"0"
"3786",1.0513,"1","P047",1,"1"
"3787",0.8301,"0","P047",1,"0"
"3788",2.7688,"1","P047",1,"1"
"3789",1.4695,"1","P047",1,"1"
"3790",0.8793,"1","P047",1,"1"
"3791",1.0491,"1","P047",1,"1"
"3792",1.4218,"1","P047",0,"0"
"3793",0.6387,"1","P047",1,"1"
"3794",0.8304,"0","P047",1,"0"
"3795",1.412,"1","P047",0,"0"
"3796",1.3119,"0","P047",1,"0"
"3797",1.0788,"0","P047",1,"0"
"3798",0.9045,"0","P047",1,"0"
"3799",1.3262,"1","P047",0,"0"
"3800",1.2049,"1","P047",1,"1"
"3801",1.0218,"1","P047",1,"1"
"3802",1.0604,"0","P047",1,"0"
"3803",0.8093,"1","P047",1,"1"
"3804",1.177,"1","P047",1,"1"
"3805",0.8048,"1","P047",1,"1"
"3806",0.9554,"1","P047",1,"1"
"3807",0.8893,"1","P047",1,"1"
"3808",0.9001,"0","P047",1,"0"
"3809",1.3037,"1","P047",0,"0"
"3810",1.2485,"1","P047",0,"0"
"3811",1.6914,"1","P047",0,"0"
"3812",1.9422,"1","P047",0,"0"
"3813",0.8769,"1","P047",1,"1"
"3814",1.1626,"1","P047",0,"0"
"3815",0.9195,"0","P047",1,"0"
"3816",1.5111,"1","P047",0,"0"
"3817",0.8349,"1","P047",1,"1"
"3818",0.9197,"0","P047",1,"0"
"3819",0.9953,"1","P047",0,"0"
"3820",0.8489,"0","P047",1,"0"
"3821",0.9431,"1","P047",1,"1"
"3822",0.9097,"1","P047",1,"1"
"3823",1.3444,"0","P047",1,"0"
"3824",1.2092,"1","P047",0,"0"
"3825",1.2192,"1","P047",0,"0"
"3826",1.4647,"0","P047",1,"0"
"3827",1.3946,"1","P047",1,"1"
"3828",0.9113,"1","P047",1,"1"
"3829",1.0721,"1","P047",0,"0"
"3830",0.7069,"1","P047",1,"1"
"3831",0.9375,"0","P047",1,"0"
"3832",1.0334,"0","P047",1,"0"
"3833",1.2742,"1","P047",1,"1"
"3834",0.8959,"1","P047",0,"0"
"3835",0.8199,"1","P047",0,"0"
"3836",1.3514,"1","P047",1,"1"
"3837",1.8187,"0","P047",1,"0"
"3838",1.046,"0","P047",1,"0"
"3839",1.0405,"1","P047",0,"0"
"3840",1.3075,"1","P047",1,"1"
"3841",1.5582,"1","P048",1,"1"
"3842",0.901,"1","P048",1,"1"
"3843",1.5357,"0","P048",1,"0"
"3844",0.7025,"1","P048",1,"1"
"3845",1.0703,"1","P048",1,"1"
"3846",1.04,"1","P048",1,"1"
"3847",2.2777,"1","P048",0,"0"
"3848",2.5735,"1","P048",0,"0"
"3849",0.7803,"0","P048",1,"0"
"3850",0.611,"1","P048",1,"1"
"3851",0.9908,"0","P048",1,"0"
"3852",0.8366,"0","P048",1,"0"
"3853",1.3484,"1","P048",1,"1"
"3854",1.6651,"1","P048",0,"0"
"3855",0.9699,"0","P048",1,"0"
"3856",1.0276,"1","P048",1,"1"
"3857",0.7033,"1","P048",1,"1"
"3858",2.4642,"1","P048",1,"1"
"3859",1.4219,"1","P048",0,"0"
"3860",0.9537,"1","P048",0,"0"
"3861",1.6635,"1","P048",0,"0"
"3862",1.5442,"1","P048",1,"1"
"3863",1.058,"0","P048",1,"0"
"3864",2.0986,"1","P048",0,"0"
"3865",0.7124,"0","P048",1,"0"
"3866",1.0453,"1","P048",1,"1"
"3867",0.9941,"0","P048",1,"0"
"3868",0.9808,"0","P048",1,"0"
"3869",1.6476,"1","P048",1,"1"
"3870",1.5273,"0","P048",1,"0"
"3871",2.3031,"1","P048",0,"0"
"3872",0.9199,"1","P048",0,"0"
"3873",1.3956,"1","P048",1,"1"
"3874",1.0624,"1","P048",1,"1"
"3875",1.1592,"1","P048",1,"1"
"3876",0.6689,"1","P048",1,"1"
"3877",1.0977,"0","P048",1,"0"
"3878",1.1935,"1","P048",1,"1"
"3879",1.3071,"0","P048",1,"0"
"3880",1.1091,"0","P048",1,"0"
"3881",1.6059,"0","P048",1,"0"
"3882",1.0145,"1","P048",0,"0"
"3883",1.3803,"1","P048",1,"1"
"3884",0.9919,"1","P048",1,"1"
"3885",2.0098,"0","P048",1,"0"
"3886",1.0776,"1","P048",1,"1"
"3887",1.7124,"1","P048",1,"1"
"3888",0.9211,"1","P048",1,"1"
"3889",0.8369,"1","P048",1,"1"
"3890",0.7716,"1","P048",1,"1"
"3891",1.2704,"0","P048",1,"0"
"3892",1.3652,"1","P048",0,"0"
"3893",1.0508,"1","P048",0,"0"
"3894",1.4187,"1","P048",0,"0"
"3895",1.2164,"1","P048",0,"0"
"3896",0.9162,"1","P048",1,"1"
"3897",1.0885,"1","P048",0,"0"
"3898",1.3396,"0","P048",1,"0"
"3899",1.2265,"1","P048",1,"1"
"3900",1.0152,"1","P048",1,"1"
"3901",0.801,"0","P048",1,"0"
"3902",0.8608,"1","P048",0,"0"
"3903",2.0565,"0","P048",1,"0"
"3904",0.8543,"1","P048",1,"1"
"3905",0.728,"1","P048",1,"1"
"3906",1.8418,"0","P048",0,"1"
"3907",1.0198,"1","P048",1,"1"
"3908",0.9333,"1","P048",0,"0"
"3909",1.2171,"0","P048",1,"0"
"3910",1.0429,"1","P048",0,"0"
"3911",1.3216,"1","P048",0,"0"
"3912",0.7444,"1","P048",0,"0"
"3913",0.7702,"1","P048",1,"1"
"3914",0.897,"0","P048",1,"0"
"3915",0.8877,"0","P048",1,"0"
"3916",1.3125,"1","P048",1,"1"
"3917",1.0822,"1","P048",0,"0"
"3918",1.22,"1","P048",0,"0"
"3919",1.3118,"1","P048",1,"1"
"3920",0.8435,"0","P048",1,"0"
"3921",1.1843,"0","P048",1,"0"
"3922",1.147,"1","P048",0,"0"
"3923",0.8828,"1","P048",0,"0"
"3924",1.6035,"1","P049",1,"1"
"3925",1.8482,"1","P049",1,"1"
"3926",1.2768,"0","P049",1,"0"
"3927",1.8608,"1","P049",1,"1"
"3928",0.7845,"1","P049",1,"1"
"3929",1.8301,"1","P049",1,"1"
"3930",1.888,"1","P049",1,"1"
"3931",0.875,"1","P049",1,"1"
"3932",0.9066,"0","P049",1,"0"
"3933",0.6842,"1","P049",1,"1"
"3934",1.6002,"0","P049",1,"0"
"3935",1.0639,"0","P049",1,"0"
"3936",1.1537,"1","P049",1,"1"
"3937",0.9613,"1","P049",1,"1"
"3938",1.0171,"0","P049",1,"0"
"3939",2.3027,"1","P049",0,"0"
"3940",0.6935,"1","P049",1,"1"
"3941",1.0863,"1","P049",1,"1"
"3942",0.8001,"1","P049",1,"1"
"3943",1.6129,"1","P049",1,"1"
"3944",0.8666,"1","P049",1,"1"
"3945",1.7724,"1","P049",0,"0"
"3946",1.2091,"0","P049",1,"0"
"3947",1.0981,"1","P049",1,"1"
"3948",1.0006,"0","P049",1,"0"
"3949",1.8736,"1","P049",1,"1"
"3950",0.9821,"0","P049",1,"0"
"3951",1.435,"0","P049",1,"0"
"3952",0.7676,"1","P049",1,"1"
"3953",1.7684,"0","P049",1,"0"
"3954",0.9752,"1","P049",1,"1"
"3955",2.2611,"1","P049",1,"1"
"3956",0.8239,"1","P049",1,"1"
"3957",0.8535,"1","P049",1,"1"
"3958",0.8052,"1","P049",1,"1"
"3959",0.726,"1","P049",1,"1"
"3960",0.9697,"0","P049",1,"0"
"3961",3.3335,"1","P049",1,"1"
"3962",2.6963,"0","P049",1,"0"
"3963",0.8512,"0","P049",1,"0"
"3964",1.1378,"0","P049",1,"0"
"3965",0.9776,"1","P049",1,"1"
"3966",1.4966,"1","P049",0,"0"
"3967",1.0793,"1","P049",1,"1"
"3968",1.0139,"0","P049",1,"0"
"3969",0.9126,"1","P049",1,"1"
"3970",1.2034,"1","P049",1,"1"
"3971",0.6001,"1","P049",1,"1"
"3972",0.971,"1","P049",1,"1"
"3973",0.7717,"1","P049",0,"0"
"3974",1.3414,"0","P049",1,"0"
"3975",1.1024,"1","P049",1,"1"
"3976",1.5473,"1","P049",1,"1"
"3977",1.7698,"1","P049",1,"1"
"3978",1.6965,"1","P049",1,"1"
"3979",0.9935,"1","P049",1,"1"
"3980",0.9553,"1","P049",0,"0"
"3981",0.857,"0","P049",1,"0"
"3982",0.9828,"1","P049",1,"1"
"3983",2.3574,"1","P049",1,"1"
"3984",0.7972,"0","P049",1,"0"
"3985",2.7088,"1","P049",0,"0"
"3986",0.8297,"0","P049",1,"0"
"3987",0.9024,"1","P049",1,"1"
"3988",0.6482,"1","P049",0,"0"
"3989",0.9149,"0","P049",1,"0"
"3990",0.8716,"1","P049",0,"0"
"3991",1.2716,"1","P049",0,"0"
"3992",0.9862,"0","P049",1,"0"
"3993",2.042,"1","P049",0,"0"
"3994",0.7437,"1","P049",1,"1"
"3995",1.5295,"1","P049",1,"1"
"3996",0.6392,"1","P049",1,"1"
"3997",1.0241,"0","P049",1,"0"
"3998",0.8378,"0","P049",1,"0"
"3999",1.3185,"1","P049",1,"1"
"4000",1.2124,"1","P049",0,"0"
"4001",1.6261,"1","P049",1,"1"
"4002",1.8338,"1","P049",1,"1"
"4003",1.9537,"0","P049",1,"0"
"4004",1.0283,"0","P049",0,"1"
"4005",1.8073,"1","P049",1,"1"
"4006",2.1541,"1","P049",0,"0"
"4007",4.1957,"1","P050",1,"1"
"4008",1.9184,"1","P050",1,"1"
"4009",1.7179,"1","P050",0,"0"
"4010",1.0557,"1","P050",1,"1"
"4011",1.4815,"1","P050",0,"0"
"4012",0.9283,"1","P050",1,"1"
"4013",1.0241,"1","P050",1,"1"
"4014",0.9158,"0","P050",1,"0"
"4015",0.6096,"1","P050",1,"1"
"4016",1.6363,"0","P050",0,"1"
"4017",0.908,"0","P050",1,"0"
"4018",2.2518,"1","P050",1,"1"
"4019",1.1356,"1","P050",1,"1"
"4020",0.9253,"0","P050",1,"0"
"4021",0.9001,"1","P050",1,"1"
"4022",0.9279,"1","P050",1,"1"
"4023",0.8177,"1","P050",1,"1"
"4024",0.7304,"1","P050",1,"1"
"4025",0.7192,"1","P050",1,"1"
"4026",2.1279,"1","P050",0,"0"
"4027",0.7597,"1","P050",1,"1"
"4028",1.0085,"0","P050",1,"0"
"4029",1.9452,"1","P050",0,"0"
"4030",0.9439,"0","P050",1,"0"
"4031",2.1817,"1","P050",0,"0"
"4032",1.9125,"0","P050",0,"1"
"4033",1.8933,"0","P050",1,"0"
"4034",0.944,"1","P050",1,"1"
"4035",0.9108,"0","P050",1,"0"
"4036",2.4636,"1","P050",0,"0"
"4037",1.9284,"1","P050",1,"1"
"4038",1.1031,"1","P050",0,"0"
"4039",0.8709,"1","P050",1,"1"
"4040",0.8256,"1","P050",1,"1"
"4041",0.6714,"1","P050",1,"1"
"4042",0.7941,"0","P050",1,"0"
"4043",2.2519,"1","P050",1,"1"
"4044",2.3168,"0","P050",1,"0"
"4045",0.7885,"0","P050",1,"0"
"4046",0.8752,"0","P050",1,"0"
"4047",2.747,"1","P050",0,"0"
"4048",1.2528,"1","P050",0,"0"
"4049",1.1765,"1","P050",0,"0"
"4050",0.9142,"0","P050",1,"0"
"4051",1.155,"1","P050",0,"0"
"4052",1.1508,"1","P050",1,"1"
"4053",0.7035,"1","P050",1,"1"
"4054",2.5943,"1","P050",1,"1"
"4055",0.6711,"1","P050",0,"0"
"4056",0.9798,"0","P050",1,"0"
"4057",1.7016,"1","P050",0,"0"
"4058",1.6734,"1","P050",0,"0"
"4059",0.8421,"1","P050",0,"0"
"4060",0.7229,"1","P050",0,"0"
"4061",0.7937,"1","P050",1,"1"
"4062",0.6884,"1","P050",0,"0"
"4063",1.3752,"0","P050",1,"0"
"4064",0.8399,"1","P050",1,"1"
"4065",1.4997,"1","P050",0,"0"
"4066",0.8604,"0","P050",1,"0"
"4067",1.6172,"1","P050",0,"0"
"4068",0.992,"0","P050",1,"0"
"4069",0.8548,"1","P050",1,"1"
"4070",1.0765,"1","P050",1,"1"
"4071",1.5023,"0","P050",1,"0"
"4072",1.2311,"1","P050",1,"1"
"4073",0.9448,"1","P050",0,"0"
"4074",2.1226,"0","P050",1,"0"
"4075",1.7524,"1","P050",1,"1"
"4076",2.0081,"1","P050",1,"1"
"4077",0.8538,"1","P050",0,"0"
"4078",0.7636,"1","P050",1,"1"
"4079",0.6884,"0","P050",1,"0"
"4080",0.9452,"0","P050",1,"0"
"4081",2.2289,"1","P050",1,"1"
"4082",1.0797,"1","P050",0,"0"
"4083",0.6695,"1","P050",0,"0"
"4084",4.0272,"1","P050",0,"0"
"4085",2.2729,"0","P050",1,"0"
"4086",0.6998,"0","P050",1,"0"
"4087",1.6025,"1","P050",0,"0"
"4088",2.6782,"1","P050",1,"1"
"4089",2.0772,"1","P051",1,"1"
"4090",1.3409,"1","P051",0,"0"
"4091",1.0986,"0","P051",0,"1"
"4092",0.8454,"1","P051",1,"1"
"4093",0.7861,"1","P051",1,"1"
"4094",0.7318,"1","P051",1,"1"
"4095",0.7866,"1","P051",1,"1"
"4096",2.0273,"1","P051",0,"0"
"4097",1.5491,"0","P051",1,"0"
"4098",0.643,"1","P051",1,"1"
"4099",1.4887,"0","P051",1,"0"
"4100",1.1935,"0","P051",0,"1"
"4101",1.5403,"1","P051",0,"0"
"4102",0.825,"1","P051",1,"1"
"4103",1.0675,"0","P051",1,"0"
"4104",0.7456,"1","P051",1,"1"
"4105",0.7323,"1","P051",1,"1"
"4106",1.266,"1","P051",1,"1"
"4107",1.0049,"1","P051",1,"1"
"4108",0.8587,"1","P051",1,"1"
"4109",1.3054,"1","P051",1,"1"
"4110",1.1672,"1","P051",1,"1"
"4111",1.664,"0","P051",1,"0"
"4112",1.5617,"1","P051",0,"0"
"4113",0.9634,"0","P051",1,"0"
"4114",1.3882,"1","P051",1,"1"
"4115",3.0329,"0","P051",1,"0"
"4116",1.2497,"0","P051",1,"0"
"4117",0.9815,"1","P051",1,"1"
"4118",2.4022,"0","P051",0,"1"
"4119",1.025,"1","P051",1,"1"
"4120",1.0928,"1","P051",0,"0"
"4121",1.8046,"1","P051",1,"1"
"4122",1.1403,"1","P051",1,"1"
"4123",1.1441,"1","P051",1,"1"
"4124",0.7059,"1","P051",1,"1"
"4125",1.7447,"0","P051",1,"0"
"4126",1.0975,"1","P051",1,"1"
"4127",0.7201,"0","P051",0,"1"
"4128",1.1879,"0","P051",1,"0"
"4129",0.8326,"0","P051",0,"1"
"4130",2.5373,"1","P051",1,"1"
"4131",0.9981,"1","P051",1,"1"
"4132",0.8479,"1","P051",0,"0"
"4133",2.0294,"0","P051",0,"1"
"4134",0.8395,"1","P051",1,"1"
"4135",2.8002,"1","P051",1,"1"
"4136",0.607,"1","P051",1,"1"
"4137",0.8018,"1","P051",1,"1"
"4138",0.6515,"1","P051",0,"0"
"4139",1.0893,"0","P051",1,"0"
"4140",0.8277,"1","P051",0,"0"
"4141",1.1808,"1","P051",0,"0"
"4142",2.5516,"1","P051",1,"1"
"4143",0.8894,"1","P051",1,"1"
"4144",2.3381,"1","P051",0,"0"
"4145",2.6238,"1","P051",0,"0"
"4146",0.8727,"0","P051",1,"0"
"4147",0.6953,"1","P051",1,"1"
"4148",1.4082,"1","P051",0,"0"
"4149",0.9259,"0","P051",1,"0"
"4150",0.8856,"1","P051",1,"1"
"4151",0.9574,"0","P051",1,"0"
"4152",0.7822,"1","P051",1,"1"
"4153",1.125,"1","P051",1,"1"
"4154",1.9237,"0","P051",1,"0"
"4155",1.6795,"1","P051",1,"1"
"4156",1.1463,"1","P051",1,"1"
"4157",1.5351,"0","P051",1,"0"
"4158",0.9698,"1","P051",0,"0"
"4159",1.1785,"1","P051",0,"0"
"4160",1.3953,"1","P051",1,"1"
"4161",0.6651,"1","P051",1,"1"
"4162",0.8599,"0","P051",1,"0"
"4163",0.8846,"0","P051",1,"0"
"4164",0.8754,"1","P051",1,"1"
"4165",3.0941,"1","P051",0,"0"
"4166",0.9458,"1","P051",0,"0"
"4167",1.2847,"1","P051",0,"0"
"4168",1.2024,"0","P051",1,"0"
"4169",0.8462,"0","P051",1,"0"
"4170",1.4849,"1","P051",1,"1"
"4171",1.4297,"1","P051",1,"1"
"4172",2.5696,"1","P052",0,"0"
"4173",1.1342,"1","P052",0,"0"
"4174",1.0541,"0","P052",1,"0"
"4175",1.0768,"1","P052",1,"1"
"4176",1.0776,"1","P052",1,"1"
"4177",1.3354,"1","P052",1,"1"
"4178",1.3031,"1","P052",1,"1"
"4179",0.757,"1","P052",0,"0"
"4180",0.7196,"0","P052",1,"0"
"4181",0.6514,"1","P052",1,"1"
"4182",1.0308,"0","P052",1,"0"
"4183",1.117,"0","P052",1,"0"
"4184",0.8147,"1","P052",0,"0"
"4185",1.4175,"1","P052",1,"1"
"4186",0.9922,"0","P052",1,"0"
"4187",0.9359,"1","P052",1,"1"
"4188",0.7468,"1","P052",1,"1"
"4189",1.2075,"1","P052",1,"1"
"4190",0.9643,"1","P052",1,"1"
"4191",1.098,"1","P052",1,"1"
"4192",1.1898,"1","P052",1,"1"
"4193",0.9016,"1","P052",1,"1"
"4194",1.0613,"0","P052",1,"0"
"4195",0.9171,"1","P052",1,"1"
"4196",1.5749,"0","P052",1,"0"
"4197",1.4147,"1","P052",1,"1"
"4198",0.8024,"0","P052",1,"0"
"4199",1.1232,"0","P052",1,"0"
"4200",1.269,"1","P052",1,"1"
"4201",1.9367,"0","P052",1,"0"
"4202",1.3984,"1","P052",0,"0"
"4203",0.7912,"1","P052",0,"0"
"4204",1.291,"1","P052",1,"1"
"4205",0.6407,"1","P052",0,"0"
"4206",1.1825,"1","P052",1,"1"
"4207",0.7534,"1","P052",1,"1"
"4208",0.8259,"0","P052",1,"0"
"4209",0.8358,"1","P052",0,"0"
"4210",1.1275,"0","P052",0,"1"
"4211",1.2793,"0","P052",0,"1"
"4212",0.9711,"0","P052",1,"0"
"4213",1.2278,"1","P052",1,"1"
"4214",1.6846,"1","P052",1,"1"
"4215",0.7974,"1","P052",1,"1"
"4216",0.9142,"0","P052",1,"0"
"4217",0.722,"1","P052",1,"1"
"4218",1.3387,"1","P052",0,"0"
"4219",0.6424,"1","P052",1,"1"
"4220",1.3702,"1","P052",1,"1"
"4221",1.7779,"1","P052",1,"1"
"4222",1.3547,"0","P052",1,"0"
"4223",0.8435,"1","P052",0,"0"
"4224",0.8342,"1","P052",1,"1"
"4225",1.1579,"1","P052",0,"0"
"4226",0.8888,"1","P052",1,"1"
"4227",1.3256,"1","P052",1,"1"
"4228",1.1123,"1","P052",0,"0"
"4229",0.8011,"0","P052",1,"0"
"4230",0.7528,"1","P052",1,"1"
"4231",0.6506,"1","P052",1,"1"
"4232",1.2323,"0","P052",1,"0"
"4233",0.9351,"1","P052",1,"1"
"4234",1.1209,"0","P052",1,"0"
"4235",0.9676,"1","P052",1,"1"
"4236",1.2034,"1","P052",1,"1"
"4237",1.0022,"0","P052",1,"0"
"4238",0.8449,"1","P052",0,"0"
"4239",0.6577,"1","P052",0,"0"
"4240",0.7575,"0","P052",0,"1"
"4241",0.6912,"1","P052",0,"0"
"4242",2.682,"1","P052",0,"0"
"4243",0.9837,"1","P052",1,"1"
"4244",0.7225,"1","P052",1,"1"
"4245",0.8843,"0","P052",1,"0"
"4246",0.925,"0","P052",1,"0"
"4247",0.9729,"1","P052",1,"1"
"4248",0.6546,"1","P052",1,"1"
"4249",0.7654,"1","P052",0,"0"
"4250",2.2831,"1","P052",1,"1"
"4251",0.7209,"0","P052",1,"0"
"4252",1.1766,"0","P052",1,"0"
"4253",1.1474,"1","P052",0,"0"
"4254",0.7179,"1","P052",0,"0"
"4255",1.255,"1","P054",1,"1"
"4256",0.7128,"1","P054",1,"1"
"4257",1.0697,"0","P054",1,"0"
"4258",0.6613,"1","P054",1,"1"
"4259",0.5871,"1","P054",1,"1"
"4260",0.6609,"1","P054",0,"0"
"4261",0.9146,"1","P054",1,"1"
"4262",1.0154,"1","P054",0,"0"
"4263",0.7331,"0","P054",1,"0"
"4264",0.5089,"1","P054",1,"1"
"4265",0.6247,"0","P054",1,"0"
"4266",0.6484,"0","P054",1,"0"
"4267",0.6242,"1","P054",1,"1"
"4268",0.955,"1","P054",1,"1"
"4269",0.6507,"0","P054",1,"0"
"4270",1.1615,"1","P054",0,"0"
"4271",0.5653,"1","P054",1,"1"
"4272",0.726,"1","P054",1,"1"
"4273",0.6468,"1","P054",1,"1"
"4274",0.6615,"1","P054",1,"1"
"4275",1.2473,"1","P054",0,"0"
"4276",0.799,"1","P054",0,"0"
"4277",0.6418,"0","P054",1,"0"
"4278",0.6816,"1","P054",1,"1"
"4279",0.5544,"0","P054",1,"0"
"4280",0.6511,"1","P054",1,"1"
"4281",0.5849,"0","P054",1,"0"
"4282",0.8606,"0","P054",1,"0"
"4283",1.0594,"1","P054",1,"1"
"4284",0.9581,"0","P054",1,"0"
"4285",1.2869,"1","P054",1,"1"
"4286",1.2647,"1","P054",0,"0"
"4287",0.6674,"1","P054",1,"1"
"4288",0.7362,"1","P054",1,"1"
"4289",1.0481,"1","P054",0,"0"
"4290",0.5639,"1","P054",1,"1"
"4291",0.5806,"0","P054",1,"0"
"4292",0.8963,"1","P054",1,"1"
"4293",0.7251,"0","P054",1,"0"
"4294",0.6368,"0","P054",1,"0"
"4295",0.7016,"0","P054",1,"0"
"4296",1.0053,"1","P054",0,"0"
"4297",1.7701,"1","P054",0,"0"
"4298",0.7398,"1","P054",1,"1"
"4299",1.0276,"0","P054",1,"0"
"4300",0.6564,"1","P054",1,"1"
"4301",1.5341,"1","P054",0,"0"
"4302",0.5279,"1","P054",1,"1"
"4303",1.3087,"1","P054",0,"0"
"4304",0.7024,"1","P054",1,"1"
"4305",0.6582,"0","P054",1,"0"
"4306",1.826,"1","P054",1,"1"
"4307",0.9618,"1","P054",1,"1"
"4308",0.7405,"1","P054",1,"1"
"4309",1.5523,"1","P054",1,"1"
"4310",0.8112,"1","P054",1,"1"
"4311",0.6008,"1","P054",0,"0"
"4312",0.7087,"0","P054",1,"0"
"4313",0.8755,"1","P054",1,"1"
"4314",0.697,"1","P054",1,"1"
"4315",1.2398,"0","P054",1,"0"
"4316",1.3606,"1","P054",0,"0"
"4317",1.5583,"0","P054",1,"0"
"4318",1.0031,"1","P054",1,"1"
"4319",0.7409,"1","P054",1,"1"
"4320",1.7386,"0","P054",1,"0"
"4321",0.7434,"1","P054",1,"1"
"4322",1.1711,"1","P054",1,"1"
"4323",1.0289,"0","P054",1,"0"
"4324",0.6267,"1","P054",0,"0"
"4325",1.7225,"1","P054",0,"0"
"4326",1.0762,"1","P054",1,"1"
"4327",0.926,"1","P054",1,"1"
"4328",0.6417,"0","P054",1,"0"
"4329",1.0645,"0","P054",1,"0"
"4330",0.5833,"1","P054",1,"1"
"4331",1.265,"1","P054",0,"0"
"4332",0.7658,"1","P054",1,"1"
"4333",0.8456,"1","P054",1,"1"
"4334",1.0324,"0","P054",1,"0"
"4335",0.9661,"0","P054",1,"0"
"4336",1.2949,"1","P054",0,"0"
"4337",0.7496,"1","P054",0,"0"
"4338",2.1802,"1","P055",1,"1"
"4339",0.9949,"1","P055",1,"1"
"4340",1.1267,"0","P055",1,"0"
"4341",0.9994,"1","P055",1,"1"
"4342",0.9142,"1","P055",1,"1"
"4343",1.457,"1","P055",1,"1"
"4344",1.1197,"1","P055",1,"1"
"4345",3.1865,"1","P055",1,"1"
"4346",1.7803,"0","P055",1,"0"
"4347",0.792,"1","P055",1,"1"
"4348",1.6427,"0","P055",1,"0"
"4349",1.7335,"0","P055",1,"0"
"4350",1.3033,"1","P055",1,"1"
"4351",1.0621,"1","P055",1,"1"
"4352",0.9977,"0","P055",1,"0"
"4353",3.0436,"1","P055",1,"1"
"4354",3.3044,"1","P055",1,"1"
"4355",1.8331,"1","P055",1,"1"
"4356",0.8308,"1","P055",1,"1"
"4357",1.2567,"1","P055",0,"0"
"4358",1.1654,"1","P055",1,"1"
"4359",0.8732,"1","P055",1,"1"
"4360",1.138,"0","P055",1,"0"
"4361",1.2377,"1","P055",1,"1"
"4362",1.7565,"0","P055",1,"0"
"4363",1.9422,"1","P055",0,"0"
"4364",1.846,"0","P055",1,"0"
"4365",2.6088,"0","P055",1,"0"
"4366",0.9985,"1","P055",1,"1"
"4367",1.5343,"0","P055",1,"0"
"4368",1.1011,"1","P055",1,"1"
"4369",3.3728,"1","P055",0,"0"
"4370",0.9376,"1","P055",1,"1"
"4371",1.2513,"1","P055",0,"0"
"4372",1.0971,"1","P055",1,"1"
"4373",1.0019,"1","P055",1,"1"
"4374",0.9936,"0","P055",1,"0"
"4375",2.2174,"1","P055",0,"0"
"4376",2.0142,"0","P055",1,"0"
"4377",1.2189,"0","P055",1,"0"
"4378",1.0727,"0","P055",1,"0"
"4379",0.8455,"1","P055",1,"1"
"4380",1.8542,"1","P055",1,"1"
"4381",0.866,"1","P055",1,"1"
"4382",0.8097,"0","P055",1,"0"
"4383",0.7685,"1","P055",1,"1"
"4384",2.3893,"1","P055",0,"0"
"4385",0.621,"1","P055",1,"1"
"4386",0.9958,"1","P055",1,"1"
"4387",0.8625,"1","P055",1,"1"
"4388",1.1544,"0","P055",1,"0"
"4389",0.8191,"1","P055",1,"1"
"4390",1.1298,"1","P055",1,"1"
"4391",0.9666,"1","P055",1,"1"
"4392",0.7304,"1","P055",1,"1"
"4393",0.9512,"1","P055",1,"1"
"4394",2.0439,"1","P055",0,"0"
"4395",1.3861,"0","P055",1,"0"
"4396",1.2284,"1","P055",1,"1"
"4397",1.0692,"1","P055",1,"1"
"4398",1.246,"0","P055",1,"0"
"4399",3.3627,"1","P055",0,"0"
"4400",1.0855,"0","P055",1,"0"
"4401",0.8015,"1","P055",1,"1"
"4402",0.702,"1","P055",1,"1"
"4403",1.2737,"0","P055",1,"0"
"4404",1.5495,"1","P055",1,"1"
"4405",1.4043,"1","P055",0,"0"
"4406",1.7521,"0","P055",1,"0"
"4407",4.2878,"1","P055",0,"0"
"4408",1.3536,"1","P055",1,"1"
"4409",1.1473,"1","P055",1,"1"
"4410",0.8491,"1","P055",1,"1"
"4411",1.2329,"0","P055",1,"0"
"4412",2.0206,"0","P055",1,"0"
"4413",0.8434,"1","P055",1,"1"
"4414",0.9402,"1","P055",1,"1"
"4415",1.0519,"1","P055",1,"1"
"4416",0.8167,"1","P055",1,"1"
"4417",0.9594,"0","P055",1,"0"
"4418",1.0722,"0","P055",1,"0"
"4419",1.362,"1","P055",1,"1"
"4420",1.4978,"1","P055",1,"1"
"4421",1.8807,"1","P056",0,"0"
"4422",1.4385,"1","P056",1,"1"
"4423",1.2652,"0","P056",1,"0"
"4424",1.4781,"1","P056",1,"1"
"4425",1.4628,"1","P056",1,"1"
"4426",1.9565,"1","P056",0,"0"
"4427",0.9913,"1","P056",0,"0"
"4428",1.225,"1","P056",0,"0"
"4429",1.3648,"0","P056",1,"0"
"4430",1.0856,"1","P056",1,"1"
"4431",1.7823,"0","P056",0,"1"
"4432",1.5511,"0","P056",1,"0"
"4433",1.305,"1","P056",1,"1"
"4434",2.2598,"1","P056",1,"1"
"4435",1.2735,"0","P056",1,"0"
"4436",1.3653,"1","P056",1,"1"
"4437",1.3391,"1","P056",1,"1"
"4438",1.2517,"1","P056",0,"0"
"4439",1.4406,"1","P056",1,"1"
"4440",2.5153,"1","P056",0,"0"
"4441",2.489,"1","P056",1,"1"
"4442",1.4129,"1","P056",1,"1"
"4443",1.4255,"0","P056",0,"1"
"4444",1.4864,"1","P056",0,"0"
"4445",1.0831,"0","P056",1,"0"
"4446",2.3358,"1","P056",1,"1"
"4447",1.9747,"0","P056",1,"0"
"4448",1.5275,"0","P056",1,"0"
"4449",1.3292,"1","P056",1,"1"
"4450",1.6398,"0","P056",0,"1"
"4451",1.6856,"1","P056",1,"1"
"4452",1.0954,"1","P056",1,"1"
"4453",1.6363,"1","P056",1,"1"
"4454",2.453,"1","P056",0,"0"
"4455",1.5927,"1","P056",0,"0"
"4456",1.1855,"1","P056",1,"1"
"4457",2.2103,"0","P056",0,"1"
"4458",3.164,"1","P056",1,"1"
"4459",2.0527,"0","P056",1,"0"
"4460",2.8315,"0","P056",0,"1"
"4461",1.3643,"0","P056",0,"1"
"4462",2.7391,"1","P056",0,"0"
"4463",1.1259,"1","P056",1,"1"
"4464",1.2365,"1","P056",1,"1"
"4465",1.9204,"0","P056",1,"0"
"4466",1.3441,"1","P056",1,"1"
"4467",1.8909,"1","P056",1,"1"
"4468",2.5747,"1","P056",1,"1"
"4469",1.0024,"1","P056",1,"1"
"4470",1.3162,"1","P056",1,"1"
"4471",2.065,"0","P056",1,"0"
"4472",1.2287,"1","P056",1,"1"
"4473",1.9554,"1","P056",0,"0"
"4474",1.5542,"1","P056",1,"1"
"4475",2.2439,"1","P056",1,"1"
"4476",1.6458,"1","P056",1,"1"
"4477",3.6705,"1","P056",0,"0"
"4478",2.1232,"0","P056",1,"0"
"4479",1.418,"1","P056",1,"1"
"4480",1.9518,"1","P056",1,"1"
"4481",4.0505,"0","P056",1,"0"
"4482",2.5114,"1","P056",1,"1"
"4483",1.2644,"0","P056",1,"0"
"4484",1.3098,"1","P056",1,"1"
"4485",1.8548,"1","P056",1,"1"
"4486",2.7714,"0","P056",0,"1"
"4487",3.0281,"1","P056",1,"1"
"4488",1.8159,"1","P056",0,"0"
"4489",1.0586,"0","P056",0,"1"
"4490",2.3005,"1","P056",0,"0"
"4491",1.9253,"1","P056",0,"0"
"4492",1.7119,"1","P056",0,"0"
"4493",1.7877,"1","P056",1,"1"
"4494",2.2794,"0","P056",1,"0"
"4495",1.0372,"0","P056",1,"0"
"4496",1.421,"1","P056",1,"1"
"4497",2.7838,"1","P056",1,"1"
"4498",1.2125,"1","P056",0,"0"
"4499",1.2953,"1","P056",0,"0"
"4500",0.9151,"0","P056",1,"0"
"4501",1.8218,"0","P056",1,"0"
"4502",1.2966,"1","P056",0,"0"
"4503",2.3494,"1","P056",1,"1"
"4504",1.3422,"1","P057",1,"1"
"4505",0.8159,"1","P057",1,"1"
"4506",2.8137,"0","P057",1,"0"
"4507",0.9014,"1","P057",1,"1"
"4508",0.8722,"1","P057",1,"1"
"4509",0.6777,"1","P057",1,"1"
"4510",0.6647,"1","P057",1,"1"
"4511",3.1085,"1","P057",0,"0"
"4512",0.7233,"0","P057",1,"0"
"4513",0.5391,"1","P057",1,"1"
"4514",2.5148,"0","P057",0,"1"
"4515",0.9626,"0","P057",0,"1"
"4516",0.5203,"1","P057",1,"1"
"4517",1.6181,"1","P057",0,"0"
"4518",1.4995,"0","P057",1,"0"
"4519",0.5906,"1","P057",1,"1"
"4520",0.7164,"1","P057",1,"1"
"4521",1.4342,"1","P057",0,"0"
"4522",0.9109,"1","P057",1,"1"
"4523",0.8206,"1","P057",1,"1"
"4524",2.8425,"1","P057",1,"1"
"4525",0.9962,"1","P057",0,"0"
"4526",0.707,"0","P057",1,"0"
"4527",1.5686,"1","P057",0,"0"
"4528",0.9575,"0","P057",1,"0"
"4529",0.6943,"1","P057",1,"1"
"4530",2.438,"0","P057",0,"1"
"4531",1.2967,"0","P057",1,"0"
"4532",1.0125,"1","P057",1,"1"
"4533",2.6553,"0","P057",1,"0"
"4534",0.9081,"1","P057",1,"1"
"4535",0.9218,"1","P057",0,"0"
"4536",3.6946,"1","P057",1,"1"
"4537",2.6963,"1","P057",0,"0"
"4538",0.9921,"1","P057",0,"0"
"4539",0.7949,"1","P057",1,"1"
"4540",1.2017,"0","P057",1,"0"
"4541",2.4394,"1","P057",1,"1"
"4542",1.6242,"0","P057",0,"1"
"4543",1.0309,"0","P057",1,"0"
"4544",2.3327,"0","P057",1,"0"
"4545",1.5365,"1","P057",0,"0"
"4546",1.6792,"1","P057",0,"0"
"4547",2.564,"1","P057",0,"0"
"4548",2.3737,"0","P057",1,"0"
"4549",0.7785,"1","P057",1,"1"
"4550",3.0632,"1","P057",0,"0"
"4551",0.876,"1","P057",1,"1"
"4552",1.5658,"1","P057",1,"1"
"4553",0.8995,"1","P057",1,"1"
"4554",1.6714,"0","P057",1,"0"
"4555",1.6461,"1","P057",0,"0"
"4556",1.5088,"1","P057",0,"0"
"4557",1.3577,"1","P057",1,"1"
"4558",2.7374,"1","P057",1,"1"
"4559",2.7112,"1","P057",1,"1"
"4560",2.2209,"1","P057",0,"0"
"4561",0.9281,"0","P057",1,"0"
"4562",1.5444,"1","P057",1,"1"
"4563",1.6453,"1","P057",1,"1"
"4564",1.1103,"0","P057",1,"0"
"4565",1.6387,"1","P057",1,"1"
"4566",1.4315,"0","P057",1,"0"
"4567",1.75,"1","P057",0,"0"
"4568",0.837,"1","P057",1,"1"
"4569",3.6528,"0","P057",0,"1"
"4570",1.4716,"1","P057",1,"1"
"4571",1.0113,"1","P057",0,"0"
"4572",1.716,"0","P057",1,"0"
"4573",1.0308,"1","P057",0,"0"
"4574",1.6366,"1","P057",1,"1"
"4575",0.9353,"1","P057",0,"0"
"4576",1.5431,"1","P057",0,"0"
"4577",1.5339,"0","P057",1,"0"
"4578",0.9964,"0","P057",1,"0"
"4579",0.9104,"1","P057",1,"1"
"4580",2.0692,"1","P057",0,"0"
"4581",0.9189,"1","P057",0,"0"
"4582",2.7967,"1","P057",1,"1"
"4583",1.4695,"0","P057",1,"0"
"4584",0.7952,"0","P057",1,"0"
"4585",1.3129,"1","P057",1,"1"
"4586",1.1567,"1","P057",0,"0"
"4587",1.3912,"1","P058",0,"0"
"4588",1.4079,"1","P058",0,"0"
"4589",1.0777,"0","P058",1,"0"
"4590",0.6204,"1","P058",1,"1"
"4591",0.7162,"1","P058",1,"1"
"4592",1.146,"1","P058",0,"0"
"4593",0.9237,"1","P058",1,"1"
"4594",0.9572,"1","P058",0,"0"
"4595",0.6293,"0","P058",1,"0"
"4596",0.5461,"1","P058",1,"1"
"4597",0.8808,"0","P058",1,"0"
"4598",1.6876,"0","P058",1,"0"
"4599",0.9213,"1","P058",1,"1"
"4600",0.8881,"1","P058",1,"1"
"4601",0.6949,"0","P058",1,"0"
"4602",0.8916,"1","P058",0,"0"
"4603",0.8094,"1","P058",1,"1"
"4604",1.9151,"1","P058",1,"1"
"4605",0.9949,"1","P058",0,"0"
"4606",0.8516,"1","P058",1,"1"
"4607",1.0384,"1","P058",0,"0"
"4608",1.0452,"1","P058",0,"0"
"4609",0.788,"0","P058",1,"0"
"4610",1.0917,"1","P058",0,"0"
"4611",0.7485,"0","P058",1,"0"
"4612",0.9143,"1","P058",1,"1"
"4613",0.7877,"0","P058",1,"0"
"4614",0.9286,"0","P058",1,"0"
"4615",0.8945,"1","P058",1,"1"
"4616",1.1223,"0","P058",1,"0"
"4617",0.8489,"1","P058",0,"0"
"4618",0.6917,"1","P058",0,"0"
"4619",0.7906,"1","P058",1,"1"
"4620",0.8984,"1","P058",1,"1"
"4621",0.7281,"1","P058",0,"0"
"4622",0.5669,"1","P058",1,"1"
"4623",0.6395,"0","P058",1,"0"
"4624",0.6444,"1","P058",0,"0"
"4625",0.8671,"0","P058",0,"1"
"4626",0.7509,"0","P058",1,"0"
"4627",0.8537,"0","P058",1,"0"
"4628",0.6734,"1","P058",0,"0"
"4629",0.8882,"1","P058",0,"0"
"4630",0.749,"1","P058",0,"0"
"4631",0.6676,"0","P058",0,"1"
"4632",0.7825,"1","P058",0,"0"
"4633",0.8593,"1","P058",1,"1"
"4634",0.74,"1","P058",1,"1"
"4635",0.8388,"1","P058",1,"1"
"4636",0.9256,"1","P058",1,"1"
"4637",1.3363,"0","P058",1,"0"
"4638",0.7751,"1","P058",1,"1"
"4639",1.5358,"1","P058",0,"0"
"4640",0.7346,"1","P058",1,"1"
"4641",0.6964,"1","P058",0,"0"
"4642",1.4161,"1","P058",1,"1"
"4643",0.9989,"1","P058",0,"0"
"4644",1.6396,"0","P058",1,"0"
"4645",0.6554,"1","P058",0,"0"
"4646",1.1041,"1","P058",1,"1"
"4647",0.6588,"0","P058",1,"0"
"4648",0.4547,"1","P058",0,"0"
"4649",0.6615,"0","P058",1,"0"
"4650",0.7813,"1","P058",1,"1"
"4651",1.499,"1","P058",1,"1"
"4652",0.5148,"0","P058",1,"0"
"4653",0.9163,"1","P058",1,"1"
"4654",0.7743,"1","P058",0,"0"
"4655",0.9491,"0","P058",0,"1"
"4656",0.5008,"1","P058",0,"0"
"4657",0.5415,"1","P058",0,"0"
"4658",0.8683,"1","P058",0,"0"
"4659",0.8931,"1","P058",1,"1"
"4660",0.8158,"0","P058",0,"1"
"4661",0.6746,"0","P058",1,"0"
"4662",0.6754,"1","P058",1,"1"
"4663",0.5122,"1","P058",0,"0"
"4664",0.8499,"1","P058",1,"1"
"4665",0.7996,"1","P058",0,"0"
"4666",1.1135,"0","P058",0,"1"
"4667",0.8152,"0","P058",1,"0"
"4668",0.9929,"1","P058",0,"0"
"4669",0.9827,"1","P058",0,"0"
"4670",1.3474,"1","P059",0,"0"
"4671",0.9171,"1","P059",0,"0"
"4672",1.4991,"0","P059",0,"1"
"4673",0.8459,"1","P059",1,"1"
"4674",1.9677,"1","P059",1,"1"
"4675",1.1714,"1","P059",1,"1"
"4676",0.897,"1","P059",1,"1"
"4677",1.3257,"1","P059",0,"0"
"4678",1.8465,"0","P059",1,"0"
"4679",0.6342,"1","P059",1,"1"
"4680",1.449,"0","P059",0,"1"
"4681",1.3798,"0","P059",0,"1"
"4682",1.4295,"1","P059",1,"1"
"4683",0.7463,"1","P059",0,"0"
"4684",0.8091,"0","P059",1,"0"
"4685",1.2781,"1","P059",1,"1"
"4686",1.4256,"1","P059",1,"1"
"4687",3.1913,"1","P059",0,"0"
"4688",2.8063,"1","P059",1,"1"
"4689",1.1361,"1","P059",1,"1"
"4690",1.8949,"1","P059",0,"0"
"4691",2.6984,"1","P059",0,"0"
"4692",4.7892,"0","P059",1,"0"
"4693",3.0859,"1","P059",0,"0"
"4694",1.6188,"0","P059",1,"0"
"4695",0.6586,"1","P059",0,"0"
"4696",0.6512,"0","P059",1,"0"
"4697",0.697,"0","P059",1,"0"
"4698",0.5169,"1","P059",0,"0"
"4699",3.2678,"0","P059",1,"0"
"4700",2.2555,"1","P059",1,"1"
"4701",1.0582,"1","P059",0,"0"
"4702",2.1351,"1","P059",1,"1"
"4703",0.8228,"1","P059",0,"0"
"4704",2.4436,"1","P059",0,"0"
"4705",0.5804,"1","P059",1,"1"
"4706",1.1731,"0","P059",1,"0"
"4707",1.0709,"1","P059",0,"0"
"4708",1.1176,"0","P059",1,"0"
"4709",1.3774,"0","P059",1,"0"
"4710",2.1442,"0","P059",1,"0"
"4711",1.167,"1","P059",1,"1"
"4712",1.9407,"1","P059",0,"0"
"4713",2.0604,"1","P059",1,"1"
"4714",0.8573,"0","P059",1,"0"
"4715",1.226,"1","P059",0,"0"
"4716",0.8628,"1","P059",0,"0"
"4717",0.6986,"1","P059",1,"1"
"4718",2.2883,"1","P059",1,"1"
"4719",0.8821,"1","P059",1,"1"
"4720",1.5878,"0","P059",1,"0"
"4721",1.0696,"1","P059",0,"0"
"4722",1.0714,"1","P059",0,"0"
"4723",2.3331,"1","P059",0,"0"
"4724",0.8919,"1","P059",0,"0"
"4725",1.2997,"1","P059",0,"0"
"4726",0.6304,"1","P059",0,"0"
"4727",0.6501,"0","P059",1,"0"
"4728",0.9439,"1","P059",0,"0"
"4729",0.6377,"1","P059",0,"0"
"4730",0.8194,"0","P059",1,"0"
"4731",2.2732,"1","P059",1,"1"
"4732",2.2329,"0","P059",1,"0"
"4733",3.2598,"1","P059",1,"1"
"4734",0.6495,"1","P059",0,"0"
"4735",1.0923,"0","P059",1,"0"
"4736",1.9832,"1","P059",0,"0"
"4737",0.8358,"1","P059",0,"0"
"4738",1.0796,"0","P059",1,"0"
"4739",0.9874,"1","P059",0,"0"
"4740",0.8421,"1","P059",0,"0"
"4741",1.8978,"1","P059",0,"0"
"4742",0.6167,"1","P059",1,"1"
"4743",0.6664,"0","P059",1,"0"
"4744",1.6211,"0","P059",1,"0"
"4745",1.5549,"1","P059",1,"1"
"4746",0.8857,"1","P059",0,"0"
"4747",0.8914,"1","P059",0,"0"
"4748",0.7622,"1","P059",0,"0"
"4749",0.98,"0","P059",1,"0"
"4750",0.6867,"0","P059",1,"0"
"4751",0.6095,"1","P059",0,"0"
"4752",0.6362,"1","P059",0,"0"
