rt,response,subj_idx,condition,stim,correct
0.734093138785816,1.0,P001,none,0,1
1.0804634604116665,0.0,P001,none,0,0
0.9799223848155652,1.0,P001,none,0,1
1.0702635469383426,0.0,P001,none,0,0
0.9085974530707155,1.0,P001,none,0,1
0.9815694685580278,1.0,P001,none,0,1
1.2946020213552574,1.0,P001,none,0,1
0.6401624735747625,1.0,P001,none,0,1
0.7590350142650781,1.0,P001,none,0,1
1.6805379086426333,1.0,P001,none,0,1
0.6873893637544801,0.0,P001,none,0,0
1.0386181678213497,1.0,P001,none,0,1
0.9214484386200528,1.0,P001,none,0,1
1.036285689802248,1.0,P001,none,0,1
0.9475532702910437,1.0,P001,none,0,1
1.1296195436287308,1.0,P001,none,0,1
0.9000175789129127,1.0,P001,none,0,1
0.8023597019899017,1.0,P001,none,0,1
1.0164515877791542,1.0,P001,none,0,1
1.2536164241361725,1.0,P001,none,0,1
0.9795625412248374,1.0,P001,none,0,1
0.8154267382142923,1.0,P001,none,0,1
0.9315289170362123,0.0,P001,none,0,0
0.8065633384074995,1.0,P001,none,0,1
1.164816127404356,1.0,P001,none,0,1
0.9500768987284468,0.0,P001,none,0,0
0.8461271853663221,1.0,P001,none,0,1
1.0990864854103104,0.0,P001,none,0,0
1.1932732287377785,1.0,P001,none,0,1
0.8726593582389658,1.0,P001,none,0,1
1.0654655717862407,1.0,P001,none,0,1
1.2378461293407663,0.0,P001,none,0,0
0.8827587889365568,0.0,P001,none,0,0
1.4810840546498103,0.0,P001,none,0,0
1.0422748432960531,0.0,P001,none,0,0
1.4679824682669826,1.0,P001,none,0,1
0.6909638725056683,0.0,P001,none,0,0
1.7139671608661136,0.0,P001,none,0,0
0.8291925219194412,0.0,P001,none,0,0
0.7712195502289814,0.0,P001,none,0,0
0.8041638403462644,1.0,P001,none,0,1
0.9724821658283681,0.0,P001,none,0,0
0.9428413226994229,0.0,P001,none,0,0
1.267790497995325,0.0,P001,none,0,0
1.063515875369979,1.0,P001,none,0,1
1.232450068757114,1.0,P001,none,0,1
1.0853435403314058,0.0,P001,none,0,0
0.8530114558254006,0.0,P001,none,0,0
0.9194008059246532,1.0,P001,none,0,1
0.8289165445122776,0.0,P001,none,0,0
0.7662510543227866,1.0,P001,none,1,1
0.9416233703105529,1.0,P001,none,1,1
0.6444948914163091,1.0,P001,none,1,1
0.7038806911705486,1.0,P001,none,1,1
0.6546656232568187,1.0,P001,none,1,1
0.7008894447711329,1.0,P001,none,1,1
0.8696921784336498,1.0,P001,none,1,1
0.6158264968858344,1.0,P001,none,1,1
0.8095734661673196,1.0,P001,none,1,1
0.6755305688005375,1.0,P001,none,1,1
1.06185551504007,1.0,P001,none,1,1
0.879306516818586,1.0,P001,none,1,1
0.8868963594000492,1.0,P001,none,1,1
0.6444719805977169,1.0,P001,none,1,1
1.183252422889712,0.0,P001,none,1,0
0.890948904242013,1.0,P001,none,1,1
0.6586971373910803,1.0,P001,none,1,1
1.3230175809234859,1.0,P001,none,1,1
0.7412081180436202,1.0,P001,none,1,1
0.698436134467159,1.0,P001,none,1,1
0.7401029577313187,1.0,P001,none,1,1
0.7748043946140132,1.0,P001,none,1,1
0.7256770834616093,1.0,P001,none,1,1
0.7004738152751773,1.0,P001,none,1,1
0.6320181029818985,1.0,P001,none,1,1
0.5585798218286614,1.0,P001,none,1,1
0.8805365312029534,1.0,P001,none,1,1
0.6594583701971246,1.0,P001,none,1,1
0.7520285747322017,1.0,P001,none,1,1
0.6663248272437956,1.0,P001,none,1,1
0.5905919235132399,0.0,P001,none,1,0
0.6381522478002467,1.0,P001,none,1,1
0.8648207890129989,1.0,P001,none,1,1
0.6896901267210302,1.0,P001,none,1,1
0.743669522784692,1.0,P001,none,1,1
0.7276955785774328,1.0,P001,none,1,1
0.6074726813173927,1.0,P001,none,1,1
0.918299937295523,1.0,P001,none,1,1
0.7869037643817962,1.0,P001,none,1,1
0.7538612165095533,1.0,P001,none,1,1
0.7596767017837709,1.0,P001,none,1,1
0.6175394653993175,1.0,P001,none,1,1
0.7163583860681673,1.0,P001,none,1,1
0.6072226075678755,1.0,P001,none,1,1
0.6286755928724452,1.0,P001,none,1,1
0.6469980256198279,1.0,P001,none,1,1
0.7453520909140863,1.0,P001,none,1,1
0.6224938139721462,1.0,P001,none,1,1
0.7029611461903749,1.0,P001,none,1,1
0.5956760206585076,1.0,P001,none,1,1
0.9128167105420907,1.0,P002,none,0,1
1.8771061591474387,1.0,P002,none,0,1
0.7240760843020954,1.0,P002,none,0,1
1.9413115852985694,0.0,P002,none,0,0
0.5412928299413204,1.0,P002,none,0,1
1.6244228461608714,1.0,P002,none,0,1
0.9904853115940259,1.0,P002,none,0,1
0.7804875411394926,1.0,P002,none,0,1
0.6098861427369494,1.0,P002,none,0,1
0.7879065223607307,0.0,P002,none,0,0
0.7969765318072626,1.0,P002,none,0,1
0.9030315249317283,0.0,P002,none,0,0
0.887642444309967,1.0,P002,none,0,1
0.8332497815144924,1.0,P002,none,0,1
1.0333504667882245,1.0,P002,none,0,1
0.7912784191039223,1.0,P002,none,0,1
1.2573068494669963,1.0,P002,none,0,1
0.8887464431681178,0.0,P002,none,0,0
0.7463427661057638,1.0,P002,none,0,1
0.6947118642485629,1.0,P002,none,0,1
0.6347007176076515,1.0,P002,none,0,1
0.9052547420312518,1.0,P002,none,0,1
1.2409190373019572,0.0,P002,none,0,0
0.6105003604712955,1.0,P002,none,0,1
0.8954274464730775,0.0,P002,none,0,0
0.9246451693731447,1.0,P002,none,0,1
1.1445133442176716,0.0,P002,none,0,0
1.7910088766433663,0.0,P002,none,0,0
1.0890251347581072,0.0,P002,none,0,0
1.1872078443326193,0.0,P002,none,0,0
1.6919830137069236,0.0,P002,none,0,0
2.5968807767289213,1.0,P002,none,0,1
0.8547800803007728,1.0,P002,none,0,1
1.1782818996398756,0.0,P002,none,0,0
1.452945089830467,0.0,P002,none,0,0
0.8911644024074378,0.0,P002,none,0,0
2.467282582920082,1.0,P002,none,0,1
1.1590617978678543,0.0,P002,none,0,0
0.8745424477107226,1.0,P002,none,0,1
1.4661827607802655,1.0,P002,none,0,1
2.479650593596544,1.0,P002,none,0,1
0.896927575978085,0.0,P002,none,0,0
1.3075470539157559,0.0,P002,none,0,0
1.5023032336450004,0.0,P002,none,0,0
0.7874486152114017,1.0,P002,none,0,1
1.3865359516867286,1.0,P002,none,0,1
0.8977492423804105,1.0,P002,none,0,1
0.5789698322967982,1.0,P002,none,0,1
0.7890313225622448,0.0,P002,none,0,0
0.6983836591708936,0.0,P002,none,0,0
0.4734824588254523,1.0,P002,none,1,1
0.9263885294911859,1.0,P002,none,1,1
0.7081647451462261,1.0,P002,none,1,1
0.8674397233987006,1.0,P002,none,1,1
0.6647014300140459,1.0,P002,none,1,1
0.5319622956777558,1.0,P002,none,1,1
0.813986659840054,0.0,P002,none,1,0
0.741091846452739,1.0,P002,none,1,1
0.6131672742548016,1.0,P002,none,1,1
0.4320641104122617,1.0,P002,none,1,1
0.48228023066914477,1.0,P002,none,1,1
0.5312212203066218,1.0,P002,none,1,1
1.1685017025058864,0.0,P002,none,1,0
0.6298832075146411,1.0,P002,none,1,1
0.9658664645733517,1.0,P002,none,1,1
1.0508260342627804,1.0,P002,none,1,1
0.6217933580758862,1.0,P002,none,1,1
1.1741386714174682,1.0,P002,none,1,1
0.6269795617567934,1.0,P002,none,1,1
0.9158836433282057,1.0,P002,none,1,1
0.5577801654481993,1.0,P002,none,1,1
0.4600982249688598,1.0,P002,none,1,1
0.730281698726463,1.0,P002,none,1,1
0.42747078329790356,1.0,P002,none,1,1
0.7581290649380981,1.0,P002,none,1,1
0.9915659949117305,1.0,P002,none,1,1
0.5909028971255951,1.0,P002,none,1,1
0.5000740341036234,0.0,P002,none,1,0
0.6659878809398203,1.0,P002,none,1,1
1.1341341801537228,1.0,P002,none,1,1
0.7535295430464249,1.0,P002,none,1,1
2.299277181718485,1.0,P002,none,1,1
1.2950753352123865,1.0,P002,none,1,1
1.3402764580566326,1.0,P002,none,1,1
1.2207923764750421,1.0,P002,none,1,1
0.8827255613139358,0.0,P002,none,1,0
0.8734642823923707,0.0,P002,none,1,0
0.6951405006162649,1.0,P002,none,1,1
0.5707693443704112,1.0,P002,none,1,1
0.6657451896777712,1.0,P002,none,1,1
0.9097658149173814,1.0,P002,none,1,1
0.5036009070080462,1.0,P002,none,1,1
0.7541337387675968,1.0,P002,none,1,1
0.8158147777958996,1.0,P002,none,1,1
1.6214031334320187,0.0,P002,none,1,0
0.5586083474242325,1.0,P002,none,1,1
0.7598435966211169,1.0,P002,none,1,1
0.5512483301704894,1.0,P002,none,1,1
0.6388725916201567,1.0,P002,none,1,1
0.5363481664919032,0.0,P002,none,1,0
0.8743951060915928,1.0,P003,none,0,1
2.0931210137700216,1.0,P003,none,0,1
1.631009570898308,0.0,P003,none,0,0
0.8388343241331874,1.0,P003,none,0,1
2.1993230553185943,1.0,P003,none,0,1
0.8302879443656399,1.0,P003,none,0,1
0.9635252164820644,0.0,P003,none,0,0
0.799230628186117,1.0,P003,none,0,1
0.8572404692674412,1.0,P003,none,0,1
0.7636855470733472,0.0,P003,none,0,0
1.2426638294334464,1.0,P003,none,0,1
1.2672275997467097,0.0,P003,none,0,0
1.8763887277701334,0.0,P003,none,0,0
2.803432878469207,1.0,P003,none,0,1
1.917693826066053,0.0,P003,none,0,0
1.124412836868582,1.0,P003,none,0,1
0.994507308800865,0.0,P003,none,0,0
1.3638618398545266,1.0,P003,none,0,1
1.226407621020699,0.0,P003,none,0,0
1.6179843076754545,0.0,P003,none,0,0
0.9980534652975043,1.0,P003,none,0,1
1.813521064439824,1.0,P003,none,0,1
0.7387778823302013,1.0,P003,none,0,1
0.8143334059411989,0.0,P003,none,0,0
0.9222547067302227,1.0,P003,none,0,1
1.3478996857217438,1.0,P003,none,0,1
0.6918593366873819,1.0,P003,none,0,1
0.9391388797756309,1.0,P003,none,0,1
0.7933575459928367,0.0,P003,none,0,0
1.9815309412713344,1.0,P003,none,0,1
1.132488408116915,1.0,P003,none,0,1
1.5065572669901361,1.0,P003,none,0,1
1.9325225069938083,0.0,P003,none,0,0
2.6543749150199303,0.0,P003,none,0,0
1.6306662499604234,0.0,P003,none,0,0
0.9644630225092863,1.0,P003,none,0,1
1.693692135389754,0.0,P003,none,0,0
1.2832377577723904,1.0,P003,none,0,1
0.8740601583750346,1.0,P003,none,0,1
1.5862926587771735,0.0,P003,none,0,0
1.3712632072457338,1.0,P003,none,0,1
0.8622579425084703,1.0,P003,none,0,1
0.9816026842773874,0.0,P003,none,0,0
0.6488387181320022,1.0,P003,none,0,1
1.4543088586798913,0.0,P003,none,0,0
0.9665184899728186,0.0,P003,none,0,0
0.950017354066815,1.0,P003,none,0,1
0.8121136982772862,1.0,P003,none,0,1
1.3572253872680387,0.0,P003,none,0,0
1.2101088938652322,1.0,P003,none,0,1
0.9141279534544829,1.0,P003,none,1,1
0.6110230952834583,1.0,P003,none,1,1
0.6227008734778363,1.0,P003,none,1,1
0.927340668025411,1.0,P003,none,1,1
0.6438968063425247,1.0,P003,none,1,1
0.5621342915389405,1.0,P003,none,1,1
0.5926119085193389,1.0,P003,none,1,1
0.5211934411763282,1.0,P003,none,1,1
1.1143157994362427,1.0,P003,none,1,1
1.474281034286872,1.0,P003,none,1,1
1.7083866768943627,1.0,P003,none,1,1
0.8721385610032566,1.0,P003,none,1,1
1.154291678558165,1.0,P003,none,1,1
2.3454670962648776,1.0,P003,none,1,1
0.7523031445273268,1.0,P003,none,1,1
0.7509024207482642,1.0,P003,none,1,1
0.6248808466275797,1.0,P003,none,1,1
0.615040789498368,1.0,P003,none,1,1
0.7506571268209647,1.0,P003,none,1,1
1.6109193458540538,1.0,P003,none,1,1
0.603106918384746,1.0,P003,none,1,1
0.6234432222474207,1.0,P003,none,1,1
0.8327346244984388,0.0,P003,none,1,0
1.2440899014927103,1.0,P003,none,1,1
0.7270142847078329,1.0,P003,none,1,1
0.5055459913376116,1.0,P003,none,1,1
0.6236412546323764,1.0,P003,none,1,1
0.7322378570764643,1.0,P003,none,1,1
0.6022611907519428,1.0,P003,none,1,1
0.993420927594127,1.0,P003,none,1,1
0.6290257047133438,1.0,P003,none,1,1
0.8917496362093569,1.0,P003,none,1,1
1.1396833738789103,1.0,P003,none,1,1
0.8007777238631022,1.0,P003,none,1,1
1.183812773604449,1.0,P003,none,1,1
0.7503996828524679,1.0,P003,none,1,1
0.5808827473102816,1.0,P003,none,1,1
0.7768311984805985,1.0,P003,none,1,1
0.737646616032519,1.0,P003,none,1,1
0.6460546628248791,1.0,P003,none,1,1
1.2699866011576932,1.0,P003,none,1,1
1.0330059764425852,1.0,P003,none,1,1
0.971960496287928,1.0,P003,none,1,1
1.5345876548015827,1.0,P003,none,1,1
0.6528265443586205,1.0,P003,none,1,1
1.134358865803244,0.0,P003,none,1,0
0.5150429316438494,1.0,P003,none,1,1
0.5914592864747517,1.0,P003,none,1,1
0.6903583712862469,1.0,P003,none,1,1
0.6888464841144938,1.0,P003,none,1,1
1.242009939131874,1.0,P004,none,0,1
1.590679652276625,0.0,P004,none,0,0
1.1980884441137576,0.0,P004,none,0,0
0.8764199900528626,1.0,P004,none,0,1
1.11168760772919,1.0,P004,none,0,1
1.2437130445554274,0.0,P004,none,0,0
1.5959416578624608,1.0,P004,none,0,1
1.2937716293900448,1.0,P004,none,0,1
1.422053056618779,1.0,P004,none,0,1
1.6840757048002128,0.0,P004,none,0,0
1.5359156215602434,1.0,P004,none,0,1
1.3879046316004215,1.0,P004,none,0,1
0.9230270082039173,0.0,P004,none,0,0
2.9606144332540314,0.0,P004,none,0,0
1.2655241054559325,1.0,P004,none,0,1
2.724906846384166,1.0,P004,none,0,1
1.3405554805971525,0.0,P004,none,0,0
1.5076071118089818,0.0,P004,none,0,0
1.5845955728852665,1.0,P004,none,0,1
1.5286218306190245,1.0,P004,none,0,1
2.584158621277725,0.0,P004,none,0,0
1.0169753162614135,1.0,P004,none,0,1
1.165623995266498,0.0,P004,none,0,0
1.835158385084092,0.0,P004,none,0,0
2.3495028218024627,0.0,P004,none,0,0
1.227386974345821,0.0,P004,none,0,0
1.598123785201188,1.0,P004,none,0,1
1.6257424559572935,1.0,P004,none,0,1
1.0062300238605264,0.0,P004,none,0,0
3.0434884164289935,0.0,P004,none,0,0
2.3848159647976974,0.0,P004,none,0,0
1.1462431923873622,1.0,P004,none,0,1
1.336919790289347,1.0,P004,none,0,1
1.515215981788778,1.0,P004,none,0,1
1.3346275490570183,1.0,P004,none,0,1
1.3758825478313395,1.0,P004,none,0,1
1.5546788209523918,1.0,P004,none,0,1
1.8821577293354963,0.0,P004,none,0,0
1.724843538397735,1.0,P004,none,0,1
1.3555481113320482,1.0,P004,none,0,1
1.313879399360896,1.0,P004,none,0,1
1.5038035702330608,1.0,P004,none,0,1
0.9441299607017106,0.0,P004,none,0,0
1.0597618117184884,0.0,P004,none,0,0
1.460289988917867,1.0,P004,none,0,1
1.30349553043773,1.0,P004,none,0,1
1.468851100685242,1.0,P004,none,0,1
1.2681721441652916,0.0,P004,none,0,0
2.4996511456198385,1.0,P004,none,0,1
1.2141734855478261,1.0,P004,none,0,1
1.4072923841712286,0.0,P004,none,1,0
2.072973128452048,1.0,P004,none,1,1
2.054774828060973,1.0,P004,none,1,1
1.3601983842530232,0.0,P004,none,1,0
1.9169733545109302,1.0,P004,none,1,1
0.9334173774962499,1.0,P004,none,1,1
1.4683970499449377,1.0,P004,none,1,1
1.296973177089268,1.0,P004,none,1,1
1.4297323277401845,1.0,P004,none,1,1
2.1725809643427754,1.0,P004,none,1,1
1.8318232971465354,1.0,P004,none,1,1
1.354713903509475,0.0,P004,none,1,0
1.4409129338655418,0.0,P004,none,1,0
1.8042945752663375,0.0,P004,none,1,0
1.6345146380676576,1.0,P004,none,1,1
0.9459395048531558,1.0,P004,none,1,1
1.2972725705847346,1.0,P004,none,1,1
1.1482045720050253,0.0,P004,none,1,0
1.4341614263269993,1.0,P004,none,1,1
2.014522278045621,1.0,P004,none,1,1
1.1392942133763118,1.0,P004,none,1,1
2.500596046803003,1.0,P004,none,1,1
1.1786468268896,0.0,P004,none,1,0
1.391943341303182,0.0,P004,none,1,0
2.887507170363275,0.0,P004,none,1,0
1.2796458298027273,1.0,P004,none,1,1
1.924595043788544,0.0,P004,none,1,0
1.935488716456047,0.0,P004,none,1,0
0.8574584277351498,1.0,P004,none,1,1
1.0895748698578864,1.0,P004,none,1,1
1.053646620437859,1.0,P004,none,1,1
1.2269308132135084,1.0,P004,none,1,1
1.7585204683339386,1.0,P004,none,1,1
1.6753489271716688,1.0,P004,none,1,1
1.68871109459039,1.0,P004,none,1,1
1.1548706775106452,1.0,P004,none,1,1
1.2029415927246345,1.0,P004,none,1,1
1.1037082036404964,1.0,P004,none,1,1
0.9132722230406851,1.0,P004,none,1,1
1.4847152832535455,0.0,P004,none,1,0
1.0546115749440887,0.0,P004,none,1,0
1.0193294308361973,1.0,P004,none,1,1
1.420746323040009,1.0,P004,none,1,1
0.8027045549548361,1.0,P004,none,1,1
1.6754699034506182,1.0,P004,none,1,1
1.2689078766289719,1.0,P004,none,1,1
1.4365228560511887,1.0,P004,none,1,1
1.4730527545310244,1.0,P004,none,1,1
1.0179712152418299,1.0,P004,none,1,1
1.4034094868134803,1.0,P004,none,1,1
1.2684169877223017,1.0,P005,none,0,0
1.9022927857941616,1.0,P005,none,0,0
1.3019954446651214,0.0,P005,none,0,1
1.3854419080802778,0.0,P005,none,0,1
1.2866857723333394,1.0,P005,none,0,0
2.51389667894543,1.0,P005,none,0,0
1.2875758588252766,1.0,P005,none,0,0
0.792482410839407,1.0,P005,none,0,0
2.031737628591538,1.0,P005,none,0,0
1.364807277970669,0.0,P005,none,0,1
0.8890206081644898,1.0,P005,none,0,0
2.5949836342074803,0.0,P005,none,0,1
1.0710438631388561,1.0,P005,none,0,0
0.9433038612255008,1.0,P005,none,0,0
2.541751247669792,1.0,P005,none,0,0
1.9392076221368848,0.0,P005,none,0,1
1.509606086750334,0.0,P005,none,0,1
1.4548398700025569,1.0,P005,none,0,0
1.3729215926584244,0.0,P005,none,0,1
1.480580043073218,1.0,P005,none,0,0
1.4929255566260604,1.0,P005,none,0,0
0.9098587480224501,0.0,P005,none,0,1
2.78814916352629,1.0,P005,none,0,0
1.233012330011268,0.0,P005,none,0,1
0.8573834006632319,0.0,P005,none,0,1
1.1540943047115413,1.0,P005,none,0,0
2.3017643573684468,0.0,P005,none,0,1
1.09386615272393,1.0,P005,none,0,0
1.4248276127250015,0.0,P005,none,0,1
1.808746330365671,0.0,P005,none,0,1
0.924029817933006,0.0,P005,none,0,1
0.8970162862749855,0.0,P005,none,0,1
1.1612064669853621,1.0,P005,none,0,0
1.6571651493232753,0.0,P005,none,0,1
0.9364199922221328,0.0,P005,none,0,1
1.7814103906345262,1.0,P005,none,0,0
3.143665173691137,0.0,P005,none,0,1
1.1661603961326175,1.0,P005,none,0,0
2.2896623850989384,0.0,P005,none,0,1
0.8131488935022665,0.0,P005,none,0,1
0.8948815635016176,1.0,P005,none,0,0
0.983677157007758,0.0,P005,none,0,1
0.8757802236876164,1.0,P005,none,0,0
0.7116266512790931,1.0,P005,none,0,0
1.146665694224756,0.0,P005,none,0,1
1.466468974607471,1.0,P005,none,0,0
1.0020531318112365,1.0,P005,none,0,0
2.1370012660123185,1.0,P005,none,0,0
1.1512450311088989,1.0,P005,none,0,0
1.2064869191057617,0.0,P005,none,0,1
1.2962914463345696,1.0,P005,none,1,1
1.2012833324876078,1.0,P005,none,1,1
1.7682512148503156,1.0,P005,none,1,1
1.0599157026406174,1.0,P005,none,1,1
1.527168626244365,1.0,P005,none,1,1
1.4914407329134844,1.0,P005,none,1,1
1.2241193703172188,1.0,P005,none,1,1
1.7590529335494123,1.0,P005,none,1,1
1.498973196959654,1.0,P005,none,1,1
0.9963739075758822,0.0,P005,none,1,0
0.9306739802552013,1.0,P005,none,1,1
1.0976622533336005,1.0,P005,none,1,1
1.3282081351066013,1.0,P005,none,1,1
1.4530510821716582,1.0,P005,none,1,1
1.9285427694048398,1.0,P005,none,1,1
0.6163625539837907,1.0,P005,none,1,1
1.076765315875822,1.0,P005,none,1,1
1.5252473394658064,1.0,P005,none,1,1
1.2911076836653304,1.0,P005,none,1,1
3.4504310351298235,1.0,P005,none,1,1
1.503889674517409,1.0,P005,none,1,1
0.7683103222660517,1.0,P005,none,1,1
0.8101867057921045,1.0,P005,none,1,1
1.1993765354339598,1.0,P005,none,1,1
1.2686295701549581,1.0,P005,none,1,1
0.9834355725147377,1.0,P005,none,1,1
1.168757341157508,1.0,P005,none,1,1
0.8413825265781696,1.0,P005,none,1,1
0.9641144852624548,1.0,P005,none,1,1
1.8957110115578133,1.0,P005,none,1,1
1.3158784338752099,1.0,P005,none,1,1
1.317014344989297,1.0,P005,none,1,1
1.1127760387214307,1.0,P005,none,1,1
1.3703444057404413,1.0,P005,none,1,1
1.0236110363040936,1.0,P005,none,1,1
1.6146170554021593,1.0,P005,none,1,1
1.3902154757205913,1.0,P005,none,1,1
1.4025104367875625,1.0,P005,none,1,1
0.9374087964146134,1.0,P005,none,1,1
0.9380323525972496,1.0,P005,none,1,1
0.9929113860437253,1.0,P005,none,1,1
1.1782166336713986,1.0,P005,none,1,1
0.7399825238325681,1.0,P005,none,1,1
0.7478173908044154,1.0,P005,none,1,1
1.2755609045485028,1.0,P005,none,1,1
0.9144323470213305,1.0,P005,none,1,1
1.3400929509649862,1.0,P005,none,1,1
1.1593353261494497,1.0,P005,none,1,1
1.7898650042091853,1.0,P005,none,1,1
0.7506568215075186,1.0,P005,none,1,1
1.487910020322666,0.0,P006,none,0,0
1.3103226890719166,1.0,P006,none,0,1
1.3630165275577282,1.0,P006,none,0,1
1.1416499305650514,0.0,P006,none,0,0
1.2675021619268878,0.0,P006,none,0,0
1.2864444163361224,1.0,P006,none,0,1
1.1294320018271735,1.0,P006,none,0,1
1.343030651624583,1.0,P006,none,0,1
0.7473705873050978,0.0,P006,none,0,0
1.0568436374562376,0.0,P006,none,0,0
1.2546496999495247,1.0,P006,none,0,1
3.0777210501431274,1.0,P006,none,0,1
2.200230287892117,0.0,P006,none,0,0
0.905694514996507,1.0,P006,none,0,1
0.8894111901466561,1.0,P006,none,0,1
2.0232505261448495,0.0,P006,none,0,0
1.7124177664376994,1.0,P006,none,0,1
2.28795617287369,1.0,P006,none,0,1
1.416262959087378,0.0,P006,none,0,0
1.409374528678587,0.0,P006,none,0,0
0.8222221415061027,1.0,P006,none,0,1
1.2756163809652734,0.0,P006,none,0,0
1.1913597209674318,0.0,P006,none,0,0
0.9513456004741571,1.0,P006,none,0,1
1.2101467228823277,1.0,P006,none,0,1
0.9104286641918417,1.0,P006,none,0,1
1.119371498576605,0.0,P006,none,0,0
1.7537229989604552,1.0,P006,none,0,1
1.160587673011849,1.0,P006,none,0,1
1.285219416385107,1.0,P006,none,0,1
1.0681021576501997,0.0,P006,none,0,0
1.2826805285534661,0.0,P006,none,0,0
1.1525586487849213,0.0,P006,none,0,0
1.709184031686626,1.0,P006,none,0,1
2.551987851534359,1.0,P006,none,0,1
1.3740810907641718,0.0,P006,none,0,0
1.202268517871528,1.0,P006,none,0,1
1.6400558525318136,0.0,P006,none,0,0
1.518472909480676,0.0,P006,none,0,0
2.260124082041478,1.0,P006,none,0,1
1.4635913098750843,1.0,P006,none,0,1
1.453721029579322,1.0,P006,none,0,1
1.4726167715018819,1.0,P006,none,0,1
0.9682923414973303,0.0,P006,none,0,0
1.5071231955318858,0.0,P006,none,0,0
1.6680208948562951,1.0,P006,none,0,1
0.9445012105827008,1.0,P006,none,0,1
1.5550360159725052,0.0,P006,none,0,0
1.2680949061199278,0.0,P006,none,0,0
1.6753044139646094,1.0,P006,none,0,1
1.2858318852328292,0.0,P006,none,1,0
1.3925139002361764,0.0,P006,none,1,0
0.6454174792609392,1.0,P006,none,1,1
0.9595017171464448,1.0,P006,none,1,1
0.7687424956986806,1.0,P006,none,1,1
0.8521604500527721,1.0,P006,none,1,1
1.0495135192288512,1.0,P006,none,1,1
0.9026644345295729,1.0,P006,none,1,1
0.9109826337010993,1.0,P006,none,1,1
0.7663498065565784,1.0,P006,none,1,1
0.9284560727170974,1.0,P006,none,1,1
0.8088993259770785,1.0,P006,none,1,1
1.7404923474967489,1.0,P006,none,1,1
0.9843351340205968,1.0,P006,none,1,1
0.6737557668593034,1.0,P006,none,1,1
0.8945062276439967,0.0,P006,none,1,0
0.8840814693605776,1.0,P006,none,1,1
0.9173302889252251,1.0,P006,none,1,1
0.6972214923704916,1.0,P006,none,1,1
1.6531466376003778,1.0,P006,none,1,1
0.804287507807023,1.0,P006,none,1,1
1.0839162691463256,1.0,P006,none,1,1
1.4578625604061448,1.0,P006,none,1,1
0.9096575737730915,1.0,P006,none,1,1
0.9057296966436286,1.0,P006,none,1,1
1.133361827813893,1.0,P006,none,1,1
1.234917401615338,0.0,P006,none,1,0
0.9793911334611016,1.0,P006,none,1,1
0.8714283508355701,0.0,P006,none,1,0
0.8618087412292775,1.0,P006,none,1,1
0.9870774366135717,1.0,P006,none,1,1
1.329309231487577,1.0,P006,none,1,1
0.7963050391834283,1.0,P006,none,1,1
1.2778725760063556,1.0,P006,none,1,1
0.8899997798551552,1.0,P006,none,1,1
0.6764550459783382,1.0,P006,none,1,1
0.7943020986768698,1.0,P006,none,1,1
2.161181301810244,1.0,P006,none,1,1
0.9682020923983361,0.0,P006,none,1,0
0.8485801487580042,1.0,P006,none,1,1
0.8022406920127412,1.0,P006,none,1,1
1.819213016776368,1.0,P006,none,1,1
0.760782525706723,1.0,P006,none,1,1
0.8288041735190168,1.0,P006,none,1,1
1.0297274580557034,1.0,P006,none,1,1
0.6691802196785158,1.0,P006,none,1,1
0.7206439740620832,1.0,P006,none,1,1
1.0383151954592431,1.0,P006,none,1,1
1.4228834905613672,1.0,P006,none,1,1
1.2279262455581668,0.0,P006,none,1,0
0.8361160290267844,0.0,P007,none,0,0
1.3284834193541255,1.0,P007,none,0,1
1.2321914943409855,1.0,P007,none,0,1
0.9361584075667462,1.0,P007,none,0,1
0.723144262428831,1.0,P007,none,0,1
1.019117172414198,1.0,P007,none,0,1
0.9554797062206406,1.0,P007,none,0,1
0.862448363079461,1.0,P007,none,0,1
1.3488910305713844,0.0,P007,none,0,0
1.3041199846953244,0.0,P007,none,0,0
1.0931800663861833,1.0,P007,none,0,1
1.000600343731279,1.0,P007,none,0,1
1.2665572325603307,0.0,P007,none,0,0
0.8616963648759413,1.0,P007,none,0,1
0.6206780767372301,0.0,P007,none,0,0
0.892391349556475,1.0,P007,none,0,1
1.3422560044572793,1.0,P007,none,0,1
0.9493459446963611,0.0,P007,none,0,0
1.041640641677088,1.0,P007,none,0,1
0.9879520194617113,1.0,P007,none,0,1
0.7501039051595191,0.0,P007,none,0,0
0.7399910703009556,0.0,P007,none,0,0
0.9567611633551194,0.0,P007,none,0,0
0.9669331839229142,1.0,P007,none,0,1
0.8132781590499982,1.0,P007,none,0,1
0.880088306997937,1.0,P007,none,0,1
0.9851064513487977,1.0,P007,none,0,1
1.2062350672768318,0.0,P007,none,0,0
0.9813219803596955,1.0,P007,none,0,1
1.1676224965347963,0.0,P007,none,0,0
0.9339866641600316,0.0,P007,none,0,0
0.9523070824270203,0.0,P007,none,0,0
0.9011959949675488,0.0,P007,none,0,0
0.7541554230130693,1.0,P007,none,0,1
0.9040066568465397,0.0,P007,none,0,0
1.2645342747950385,1.0,P007,none,0,1
0.9428945743666225,0.0,P007,none,0,0
1.759035120492502,0.0,P007,none,0,0
1.0298684461263559,1.0,P007,none,0,1
0.8113855663793602,0.0,P007,none,0,0
0.6572034738712212,0.0,P007,none,0,0
0.7838686405768578,0.0,P007,none,0,0
0.7778573363012544,0.0,P007,none,0,0
0.6546582962899689,1.0,P007,none,0,1
1.041424900822627,1.0,P007,none,0,1
0.956861024511016,1.0,P007,none,0,1
1.6642703312923517,1.0,P007,none,0,1
1.1555312263073063,1.0,P007,none,0,1
1.0114077724072663,1.0,P007,none,0,1
0.9325652744766757,0.0,P007,none,0,0
2.1630303732069027,1.0,P007,none,1,1
0.7881746691215312,1.0,P007,none,1,1
0.9348208770713571,1.0,P007,none,1,1
1.3517878488548842,1.0,P007,none,1,1
0.9818319466620402,1.0,P007,none,1,1
0.8368281952986356,1.0,P007,none,1,1
0.6611361912619341,1.0,P007,none,1,1
1.1722324734770608,1.0,P007,none,1,1
1.0025010595839907,1.0,P007,none,1,1
1.1344020882097159,1.0,P007,none,1,1
0.755178504839356,1.0,P007,none,1,1
0.706850433349367,1.0,P007,none,1,1
0.8514075298085305,1.0,P007,none,1,1
1.3211897012599367,1.0,P007,none,1,1
1.2196661189857365,1.0,P007,none,1,1
0.8801565848542023,1.0,P007,none,1,1
0.9982972339059144,1.0,P007,none,1,1
0.5970991754807079,1.0,P007,none,1,1
0.7481358495662294,1.0,P007,none,1,1
1.1713526243572527,1.0,P007,none,1,1
1.4678342671253115,1.0,P007,none,1,1
0.7584748031767037,1.0,P007,none,1,1
0.5729992719150272,1.0,P007,none,1,1
0.7879665074224456,1.0,P007,none,1,1
1.2843212601012364,1.0,P007,none,1,1
1.2221903927154645,1.0,P007,none,1,1
1.2384001062987997,1.0,P007,none,1,1
0.6149134405052008,1.0,P007,none,1,1
0.9103907522300202,1.0,P007,none,1,1
0.6848770193096321,1.0,P007,none,1,1
0.7828432888835788,1.0,P007,none,1,1
0.579646559112237,1.0,P007,none,1,1
0.7466518127538132,1.0,P007,none,1,1
0.8593969015943423,1.0,P007,none,1,1
0.8476399154519081,1.0,P007,none,1,1
0.872972146050148,1.0,P007,none,1,1
1.6271779013791108,1.0,P007,none,1,1
0.5788421034722566,1.0,P007,none,1,1
0.9711600587374531,1.0,P007,none,1,1
0.8910595320870758,1.0,P007,none,1,1
0.7771311299475547,1.0,P007,none,1,1
1.2429027576700897,1.0,P007,none,1,1
0.9406824310657282,1.0,P007,none,1,1
1.5429363137111554,1.0,P007,none,1,1
0.8620265333144396,1.0,P007,none,1,1
0.6855312986732518,1.0,P007,none,1,1
1.1620548600303318,1.0,P007,none,1,1
0.9397424265359698,1.0,P007,none,1,1
1.1359575703372145,1.0,P007,none,1,1
0.8517877545373207,1.0,P007,none,1,1
1.431064837270788,0.0,P008,none,0,1
2.0256372826575344,1.0,P008,none,0,0
1.1730618512523832,1.0,P008,none,0,0
1.9005060989678098,1.0,P008,none,0,0
1.1786226113997695,1.0,P008,none,0,0
1.5470836618011998,1.0,P008,none,0,0
0.8870721689097762,0.0,P008,none,0,1
1.2039057516444767,0.0,P008,none,0,1
1.7071354085372814,0.0,P008,none,0,1
1.1094708820697863,1.0,P008,none,0,0
1.3173060104153373,0.0,P008,none,0,1
1.5551189613410967,0.0,P008,none,0,1
1.0572058187847715,0.0,P008,none,0,1
1.1581288033711106,1.0,P008,none,0,0
1.229077640018298,0.0,P008,none,0,1
1.1124837231184985,0.0,P008,none,0,1
2.0095337299334863,0.0,P008,none,0,1
0.7595383532879127,1.0,P008,none,0,0
1.0009782947080241,0.0,P008,none,0,1
1.1322618953114598,0.0,P008,none,0,1
1.4461493217014665,0.0,P008,none,0,1
1.2245455426842773,0.0,P008,none,0,1
2.094420324008963,0.0,P008,none,0,1
1.5778752853377183,1.0,P008,none,0,0
1.039420604832452,1.0,P008,none,0,0
0.6633637338026386,0.0,P008,none,0,1
1.5620373084503751,1.0,P008,none,0,0
1.4011679128715753,0.0,P008,none,0,1
2.1761624084241857,0.0,P008,none,0,1
1.2895289005993993,0.0,P008,none,0,1
0.7346124358989908,0.0,P008,none,0,1
1.3338839281501589,0.0,P008,none,0,1
0.7371226015808615,0.0,P008,none,0,1
3.0574711713208185,1.0,P008,none,0,0
0.7220977749756614,0.0,P008,none,0,1
0.7431325604437538,0.0,P008,none,0,1
1.2016707545644139,0.0,P008,none,0,1
1.6199386963345614,0.0,P008,none,0,1
1.9569766157053046,0.0,P008,none,0,1
1.3761875445176996,1.0,P008,none,0,0
2.720794935763551,0.0,P008,none,0,1
2.1242718615083938,1.0,P008,none,0,0
2.539162728988704,0.0,P008,none,0,1
0.8913176358744535,0.0,P008,none,0,1
0.7801886660285877,0.0,P008,none,0,1
1.0426963826568894,0.0,P008,none,0,1
1.354977513225462,0.0,P008,none,0,1
1.4471085206392065,0.0,P008,none,0,1
0.708865824669079,0.0,P008,none,0,1
1.8532533599298646,0.0,P008,none,0,1
0.9510466838701549,1.0,P008,none,1,1
0.9402256114181621,1.0,P008,none,1,1
1.8799063064218031,1.0,P008,none,1,1
2.0150398393084425,1.0,P008,none,1,1
0.8304175967057035,1.0,P008,none,1,1
0.5639336376244649,1.0,P008,none,1,1
1.0512452923148536,1.0,P008,none,1,1
1.0389251085184594,1.0,P008,none,1,1
1.439523648895177,1.0,P008,none,1,1
1.3852111095123303,1.0,P008,none,1,1
0.9000019834519619,1.0,P008,none,1,1
1.289751068513826,1.0,P008,none,1,1
0.9397312453512842,1.0,P008,none,1,1
1.236599788859636,1.0,P008,none,1,1
1.1230715186959965,1.0,P008,none,1,1
0.7234425901394279,1.0,P008,none,1,1
2.04579243105938,1.0,P008,none,1,1
1.0624167723330453,1.0,P008,none,1,1
1.448542432228321,1.0,P008,none,1,1
0.6876201464199734,1.0,P008,none,1,1
1.474994616190136,1.0,P008,none,1,1
1.119639608749893,1.0,P008,none,1,1
1.0413731477957868,1.0,P008,none,1,1
0.6986361917953448,1.0,P008,none,1,1
1.3560706760785806,1.0,P008,none,1,1
1.0011847797802664,1.0,P008,none,1,1
1.3350320584628446,1.0,P008,none,1,1
1.4472417622795937,1.0,P008,none,1,1
1.1098927427716743,1.0,P008,none,1,1
2.4195152456450875,1.0,P008,none,1,1
0.8841944411924031,1.0,P008,none,1,1
1.1516459372196532,1.0,P008,none,1,1
1.0889318647466173,1.0,P008,none,1,1
0.809653901493018,1.0,P008,none,1,1
1.4452273545388636,1.0,P008,none,1,1
1.0319039402868717,1.0,P008,none,1,1
0.6911518529546982,1.0,P008,none,1,1
1.4513881904197465,1.0,P008,none,1,1
0.7933394184256257,1.0,P008,none,1,1
0.5161255110157073,1.0,P008,none,1,1
0.64907317259983,1.0,P008,none,1,1
0.8294491536355888,1.0,P008,none,1,1
0.49773179457210387,1.0,P008,none,1,1
0.8177895835801096,1.0,P008,none,1,1
1.4484876123815806,1.0,P008,none,1,1
0.7631329274904721,1.0,P008,none,1,1
0.637128759109453,1.0,P008,none,1,1
0.8072070229527065,1.0,P008,none,1,1
1.5875576474901019,1.0,P008,none,1,1
0.830063360714553,1.0,P008,none,1,1
0.7025176464328924,1.0,P009,none,0,0
0.9666925240015591,1.0,P009,none,0,0
0.6751356928703154,1.0,P009,none,0,0
0.729465476960221,1.0,P009,none,0,0
0.6812340812900027,0.0,P009,none,0,1
0.7467028385397028,0.0,P009,none,0,1
0.8462891418411117,0.0,P009,none,0,1
1.5715564611076163,0.0,P009,none,0,1
0.7247839405192594,0.0,P009,none,0,1
0.7446980512193269,0.0,P009,none,0,1
0.7253617774056309,0.0,P009,none,0,1
0.6287086377508496,0.0,P009,none,0,1
1.6941479646424837,1.0,P009,none,0,0
0.6511818342269893,0.0,P009,none,0,1
1.034960352904843,0.0,P009,none,0,1
0.6586681029972081,0.0,P009,none,0,1
0.6904491613352742,1.0,P009,none,0,0
0.7577340489703879,0.0,P009,none,0,1
0.800550764197216,1.0,P009,none,0,0
0.8901591298630327,0.0,P009,none,0,1
0.6748117820409977,1.0,P009,none,0,0
0.9712111569117163,0.0,P009,none,0,1
0.9207638588967401,1.0,P009,none,0,0
0.5740834837705111,1.0,P009,none,0,0
1.01948769919262,0.0,P009,none,0,1
0.7093580011783058,0.0,P009,none,0,1
0.9336914766169137,0.0,P009,none,0,1
0.7478376093201325,1.0,P009,none,0,0
0.6879402275244361,1.0,P009,none,0,0
0.7293307353834133,0.0,P009,none,0,1
1.1965441609306322,1.0,P009,none,0,0
0.8324499252700054,0.0,P009,none,0,1
0.9633187644497762,0.0,P009,none,0,1
0.7087102589243901,1.0,P009,none,0,0
0.7386697046442026,1.0,P009,none,0,0
0.7888033695213549,0.0,P009,none,0,1
1.0606074091305575,0.0,P009,none,0,1
0.793692455413993,0.0,P009,none,0,1
0.755898240342333,0.0,P009,none,0,1
0.8249219632857393,0.0,P009,none,0,1
0.9590160666985418,1.0,P009,none,0,0
0.8707066381187777,1.0,P009,none,0,0
1.2396661752490812,1.0,P009,none,0,0
0.6128855627000483,0.0,P009,none,0,1
0.769127734936559,1.0,P009,none,0,0
0.9476992921751582,0.0,P009,none,0,1
0.8481175664231435,0.0,P009,none,0,1
0.6846487719818212,1.0,P009,none,0,0
0.843512869849187,1.0,P009,none,0,0
0.9067676008767613,1.0,P009,none,0,0
0.5290233499732777,1.0,P009,none,1,1
0.6822482601817834,1.0,P009,none,1,1
0.6842522883546872,1.0,P009,none,1,1
0.571292300918222,1.0,P009,none,1,1
0.6855492950046295,1.0,P009,none,1,1
0.8731110206360672,1.0,P009,none,1,1
0.6803956833399902,1.0,P009,none,1,1
0.737925565152717,1.0,P009,none,1,1
0.6625641834722097,1.0,P009,none,1,1
0.6479408983507764,1.0,P009,none,1,1
0.8726318267711831,1.0,P009,none,1,1
0.8645831348810562,1.0,P009,none,1,1
0.557279042247762,1.0,P009,none,1,1
0.7842176624986241,1.0,P009,none,1,1
0.6677681436045879,1.0,P009,none,1,1
0.6337243128173101,1.0,P009,none,1,1
0.9503709268816335,1.0,P009,none,1,1
0.7047140790034985,1.0,P009,none,1,1
1.1988779812497572,1.0,P009,none,1,1
0.844596324065274,1.0,P009,none,1,1
0.6919908212650201,1.0,P009,none,1,1
0.6519282393268039,1.0,P009,none,1,1
0.6939270310290503,1.0,P009,none,1,1
0.6735699371728545,1.0,P009,none,1,1
0.9146881153557684,1.0,P009,none,1,1
0.7911983334639413,1.0,P009,none,1,1
0.8770398087117244,1.0,P009,none,1,1
0.5999752293621802,1.0,P009,none,1,1
1.037197704174453,1.0,P009,none,1,1
0.5469250303485077,1.0,P009,none,1,1
0.817474379085158,1.0,P009,none,1,1
0.4726311937727624,1.0,P009,none,1,1
1.19532512701824,1.0,P009,none,1,1
0.7952748184975704,1.0,P009,none,1,1
0.80029797124156,1.0,P009,none,1,1
0.9797206104402815,1.0,P009,none,1,1
0.7418215538582646,1.0,P009,none,1,1
0.7947439534530322,1.0,P009,none,1,1
1.2049372124383617,1.0,P009,none,1,1
0.9160993104697113,1.0,P009,none,1,1
0.9440916974435603,1.0,P009,none,1,1
0.7697675968113691,1.0,P009,none,1,1
0.657712318423038,1.0,P009,none,1,1
0.7679290429280303,1.0,P009,none,1,1
0.8095975684234048,1.0,P009,none,1,1
0.9605757712912532,1.0,P009,none,1,1
0.6484716383629947,1.0,P009,none,1,1
0.7053723488269223,1.0,P009,none,1,1
1.088241418134838,1.0,P009,none,1,1
1.073342701270859,1.0,P009,none,1,1
5.713698573168758,0.0,P010,none,0,1
1.1934029122455803,0.0,P010,none,0,1
1.9728064370504157,1.0,P010,none,0,0
1.0035821439844002,1.0,P010,none,0,0
1.3979005260972228,0.0,P010,none,0,1
1.0540726654321655,0.0,P010,none,0,1
1.223700671724385,0.0,P010,none,0,1
1.7199905192634637,0.0,P010,none,0,1
1.1295696682106835,1.0,P010,none,0,0
1.873903319631339,1.0,P010,none,0,0
1.7693926792806844,1.0,P010,none,0,0
0.7671735250228975,1.0,P010,none,0,0
1.102721688661229,1.0,P010,none,0,0
1.9179301163399178,1.0,P010,none,0,0
1.5375009706883453,0.0,P010,none,0,1
0.88760785387765,1.0,P010,none,0,0
1.7503270542853293,0.0,P010,none,0,1
1.9068719505029967,1.0,P010,none,0,0
2.0864814614585643,1.0,P010,none,0,0
2.813563390239499,0.0,P010,none,0,1
3.8279182016431497,0.0,P010,none,0,1
1.299296691995044,0.0,P010,none,0,1
1.2513528015663185,0.0,P010,none,0,1
3.749385199559141,1.0,P010,none,0,0
0.9667977120920891,0.0,P010,none,0,1
0.8462725046826408,0.0,P010,none,0,1
2.295647001779934,1.0,P010,none,0,0
2.1289945206901386,1.0,P010,none,0,0
1.7061783995761268,0.0,P010,none,0,1
2.7366754862874356,0.0,P010,none,0,1
0.9394323609733661,1.0,P010,none,0,0
0.9883532853634551,1.0,P010,none,0,0
0.8160197708348264,1.0,P010,none,0,0
1.8874433343381207,1.0,P010,none,0,0
1.5718618765375973,1.0,P010,none,0,0
0.9437589043731699,0.0,P010,none,0,1
1.0167974839609586,0.0,P010,none,0,1
0.755443450741472,0.0,P010,none,0,1
1.6311068426856252,1.0,P010,none,0,0
1.1245973647229235,1.0,P010,none,0,0
2.4632635431838237,0.0,P010,none,0,1
1.1239801773362077,0.0,P010,none,0,1
2.5780910045450227,1.0,P010,none,0,0
1.1280350470384017,1.0,P010,none,0,0
1.090285665453956,1.0,P010,none,0,0
1.365408536884948,1.0,P010,none,0,0
0.9634403409601702,0.0,P010,none,0,1
2.0337786192328404,0.0,P010,none,0,1
2.212517730505387,0.0,P010,none,0,1
1.4821448281236007,1.0,P010,none,0,0
1.0251087373824102,1.0,P010,none,1,1
0.5338416196087554,1.0,P010,none,1,1
0.796500962028053,1.0,P010,none,1,1
3.498537590992224,1.0,P010,none,1,1
0.6887868356501192,1.0,P010,none,1,1
1.273397906881968,1.0,P010,none,1,1
5.079981525525477,1.0,P010,none,1,1
0.755536071965996,1.0,P010,none,1,1
0.915306895892937,1.0,P010,none,1,1
1.104444152753333,1.0,P010,none,1,1
0.6198790934449274,1.0,P010,none,1,1
1.2026961531364462,1.0,P010,none,1,1
4.494803122817201,1.0,P010,none,1,1
0.6946573645100389,1.0,P010,none,1,1
1.7166927568488428,1.0,P010,none,1,1
1.4227147447770454,1.0,P010,none,1,1
2.435672330112709,1.0,P010,none,1,1
0.7715814572951898,1.0,P010,none,1,1
1.7902023624861467,1.0,P010,none,1,1
0.6071232636214114,1.0,P010,none,1,1
1.352657973013716,1.0,P010,none,1,1
1.1315253540687946,1.0,P010,none,1,1
1.8680809487581742,1.0,P010,none,1,1
1.211761829002843,1.0,P010,none,1,1
1.240340287778632,1.0,P010,none,1,1
0.8400195315627014,1.0,P010,none,1,1
0.7470456659368809,1.0,P010,none,1,1
2.7643129680777867,1.0,P010,none,1,1
0.8554258291208261,1.0,P010,none,1,1
2.6699240515365537,1.0,P010,none,1,1
0.8081714994138118,1.0,P010,none,1,1
1.2591338778826016,0.0,P010,none,1,0
1.4199630144903717,1.0,P010,none,1,1
1.0723728727559183,1.0,P010,none,1,1
0.544632322440989,1.0,P010,none,1,1
2.060134294131619,1.0,P010,none,1,1
1.3701493810791794,1.0,P010,none,1,1
3.4031104202805205,1.0,P010,none,1,1
1.077004215944326,1.0,P010,none,1,1
1.18727619931687,1.0,P010,none,1,1
1.3336953962685256,1.0,P010,none,1,1
2.0656738418332896,1.0,P010,none,1,1
1.1559076543870475,1.0,P010,none,1,1
0.6743272862008818,1.0,P010,none,1,1
1.4078812829343585,1.0,P010,none,1,1
0.6562868152577979,1.0,P010,none,1,1
1.2496686627596436,1.0,P010,none,1,1
1.0755353409687092,1.0,P010,none,1,1
0.7145569758740061,1.0,P010,none,1,1
0.8913164613940273,1.0,P010,none,1,1
0.900994062716262,1.0,P011,none,0,0
1.7795082455178495,0.0,P011,none,0,1
0.7040357014493394,0.0,P011,none,0,1
0.8693591135281806,0.0,P011,none,0,1
1.011852903774623,1.0,P011,none,0,0
2.2607119300740077,0.0,P011,none,0,1
0.8750364927886389,1.0,P011,none,0,0
0.9355912351639903,0.0,P011,none,0,1
1.0029970169183766,0.0,P011,none,0,1
1.0419235445225512,1.0,P011,none,0,0
0.9374929455657488,0.0,P011,none,0,1
1.029993495791541,0.0,P011,none,0,1
0.7626032529132478,1.0,P011,none,0,0
0.9655141483918428,0.0,P011,none,0,1
0.7375817049020967,0.0,P011,none,0,1
0.9437947259099374,0.0,P011,none,0,1
0.8683451073821826,1.0,P011,none,0,0
1.7269476064342868,0.0,P011,none,0,1
0.7925657580007192,0.0,P011,none,0,1
0.9066525002146006,0.0,P011,none,0,1
1.3453943003286362,0.0,P011,none,0,1
1.2847933200061525,1.0,P011,none,0,0
1.024713212759719,0.0,P011,none,0,1
0.9201376938425233,0.0,P011,none,0,1
0.8685916797716823,1.0,P011,none,0,0
1.3476062900194519,1.0,P011,none,0,0
1.2752186732295436,1.0,P011,none,0,0
1.4069324293621648,0.0,P011,none,0,1
1.0051755254442696,0.0,P011,none,0,1
0.9752731069876577,1.0,P011,none,0,0
1.2348901095805678,1.0,P011,none,0,0
1.557990352372506,0.0,P011,none,0,1
1.249735019177409,0.0,P011,none,0,1
1.1316830396733046,1.0,P011,none,0,0
1.3243825797516369,1.0,P011,none,0,0
1.2918028696668584,1.0,P011,none,0,0
1.7380941742853744,0.0,P011,none,0,1
1.0739819286158507,1.0,P011,none,0,0
0.9525396228031032,1.0,P011,none,0,0
1.1571189525227734,0.0,P011,none,0,1
0.9766205608736619,1.0,P011,none,0,0
1.164513923690138,1.0,P011,none,0,0
0.8334499409044335,0.0,P011,none,0,1
1.6849481207324994,0.0,P011,none,0,1
0.8067652286088103,1.0,P011,none,0,0
0.8493730161197482,1.0,P011,none,0,0
0.8222923544642595,0.0,P011,none,0,1
1.211203684192661,0.0,P011,none,0,1
0.6555285614015927,0.0,P011,none,0,1
0.8948230560605183,0.0,P011,none,0,1
1.3658391485712968,1.0,P011,none,1,1
1.131900870172338,0.0,P011,none,1,0
1.1314657639392416,1.0,P011,none,1,1
1.1055091678085158,1.0,P011,none,1,1
0.6497458805533095,1.0,P011,none,1,1
1.0632581240659613,1.0,P011,none,1,1
0.7038135066401588,1.0,P011,none,1,1
1.3017700414522446,1.0,P011,none,1,1
1.7860946887576978,1.0,P011,none,1,1
1.3875015689140806,1.0,P011,none,1,1
0.830054392284434,1.0,P011,none,1,1
0.8571031270264182,1.0,P011,none,1,1
1.5392950523658593,1.0,P011,none,1,1
0.5532805828730785,1.0,P011,none,1,1
0.7616304561734237,1.0,P011,none,1,1
1.680922267460736,1.0,P011,none,1,1
0.6137455272502332,1.0,P011,none,1,1
1.2303920437902711,1.0,P011,none,1,1
0.8075387136248251,1.0,P011,none,1,1
1.069122029355478,1.0,P011,none,1,1
0.7952959916951171,1.0,P011,none,1,1
1.0598555598664423,1.0,P011,none,1,1
0.8396464827954108,1.0,P011,none,1,1
2.078904887710133,1.0,P011,none,1,1
2.4104287260075234,1.0,P011,none,1,1
1.9111457680115047,1.0,P011,none,1,1
0.9788729083454268,0.0,P011,none,1,0
3.6334010026577754,1.0,P011,none,1,1
0.7902262733786817,1.0,P011,none,1,1
2.316799054779123,1.0,P011,none,1,1
2.50967039374467,1.0,P011,none,1,1
1.091316074165261,0.0,P011,none,1,0
0.7542692701776533,1.0,P011,none,1,1
0.6328270969742292,1.0,P011,none,1,1
0.8296490474012276,0.0,P011,none,1,0
0.7762459336152271,1.0,P011,none,1,1
0.8688993074074296,1.0,P011,none,1,1
0.6630029384285563,1.0,P011,none,1,1
1.0511274035245473,1.0,P011,none,1,1
0.9966260301226293,1.0,P011,none,1,1
0.7476605407863985,1.0,P011,none,1,1
0.9913330136327577,1.0,P011,none,1,1
1.1967815777958997,1.0,P011,none,1,1
0.8984978237423391,1.0,P011,none,1,1
0.630721548498678,1.0,P011,none,1,1
0.7965861482489649,1.0,P011,none,1,1
0.7846092869021256,0.0,P011,none,1,0
0.6612581587116638,1.0,P011,none,1,1
1.4630697188516086,1.0,P011,none,1,1
1.4790107423029357,1.0,P011,none,1,1
1.0625329384810387,0.0,P012,none,0,1
1.9459418287870245,0.0,P012,none,0,1
1.6999732255260218,0.0,P012,none,0,1
0.9952073756034234,1.0,P012,none,0,0
1.0903189304993877,1.0,P012,none,0,0
0.8672974710026391,0.0,P012,none,0,1
1.4099086228033448,1.0,P012,none,0,0
0.6872292353618522,1.0,P012,none,0,0
0.8697040748342555,0.0,P012,none,0,1
2.247013090698138,0.0,P012,none,0,1
1.0338438078690624,0.0,P012,none,0,1
1.2113317792936535,1.0,P012,none,0,0
1.5187984881078773,0.0,P012,none,0,1
0.8999408378174106,0.0,P012,none,0,1
1.1899956660950668,0.0,P012,none,0,1
0.9395967806938654,1.0,P012,none,0,0
0.7189563426799261,1.0,P012,none,0,0
0.7431361283522426,0.0,P012,none,0,1
1.95710156068965,1.0,P012,none,0,0
1.0163055295393977,1.0,P012,none,0,0
0.6591238021738771,0.0,P012,none,0,1
0.9743680325909263,0.0,P012,none,0,1
0.9313592202858147,1.0,P012,none,0,0
0.9379041130789154,0.0,P012,none,0,1
1.062746032812096,0.0,P012,none,0,1
1.4748511196565879,0.0,P012,none,0,1
0.8753732178911411,1.0,P012,none,0,0
1.2853666438005673,0.0,P012,none,0,1
0.8011636988295254,0.0,P012,none,0,1
1.2435568551637766,0.0,P012,none,0,1
1.1318154323574239,0.0,P012,none,0,1
0.8271461369857301,0.0,P012,none,0,1
1.5165399646015412,1.0,P012,none,0,0
0.8497528230805017,1.0,P012,none,0,0
0.982763190903259,0.0,P012,none,0,1
1.264807566244688,1.0,P012,none,0,0
1.3139828486160456,1.0,P012,none,0,0
1.3233045403932924,0.0,P012,none,0,1
0.7566397045690472,0.0,P012,none,0,1
0.7051008770246422,1.0,P012,none,0,0
0.7249557861973727,1.0,P012,none,0,0
0.9383258001317979,0.0,P012,none,0,1
1.2530104639289539,0.0,P012,none,0,1
1.381563271877226,0.0,P012,none,0,1
0.7659697726412797,0.0,P012,none,0,1
1.0997210613452535,1.0,P012,none,0,0
1.1174297792342203,0.0,P012,none,0,1
0.920411786172036,0.0,P012,none,0,1
0.7522981422722721,0.0,P012,none,0,1
0.794207247880065,0.0,P012,none,0,1
0.587999406398367,1.0,P012,none,1,1
0.7280616072464613,1.0,P012,none,1,1
0.6686275244140448,1.0,P012,none,1,1
0.7842042376028547,1.0,P012,none,1,1
0.9595989499190333,1.0,P012,none,1,1
1.2130987569265659,1.0,P012,none,1,1
0.887906748179598,1.0,P012,none,1,1
1.4117960657027078,1.0,P012,none,1,1
0.8343657416707434,1.0,P012,none,1,1
0.5991774116276104,1.0,P012,none,1,1
0.8191734545517048,1.0,P012,none,1,1
0.9326461252471212,1.0,P012,none,1,1
0.9172755208028891,1.0,P012,none,1,1
1.5168511174274633,1.0,P012,none,1,1
0.7723369835440462,1.0,P012,none,1,1
1.0130137597739164,1.0,P012,none,1,1
0.9831808342433394,1.0,P012,none,1,1
1.720718824639715,1.0,P012,none,1,1
1.472601136492205,1.0,P012,none,1,1
0.8688674803383198,1.0,P012,none,1,1
0.7148116477739208,1.0,P012,none,1,1
0.6799572124133393,1.0,P012,none,1,1
1.076578049190013,1.0,P012,none,1,1
0.8777412767013011,1.0,P012,none,1,1
0.993781979748029,1.0,P012,none,1,1
1.074958795185704,1.0,P012,none,1,1
0.6856239570748942,1.0,P012,none,1,1
0.8652116833393255,1.0,P012,none,1,1
1.0776162510616607,1.0,P012,none,1,1
1.4905802801858208,1.0,P012,none,1,1
0.9574734762711818,1.0,P012,none,1,1
0.61821436467568,1.0,P012,none,1,1
0.8164386583952056,1.0,P012,none,1,1
0.7160459938910795,1.0,P012,none,1,1
1.5608314442921571,1.0,P012,none,1,1
0.9935224409660841,1.0,P012,none,1,1
1.3992983825526046,1.0,P012,none,1,1
1.416405909224693,1.0,P012,none,1,1
1.3482934254520484,1.0,P012,none,1,1
0.5541297055026505,1.0,P012,none,1,1
0.7318782445940906,1.0,P012,none,1,1
0.7451555215200613,1.0,P012,none,1,1
0.9472729408664065,1.0,P012,none,1,1
0.6091185571063983,1.0,P012,none,1,1
0.5882817215503473,1.0,P012,none,1,1
0.9272729331806289,1.0,P012,none,1,1
0.9363770519242911,1.0,P012,none,1,1
0.8223889604133517,1.0,P012,none,1,1
1.160862140482864,1.0,P012,none,1,1
0.6922158003854846,1.0,P012,none,1,1
1.3949156658510042,0.0,P013,none,0,0
1.2508221916962095,1.0,P013,none,0,1
1.203120132098241,0.0,P013,none,0,0
1.0573657089940807,1.0,P013,none,0,1
1.6614714035575346,1.0,P013,none,0,1
0.9744358691900467,1.0,P013,none,0,1
1.6170659618776284,0.0,P013,none,0,0
1.2060006142187878,1.0,P013,none,0,1
1.1468012694797034,1.0,P013,none,0,1
1.2201769803944695,1.0,P013,none,0,1
1.1375347413896042,0.0,P013,none,0,0
1.9963083875482728,1.0,P013,none,0,1
0.9056512400874945,0.0,P013,none,0,0
1.1100292288982812,1.0,P013,none,0,1
1.0372161284437953,0.0,P013,none,0,0
1.4325174702809176,0.0,P013,none,0,0
1.3149616995789781,0.0,P013,none,0,0
1.420422013485641,1.0,P013,none,0,1
1.5030267968868463,0.0,P013,none,0,0
1.0638863114926562,1.0,P013,none,0,1
0.9493835442696786,0.0,P013,none,0,0
0.9772670333150388,0.0,P013,none,0,0
0.9910601298394168,0.0,P013,none,0,0
1.4680005837485368,1.0,P013,none,0,1
1.418350360942887,0.0,P013,none,0,0
0.991913611615227,1.0,P013,none,0,1
2.14881769442668,1.0,P013,none,0,1
1.001165314401616,1.0,P013,none,0,1
1.281469362304072,1.0,P013,none,0,1
0.8896687046290893,0.0,P013,none,0,0
1.48658936751679,0.0,P013,none,0,0
1.8055117719615117,1.0,P013,none,0,1
1.8761459166305539,0.0,P013,none,0,0
1.1419918968186993,1.0,P013,none,0,1
1.0381661392404609,0.0,P013,none,0,0
0.9210900011797057,1.0,P013,none,0,1
1.2865763224582776,1.0,P013,none,0,1
1.0612402030874208,0.0,P013,none,0,0
1.798679152295609,0.0,P013,none,0,0
0.9516052818138435,0.0,P013,none,0,0
1.261551968377947,0.0,P013,none,0,0
2.167259006382378,1.0,P013,none,0,1
1.4120864817481953,1.0,P013,none,0,1
0.9694274946143883,0.0,P013,none,0,0
1.237498447042925,1.0,P013,none,0,1
1.1826571998546387,1.0,P013,none,0,1
1.0700226701684121,0.0,P013,none,0,0
0.9718931293044221,0.0,P013,none,0,0
0.9415931592208483,0.0,P013,none,0,0
1.3923672284140167,1.0,P013,none,0,1
0.9610827305337,1.0,P013,none,1,1
0.8375194352708297,1.0,P013,none,1,1
1.4172010869742402,1.0,P013,none,1,1
1.346047136410269,1.0,P013,none,1,1
2.2141682944262646,1.0,P013,none,1,1
1.2112082253222274,1.0,P013,none,1,1
0.9212854535039232,1.0,P013,none,1,1
0.9006468518717927,1.0,P013,none,1,1
1.5404735954653237,1.0,P013,none,1,1
1.801633703943565,1.0,P013,none,1,1
0.7031350491248425,1.0,P013,none,1,1
1.119186754479941,1.0,P013,none,1,1
1.73990786081838,1.0,P013,none,1,1
1.2267169311144934,1.0,P013,none,1,1
1.091909544937944,1.0,P013,none,1,1
0.6808299470317029,1.0,P013,none,1,1
1.201439247665168,1.0,P013,none,1,1
1.063696165227685,1.0,P013,none,1,1
1.6229319365198762,1.0,P013,none,1,1
0.9085176459093702,1.0,P013,none,1,1
1.2538129147802626,1.0,P013,none,1,1
1.0693146443723966,1.0,P013,none,1,1
2.0782495254790563,1.0,P013,none,1,1
1.0111488757798626,1.0,P013,none,1,1
0.8091223227959814,1.0,P013,none,1,1
0.9997416984423251,1.0,P013,none,1,1
1.3240565263569972,1.0,P013,none,1,1
1.252171498109147,1.0,P013,none,1,1
0.8897584985816179,1.0,P013,none,1,1
2.013830581701989,1.0,P013,none,1,1
1.0682606556156231,1.0,P013,none,1,1
0.9575454672315136,1.0,P013,none,1,1
0.9341485703190835,1.0,P013,none,1,1
2.6480258290470235,1.0,P013,none,1,1
0.9437312881680282,1.0,P013,none,1,1
1.4872720674630375,1.0,P013,none,1,1
1.3432228464137252,1.0,P013,none,1,1
1.2744391686870578,1.0,P013,none,1,1
0.930966216315664,1.0,P013,none,1,1
0.8514617448396253,1.0,P013,none,1,1
1.290992028774968,1.0,P013,none,1,1
1.4916482597784169,1.0,P013,none,1,1
1.1565095854060377,1.0,P013,none,1,1
1.1299831140503416,1.0,P013,none,1,1
1.3710554764712022,1.0,P013,none,1,1
0.7387118838295725,1.0,P013,none,1,1
1.37528057091966,1.0,P013,none,1,1
1.6199377462863955,1.0,P013,none,1,1
1.2933463193333186,1.0,P013,none,1,1
0.8749165230535136,1.0,P013,none,1,1
0.6698470451850442,0.0,P014,none,0,0
0.6749415484405359,0.0,P014,none,0,0
0.840201071381906,0.0,P014,none,0,0
0.7473120540682379,1.0,P014,none,0,1
0.8655727589682248,1.0,P014,none,0,1
1.113289567018318,1.0,P014,none,0,1
1.7070045674143768,1.0,P014,none,0,1
0.7367846294003682,1.0,P014,none,0,1
1.9338454202919348,1.0,P014,none,0,1
0.8932753554842618,1.0,P014,none,0,1
0.728991018508099,1.0,P014,none,0,1
1.0204745545892149,1.0,P014,none,0,1
0.6993262145067978,1.0,P014,none,0,1
1.263603925974668,0.0,P014,none,0,0
1.083509478342504,0.0,P014,none,0,0
0.7561193669824741,1.0,P014,none,0,1
1.0068014840591875,0.0,P014,none,0,0
0.6713778458788731,0.0,P014,none,0,0
0.8812396154275417,1.0,P014,none,0,1
0.9235512239008901,1.0,P014,none,0,1
0.8262701082327721,1.0,P014,none,0,1
1.071679046037317,0.0,P014,none,0,0
1.175677624859325,1.0,P014,none,0,1
0.6555384453360568,1.0,P014,none,0,1
1.1848287267180306,0.0,P014,none,0,0
0.816601218643663,0.0,P014,none,0,0
1.1417774368352576,1.0,P014,none,0,1
0.8249137188454525,1.0,P014,none,0,1
0.7458024527810672,0.0,P014,none,0,0
0.995159608919862,0.0,P014,none,0,0
0.8941804755057055,1.0,P014,none,0,1
0.9673360017943646,1.0,P014,none,0,1
0.867678778548357,0.0,P014,none,0,0
1.1748230931178882,0.0,P014,none,0,0
0.8582286323220901,0.0,P014,none,0,0
0.6228105719369174,0.0,P014,none,0,0
0.8547075040687744,1.0,P014,none,0,1
0.9163067189447334,1.0,P014,none,0,1
1.0618424426143025,0.0,P014,none,0,0
0.7614903221615481,1.0,P014,none,0,1
0.8343648933541269,1.0,P014,none,0,1
1.0550128882616534,0.0,P014,none,0,0
0.7918898036646284,0.0,P014,none,0,0
0.8540494808197913,1.0,P014,none,0,1
1.3057012927500127,0.0,P014,none,0,0
0.8861804713432575,1.0,P014,none,0,1
0.9303846298980216,0.0,P014,none,0,0
0.8434389924097525,0.0,P014,none,0,0
0.7550998809672759,1.0,P014,none,0,1
0.7391259117056125,0.0,P014,none,0,0
1.3964194706100883,1.0,P014,none,1,1
1.875975334495787,1.0,P014,none,1,1
0.7716060330555577,1.0,P014,none,1,1
0.9608837447312631,1.0,P014,none,1,1
0.487362781933652,1.0,P014,none,1,1
0.9120421166244022,1.0,P014,none,1,1
1.3539140221940746,1.0,P014,none,1,1
1.1489715274118797,1.0,P014,none,1,1
0.7352921206651748,1.0,P014,none,1,1
1.3049902284146024,1.0,P014,none,1,1
0.6673258127662438,1.0,P014,none,1,1
0.6696247376915128,1.0,P014,none,1,1
0.7090624248574701,1.0,P014,none,1,1
1.4128468203590188,1.0,P014,none,1,1
0.7177266114197303,1.0,P014,none,1,1
0.6744979337407209,1.0,P014,none,1,1
0.592540454787548,1.0,P014,none,1,1
1.4925481537178416,1.0,P014,none,1,1
0.8011166224567676,1.0,P014,none,1,1
1.58620614241026,1.0,P014,none,1,1
0.7344619592935406,1.0,P014,none,1,1
0.7229615154104899,1.0,P014,none,1,1
0.7240440640946109,1.0,P014,none,1,1
1.1565228083769434,1.0,P014,none,1,1
0.7216289269422846,1.0,P014,none,1,1
0.5986231751230215,1.0,P014,none,1,1
0.7720876969343486,1.0,P014,none,1,1
0.8319837597979423,1.0,P014,none,1,1
1.1978221649524836,1.0,P014,none,1,1
2.411123722110725,1.0,P014,none,1,1
1.094289260144024,1.0,P014,none,1,1
0.9844333878178069,1.0,P014,none,1,1
0.8318377131659973,1.0,P014,none,1,1
1.403203592679699,1.0,P014,none,1,1
0.6855330135350046,1.0,P014,none,1,1
1.6401981947818656,1.0,P014,none,1,1
0.964557476740409,1.0,P014,none,1,1
0.6860389946865497,1.0,P014,none,1,1
0.8396965560518477,1.0,P014,none,1,1
0.9720001635182905,1.0,P014,none,1,1
0.8028775887099937,1.0,P014,none,1,1
1.5740082599925498,1.0,P014,none,1,1
0.5709549530862326,1.0,P014,none,1,1
1.617843569033118,1.0,P014,none,1,1
0.8372268777725521,1.0,P014,none,1,1
0.8519610893978655,1.0,P014,none,1,1
1.6095809452284238,1.0,P014,none,1,1
0.5502560634198419,1.0,P014,none,1,1
0.7280262960423796,1.0,P014,none,1,1
0.7652341755509846,1.0,P014,none,1,1
1.1101654082883587,1.0,P015,none,0,1
1.113202158382884,1.0,P015,none,0,1
1.2856035855997963,0.0,P015,none,0,0
0.7874055627682622,1.0,P015,none,0,1
0.9925876928781117,0.0,P015,none,0,0
0.9015736594075953,1.0,P015,none,0,1
1.4080055872087374,1.0,P015,none,0,1
0.9413214009968218,1.0,P015,none,0,1
0.7021084052499323,1.0,P015,none,0,1
0.9222303359843295,0.0,P015,none,0,0
0.7618337992634331,0.0,P015,none,0,0
0.8289381264804353,1.0,P015,none,0,1
0.9325037930807727,0.0,P015,none,0,0
0.9681142470956234,0.0,P015,none,0,0
0.8295614087280143,1.0,P015,none,0,1
0.7651342436575206,0.0,P015,none,0,0
0.8973703838825532,1.0,P015,none,0,1
0.7306318555850854,0.0,P015,none,0,0
1.027224872905174,1.0,P015,none,0,1
0.850857589284584,0.0,P015,none,0,0
0.67691805188366,0.0,P015,none,0,0
0.8601809618157537,1.0,P015,none,0,1
0.8017038326865076,1.0,P015,none,0,1
0.9710084454603964,1.0,P015,none,0,1
1.390942161076184,1.0,P015,none,0,1
0.7923879721938222,0.0,P015,none,0,0
0.8447892933214883,0.0,P015,none,0,0
0.9008966501346799,1.0,P015,none,0,1
0.7051176826506204,1.0,P015,none,0,1
0.9383359462497609,0.0,P015,none,0,0
0.9611919645136916,0.0,P015,none,0,0
1.2667095630554344,0.0,P015,none,0,0
0.8592241585358533,1.0,P015,none,0,1
0.7885587031914345,1.0,P015,none,0,1
0.7405101273414298,1.0,P015,none,0,1
0.8607705123001091,1.0,P015,none,0,1
1.1255260294415863,1.0,P015,none,0,1
0.6007920601353048,0.0,P015,none,0,0
1.1506362410125217,0.0,P015,none,0,0
1.045836088912527,1.0,P015,none,0,1
1.1692271546323887,0.0,P015,none,0,0
1.0181973994932043,1.0,P015,none,0,1
0.8311021962196443,1.0,P015,none,0,1
0.6941888225623368,1.0,P015,none,0,1
0.6919807977813203,0.0,P015,none,0,0
1.1477930628129864,0.0,P015,none,0,0
0.6677197042011095,0.0,P015,none,0,0
0.6159755985358386,1.0,P015,none,0,1
0.6982401559509285,0.0,P015,none,0,0
1.479609843709317,1.0,P015,none,0,1
1.1055283180578128,1.0,P015,none,1,1
0.8596961227398939,1.0,P015,none,1,1
1.0224155541092077,1.0,P015,none,1,1
1.4815094952249446,1.0,P015,none,1,1
0.48038597450508935,1.0,P015,none,1,1
1.1005497678196092,1.0,P015,none,1,1
0.7575046324495884,1.0,P015,none,1,1
1.3003631306747705,1.0,P015,none,1,1
0.8635991244874002,1.0,P015,none,1,1
2.1043544113555877,1.0,P015,none,1,1
0.6226346571465174,1.0,P015,none,1,1
0.7074512174701431,1.0,P015,none,1,1
0.9293995581347462,1.0,P015,none,1,1
1.047821075854733,1.0,P015,none,1,1
0.6786303903782622,1.0,P015,none,1,1
1.1269187583413,1.0,P015,none,1,1
1.2760484964751422,1.0,P015,none,1,1
1.3019243067387873,1.0,P015,none,1,1
1.9878529254901716,1.0,P015,none,1,1
0.8487786344414521,1.0,P015,none,1,1
1.3714495742474173,1.0,P015,none,1,1
1.6519915230145807,1.0,P015,none,1,1
1.5052363908255524,1.0,P015,none,1,1
1.0878125739733555,1.0,P015,none,1,1
2.2186196878536775,1.0,P015,none,1,1
0.8627382432846555,1.0,P015,none,1,1
1.3247754871496715,1.0,P015,none,1,1
2.0718920150437223,1.0,P015,none,1,1
1.586289430632157,1.0,P015,none,1,1
0.8846665225762516,1.0,P015,none,1,1
0.8094648197366148,1.0,P015,none,1,1
0.80106806465469,1.0,P015,none,1,1
1.248169153940216,1.0,P015,none,1,1
0.8260420816142777,1.0,P015,none,1,1
1.1458446511371219,1.0,P015,none,1,1
0.5929886777389537,1.0,P015,none,1,1
0.604122338025561,1.0,P015,none,1,1
0.8291175951919016,1.0,P015,none,1,1
0.8417832824629192,1.0,P015,none,1,1
1.0214412142726497,1.0,P015,none,1,1
0.8035893885861496,1.0,P015,none,1,1
0.8745026354126053,1.0,P015,none,1,1
0.9050831179107484,1.0,P015,none,1,1
0.7967635257563213,1.0,P015,none,1,1
0.8635088809451154,1.0,P015,none,1,1
1.3369184598920942,1.0,P015,none,1,1
1.4116241868554953,1.0,P015,none,1,1
1.447529546653539,1.0,P015,none,1,1
1.102610671416422,1.0,P015,none,1,1
0.7763166458429402,1.0,P015,none,1,1
1.251837649350854,0.0,P016,none,0,1
1.23492445007281,0.0,P016,none,0,1
1.6428176033565007,1.0,P016,none,0,0
1.0032528118931456,0.0,P016,none,0,1
0.9931739697992572,0.0,P016,none,0,1
0.9864210937980817,0.0,P016,none,0,1
0.7950986004929294,1.0,P016,none,0,0
0.899394515383386,0.0,P016,none,0,1
0.824667518047754,0.0,P016,none,0,1
1.1379610711079535,1.0,P016,none,0,0
1.69512007604867,0.0,P016,none,0,1
1.126387903797327,1.0,P016,none,0,0
1.1363875250170183,0.0,P016,none,0,1
1.100143293456788,1.0,P016,none,0,0
0.9116681244713715,1.0,P016,none,0,0
2.9801801005603235,1.0,P016,none,0,0
2.285740892977835,0.0,P016,none,0,1
0.8255732505259926,0.0,P016,none,0,1
0.7602943677108024,1.0,P016,none,0,0
0.8233360918750525,0.0,P016,none,0,1
1.4797718654332075,0.0,P016,none,0,1
1.4782090575900944,0.0,P016,none,0,1
0.9782037901085885,0.0,P016,none,0,1
1.085327968691193,0.0,P016,none,0,1
1.0192034927075675,0.0,P016,none,0,1
0.9758516966999068,0.0,P016,none,0,1
0.7752954907197614,0.0,P016,none,0,1
0.91735201070849,1.0,P016,none,0,0
1.077676965062244,0.0,P016,none,0,1
1.008336788885206,0.0,P016,none,0,1
0.7058884717939719,1.0,P016,none,0,0
0.9753023215209599,0.0,P016,none,0,1
1.9769001726721402,0.0,P016,none,0,1
0.7296056274925089,1.0,P016,none,0,0
0.8241845967531041,1.0,P016,none,0,0
1.0108779635277942,1.0,P016,none,0,0
0.8063858291474091,1.0,P016,none,0,0
1.2232002547845087,1.0,P016,none,0,0
0.7761117356644597,0.0,P016,none,0,1
1.11154425573049,1.0,P016,none,0,0
1.3299431441323866,0.0,P016,none,0,1
1.0193581972884345,0.0,P016,none,0,1
0.7962829917497392,0.0,P016,none,0,1
0.9487623537776156,0.0,P016,none,0,1
0.9623252181637376,0.0,P016,none,0,1
0.8552431485861054,1.0,P016,none,0,0
0.8279051894990401,0.0,P016,none,0,1
0.6988641886968894,0.0,P016,none,0,1
1.3372863360423992,0.0,P016,none,0,1
1.650220176587971,1.0,P016,none,0,0
0.8043116475878762,1.0,P016,none,1,1
0.9196579847219237,1.0,P016,none,1,1
0.7306553211618746,1.0,P016,none,1,1
1.3965946557758437,1.0,P016,none,1,1
0.7415437050094646,1.0,P016,none,1,1
0.8410392245937396,1.0,P016,none,1,1
0.645960813907088,1.0,P016,none,1,1
0.7962770259982945,1.0,P016,none,1,1
0.6037434576299702,1.0,P016,none,1,1
1.7006794682900885,1.0,P016,none,1,1
0.8324511781711765,1.0,P016,none,1,1
0.6605045499309925,1.0,P016,none,1,1
1.1336440891850852,1.0,P016,none,1,1
0.695660643300044,1.0,P016,none,1,1
1.4660534889645667,1.0,P016,none,1,1
1.369406128884329,1.0,P016,none,1,1
0.7128575554007109,1.0,P016,none,1,1
1.2754220438416124,1.0,P016,none,1,1
1.0491050609637511,1.0,P016,none,1,1
0.6674559387995914,1.0,P016,none,1,1
0.7633509720108644,1.0,P016,none,1,1
0.8020500275364163,1.0,P016,none,1,1
0.9614768288384975,1.0,P016,none,1,1
0.5626260232984241,1.0,P016,none,1,1
0.649525646186681,1.0,P016,none,1,1
0.7726176825092821,1.0,P016,none,1,1
0.9874412719154256,1.0,P016,none,1,1
0.9754576793451106,1.0,P016,none,1,1
1.3966732718510129,1.0,P016,none,1,1
0.5627398817285445,1.0,P016,none,1,1
0.6779680229759024,1.0,P016,none,1,1
1.0851453437270113,1.0,P016,none,1,1
1.0235307620309464,1.0,P016,none,1,1
0.6107422360641481,1.0,P016,none,1,1
0.7810944343830852,1.0,P016,none,1,1
1.7360977417427006,1.0,P016,none,1,1
0.6149251957062042,1.0,P016,none,1,1
0.6683587188470285,1.0,P016,none,1,1
0.9424875884526254,1.0,P016,none,1,1
0.9624238193131088,1.0,P016,none,1,1
0.9058339710519199,1.0,P016,none,1,1
0.8187065402904647,1.0,P016,none,1,1
1.5066464118810505,1.0,P016,none,1,1
0.7808761431493365,1.0,P016,none,1,1
1.2201842173824688,1.0,P016,none,1,1
0.8117335594919776,1.0,P016,none,1,1
0.7077666149557001,1.0,P016,none,1,1
2.136003065250267,1.0,P016,none,1,1
0.7953988515533459,1.0,P016,none,1,1
1.0182902729229562,1.0,P016,none,1,1
1.0170856264409742,1.0,P017,none,0,1
3.8749795878242224,0.0,P017,none,0,0
0.9765889829483458,0.0,P017,none,0,0
1.9423080850985102,0.0,P017,none,0,0
1.4229326274947467,0.0,P017,none,0,0
1.0904612320269513,0.0,P017,none,0,0
1.1188259789994872,1.0,P017,none,0,1
1.2246373811768427,1.0,P017,none,0,1
1.4071740104003443,1.0,P017,none,0,1
0.9767046235654677,1.0,P017,none,0,1
0.9790730759666353,1.0,P017,none,0,1
1.1971058171602986,0.0,P017,none,0,0
1.2114888642990447,1.0,P017,none,0,1
1.1962629430985572,1.0,P017,none,0,1
2.027465194681242,1.0,P017,none,0,1
0.9191292147118524,1.0,P017,none,0,1
1.0361715526970288,0.0,P017,none,0,0
0.8988903847061742,0.0,P017,none,0,0
1.0027259138012428,0.0,P017,none,0,0
0.7216464420998028,0.0,P017,none,0,0
0.8937096011459702,0.0,P017,none,0,0
1.1367769192190043,0.0,P017,none,0,0
0.7368366513397546,0.0,P017,none,0,0
2.5836285600548266,0.0,P017,none,0,0
0.7845781248763156,0.0,P017,none,0,0
0.8456674472415439,1.0,P017,none,0,1
1.069644002416699,1.0,P017,none,0,1
1.9108278238464027,0.0,P017,none,0,0
0.7937806935795291,0.0,P017,none,0,0
0.726222650196783,1.0,P017,none,0,1
1.8167411521291337,1.0,P017,none,0,1
1.062574984841191,0.0,P017,none,0,0
0.7810870290703639,0.0,P017,none,0,0
0.763811561648181,1.0,P017,none,0,1
0.6784687455631507,0.0,P017,none,0,0
1.5211320678772013,0.0,P017,none,0,0
1.2121263559807594,1.0,P017,none,0,1
1.015439022442342,0.0,P017,none,0,0
0.878389497893585,1.0,P017,none,0,1
0.8526539191915234,0.0,P017,none,0,0
0.890457586866127,0.0,P017,none,0,0
0.7108096448215682,0.0,P017,none,0,0
1.4125265573568841,0.0,P017,none,0,0
1.117756649264565,1.0,P017,none,0,1
0.8698203791544324,1.0,P017,none,0,1
0.944854607922955,0.0,P017,none,0,0
0.8011550211920904,0.0,P017,none,0,0
1.6992329068087046,1.0,P017,none,0,1
1.3749042520637427,0.0,P017,none,0,0
1.4771112141465161,1.0,P017,none,0,1
0.6818089528882281,1.0,P017,none,1,1
0.9367496923849717,1.0,P017,none,1,1
0.7956102386612911,1.0,P017,none,1,1
0.7149448564243945,1.0,P017,none,1,1
0.7576040861167326,1.0,P017,none,1,1
0.7936738602802609,1.0,P017,none,1,1
0.8537805147059433,1.0,P017,none,1,1
1.6742483271336805,1.0,P017,none,1,1
0.8434483469501773,1.0,P017,none,1,1
0.9104700198034589,1.0,P017,none,1,1
0.7138285156211361,1.0,P017,none,1,1
1.3185930641610832,1.0,P017,none,1,1
0.8332535601530766,1.0,P017,none,1,1
0.545027081649499,1.0,P017,none,1,1
0.6854533214562595,1.0,P017,none,1,1
0.6623875677586942,1.0,P017,none,1,1
0.9143805378548793,1.0,P017,none,1,1
0.8994330293080596,1.0,P017,none,1,1
0.693793976864171,1.0,P017,none,1,1
1.319574655820033,1.0,P017,none,1,1
1.4625599634706052,1.0,P017,none,1,1
0.7371341874915819,1.0,P017,none,1,1
0.9668961007814583,1.0,P017,none,1,1
0.8123300851108302,1.0,P017,none,1,1
0.5744938411576133,1.0,P017,none,1,1
0.716657835568071,1.0,P017,none,1,1
0.9351282981057913,1.0,P017,none,1,1
0.681187111530621,0.0,P017,none,1,0
0.7716502307877566,1.0,P017,none,1,1
0.7454142348679339,1.0,P017,none,1,1
0.8819750448780367,1.0,P017,none,1,1
1.1358042089460378,1.0,P017,none,1,1
0.7141605640733067,1.0,P017,none,1,1
1.333409478091157,1.0,P017,none,1,1
0.8058345040290675,1.0,P017,none,1,1
0.6663549351909216,1.0,P017,none,1,1
1.1051055943747832,1.0,P017,none,1,1
1.335520393687132,1.0,P017,none,1,1
0.8342500835713655,1.0,P017,none,1,1
0.7748986773591071,1.0,P017,none,1,1
0.9488689049660393,1.0,P017,none,1,1
0.8815453516518731,1.0,P017,none,1,1
1.580105267490477,1.0,P017,none,1,1
0.8098305237780279,1.0,P017,none,1,1
1.1993669198221768,1.0,P017,none,1,1
0.765007348682099,1.0,P017,none,1,1
1.527667325295948,1.0,P017,none,1,1
0.8111278870248699,1.0,P017,none,1,1
0.7488771462157899,1.0,P017,none,1,1
0.894032353047795,1.0,P017,none,1,1
0.9928377746349344,1.0,P018,none,0,0
0.9423344205821775,1.0,P018,none,0,0
1.1709564059123783,1.0,P018,none,0,0
1.2823837221322674,1.0,P018,none,0,0
1.1703180280560057,1.0,P018,none,0,0
1.3337535291998905,0.0,P018,none,0,1
1.0679242816814902,1.0,P018,none,0,0
1.199833683258527,0.0,P018,none,0,1
1.0318979490217182,0.0,P018,none,0,1
1.212169259938491,0.0,P018,none,0,1
1.0640518645367374,0.0,P018,none,0,1
0.9309927792978664,0.0,P018,none,0,1
0.8916615878752957,0.0,P018,none,0,1
0.7995060643416328,1.0,P018,none,0,0
1.2203698875085598,0.0,P018,none,0,1
1.053033065421252,0.0,P018,none,0,1
1.0527748224906086,1.0,P018,none,0,0
1.1202981099937457,0.0,P018,none,0,1
1.2446433734278182,1.0,P018,none,0,0
1.0416667278795861,0.0,P018,none,0,1
1.103324382541558,0.0,P018,none,0,1
0.9517959398141924,0.0,P018,none,0,1
1.5982378000629573,0.0,P018,none,0,1
1.0359938468381744,1.0,P018,none,0,0
1.2740736324754955,1.0,P018,none,0,0
0.9378131532853899,0.0,P018,none,0,1
1.1071143422473273,0.0,P018,none,0,1
1.004580622647134,0.0,P018,none,0,1
1.0426322475503382,0.0,P018,none,0,1
1.0127675734868407,1.0,P018,none,0,0
0.8759752199850437,1.0,P018,none,0,0
1.1206969471965365,0.0,P018,none,0,1
1.549661623636946,1.0,P018,none,0,0
1.1049172002550804,1.0,P018,none,0,0
1.8769996607705293,1.0,P018,none,0,0
1.2841486993409676,0.0,P018,none,0,1
1.131881818307128,1.0,P018,none,0,0
1.1512661111205804,0.0,P018,none,0,1
1.5880505489480332,1.0,P018,none,0,0
1.1396212754027735,1.0,P018,none,0,0
1.0801427110023256,0.0,P018,none,0,1
1.3507516648529676,0.0,P018,none,0,1
1.2448471547752649,0.0,P018,none,0,1
1.2514140541538143,1.0,P018,none,0,0
1.2718900303587644,0.0,P018,none,0,1
1.2376470813711227,0.0,P018,none,0,1
0.9217905598834922,0.0,P018,none,0,1
0.9791971473484912,1.0,P018,none,0,0
1.097811929740587,1.0,P018,none,0,0
1.1173713922004798,0.0,P018,none,0,1
1.4167419173302362,1.0,P018,none,1,1
1.120333775246183,1.0,P018,none,1,1
0.6178958369656755,1.0,P018,none,1,1
1.1338894529652541,1.0,P018,none,1,1
0.9184089013687399,1.0,P018,none,1,1
0.9825374041627939,1.0,P018,none,1,1
0.9840056614337575,1.0,P018,none,1,1
0.7734102490751331,1.0,P018,none,1,1
1.0122343254585575,1.0,P018,none,1,1
0.6945603526460854,1.0,P018,none,1,1
1.092990481253704,1.0,P018,none,1,1
1.0649285755331968,1.0,P018,none,1,1
2.5417071865170326,1.0,P018,none,1,1
0.8999380044889473,1.0,P018,none,1,1
1.3215029714352085,1.0,P018,none,1,1
1.5297445133890548,1.0,P018,none,1,1
1.7059584023631684,1.0,P018,none,1,1
0.8582914923264895,1.0,P018,none,1,1
1.3379934957945574,1.0,P018,none,1,1
1.250874890344728,1.0,P018,none,1,1
1.074181564299619,1.0,P018,none,1,1
0.9815755693133907,1.0,P018,none,1,1
1.1027966312206856,1.0,P018,none,1,1
1.401169106894781,1.0,P018,none,1,1
0.7292729728237837,1.0,P018,none,1,1
0.9055748244259494,1.0,P018,none,1,1
0.6524128786651278,1.0,P018,none,1,1
1.1664503277998932,1.0,P018,none,1,1
0.8757974306553786,1.0,P018,none,1,1
1.2111684244344747,1.0,P018,none,1,1
0.9891783992574956,1.0,P018,none,1,1
0.8763764569421579,1.0,P018,none,1,1
0.914902560851058,1.0,P018,none,1,1
0.7577445237729417,1.0,P018,none,1,1
1.2697883070463485,1.0,P018,none,1,1
1.2068756771958453,1.0,P018,none,1,1
0.8078728262993942,1.0,P018,none,1,1
1.1859827521613948,1.0,P018,none,1,1
0.8211571195995244,1.0,P018,none,1,1
1.7363410831833435,1.0,P018,none,1,1
0.7640776642017157,1.0,P018,none,1,1
1.1241368191411765,1.0,P018,none,1,1
1.1703191911900372,1.0,P018,none,1,1
1.6899651038976855,1.0,P018,none,1,1
1.2135880938481685,1.0,P018,none,1,1
0.964783981063601,1.0,P018,none,1,1
1.9969502711820986,1.0,P018,none,1,1
1.322846274502187,1.0,P018,none,1,1
1.6910695791666475,0.0,P018,none,1,0
0.7086657663996895,1.0,P018,none,1,1
0.9466010086019031,1.0,P019,none,0,0
1.007439624066231,0.0,P019,none,0,1
1.1662375408962269,1.0,P019,none,0,0
1.3588273192995335,1.0,P019,none,0,0
0.7848068680558742,0.0,P019,none,0,1
1.2370613729957172,0.0,P019,none,0,1
1.7899158814233844,1.0,P019,none,0,0
0.8191528104565451,1.0,P019,none,0,0
1.0676909105053833,1.0,P019,none,0,0
0.7595294164933406,0.0,P019,none,0,1
0.8087514573078407,0.0,P019,none,0,1
0.87283833714727,0.0,P019,none,0,1
0.9143925767252714,0.0,P019,none,0,1
1.178260384716976,1.0,P019,none,0,0
0.6960010805196478,0.0,P019,none,0,1
0.951046609723174,0.0,P019,none,0,1
1.1264461834997461,1.0,P019,none,0,0
1.4295674851418416,1.0,P019,none,0,0
1.024764816440313,0.0,P019,none,0,1
0.8051218065724051,0.0,P019,none,0,1
1.4457688150537014,0.0,P019,none,0,1
0.948193797331928,0.0,P019,none,0,1
1.2656689544983108,0.0,P019,none,0,1
0.6505611034311949,1.0,P019,none,0,0
1.0372943802901753,1.0,P019,none,0,0
0.9055935706290928,0.0,P019,none,0,1
0.6772586033567582,1.0,P019,none,0,0
0.7985626302806803,0.0,P019,none,0,1
0.7084205418461677,1.0,P019,none,0,0
0.8868745026843411,0.0,P019,none,0,1
0.8386344569547326,0.0,P019,none,0,1
1.00862892715531,0.0,P019,none,0,1
1.2132150344117014,1.0,P019,none,0,0
0.7365383979032555,1.0,P019,none,0,0
0.899232648719103,0.0,P019,none,0,1
0.8483270116998648,1.0,P019,none,0,0
1.090077260694482,1.0,P019,none,0,0
1.2862660846297884,1.0,P019,none,0,0
0.8690742049512331,0.0,P019,none,0,1
0.6431103616635583,1.0,P019,none,0,0
1.7596818893042325,0.0,P019,none,0,1
0.9421574486446421,0.0,P019,none,0,1
0.862599974662805,1.0,P019,none,0,0
2.2862632546540245,1.0,P019,none,0,0
0.7933661057499097,0.0,P019,none,0,1
0.6369984139196004,1.0,P019,none,0,0
1.0099891139152462,0.0,P019,none,0,1
1.5246371925344027,1.0,P019,none,0,0
0.924529943074273,0.0,P019,none,0,1
1.2815015171683477,1.0,P019,none,0,0
0.6998011090348008,1.0,P019,none,1,1
0.966894065651221,1.0,P019,none,1,1
0.8964660617309562,1.0,P019,none,1,1
1.0782077036169384,1.0,P019,none,1,1
1.5939573400229363,1.0,P019,none,1,1
1.4176858984015386,1.0,P019,none,1,1
0.683311500445813,1.0,P019,none,1,1
1.5171863544666877,1.0,P019,none,1,1
0.5645065010534416,1.0,P019,none,1,1
0.7727254962113654,1.0,P019,none,1,1
1.3664189272066927,1.0,P019,none,1,1
1.8169408475411015,1.0,P019,none,1,1
0.9029895267663666,1.0,P019,none,1,1
0.682534077896069,1.0,P019,none,1,1
0.8458861308735449,1.0,P019,none,1,1
1.067448671000137,1.0,P019,none,1,1
1.201364654000507,1.0,P019,none,1,1
0.8386447876241839,1.0,P019,none,1,1
1.1546557528339636,1.0,P019,none,1,1
0.8524507693259498,1.0,P019,none,1,1
0.7033873445688008,1.0,P019,none,1,1
0.8426177387878119,1.0,P019,none,1,1
0.9041983971739518,1.0,P019,none,1,1
0.9800781988850653,1.0,P019,none,1,1
1.132640773412663,1.0,P019,none,1,1
2.0765654936413,1.0,P019,none,1,1
0.9249250082758858,1.0,P019,none,1,1
1.021164412482912,1.0,P019,none,1,1
0.7212581866418517,1.0,P019,none,1,1
0.7930517090439535,1.0,P019,none,1,1
1.2811133426847912,1.0,P019,none,1,1
0.7625124633763449,1.0,P019,none,1,1
1.514190057035279,1.0,P019,none,1,1
0.7453666127090726,1.0,P019,none,1,1
0.6838338980409571,1.0,P019,none,1,1
0.8519403525949827,1.0,P019,none,1,1
1.2449275671216513,1.0,P019,none,1,1
0.6264736278319,1.0,P019,none,1,1
1.508110283534402,1.0,P019,none,1,1
0.6563472911426526,1.0,P019,none,1,1
0.9960036345674402,1.0,P019,none,1,1
0.7589320485920318,1.0,P019,none,1,1
0.775819988999219,1.0,P019,none,1,1
0.9850432688669597,1.0,P019,none,1,1
0.7312473749082478,1.0,P019,none,1,1
0.9080296548951471,1.0,P019,none,1,1
0.8146200421565795,1.0,P019,none,1,1
0.6983983051468101,1.0,P019,none,1,1
1.0088161236837547,1.0,P019,none,1,1
0.9511215188370058,1.0,P019,none,1,1
1.090801202275923,0.0,P020,none,0,0
0.95111571891856,1.0,P020,none,0,1
0.7742168920306655,0.0,P020,none,0,0
0.7282247313763797,0.0,P020,none,0,0
0.8274997392374871,1.0,P020,none,0,1
0.848535144636423,0.0,P020,none,0,0
0.8870014343556286,0.0,P020,none,0,0
0.9694210950202475,1.0,P020,none,0,1
0.9826626523336851,1.0,P020,none,0,1
0.8088443713308366,1.0,P020,none,0,1
1.13311340569617,1.0,P020,none,0,1
0.9968459235693132,1.0,P020,none,0,1
0.7298396818431843,0.0,P020,none,0,0
1.270478417494852,1.0,P020,none,0,1
1.108853651106035,1.0,P020,none,0,1
1.3608190384996601,1.0,P020,none,0,1
1.0204146894732546,1.0,P020,none,0,1
1.3149621001916594,0.0,P020,none,0,0
1.0359302406935167,1.0,P020,none,0,1
1.1031056608026868,1.0,P020,none,0,1
0.7724151162254292,1.0,P020,none,0,1
1.618078970270997,1.0,P020,none,0,1
1.0952978614888973,1.0,P020,none,0,1
0.7962616473469264,0.0,P020,none,0,0
1.4017815128896043,0.0,P020,none,0,0
0.9617112497546516,1.0,P020,none,0,1
0.9375362971695484,1.0,P020,none,0,1
1.6699357632456162,1.0,P020,none,0,1
0.999312726381958,1.0,P020,none,0,1
0.6935749715486041,0.0,P020,none,0,0
1.0395692905464045,0.0,P020,none,0,0
0.8039140022213206,0.0,P020,none,0,0
0.8949516853095025,0.0,P020,none,0,0
1.1228628784242456,0.0,P020,none,0,0
0.8232620955749783,0.0,P020,none,0,0
1.4115527819787745,1.0,P020,none,0,1
1.6962011375652954,1.0,P020,none,0,1
1.1212385917565486,0.0,P020,none,0,0
0.7771026595728532,1.0,P020,none,0,1
0.7753881654559059,0.0,P020,none,0,0
1.3306848048714728,1.0,P020,none,0,1
0.7091174259736508,1.0,P020,none,0,1
0.8710028309108637,1.0,P020,none,0,1
0.891315984382065,1.0,P020,none,0,1
0.8336806709267465,1.0,P020,none,0,1
0.7191799112560284,0.0,P020,none,0,0
0.7643464657391049,1.0,P020,none,0,1
0.9296685914108207,0.0,P020,none,0,0
0.6251841331361494,0.0,P020,none,0,0
0.8593209679812344,0.0,P020,none,0,0
1.4551967847637293,1.0,P020,none,1,1
1.6925564499572356,1.0,P020,none,1,1
0.7359850680956144,1.0,P020,none,1,1
0.8814988285792158,1.0,P020,none,1,1
0.8166479387109761,1.0,P020,none,1,1
1.003920525405929,1.0,P020,none,1,1
0.8187671312494001,0.0,P020,none,1,0
0.7294302924390567,1.0,P020,none,1,1
0.72753142435385,1.0,P020,none,1,1
0.7917889879742337,1.0,P020,none,1,1
0.8393496156101535,1.0,P020,none,1,1
0.6797409066732829,1.0,P020,none,1,1
0.6847997293643923,1.0,P020,none,1,1
0.658787788877144,1.0,P020,none,1,1
0.7835639026684156,1.0,P020,none,1,1
0.59539305864029,1.0,P020,none,1,1
0.6508051795005703,1.0,P020,none,1,1
0.8240792113107005,1.0,P020,none,1,1
0.6530762813590328,1.0,P020,none,1,1
1.0644851916834583,1.0,P020,none,1,1
1.1325809005368854,1.0,P020,none,1,1
1.0208524129937735,1.0,P020,none,1,1
1.138992634294219,1.0,P020,none,1,1
0.7849777721391586,1.0,P020,none,1,1
0.702354336400829,1.0,P020,none,1,1
1.1589520210223494,1.0,P020,none,1,1
0.9606069963516931,1.0,P020,none,1,1
0.7700605667368925,1.0,P020,none,1,1
0.6806928775884163,1.0,P020,none,1,1
0.5973342431871325,1.0,P020,none,1,1
1.1539387825321428,1.0,P020,none,1,1
0.7333855543233418,1.0,P020,none,1,1
0.7443583670946161,1.0,P020,none,1,1
0.7994386626522094,1.0,P020,none,1,1
1.7964643841442558,1.0,P020,none,1,1
0.7184752747526004,1.0,P020,none,1,1
0.828812300885877,1.0,P020,none,1,1
0.6927976481635446,1.0,P020,none,1,1
0.7890130506843976,1.0,P020,none,1,1
1.0747170213410886,1.0,P020,none,1,1
0.6952343925334422,1.0,P020,none,1,1
1.2307932354709654,1.0,P020,none,1,1
1.0765467856297435,1.0,P020,none,1,1
0.8606463888428105,1.0,P020,none,1,1
0.896198876297638,1.0,P020,none,1,1
1.4361935021894223,1.0,P020,none,1,1
0.763124548074277,1.0,P020,none,1,1
1.1572167056138625,1.0,P020,none,1,1
1.060670600381205,1.0,P020,none,1,1
1.3522508083341034,1.0,P020,none,1,1
1.3147318442337337,0.0,P021,none,0,1
1.2524149284843613,0.0,P021,none,0,1
1.3104472512962835,0.0,P021,none,0,1
1.0599997688044462,1.0,P021,none,0,0
1.0984719289952942,0.0,P021,none,0,1
1.453946264663436,1.0,P021,none,0,0
1.4617057255171002,1.0,P021,none,0,0
1.2044029031856005,1.0,P021,none,0,0
1.4030310074065215,1.0,P021,none,0,0
1.1373197029950282,0.0,P021,none,0,1
1.0567652172823876,1.0,P021,none,0,0
1.9417146720626117,1.0,P021,none,0,0
1.325295416467022,0.0,P021,none,0,1
1.0686970813887051,1.0,P021,none,0,0
1.38095760626086,1.0,P021,none,0,0
2.087487094419973,1.0,P021,none,0,0
1.8128404220525733,0.0,P021,none,0,1
1.4383763235147327,0.0,P021,none,0,1
1.2101129507239041,0.0,P021,none,0,1
1.0098497163307856,1.0,P021,none,0,0
1.2815940026006403,1.0,P021,none,0,0
1.1580620259252408,0.0,P021,none,0,1
1.1651512892447626,1.0,P021,none,0,0
1.0412148013054994,1.0,P021,none,0,0
2.0824587207233756,1.0,P021,none,0,0
1.296462033989985,0.0,P021,none,0,1
1.1552141786286767,0.0,P021,none,0,1
1.3126863665544124,0.0,P021,none,0,1
1.4612947251484902,1.0,P021,none,0,0
1.164851484369355,1.0,P021,none,0,0
1.9303602751572138,0.0,P021,none,0,1
1.5479882466875612,1.0,P021,none,0,0
1.090497173502227,1.0,P021,none,0,0
0.943242449983679,0.0,P021,none,0,1
1.2995726813185375,1.0,P021,none,0,0
1.462806284940846,0.0,P021,none,0,1
1.4520719578267522,1.0,P021,none,0,0
0.9846161574532025,0.0,P021,none,0,1
1.0722641011152168,0.0,P021,none,0,1
1.6304715900685558,1.0,P021,none,0,0
2.6877580378897497,0.0,P021,none,0,1
1.2571339965784927,0.0,P021,none,0,1
1.9474554356537028,1.0,P021,none,0,0
1.0537331128229677,0.0,P021,none,0,1
1.5363378195450719,1.0,P021,none,0,0
1.256785301920333,0.0,P021,none,0,1
1.1004575906225513,0.0,P021,none,0,1
1.2614274237117153,0.0,P021,none,0,1
1.23259267480485,0.0,P021,none,0,1
1.8191194595497886,1.0,P021,none,0,0
1.2850548778314774,1.0,P021,none,1,1
0.7789200025097144,1.0,P021,none,1,1
1.229199316049865,1.0,P021,none,1,1
1.4700364315883954,1.0,P021,none,1,1
0.9287384102705443,1.0,P021,none,1,1
1.170304439740995,1.0,P021,none,1,1
1.1435980519916151,1.0,P021,none,1,1
1.2971685699892357,1.0,P021,none,1,1
1.2989265019848257,1.0,P021,none,1,1
1.2941047426501333,1.0,P021,none,1,1
1.8649579137531813,1.0,P021,none,1,1
0.920444218747374,1.0,P021,none,1,1
0.9260956650687031,1.0,P021,none,1,1
1.2348721581538362,1.0,P021,none,1,1
1.1676115108315976,1.0,P021,none,1,1
1.12377054474082,1.0,P021,none,1,1
0.9485198285606486,1.0,P021,none,1,1
1.6003142704981115,1.0,P021,none,1,1
1.1351777178342104,1.0,P021,none,1,1
1.0068562701179213,1.0,P021,none,1,1
2.880329369010771,1.0,P021,none,1,1
2.0808076781908555,1.0,P021,none,1,1
1.298025799387173,1.0,P021,none,1,1
1.5895989579231935,1.0,P021,none,1,1
1.2659199655115514,1.0,P021,none,1,1
0.8750754298069672,1.0,P021,none,1,1
1.2223828464834279,1.0,P021,none,1,1
1.5166455333642537,1.0,P021,none,1,1
1.6589250471209604,1.0,P021,none,1,1
2.946006199458487,1.0,P021,none,1,1
1.885555819459575,1.0,P021,none,1,1
1.5035740382510019,1.0,P021,none,1,1
1.1448625272966286,1.0,P021,none,1,1
1.5771257742897267,1.0,P021,none,1,1
1.1561184039192907,1.0,P021,none,1,1
0.9469308680158999,1.0,P021,none,1,1
2.038964627028599,1.0,P021,none,1,1
1.550127745421599,1.0,P021,none,1,1
1.7187985200191587,1.0,P021,none,1,1
1.366120949262374,1.0,P021,none,1,1
1.5084736720670402,1.0,P021,none,1,1
0.8494388900814089,1.0,P021,none,1,1
1.903547531359858,1.0,P021,none,1,1
1.5259313447191174,1.0,P021,none,1,1
1.8732458358388313,1.0,P021,none,1,1
1.4778040840682531,1.0,P021,none,1,1
1.2723400413535604,1.0,P021,none,1,1
0.8773463533358692,1.0,P021,none,1,1
0.8917226369541442,1.0,P021,none,1,1
1.1046038369023834,1.0,P021,none,1,1
1.1879052837143307,1.0,P022,none,0,1
1.5741406651119294,1.0,P022,none,0,1
1.0100475658025907,0.0,P022,none,0,0
0.7069197632142113,0.0,P022,none,0,0
1.5031962425187353,1.0,P022,none,0,1
1.4925976645562704,1.0,P022,none,0,1
0.7619156725774674,0.0,P022,none,0,0
1.0339092093455182,0.0,P022,none,0,0
1.4588142771969372,1.0,P022,none,0,1
1.2027409866039878,0.0,P022,none,0,0
1.124829772310106,1.0,P022,none,0,1
0.8949181880852566,0.0,P022,none,0,0
0.8839910621565684,1.0,P022,none,0,1
0.8497129020559305,1.0,P022,none,0,1
1.7977321704201374,0.0,P022,none,0,0
0.7721976569017752,1.0,P022,none,0,1
0.8869946073728042,1.0,P022,none,0,1
1.8795516835891661,0.0,P022,none,0,0
0.8245970064160987,1.0,P022,none,0,1
1.0720253440675196,1.0,P022,none,0,1
1.1489394211023334,1.0,P022,none,0,1
1.0641501752952989,1.0,P022,none,0,1
1.0753878908350445,1.0,P022,none,0,1
1.4803421018806175,0.0,P022,none,0,0
1.346400319388016,1.0,P022,none,0,1
0.8245248846662749,1.0,P022,none,0,1
1.6226806789619812,0.0,P022,none,0,0
1.5204231304985352,0.0,P022,none,0,0
1.2154302434604354,1.0,P022,none,0,1
1.0654274105477552,1.0,P022,none,0,1
1.3895702131478358,1.0,P022,none,0,1
1.1167555643815934,0.0,P022,none,0,0
1.722491840220071,0.0,P022,none,0,0
0.9280080673049137,1.0,P022,none,0,1
0.9269121415461177,1.0,P022,none,0,1
1.2671657196066413,1.0,P022,none,0,1
1.9107130676651978,0.0,P022,none,0,0
0.7017991590669075,0.0,P022,none,0,0
1.0359650057250767,1.0,P022,none,0,1
1.2194904153818487,1.0,P022,none,0,1
1.453337455419888,0.0,P022,none,0,0
1.380423897870571,1.0,P022,none,0,1
1.7975887402428639,1.0,P022,none,0,1
1.0441808961424826,1.0,P022,none,0,1
1.179328204591889,1.0,P022,none,0,1
0.8103895730300321,0.0,P022,none,0,0
0.7703022694837769,1.0,P022,none,0,1
0.8698110917463375,0.0,P022,none,0,0
1.0772521983380412,1.0,P022,none,0,1
1.066676407151264,1.0,P022,none,0,1
0.8820460439201315,1.0,P022,none,1,1
0.87171293578436,1.0,P022,none,1,1
1.5578840566642194,1.0,P022,none,1,1
0.7343570342088195,1.0,P022,none,1,1
0.9300159851872203,1.0,P022,none,1,1
0.6551677568718391,1.0,P022,none,1,1
0.8578803172454053,1.0,P022,none,1,1
1.4336567328197534,1.0,P022,none,1,1
0.5547463359805692,1.0,P022,none,1,1
0.9719148631352782,1.0,P022,none,1,1
1.080681242403598,1.0,P022,none,1,1
1.0690207424464135,1.0,P022,none,1,1
0.7714396113048821,1.0,P022,none,1,1
0.7865972598696662,1.0,P022,none,1,1
0.9133880541319267,1.0,P022,none,1,1
0.9846654354677016,1.0,P022,none,1,1
0.7275234024361169,1.0,P022,none,1,1
0.9456441826534894,1.0,P022,none,1,1
1.0633410078585288,1.0,P022,none,1,1
1.4041991670390896,1.0,P022,none,1,1
1.3452972024866863,1.0,P022,none,1,1
1.1378634699367036,1.0,P022,none,1,1
1.0802274667017793,1.0,P022,none,1,1
0.6187122573088586,1.0,P022,none,1,1
0.6863093439801957,1.0,P022,none,1,1
0.974539033927897,1.0,P022,none,1,1
1.00591073174989,1.0,P022,none,1,1
0.8414896937598638,1.0,P022,none,1,1
0.795408995008013,1.0,P022,none,1,1
0.8374228264981831,1.0,P022,none,1,1
0.8633459236426253,1.0,P022,none,1,1
1.0765912929448014,1.0,P022,none,1,1
0.8427053859202153,1.0,P022,none,1,1
0.8180330844444201,1.0,P022,none,1,1
0.9705752563904584,1.0,P022,none,1,1
0.8789832920227589,1.0,P022,none,1,1
0.6879056406081485,1.0,P022,none,1,1
0.8927440105127272,1.0,P022,none,1,1
1.0967147141148061,1.0,P022,none,1,1
0.9965156641071248,1.0,P022,none,1,1
1.1507371370311668,1.0,P022,none,1,1
1.0852381727898166,1.0,P022,none,1,1
1.016453612040531,1.0,P022,none,1,1
0.6744733910956623,1.0,P022,none,1,1
1.530906717363675,1.0,P022,none,1,1
1.3281779012512651,1.0,P022,none,1,1
0.8822994747510384,1.0,P022,none,1,1
1.1031135240251522,1.0,P022,none,1,1
0.7278584526406473,1.0,P022,none,1,1
0.9404623531763014,1.0,P022,none,1,1
1.1547925258681015,1.0,P023,none,0,0
1.4768026230782973,0.0,P023,none,0,1
1.504943729814943,1.0,P023,none,0,0
1.7143065537132123,1.0,P023,none,0,0
0.8961155823588993,1.0,P023,none,0,0
0.8659869280444521,0.0,P023,none,0,1
1.0137460947799024,0.0,P023,none,0,1
1.1298122767506489,1.0,P023,none,0,0
1.5710270474299652,1.0,P023,none,0,0
1.1150867767515202,0.0,P023,none,0,1
0.7471872831536321,0.0,P023,none,0,1
2.4619650557537076,1.0,P023,none,0,0
2.3955596172649916,1.0,P023,none,0,0
1.0167954752125716,0.0,P023,none,0,1
0.7265963070995836,1.0,P023,none,0,0
3.845629744173448,1.0,P023,none,0,0
1.5001059083984336,0.0,P023,none,0,1
1.8361176247223898,1.0,P023,none,0,0
1.2442493403566148,1.0,P023,none,0,0
1.4922983560492096,0.0,P023,none,0,1
0.7987751243736048,0.0,P023,none,0,1
2.579254605937489,0.0,P023,none,0,1
2.2620289885362466,1.0,P023,none,0,0
1.5176795725553376,1.0,P023,none,0,0
1.9981494077681776,1.0,P023,none,0,0
0.8166309869753451,0.0,P023,none,0,1
2.0648767679216817,1.0,P023,none,0,0
1.2638334008118188,0.0,P023,none,0,1
0.6855622317429426,0.0,P023,none,0,1
2.8475941404669394,0.0,P023,none,0,1
0.9262436004980994,1.0,P023,none,0,0
2.7631070816265515,0.0,P023,none,0,1
0.8678652970079902,1.0,P023,none,0,0
1.652008018087564,1.0,P023,none,0,0
1.4539405595497015,0.0,P023,none,0,1
1.1590039000250116,0.0,P023,none,0,1
1.18330770878747,0.0,P023,none,0,1
1.2339102874814167,1.0,P023,none,0,0
1.6146432048384118,0.0,P023,none,0,1
3.787480325279772,1.0,P023,none,0,0
1.2781754158325236,1.0,P023,none,0,0
1.5130089089511722,1.0,P023,none,0,0
1.2276361024195497,1.0,P023,none,0,0
1.0227728846618578,1.0,P023,none,0,0
0.8268667771327434,1.0,P023,none,0,0
1.037908195261851,1.0,P023,none,0,0
0.7880065952025382,0.0,P023,none,0,1
0.8799235283738318,1.0,P023,none,0,0
4.893032162308758,0.0,P023,none,0,1
1.5345883224368237,1.0,P023,none,0,0
0.6352763861918002,1.0,P023,none,1,1
1.2863535332643683,1.0,P023,none,1,1
1.256397114260312,1.0,P023,none,1,1
1.1318704820806211,1.0,P023,none,1,1
0.7351369911647254,1.0,P023,none,1,1
0.9706210599587637,1.0,P023,none,1,1
0.8104063711735943,1.0,P023,none,1,1
1.0754313423069346,1.0,P023,none,1,1
0.7159432720079402,1.0,P023,none,1,1
0.7529528173707716,1.0,P023,none,1,1
0.6195404448179921,1.0,P023,none,1,1
0.6494942279395839,1.0,P023,none,1,1
1.0261727120002708,1.0,P023,none,1,1
2.337971439618172,1.0,P023,none,1,1
0.8096165219983283,1.0,P023,none,1,1
0.650846582618156,1.0,P023,none,1,1
0.6363556405312747,1.0,P023,none,1,1
0.6507618875869539,1.0,P023,none,1,1
1.3186144413260654,1.0,P023,none,1,1
2.109837762610416,1.0,P023,none,1,1
1.2700578368145492,1.0,P023,none,1,1
0.842124619583891,1.0,P023,none,1,1
0.8867940204513398,1.0,P023,none,1,1
1.0910601975447884,1.0,P023,none,1,1
0.7588406624813758,1.0,P023,none,1,1
0.7956017058170005,1.0,P023,none,1,1
0.8219805246783569,1.0,P023,none,1,1
0.7397920284431326,1.0,P023,none,1,1
0.9743335521406391,1.0,P023,none,1,1
0.8354879469278602,1.0,P023,none,1,1
0.9736608866814402,1.0,P023,none,1,1
0.8911027183254765,1.0,P023,none,1,1
0.9137223899735811,1.0,P023,none,1,1
0.7407981167066339,1.0,P023,none,1,1
1.2530628979067742,1.0,P023,none,1,1
2.2921652263044248,1.0,P023,none,1,1
0.8182995825038162,1.0,P023,none,1,1
0.9718506493255856,1.0,P023,none,1,1
1.4866804769935928,1.0,P023,none,1,1
1.4613899655590723,1.0,P023,none,1,1
2.008276826159176,1.0,P023,none,1,1
0.6636055174488353,1.0,P023,none,1,1
0.5952836188826198,1.0,P023,none,1,1
0.6412702749254691,1.0,P023,none,1,1
1.2281854062973458,1.0,P023,none,1,1
0.9112986914317638,1.0,P023,none,1,1
0.9426499987556587,1.0,P023,none,1,1
0.6170231826958748,1.0,P023,none,1,1
0.591349987873269,1.0,P023,none,1,1
0.8222312878583806,1.0,P023,none,1,1
2.2705843987740746,0.0,P024,none,0,0
1.343945541042908,1.0,P024,none,0,1
1.6217027817365137,1.0,P024,none,0,1
1.7175468140614194,0.0,P024,none,0,0
2.0181148095737598,1.0,P024,none,0,1
1.5624455865484896,1.0,P024,none,0,1
1.4304481699284275,1.0,P024,none,0,1
3.007107209793987,1.0,P024,none,0,1
1.5204603203380582,0.0,P024,none,0,0
1.0566031840289396,0.0,P024,none,0,0
1.2987350749155446,1.0,P024,none,0,1
1.6403850817779742,0.0,P024,none,0,0
1.1777347872692774,0.0,P024,none,0,0
1.181206469109741,0.0,P024,none,0,0
3.4417584798829495,1.0,P024,none,0,1
1.0807850455912633,1.0,P024,none,0,1
4.457357897808769,1.0,P024,none,0,1
4.403885129426053,1.0,P024,none,0,1
1.416217408492665,1.0,P024,none,0,1
2.188225030058033,0.0,P024,none,0,0
1.6372322196590812,1.0,P024,none,0,1
1.7626837183361155,1.0,P024,none,0,1
2.1102249091064027,1.0,P024,none,0,1
1.7525443521854975,1.0,P024,none,0,1
0.9400048260100047,0.0,P024,none,0,0
1.430153823562282,0.0,P024,none,0,0
2.459033375505089,0.0,P024,none,0,0
1.6303146598984468,1.0,P024,none,0,1
2.4307701464258895,1.0,P024,none,0,1
1.6699661433202426,1.0,P024,none,0,1
2.127002765123483,1.0,P024,none,0,1
1.359622279096984,0.0,P024,none,0,0
2.624107302876443,0.0,P024,none,0,0
4.710554980514149,0.0,P024,none,0,0
2.888300393639076,0.0,P024,none,0,0
1.1428682289615195,1.0,P024,none,0,1
1.5570161278504282,1.0,P024,none,0,1
2.6326482261566877,0.0,P024,none,0,0
1.2334964080250912,0.0,P024,none,0,0
2.2681704969993097,1.0,P024,none,0,1
1.8977034115346607,1.0,P024,none,0,1
1.3598838504756117,0.0,P024,none,0,0
1.1697835253945814,0.0,P024,none,0,0
1.8360939394082256,1.0,P024,none,0,1
1.3528302080447476,0.0,P024,none,0,0
1.6319350819298628,1.0,P024,none,0,1
2.0135909587992824,1.0,P024,none,0,1
1.5766649917306155,1.0,P024,none,0,1
1.1689970961068323,1.0,P024,none,0,1
1.8011517392780467,0.0,P024,none,0,0
1.4433033448186716,1.0,P024,none,1,1
1.354675246710381,1.0,P024,none,1,1
0.9171338770577622,1.0,P024,none,1,1
1.862700022509506,1.0,P024,none,1,1
1.3556390347908558,1.0,P024,none,1,1
0.939490819266277,1.0,P024,none,1,1
1.3174009338792658,1.0,P024,none,1,1
1.0846152168465477,1.0,P024,none,1,1
1.1878286416738246,1.0,P024,none,1,1
0.9233186613429766,1.0,P024,none,1,1
1.247158200061802,1.0,P024,none,1,1
0.888380011516288,1.0,P024,none,1,1
1.5955079854782588,1.0,P024,none,1,1
0.7395577782294196,1.0,P024,none,1,1
1.7385581870693998,1.0,P024,none,1,1
1.0657234281373953,1.0,P024,none,1,1
1.6050884909526353,1.0,P024,none,1,1
0.7445695631183991,1.0,P024,none,1,1
1.144415903268042,1.0,P024,none,1,1
1.2111343192981947,1.0,P024,none,1,1
1.6593367436011761,1.0,P024,none,1,1
1.4546000477914214,1.0,P024,none,1,1
2.461697082463853,1.0,P024,none,1,1
1.266576028849249,1.0,P024,none,1,1
1.3404329380842515,1.0,P024,none,1,1
1.872071196933354,1.0,P024,none,1,1
0.9851486163022096,1.0,P024,none,1,1
0.9454935329538925,1.0,P024,none,1,1
2.3440531474486477,1.0,P024,none,1,1
0.9759984329909689,1.0,P024,none,1,1
1.088847407888447,1.0,P024,none,1,1
1.8446222632230258,1.0,P024,none,1,1
1.2391504934741613,1.0,P024,none,1,1
1.5179395500506787,1.0,P024,none,1,1
1.9181107124610608,1.0,P024,none,1,1
2.539677505192322,1.0,P024,none,1,1
1.6988909688634044,1.0,P024,none,1,1
1.55824592021916,1.0,P024,none,1,1
1.6484898528947496,1.0,P024,none,1,1
1.0426371092546358,1.0,P024,none,1,1
2.2134695585277617,1.0,P024,none,1,1
1.4307712953254303,1.0,P024,none,1,1
0.8759277488525747,1.0,P024,none,1,1
1.1572241960361151,1.0,P024,none,1,1
0.7617501913338565,1.0,P024,none,1,1
1.7904657662817147,1.0,P024,none,1,1
0.9830182640012108,1.0,P024,none,1,1
1.5205048805699612,1.0,P024,none,1,1
0.7909800636086858,1.0,P024,none,1,1
1.1779910697947784,1.0,P024,none,1,1
0.7934100972836666,0.0,P025,none,0,1
1.1874228647995397,1.0,P025,none,0,0
0.7036478497296572,0.0,P025,none,0,1
1.3839768368891634,1.0,P025,none,0,0
1.0931469044762636,0.0,P025,none,0,1
1.2393862494681025,1.0,P025,none,0,0
1.5068887447057928,1.0,P025,none,0,0
0.842440174815582,1.0,P025,none,0,0
1.6600965993163572,0.0,P025,none,0,1
1.0126889261371876,0.0,P025,none,0,1
1.3166762916449288,0.0,P025,none,0,1
0.7557361078992082,0.0,P025,none,0,1
1.3942151984204485,0.0,P025,none,0,1
0.8781831719153168,0.0,P025,none,0,1
0.9078413961310946,0.0,P025,none,0,1
0.9379792948689235,1.0,P025,none,0,0
1.0591739039140804,0.0,P025,none,0,1
0.6910794008414326,0.0,P025,none,0,1
0.7715955594667029,0.0,P025,none,0,1
0.8002633998128105,0.0,P025,none,0,1
0.8990001918577326,1.0,P025,none,0,0
1.1005910812955912,0.0,P025,none,0,1
0.9583577472841578,0.0,P025,none,0,1
1.4426583672103983,0.0,P025,none,0,1
0.8244689676810238,1.0,P025,none,0,0
1.1698020867510799,1.0,P025,none,0,0
1.2704306990533498,0.0,P025,none,0,1
1.0617267025077393,0.0,P025,none,0,1
1.2127195672481959,1.0,P025,none,0,0
1.0475431289343629,1.0,P025,none,0,0
1.3539909460895019,0.0,P025,none,0,1
0.929844180154932,0.0,P025,none,0,1
1.2482217991148885,0.0,P025,none,0,1
0.9270818268330728,0.0,P025,none,0,1
0.8765949351881748,0.0,P025,none,0,1
1.088514630561852,0.0,P025,none,0,1
0.7705075568682391,0.0,P025,none,0,1
0.8344900514276168,1.0,P025,none,0,0
1.5189268302663197,0.0,P025,none,0,1
0.7402214743325344,0.0,P025,none,0,1
0.6831847039406844,0.0,P025,none,0,1
1.1568323500337117,1.0,P025,none,0,0
0.6978254909063135,0.0,P025,none,0,1
1.3630587080258048,0.0,P025,none,0,1
0.8880728386427192,1.0,P025,none,0,0
1.5637162003381904,0.0,P025,none,0,1
0.8545485699567588,0.0,P025,none,0,1
0.8975215224633714,0.0,P025,none,0,1
1.0719897681834947,0.0,P025,none,0,1
1.1009847821760799,0.0,P025,none,0,1
1.2393069378393098,1.0,P025,none,1,1
0.7405428675881409,1.0,P025,none,1,1
0.8796032265611522,1.0,P025,none,1,1
1.335999561638094,1.0,P025,none,1,1
1.3233176860936706,1.0,P025,none,1,1
0.8806345236354665,1.0,P025,none,1,1
0.6415332866670942,1.0,P025,none,1,1
1.3612511682080928,1.0,P025,none,1,1
0.8721950792336811,1.0,P025,none,1,1
0.9710957798784696,1.0,P025,none,1,1
0.6862422429838584,1.0,P025,none,1,1
1.7438490846213897,1.0,P025,none,1,1
0.9508481903308981,0.0,P025,none,1,0
0.6903100916679051,1.0,P025,none,1,1
0.7225667110851233,1.0,P025,none,1,1
0.8155386817827808,1.0,P025,none,1,1
0.730933499411231,1.0,P025,none,1,1
1.3221493721216477,1.0,P025,none,1,1
1.0719698152777528,1.0,P025,none,1,1
0.8523426262144204,1.0,P025,none,1,1
0.7385125051977053,1.0,P025,none,1,1
0.9592466113328522,1.0,P025,none,1,1
0.8537881598559698,1.0,P025,none,1,1
1.4850806345372365,0.0,P025,none,1,0
0.5943509951785308,1.0,P025,none,1,1
0.8726616664079702,1.0,P025,none,1,1
1.3524816348657012,1.0,P025,none,1,1
0.5504867600137611,1.0,P025,none,1,1
0.6506640628012276,1.0,P025,none,1,1
0.8951850158020956,1.0,P025,none,1,1
1.0083518232968,1.0,P025,none,1,1
1.1890682297431185,1.0,P025,none,1,1
0.884175960216456,1.0,P025,none,1,1
1.7903489378707091,1.0,P025,none,1,1
0.8573337908681616,1.0,P025,none,1,1
0.7352373098506999,1.0,P025,none,1,1
1.425219872038875,1.0,P025,none,1,1
0.89284959921329,1.0,P025,none,1,1
0.6738153789100554,1.0,P025,none,1,1
0.7199754310864597,1.0,P025,none,1,1
0.69303432895971,1.0,P025,none,1,1
0.6943031534532426,1.0,P025,none,1,1
0.9770961278398181,1.0,P025,none,1,1
0.7241421032205044,0.0,P025,none,1,0
1.3999992558800392,1.0,P025,none,1,1
0.6760566008887865,1.0,P025,none,1,1
1.8813823778122627,1.0,P025,none,1,1
1.8904023273330335,0.0,P025,none,1,0
0.8755119831034814,1.0,P025,none,1,1
0.8837400226153881,1.0,P025,none,1,1
1.1228006904622896,0.0,P026,none,0,1
1.43065660391949,0.0,P026,none,0,1
3.3229533003386584,1.0,P026,none,0,0
1.5242550573676459,0.0,P026,none,0,1
0.9007946638907746,0.0,P026,none,0,1
1.0072491507902326,0.0,P026,none,0,1
1.0152997921294016,1.0,P026,none,0,0
1.6199420428875353,0.0,P026,none,0,1
1.2184092248905558,0.0,P026,none,0,1
2.7132279319190133,0.0,P026,none,0,1
0.9828355377243624,1.0,P026,none,0,0
1.0744225734473891,1.0,P026,none,0,0
1.2698996179718023,0.0,P026,none,0,1
1.3351268717715876,0.0,P026,none,0,1
0.99520345085811,1.0,P026,none,0,0
1.6866434265802845,0.0,P026,none,0,1
1.0316047277688483,0.0,P026,none,0,1
1.980214384940734,1.0,P026,none,0,0
2.122257186790309,1.0,P026,none,0,0
1.5876756321080983,1.0,P026,none,0,0
1.1878277974527816,1.0,P026,none,0,0
0.8987996550066244,0.0,P026,none,0,1
1.7119471008621647,1.0,P026,none,0,0
2.0291879277936515,0.0,P026,none,0,1
1.2205420836404954,0.0,P026,none,0,1
1.8641271306370681,1.0,P026,none,0,0
0.9406137119145161,0.0,P026,none,0,1
1.013464657920289,1.0,P026,none,0,0
1.082079723452384,0.0,P026,none,0,1
0.9586594953383677,0.0,P026,none,0,1
1.3627449360664678,1.0,P026,none,0,0
1.8146224280610492,1.0,P026,none,0,0
1.1566338264600926,1.0,P026,none,0,0
2.568842265481238,1.0,P026,none,0,0
2.1306275683663918,1.0,P026,none,0,0
1.276555980975507,0.0,P026,none,0,1
1.1706100456447914,0.0,P026,none,0,1
1.344523770882497,1.0,P026,none,0,0
1.3048122267526208,1.0,P026,none,0,0
0.9868726285449835,0.0,P026,none,0,1
1.9665997181820674,0.0,P026,none,0,1
1.6262029653171668,1.0,P026,none,0,0
0.9688503399588925,1.0,P026,none,0,0
1.029595439174198,0.0,P026,none,0,1
1.0979451139402636,0.0,P026,none,0,1
1.5149669304297546,0.0,P026,none,0,1
1.4173609202117132,0.0,P026,none,0,1
1.2678302928357295,0.0,P026,none,0,1
1.0116308270122063,0.0,P026,none,0,1
1.0989225641136895,0.0,P026,none,0,1
0.8166526647601198,1.0,P026,none,1,1
0.8465847406933112,1.0,P026,none,1,1
1.4647264776864133,1.0,P026,none,1,1
0.7534066793172266,1.0,P026,none,1,1
0.8052973432910598,1.0,P026,none,1,1
0.8373136689163619,1.0,P026,none,1,1
1.7322441144592182,1.0,P026,none,1,1
0.8572414026896079,1.0,P026,none,1,1
1.611433843683633,1.0,P026,none,1,1
1.8387223712350411,1.0,P026,none,1,1
0.9966359407762151,1.0,P026,none,1,1
0.6866879550145719,1.0,P026,none,1,1
1.5854898642101585,1.0,P026,none,1,1
0.7547331261080353,1.0,P026,none,1,1
0.7712726752365984,1.0,P026,none,1,1
0.7370756207201009,1.0,P026,none,1,1
0.9780586614750286,1.0,P026,none,1,1
0.797741326893409,1.0,P026,none,1,1
1.003728218649944,1.0,P026,none,1,1
0.9044121450776421,1.0,P026,none,1,1
1.4727482305029675,1.0,P026,none,1,1
2.1716633103856298,1.0,P026,none,1,1
1.6014185347106813,1.0,P026,none,1,1
1.1539043613398774,1.0,P026,none,1,1
1.0403449410653862,1.0,P026,none,1,1
1.3832932344821618,1.0,P026,none,1,1
1.7802737359978096,1.0,P026,none,1,1
0.7050793637802558,1.0,P026,none,1,1
1.0709165371303397,1.0,P026,none,1,1
0.9308385756405406,1.0,P026,none,1,1
0.7279581605465582,1.0,P026,none,1,1
0.8329566163741378,1.0,P026,none,1,1
1.0749317395144242,1.0,P026,none,1,1
1.1459951074593526,1.0,P026,none,1,1
0.8476384170024618,1.0,P026,none,1,1
0.7980347743345408,1.0,P026,none,1,1
2.071980148327659,1.0,P026,none,1,1
1.0262005737302657,1.0,P026,none,1,1
1.2867254797318162,1.0,P026,none,1,1
0.7756006780595747,1.0,P026,none,1,1
1.1587089418511365,1.0,P026,none,1,1
1.2500130501450983,1.0,P026,none,1,1
1.02078092011948,1.0,P026,none,1,1
1.0336859620179062,1.0,P026,none,1,1
0.9828980988032431,1.0,P026,none,1,1
0.8371964781968453,1.0,P026,none,1,1
0.7881775096014035,1.0,P026,none,1,1
1.1755256073709162,1.0,P026,none,1,1
0.8470619399536864,1.0,P026,none,1,1
0.9432009663258334,1.0,P026,none,1,1
2.562372895973477,1.0,P027,none,0,1
1.0186609973304568,0.0,P027,none,0,0
1.3218004479042655,1.0,P027,none,0,1
1.6073721473616245,1.0,P027,none,0,1
1.7345927143984399,1.0,P027,none,0,1
1.3577537193821978,1.0,P027,none,0,1
1.1990139078194746,1.0,P027,none,0,1
1.4025730520786248,0.0,P027,none,0,0
1.1733409872892384,1.0,P027,none,0,1
1.1285552854249987,1.0,P027,none,0,1
1.6218255562865782,1.0,P027,none,0,1
1.928478457643573,1.0,P027,none,0,1
2.1235952011352834,1.0,P027,none,0,1
1.3423548618679093,1.0,P027,none,0,1
1.7545772997447169,1.0,P027,none,0,1
1.9249016509584094,1.0,P027,none,0,1
0.9456207709990649,1.0,P027,none,0,1
2.3201696443200484,0.0,P027,none,0,0
1.494914340167327,0.0,P027,none,0,0
1.4999248432248873,0.0,P027,none,0,0
1.232382034847127,1.0,P027,none,0,1
1.0018170612495516,0.0,P027,none,0,0
1.741259765064326,1.0,P027,none,0,1
1.4739159112714748,1.0,P027,none,0,1
1.4054769428205778,0.0,P027,none,0,0
1.0794949254985227,1.0,P027,none,0,1
1.5142142829173344,1.0,P027,none,0,1
0.8588151029232014,1.0,P027,none,0,1
1.1262113861629357,0.0,P027,none,0,0
1.7448166365372595,0.0,P027,none,0,0
1.379539798881912,1.0,P027,none,0,1
0.9603641988309188,0.0,P027,none,0,0
1.5656185964374298,1.0,P027,none,0,1
1.332788450187774,1.0,P027,none,0,1
2.6200379522373116,1.0,P027,none,0,1
1.4741973959233228,1.0,P027,none,0,1
2.070975023903246,1.0,P027,none,0,1
1.42442873327321,1.0,P027,none,0,1
1.3745601494263506,0.0,P027,none,0,0
1.4831533486768151,1.0,P027,none,0,1
1.2908351228503396,0.0,P027,none,0,0
1.1426731601750297,1.0,P027,none,0,1
1.1043392512346741,0.0,P027,none,0,0
2.363021717357401,1.0,P027,none,0,1
2.570034239505691,1.0,P027,none,0,1
2.843044627748109,1.0,P027,none,0,1
1.144253225106621,0.0,P027,none,0,0
1.1355689278914922,0.0,P027,none,0,0
1.081234537954165,0.0,P027,none,0,0
1.0750178796025769,1.0,P027,none,0,1
0.7280029848542877,1.0,P027,none,1,1
1.5062932762913506,1.0,P027,none,1,1
0.8339867213572214,0.0,P027,none,1,0
0.8193551989896852,1.0,P027,none,1,1
2.4015410493255502,0.0,P027,none,1,0
1.2219739628733006,1.0,P027,none,1,1
0.7699669188869961,1.0,P027,none,1,1
1.3122886426587272,1.0,P027,none,1,1
1.5623885243412026,1.0,P027,none,1,1
1.9870628633173437,1.0,P027,none,1,1
1.4877011587220963,1.0,P027,none,1,1
1.6940140227311766,1.0,P027,none,1,1
1.2391983792057402,1.0,P027,none,1,1
1.1431202681317654,1.0,P027,none,1,1
1.213335060906867,1.0,P027,none,1,1
1.16792496115482,1.0,P027,none,1,1
0.833445350123916,0.0,P027,none,1,0
0.8363859120538741,1.0,P027,none,1,1
1.005727227167776,1.0,P027,none,1,1
0.8444766064093917,1.0,P027,none,1,1
1.3698320099398367,1.0,P027,none,1,1
1.1816220938108064,1.0,P027,none,1,1
0.6396572499827893,1.0,P027,none,1,1
1.4472565386472716,1.0,P027,none,1,1
0.7720381395918074,1.0,P027,none,1,1
2.3228243940305005,1.0,P027,none,1,1
0.7682518516031617,1.0,P027,none,1,1
0.7863394445771468,1.0,P027,none,1,1
1.6289387901788122,1.0,P027,none,1,1
0.8600618368238214,1.0,P027,none,1,1
0.7318148599267269,1.0,P027,none,1,1
1.0784745195631111,1.0,P027,none,1,1
1.1469705232924405,1.0,P027,none,1,1
1.7472524672696776,1.0,P027,none,1,1
1.1188652466242326,1.0,P027,none,1,1
1.9762375886852932,1.0,P027,none,1,1
2.105740084411478,1.0,P027,none,1,1
2.79747902458363,1.0,P027,none,1,1
1.039668252390719,1.0,P027,none,1,1
0.5790581489765877,1.0,P027,none,1,1
0.9379058713549132,1.0,P027,none,1,1
1.1794344287921281,1.0,P027,none,1,1
1.1136920222600928,1.0,P027,none,1,1
1.0292459310828428,1.0,P027,none,1,1
3.746541784871197,1.0,P027,none,1,1
0.8231830023962263,1.0,P027,none,1,1
0.8379053916026435,1.0,P027,none,1,1
1.9239882843718732,1.0,P027,none,1,1
1.1842782166766919,0.0,P027,none,1,0
1.5456440492166048,1.0,P027,none,1,1
0.7459743195815577,0.0,P028,none,0,1
0.8362675548601145,0.0,P028,none,0,1
0.9640794736492347,0.0,P028,none,0,1
0.858041064632883,0.0,P028,none,0,1
0.9808110230215825,0.0,P028,none,0,1
0.5741135805147333,1.0,P028,none,0,0
1.3574726182743975,1.0,P028,none,0,0
1.2980358029008527,0.0,P028,none,0,1
1.006111326308447,1.0,P028,none,0,0
0.7266127496014084,1.0,P028,none,0,0
0.9376238012895779,0.0,P028,none,0,1
1.2067617374141923,0.0,P028,none,0,1
0.7250086390583184,0.0,P028,none,0,1
0.8905679452169759,0.0,P028,none,0,1
1.6748237106704207,1.0,P028,none,0,0
0.6538319850166865,0.0,P028,none,0,1
0.8205381223850247,0.0,P028,none,0,1
0.9488454065013117,0.0,P028,none,0,1
0.6273123654353573,0.0,P028,none,0,1
1.650706406430824,0.0,P028,none,0,1
0.8235135132978261,0.0,P028,none,0,1
1.1785187698488415,1.0,P028,none,0,0
1.1048927733564173,0.0,P028,none,0,1
1.0296659166251185,0.0,P028,none,0,1
0.6560875254936591,0.0,P028,none,0,1
1.7971294250252376,0.0,P028,none,0,1
1.4511205671823433,0.0,P028,none,0,1
1.400103619200472,0.0,P028,none,0,1
0.7254824085963703,0.0,P028,none,0,1
0.9659039041926394,0.0,P028,none,0,1
0.7438761634035568,0.0,P028,none,0,1
1.053868655144926,0.0,P028,none,0,1
1.5145934157350072,0.0,P028,none,0,1
2.369938509858333,0.0,P028,none,0,1
0.6805010088297068,0.0,P028,none,0,1
1.031883508601875,1.0,P028,none,0,0
0.8470504916373165,0.0,P028,none,0,1
1.2219521736274244,0.0,P028,none,0,1
0.7934969336299438,1.0,P028,none,0,0
0.993298136669073,1.0,P028,none,0,0
2.044392513701896,0.0,P028,none,0,1
1.0340755107319746,1.0,P028,none,0,0
0.7680602652182111,0.0,P028,none,0,1
0.9444840313557938,0.0,P028,none,0,1
1.1106389045304343,0.0,P028,none,0,1
1.102908075497841,1.0,P028,none,0,0
0.7964381856689867,0.0,P028,none,0,1
0.6277140963984347,0.0,P028,none,0,1
0.7942014121768124,1.0,P028,none,0,0
1.1234730518791638,0.0,P028,none,0,1
0.9394950079816671,1.0,P028,none,1,1
0.7729460965928195,1.0,P028,none,1,1
0.9096414631675838,1.0,P028,none,1,1
1.0454767172818553,1.0,P028,none,1,1
0.621098128105561,1.0,P028,none,1,1
0.9564392648239374,1.0,P028,none,1,1
0.8311977679445468,1.0,P028,none,1,1
1.1642667954069372,1.0,P028,none,1,1
1.271568876631472,1.0,P028,none,1,1
1.094077136718099,1.0,P028,none,1,1
0.8515729299952794,1.0,P028,none,1,1
0.7646109576984522,1.0,P028,none,1,1
0.8829483944977652,1.0,P028,none,1,1
1.447856543437278,1.0,P028,none,1,1
0.7467025279717103,1.0,P028,none,1,1
0.7762724019853684,1.0,P028,none,1,1
1.614404968968803,1.0,P028,none,1,1
0.8162206852449728,1.0,P028,none,1,1
1.0460955224802808,1.0,P028,none,1,1
0.6138183801515282,1.0,P028,none,1,1
0.8876538859785703,1.0,P028,none,1,1
0.6242892028532323,1.0,P028,none,1,1
1.0027454004335428,1.0,P028,none,1,1
0.7176950149823412,1.0,P028,none,1,1
0.6923447370187363,1.0,P028,none,1,1
0.8064564991462242,1.0,P028,none,1,1
0.763370136392426,1.0,P028,none,1,1
0.6707148068381942,1.0,P028,none,1,1
0.9259087582948984,1.0,P028,none,1,1
0.8649354754042531,1.0,P028,none,1,1
0.6467000714985649,1.0,P028,none,1,1
0.9045221375655894,1.0,P028,none,1,1
0.9161084657447959,1.0,P028,none,1,1
1.638657819706615,1.0,P028,none,1,1
1.1453468755378966,1.0,P028,none,1,1
1.0375232680884101,1.0,P028,none,1,1
0.7252654119049606,1.0,P028,none,1,1
1.5168997802516198,1.0,P028,none,1,1
0.7059061531614568,1.0,P028,none,1,1
1.0535092981264897,1.0,P028,none,1,1
1.0599247481303813,1.0,P028,none,1,1
0.6880078166303082,1.0,P028,none,1,1
0.9288051526843091,1.0,P028,none,1,1
0.5967685873314642,1.0,P028,none,1,1
0.6332235591378448,1.0,P028,none,1,1
0.7107396305107853,1.0,P028,none,1,1
0.8081828420075728,1.0,P028,none,1,1
1.0521536689171187,1.0,P028,none,1,1
0.6604884068700211,1.0,P028,none,1,1
0.7006939854632721,1.0,P028,none,1,1
0.9599653814022938,0.0,P029,none,0,1
0.7709840577469977,1.0,P029,none,0,0
0.8326118543820386,0.0,P029,none,0,1
1.0254713659358687,1.0,P029,none,0,0
0.7704357600046936,1.0,P029,none,0,0
0.7239651947078999,0.0,P029,none,0,1
1.5317152308924067,0.0,P029,none,0,1
0.7428121334773387,1.0,P029,none,0,0
1.5435735161362458,1.0,P029,none,0,0
0.9395526062019958,0.0,P029,none,0,1
0.5913365903549717,0.0,P029,none,0,1
1.8165859898296366,0.0,P029,none,0,1
0.8503632765725311,0.0,P029,none,0,1
1.290185196428061,0.0,P029,none,0,1
1.691369963334718,1.0,P029,none,0,0
0.7247708774305432,1.0,P029,none,0,0
1.013096151233062,1.0,P029,none,0,0
0.7527945123805327,0.0,P029,none,0,1
1.0658486769810565,0.0,P029,none,0,1
1.1172978258014343,1.0,P029,none,0,0
1.1219462288662343,0.0,P029,none,0,1
1.022692267814723,0.0,P029,none,0,1
1.1536259798377069,1.0,P029,none,0,0
0.5889436389672481,1.0,P029,none,0,0
0.9793139271241789,1.0,P029,none,0,0
0.7990123233658715,1.0,P029,none,0,0
0.8684634301009926,0.0,P029,none,0,1
1.8052272822567725,0.0,P029,none,0,1
0.8241259701742346,0.0,P029,none,0,1
0.859447936453369,1.0,P029,none,0,0
1.3278660964176097,0.0,P029,none,0,1
0.646294087995597,0.0,P029,none,0,1
0.8052839285390745,1.0,P029,none,0,0
0.6955053711571016,0.0,P029,none,0,1
0.8273984087434028,0.0,P029,none,0,1
1.443519890368938,0.0,P029,none,0,1
0.7935952707330562,1.0,P029,none,0,0
1.0057502321796714,0.0,P029,none,0,1
0.8201068286557422,1.0,P029,none,0,0
1.3586750275502957,0.0,P029,none,0,1
0.6201690892096062,0.0,P029,none,0,1
1.3644220285295008,1.0,P029,none,0,0
0.5713854564566663,0.0,P029,none,0,1
0.8817950084676797,1.0,P029,none,0,0
1.644887371037036,1.0,P029,none,0,0
1.0628314157439744,1.0,P029,none,0,0
1.6492134138256276,0.0,P029,none,0,1
0.8366325238816607,1.0,P029,none,0,0
1.3673277488056632,1.0,P029,none,0,0
0.8276230965994638,1.0,P029,none,0,0
0.7729339916133322,1.0,P029,none,1,1
1.2988509179839451,1.0,P029,none,1,1
1.1471837868919499,1.0,P029,none,1,1
0.8404212137018979,1.0,P029,none,1,1
3.5731227459069714,1.0,P029,none,1,1
0.614524665182347,1.0,P029,none,1,1
0.8144427679293602,1.0,P029,none,1,1
1.4397090154411147,1.0,P029,none,1,1
0.6597114053581947,1.0,P029,none,1,1
1.2926260370089828,0.0,P029,none,1,0
0.8382620739121991,1.0,P029,none,1,1
0.7497836828503495,1.0,P029,none,1,1
1.1387364330528682,1.0,P029,none,1,1
0.7433412765896612,1.0,P029,none,1,1
0.8265823604310005,1.0,P029,none,1,1
0.8778215299441297,1.0,P029,none,1,1
1.0258665722819438,1.0,P029,none,1,1
0.7683667451464493,1.0,P029,none,1,1
1.0987892909325523,1.0,P029,none,1,1
0.5844941433216128,1.0,P029,none,1,1
1.0106158983597842,1.0,P029,none,1,1
0.8147972962594543,1.0,P029,none,1,1
0.8051929167199281,1.0,P029,none,1,1
0.7132968356481356,1.0,P029,none,1,1
0.7857328485185721,1.0,P029,none,1,1
1.1088783583498791,1.0,P029,none,1,1
0.8485888905181076,1.0,P029,none,1,1
1.0780861592515625,1.0,P029,none,1,1
0.6662274897866174,1.0,P029,none,1,1
0.7229647444983551,1.0,P029,none,1,1
0.7971221222905596,1.0,P029,none,1,1
1.2505163702018174,1.0,P029,none,1,1
0.8596414465919219,1.0,P029,none,1,1
0.9586474279975585,1.0,P029,none,1,1
0.7874061255900886,1.0,P029,none,1,1
0.9316851245548563,1.0,P029,none,1,1
0.8510077875402301,1.0,P029,none,1,1
1.3950960157132113,1.0,P029,none,1,1
1.2243251888344144,1.0,P029,none,1,1
0.7251454492169453,1.0,P029,none,1,1
0.5937352740848374,1.0,P029,none,1,1
1.2650292307579547,0.0,P029,none,1,0
0.7322761013552033,1.0,P029,none,1,1
1.048922858090193,0.0,P029,none,1,0
1.5836249578636687,1.0,P029,none,1,1
0.6954122326537406,1.0,P029,none,1,1
0.9817301845292052,1.0,P029,none,1,1
0.6525734297465087,1.0,P029,none,1,1
1.2030281219327157,1.0,P029,none,1,1
0.6993050364917573,1.0,P029,none,1,1
1.1169393074157956,0.0,P030,none,0,0
0.6125075782552447,0.0,P030,none,0,0
0.9899574882052327,1.0,P030,none,0,1
1.2510093076140223,1.0,P030,none,0,1
0.8027759710852452,0.0,P030,none,0,0
0.733469737358127,0.0,P030,none,0,0
0.9447763006898032,0.0,P030,none,0,0
0.9219158865994588,0.0,P030,none,0,0
1.0835793269261864,1.0,P030,none,0,1
1.1300011447756493,0.0,P030,none,0,0
0.75956029690551,1.0,P030,none,0,1
1.193792680064694,0.0,P030,none,0,0
0.9401381575708414,0.0,P030,none,0,0
2.1033063045534637,1.0,P030,none,0,1
1.3216068807519912,0.0,P030,none,0,0
1.1748441412449884,0.0,P030,none,0,0
0.9000686209087789,0.0,P030,none,0,0
1.7434698849647932,1.0,P030,none,0,1
1.1129174614454977,1.0,P030,none,0,1
1.3975791089485603,1.0,P030,none,0,1
2.3426082557721988,0.0,P030,none,0,0
1.292789960816589,0.0,P030,none,0,0
1.4147404781730883,0.0,P030,none,0,0
1.2797304262313212,1.0,P030,none,0,1
0.7958473762307574,0.0,P030,none,0,0
1.2319888635437888,0.0,P030,none,0,0
0.8630671852727259,1.0,P030,none,0,1
0.8881838988422963,1.0,P030,none,0,1
1.3120803016340827,1.0,P030,none,0,1
1.1687654920287407,0.0,P030,none,0,0
1.0286724143142374,0.0,P030,none,0,0
0.9910204265915935,0.0,P030,none,0,0
1.8727437395158768,1.0,P030,none,0,1
1.5491409450957647,1.0,P030,none,0,1
0.9355801795866144,1.0,P030,none,0,1
2.0073583161605546,1.0,P030,none,0,1
0.9654167760719672,1.0,P030,none,0,1
1.0758302024189463,1.0,P030,none,0,1
1.1402400032686228,1.0,P030,none,0,1
1.7034224432005116,1.0,P030,none,0,1
1.1264861251640985,1.0,P030,none,0,1
1.9607968069760169,0.0,P030,none,0,0
1.2400477954552054,1.0,P030,none,0,1
1.419740463509663,1.0,P030,none,0,1
1.1955091658112806,0.0,P030,none,0,0
0.7414597322603685,1.0,P030,none,0,1
1.5060600404828455,1.0,P030,none,0,1
1.2889640914336002,0.0,P030,none,0,0
1.5315504970858174,1.0,P030,none,0,1
1.1168987338844456,0.0,P030,none,0,0
1.01223731937815,1.0,P030,none,1,1
0.8218903786381443,1.0,P030,none,1,1
0.8679210938120584,1.0,P030,none,1,1
0.8948988040384518,1.0,P030,none,1,1
0.870391049283556,1.0,P030,none,1,1
0.8609141300400478,1.0,P030,none,1,1
0.6732586958166075,1.0,P030,none,1,1
1.1974568284199913,1.0,P030,none,1,1
1.0329913756276068,0.0,P030,none,1,0
0.8710328805745058,1.0,P030,none,1,1
0.892090124621642,1.0,P030,none,1,1
0.5119787119385228,1.0,P030,none,1,1
1.0188911600322927,1.0,P030,none,1,1
1.0365122798834718,0.0,P030,none,1,0
0.8816643441879295,1.0,P030,none,1,1
0.9064112544709018,1.0,P030,none,1,1
0.899031527916794,0.0,P030,none,1,0
1.0672307197312532,1.0,P030,none,1,1
0.6451964236419708,1.0,P030,none,1,1
0.840657286305812,1.0,P030,none,1,1
0.6841785359490502,1.0,P030,none,1,1
0.8651433433143452,1.0,P030,none,1,1
0.9587496690623225,1.0,P030,none,1,1
0.8500299389513242,1.0,P030,none,1,1
0.7203495006760202,1.0,P030,none,1,1
0.7551057930771781,1.0,P030,none,1,1
0.8324656412791485,1.0,P030,none,1,1
1.1057081968151563,1.0,P030,none,1,1
0.8046013754320109,1.0,P030,none,1,1
0.8290087753205932,1.0,P030,none,1,1
1.03843935214141,1.0,P030,none,1,1
0.9674727286815411,1.0,P030,none,1,1
1.1872149032589006,1.0,P030,none,1,1
0.7239565877539966,0.0,P030,none,1,0
0.6367969048502533,1.0,P030,none,1,1
0.9685974580809238,1.0,P030,none,1,1
0.6669269807344892,1.0,P030,none,1,1
0.9532038095935556,1.0,P030,none,1,1
0.9760877578138214,1.0,P030,none,1,1
1.186936201769567,1.0,P030,none,1,1
0.5466762158728726,1.0,P030,none,1,1
0.8802333056360527,1.0,P030,none,1,1
0.8949433554347852,1.0,P030,none,1,1
0.9770599603392196,1.0,P030,none,1,1
0.7908588604098806,1.0,P030,none,1,1
0.7720685465676823,1.0,P030,none,1,1
0.7812779309810288,1.0,P030,none,1,1
0.6520012156021433,1.0,P030,none,1,1
0.6931175408783662,1.0,P030,none,1,1
0.7422699339495269,1.0,P030,none,1,1
0.8909655466213415,0.0,P031,none,0,0
0.7444045089136663,0.0,P031,none,0,0
2.3871897743379504,1.0,P031,none,0,1
1.7762910188655545,1.0,P031,none,0,1
1.4613654244305914,1.0,P031,none,0,1
1.9506701426727564,1.0,P031,none,0,1
1.216030407375194,0.0,P031,none,0,0
1.7511664000406952,1.0,P031,none,0,1
0.9048697061276959,0.0,P031,none,0,0
0.7867476242461054,0.0,P031,none,0,0
0.8974368542854355,1.0,P031,none,0,1
1.0046367210340332,1.0,P031,none,0,1
1.0908999798136412,0.0,P031,none,0,0
0.8239270454296025,0.0,P031,none,0,0
1.4279257671861532,1.0,P031,none,0,1
0.8947650625910616,0.0,P031,none,0,0
0.864897304632743,1.0,P031,none,0,1
1.315753996051684,0.0,P031,none,0,0
0.8820338295830832,0.0,P031,none,0,0
0.8106300081087422,0.0,P031,none,0,0
1.1781318792467737,1.0,P031,none,0,1
1.1528820007494454,1.0,P031,none,0,1
0.7858043701483021,1.0,P031,none,0,1
0.6202176755193305,0.0,P031,none,0,0
1.022058409974467,1.0,P031,none,0,1
1.281631651742476,0.0,P031,none,0,0
0.6955445185256419,0.0,P031,none,0,0
0.9131312710068775,0.0,P031,none,0,0
0.8393925828546591,0.0,P031,none,0,0
1.464224287008601,1.0,P031,none,0,1
1.021165275264048,1.0,P031,none,0,1
1.3169821665194785,1.0,P031,none,0,1
0.9322539475257139,1.0,P031,none,0,1
1.0708056784631026,1.0,P031,none,0,1
0.9792591310653644,0.0,P031,none,0,0
0.8471032926455252,1.0,P031,none,0,1
0.9311163737274026,1.0,P031,none,0,1
0.9365999868803984,1.0,P031,none,0,1
1.2488638996767851,1.0,P031,none,0,1
1.0940938653256211,0.0,P031,none,0,0
1.340378067905149,1.0,P031,none,0,1
1.2267806609901601,1.0,P031,none,0,1
2.056725864937336,0.0,P031,none,0,0
0.730275791242708,0.0,P031,none,0,0
1.7221138322755905,1.0,P031,none,0,1
0.9090416132431071,0.0,P031,none,0,0
1.0150096163025646,1.0,P031,none,0,1
1.2609084888757098,1.0,P031,none,0,1
0.6447298141905317,0.0,P031,none,0,0
0.9122864583014821,0.0,P031,none,0,0
0.7837223400969486,1.0,P031,none,1,1
0.9050174373589981,1.0,P031,none,1,1
1.0360461354928185,1.0,P031,none,1,1
1.2261576924534747,1.0,P031,none,1,1
1.3767571436812291,1.0,P031,none,1,1
1.1246839692650386,1.0,P031,none,1,1
0.7541954716196215,1.0,P031,none,1,1
0.8200444049333246,1.0,P031,none,1,1
0.7487070796622086,1.0,P031,none,1,1
0.9383580371897822,1.0,P031,none,1,1
0.6585635465219878,1.0,P031,none,1,1
1.0420524664667012,1.0,P031,none,1,1
0.6571806924202613,1.0,P031,none,1,1
0.9225333260332418,1.0,P031,none,1,1
0.9160527102397946,1.0,P031,none,1,1
1.7470798473604225,1.0,P031,none,1,1
0.9508732805796528,1.0,P031,none,1,1
0.7386543427278774,1.0,P031,none,1,1
0.7901976768079182,1.0,P031,none,1,1
1.7359165625956705,1.0,P031,none,1,1
0.8796403727435511,1.0,P031,none,1,1
1.2607057112623776,1.0,P031,none,1,1
1.096977245833345,1.0,P031,none,1,1
1.1046975251050724,1.0,P031,none,1,1
0.7182488662362718,1.0,P031,none,1,1
0.7009072020069431,0.0,P031,none,1,0
0.9153470877248356,1.0,P031,none,1,1
1.3404981930671869,1.0,P031,none,1,1
1.348860351083702,1.0,P031,none,1,1
1.0108119141946916,1.0,P031,none,1,1
0.8553652449104494,1.0,P031,none,1,1
1.0484887816141524,1.0,P031,none,1,1
0.7190378106982045,1.0,P031,none,1,1
1.0195379468712584,1.0,P031,none,1,1
0.8473886834273716,1.0,P031,none,1,1
0.7084604665929359,1.0,P031,none,1,1
0.5784978017370329,1.0,P031,none,1,1
0.8908748018441128,1.0,P031,none,1,1
0.7038637357512924,1.0,P031,none,1,1
0.6972196388516547,1.0,P031,none,1,1
1.184325469942424,1.0,P031,none,1,1
1.5083085368166118,1.0,P031,none,1,1
1.8932869545966147,1.0,P031,none,1,1
0.8661086751911204,1.0,P031,none,1,1
0.7179700020071786,1.0,P031,none,1,1
1.7482835851455611,1.0,P031,none,1,1
0.9884221643490008,1.0,P031,none,1,1
0.7187826589043693,1.0,P031,none,1,1
0.6547797416920631,1.0,P031,none,1,1
1.1084546792930845,1.0,P031,none,1,1
1.5008009158569968,1.0,P032,none,0,1
1.1577299145301536,1.0,P032,none,0,1
1.8329605665681186,1.0,P032,none,0,1
1.2939967710955997,0.0,P032,none,0,0
1.3108530604274111,1.0,P032,none,0,1
1.6287127061973958,0.0,P032,none,0,0
1.0853773427047626,0.0,P032,none,0,0
0.880422829135735,0.0,P032,none,0,0
0.8373089357433446,0.0,P032,none,0,0
1.1183670573510875,1.0,P032,none,0,1
1.1854105277172258,1.0,P032,none,0,1
1.4593969539949954,1.0,P032,none,0,1
0.9208512278044381,0.0,P032,none,0,0
0.922692232117204,1.0,P032,none,0,1
1.9855224168305035,1.0,P032,none,0,1
0.9621442317440831,0.0,P032,none,0,0
1.2371501646334528,0.0,P032,none,0,0
1.0388919591638346,0.0,P032,none,0,0
0.9635751502917816,0.0,P032,none,0,0
0.9556084462710173,0.0,P032,none,0,0
1.1963961149761801,0.0,P032,none,0,0
0.9159787280885967,0.0,P032,none,0,0
0.9509081727160233,0.0,P032,none,0,0
0.9948922211824722,0.0,P032,none,0,0
0.9979325933590001,1.0,P032,none,0,1
0.9047276122654258,0.0,P032,none,0,0
1.629789844202599,0.0,P032,none,0,0
0.8547749025034069,0.0,P032,none,0,0
0.9708166310385691,0.0,P032,none,0,0
2.6399501348511287,0.0,P032,none,0,0
2.126954026320833,1.0,P032,none,0,1
1.9174515822899774,1.0,P032,none,0,1
1.8184055214126364,0.0,P032,none,0,0
1.7047682161383224,1.0,P032,none,0,1
1.562100037293016,1.0,P032,none,0,1
2.3356121804112515,0.0,P032,none,0,0
1.0774910855018114,0.0,P032,none,0,0
1.8564460413462516,0.0,P032,none,0,0
0.8066978455620669,0.0,P032,none,0,0
1.139600327808513,0.0,P032,none,0,0
1.2932810475610554,1.0,P032,none,0,1
1.6018633641612938,1.0,P032,none,0,1
1.080049747366771,0.0,P032,none,0,0
1.8443183685545805,1.0,P032,none,0,1
0.9180364999432389,0.0,P032,none,0,0
1.1365890665052407,0.0,P032,none,0,0
1.0730301136351992,0.0,P032,none,0,0
2.549854533098372,0.0,P032,none,0,0
0.8746744336152866,0.0,P032,none,0,0
2.5581452174919304,1.0,P032,none,0,1
1.622050205479026,1.0,P032,none,1,1
1.0227008458932474,1.0,P032,none,1,1
1.3771820807827824,1.0,P032,none,1,1
1.0339351177342984,1.0,P032,none,1,1
1.396772097101558,1.0,P032,none,1,1
1.6554276082986337,1.0,P032,none,1,1
1.7602680698602842,1.0,P032,none,1,1
1.1900205736360103,1.0,P032,none,1,1
1.9772739790008496,1.0,P032,none,1,1
0.6247848391562426,1.0,P032,none,1,1
1.9035871704554697,1.0,P032,none,1,1
1.121420134225351,1.0,P032,none,1,1
1.01568001592508,1.0,P032,none,1,1
1.4795977537649563,1.0,P032,none,1,1
1.195056724308817,1.0,P032,none,1,1
0.9151232647165428,1.0,P032,none,1,1
1.520532990131391,0.0,P032,none,1,0
1.304554658220861,1.0,P032,none,1,1
0.9292666356540228,1.0,P032,none,1,1
2.1245705322771453,1.0,P032,none,1,1
0.6476753096667398,1.0,P032,none,1,1
1.0533482820331672,1.0,P032,none,1,1
0.7569760907858187,1.0,P032,none,1,1
1.7206853630376202,1.0,P032,none,1,1
0.8743888965513936,1.0,P032,none,1,1
0.9353574193800627,1.0,P032,none,1,1
2.1890492161203365,1.0,P032,none,1,1
1.1968627697831016,1.0,P032,none,1,1
0.9563586080911689,1.0,P032,none,1,1
0.6479106466310471,1.0,P032,none,1,1
0.9726530833437722,1.0,P032,none,1,1
1.2461536432616267,1.0,P032,none,1,1
1.457390148300279,1.0,P032,none,1,1
1.7456658078101692,1.0,P032,none,1,1
1.1814672762718863,1.0,P032,none,1,1
0.9487640480786328,1.0,P032,none,1,1
1.4318589878150338,1.0,P032,none,1,1
1.6729896770359232,1.0,P032,none,1,1
0.927348513064945,1.0,P032,none,1,1
0.7637437322225147,1.0,P032,none,1,1
1.5850343495696086,1.0,P032,none,1,1
3.0894873434078445,1.0,P032,none,1,1
0.8584013517364144,1.0,P032,none,1,1
1.274542362652534,1.0,P032,none,1,1
1.2074031089185446,1.0,P032,none,1,1
1.1059451249122758,1.0,P032,none,1,1
1.0705882365286836,1.0,P032,none,1,1
1.266991773685274,1.0,P032,none,1,1
1.4502451872062123,1.0,P032,none,1,1
0.9217417265948571,1.0,P032,none,1,1
1.2583687166013977,0.0,P033,none,0,1
0.7117259234528106,1.0,P033,none,0,0
0.7689657292482319,0.0,P033,none,0,1
0.7697768309655743,0.0,P033,none,0,1
0.9775849766944344,1.0,P033,none,0,0
0.9719740524125327,0.0,P033,none,0,1
0.6532287748135184,0.0,P033,none,0,1
1.3539129602055096,0.0,P033,none,0,1
1.0707528759570557,1.0,P033,none,0,0
0.9043936733554135,0.0,P033,none,0,1
0.8643017763792832,1.0,P033,none,0,0
1.0478183032540591,1.0,P033,none,0,0
0.9089328008295783,1.0,P033,none,0,0
0.9918006711955321,0.0,P033,none,0,1
1.031155655022477,0.0,P033,none,0,1
0.9581236372806752,0.0,P033,none,0,1
0.699887540227312,1.0,P033,none,0,0
1.039328070134089,0.0,P033,none,0,1
0.7480347798952238,1.0,P033,none,0,0
0.8371944054357405,0.0,P033,none,0,1
1.0907984128215187,1.0,P033,none,0,0
1.1477465115093444,1.0,P033,none,0,0
0.9439794285992961,1.0,P033,none,0,0
0.7769583058946219,1.0,P033,none,0,0
0.8029817866749496,0.0,P033,none,0,1
1.0161595267792989,0.0,P033,none,0,1
1.1497732931890552,1.0,P033,none,0,0
1.0795230901428101,0.0,P033,none,0,1
1.0159518988754317,0.0,P033,none,0,1
0.6546059008584283,0.0,P033,none,0,1
0.8918590905615534,0.0,P033,none,0,1
0.8923679916192594,0.0,P033,none,0,1
2.0303976765681506,0.0,P033,none,0,1
0.7352877484194377,0.0,P033,none,0,1
0.6731715279489527,0.0,P033,none,0,1
0.829785537904145,0.0,P033,none,0,1
0.7625365587889477,0.0,P033,none,0,1
1.0003971097282756,1.0,P033,none,0,0
0.9345237342901038,0.0,P033,none,0,1
0.9629491061233466,1.0,P033,none,0,0
0.7752118992521375,1.0,P033,none,0,0
1.0870274531553168,1.0,P033,none,0,0
0.7865507910325322,0.0,P033,none,0,1
3.0704494791413355,1.0,P033,none,0,0
1.0594150849478625,0.0,P033,none,0,1
0.9105933707786101,0.0,P033,none,0,1
0.971473654088448,0.0,P033,none,0,1
0.9216481093586284,1.0,P033,none,0,0
0.7831354591660021,1.0,P033,none,0,0
1.6794390331269988,0.0,P033,none,0,1
0.638124124116004,1.0,P033,none,1,1
1.2961673095601967,1.0,P033,none,1,1
1.264411289211837,1.0,P033,none,1,1
0.8899686359711974,1.0,P033,none,1,1
1.2647455011366795,1.0,P033,none,1,1
0.7885958551274169,1.0,P033,none,1,1
0.7187497293856,0.0,P033,none,1,0
0.8500538581147825,1.0,P033,none,1,1
0.9397827879882222,1.0,P033,none,1,1
1.28365859754955,1.0,P033,none,1,1
0.7974807977408576,1.0,P033,none,1,1
0.9226613258931358,1.0,P033,none,1,1
1.3603470641152913,1.0,P033,none,1,1
0.6391915244766355,1.0,P033,none,1,1
0.886534725176879,1.0,P033,none,1,1
1.8380209298858872,1.0,P033,none,1,1
1.3085247849742474,1.0,P033,none,1,1
0.8359661104659392,1.0,P033,none,1,1
0.7854635332363779,1.0,P033,none,1,1
1.2202473544513879,1.0,P033,none,1,1
1.093139411790891,1.0,P033,none,1,1
1.3762121312354825,1.0,P033,none,1,1
1.1376905550094947,1.0,P033,none,1,1
0.9258835549407065,1.0,P033,none,1,1
1.3490598014759434,1.0,P033,none,1,1
1.0598806875785844,1.0,P033,none,1,1
0.9384401602704231,1.0,P033,none,1,1
0.8095270255130644,1.0,P033,none,1,1
0.9897974714191358,1.0,P033,none,1,1
1.0979113170712689,1.0,P033,none,1,1
2.4963305719289584,0.0,P033,none,1,0
0.7726965890099038,1.0,P033,none,1,1
0.9361776595986206,1.0,P033,none,1,1
0.656004864300789,1.0,P033,none,1,1
1.0030430616542287,1.0,P033,none,1,1
0.8290904304073926,0.0,P033,none,1,0
1.0118643533383893,1.0,P033,none,1,1
0.8134849971542266,1.0,P033,none,1,1
1.704506081274118,1.0,P033,none,1,1
1.4234778403706199,1.0,P033,none,1,1
0.8819785615650847,1.0,P033,none,1,1
0.6117939317441985,0.0,P033,none,1,0
1.3891896944692408,1.0,P033,none,1,1
0.8810808653367934,1.0,P033,none,1,1
0.557813880528965,1.0,P033,none,1,1
0.6110176165416543,1.0,P033,none,1,1
1.1133100050506888,1.0,P033,none,1,1
0.8282346284890252,1.0,P033,none,1,1
1.0160516094248226,1.0,P033,none,1,1
0.829197876608629,1.0,P033,none,1,1
0.8465901840725442,1.0,P034,none,0,0
0.8328389356824616,0.0,P034,none,0,1
0.9865530629747676,0.0,P034,none,0,1
0.7772976938835505,0.0,P034,none,0,1
1.052969427248902,1.0,P034,none,0,0
0.9795040704332648,1.0,P034,none,0,0
0.854780678180968,1.0,P034,none,0,0
1.085614085024016,1.0,P034,none,0,0
0.8965504216008559,0.0,P034,none,0,1
0.6752359567158898,1.0,P034,none,0,0
0.710331602556332,0.0,P034,none,0,1
0.7227208713749604,0.0,P034,none,0,1
0.9477754329481161,1.0,P034,none,0,0
0.9190113986654164,1.0,P034,none,0,0
1.2700907637016958,1.0,P034,none,0,0
0.7401041620756859,0.0,P034,none,0,1
0.8768796236032526,1.0,P034,none,0,0
1.196144503190618,1.0,P034,none,0,0
2.3403670354915396,0.0,P034,none,0,1
1.0043856563021412,0.0,P034,none,0,1
0.8097306267343547,0.0,P034,none,0,1
1.1031503598434522,1.0,P034,none,0,0
0.8345210260510675,0.0,P034,none,0,1
1.2303334018314764,0.0,P034,none,0,1
1.144777391768814,1.0,P034,none,0,0
0.6495819512692288,1.0,P034,none,0,0
0.9260803462060627,1.0,P034,none,0,0
0.9789745205076893,1.0,P034,none,0,0
1.3732398034517552,0.0,P034,none,0,1
1.6569347133388537,1.0,P034,none,0,0
1.0316188986540542,0.0,P034,none,0,1
1.1205045721397036,0.0,P034,none,0,1
1.0955603292384593,1.0,P034,none,0,0
0.9078135398979754,0.0,P034,none,0,1
1.1442985487621697,1.0,P034,none,0,0
1.154690699513302,1.0,P034,none,0,0
1.3397663680992906,0.0,P034,none,0,1
1.2831993929444352,1.0,P034,none,0,0
0.7311572289712305,1.0,P034,none,0,0
0.9535349325829217,0.0,P034,none,0,1
1.163641599344131,1.0,P034,none,0,0
0.856004500092143,0.0,P034,none,0,1
1.3475352434451167,1.0,P034,none,0,0
1.8648454644014714,1.0,P034,none,0,0
0.890099224057915,1.0,P034,none,0,0
1.1099080946128985,0.0,P034,none,0,1
1.7398420625593896,0.0,P034,none,0,1
1.3123318900306773,1.0,P034,none,0,0
0.7248682371352737,0.0,P034,none,0,1
0.822378219125646,0.0,P034,none,0,1
1.0133963565087494,1.0,P034,none,1,1
0.9601741656217511,1.0,P034,none,1,1
1.172370831285549,1.0,P034,none,1,1
1.4795200035430573,1.0,P034,none,1,1
0.8572242267074337,0.0,P034,none,1,0
1.6686706007238568,1.0,P034,none,1,1
0.6324113514828644,1.0,P034,none,1,1
0.8982807130833546,1.0,P034,none,1,1
2.141756159133382,1.0,P034,none,1,1
0.894103752046441,1.0,P034,none,1,1
0.9675141807448625,1.0,P034,none,1,1
0.6938817184728681,1.0,P034,none,1,1
0.9764021865326933,1.0,P034,none,1,1
1.4217417019347613,1.0,P034,none,1,1
0.9200280179245738,1.0,P034,none,1,1
1.033725214615841,1.0,P034,none,1,1
1.2824607925340505,1.0,P034,none,1,1
0.6869673380007837,1.0,P034,none,1,1
0.8093331466293348,1.0,P034,none,1,1
0.7114335683060703,1.0,P034,none,1,1
1.1095869941207217,1.0,P034,none,1,1
1.236635735831194,1.0,P034,none,1,1
1.7519637720637882,1.0,P034,none,1,1
1.0477130223035698,1.0,P034,none,1,1
0.9055593288249254,1.0,P034,none,1,1
0.6905817858867569,1.0,P034,none,1,1
0.8203263985194797,1.0,P034,none,1,1
0.999348116747274,1.0,P034,none,1,1
0.5972877171090454,0.0,P034,none,1,0
1.3404133153926772,1.0,P034,none,1,1
0.9231337835867048,1.0,P034,none,1,1
0.6313833983263591,1.0,P034,none,1,1
0.914720432044458,1.0,P034,none,1,1
1.1489982140387218,1.0,P034,none,1,1
0.8639856644527815,1.0,P034,none,1,1
1.1579688118601341,1.0,P034,none,1,1
0.7351930849650716,1.0,P034,none,1,1
0.571728374677388,1.0,P034,none,1,1
0.5196877229888034,1.0,P034,none,1,1
1.3100097884599442,0.0,P034,none,1,0
0.6486921565287431,1.0,P034,none,1,1
1.0602226904567869,0.0,P034,none,1,0
0.7102699917493283,1.0,P034,none,1,1
0.6835051668804507,1.0,P034,none,1,1
2.398737561754314,1.0,P034,none,1,1
1.2074533326976526,1.0,P034,none,1,1
0.8662613849542016,1.0,P034,none,1,1
0.7835590851032177,1.0,P034,none,1,1
0.7225280650419055,1.0,P034,none,1,1
1.0135055559763526,1.0,P034,none,1,1
5.829044616836797,0.0,P035,none,0,0
1.7840139540144402,0.0,P035,none,0,0
1.984358488917655,0.0,P035,none,0,0
1.466520710856788,1.0,P035,none,0,1
1.9358800874170896,0.0,P035,none,0,0
1.1098945980334425,1.0,P035,none,0,1
1.2271514663188536,0.0,P035,none,0,0
0.9771517372312604,0.0,P035,none,0,0
1.2959502313299227,1.0,P035,none,0,1
1.094407647068305,1.0,P035,none,0,1
2.088923735720189,0.0,P035,none,0,0
1.600730691020121,0.0,P035,none,0,0
1.0321636157117853,1.0,P035,none,0,1
1.0748168564786098,1.0,P035,none,0,1
1.0581601149358781,1.0,P035,none,0,1
2.7211790743655198,0.0,P035,none,0,0
1.4522258317848569,0.0,P035,none,0,0
1.2414285055784804,1.0,P035,none,0,1
2.040462210780551,1.0,P035,none,0,1
0.8787691017257074,0.0,P035,none,0,0
1.4056104123188975,1.0,P035,none,0,1
1.2438948192400239,0.0,P035,none,0,0
1.5034283478740158,1.0,P035,none,0,1
1.4567346805975483,1.0,P035,none,0,1
1.401230509595098,0.0,P035,none,0,0
2.5082058448363354,0.0,P035,none,0,0
1.0932403929414396,1.0,P035,none,0,1
2.2197272389343947,0.0,P035,none,0,0
2.2926676500663183,0.0,P035,none,0,0
0.961757474529887,0.0,P035,none,0,0
1.0992969572433244,0.0,P035,none,0,0
1.1057583487847695,1.0,P035,none,0,1
3.577184657710038,1.0,P035,none,0,1
1.2430635637282557,0.0,P035,none,0,0
2.836565730417009,0.0,P035,none,0,0
1.8961135781476195,1.0,P035,none,0,1
5.037680358807072,1.0,P035,none,0,1
2.7586763074601515,0.0,P035,none,0,0
1.1633543795561856,0.0,P035,none,0,0
1.2355616417092739,1.0,P035,none,0,1
0.8546708143002846,0.0,P035,none,0,0
4.568294999189127,1.0,P035,none,0,1
1.507475161246613,1.0,P035,none,0,1
3.327422427499303,0.0,P035,none,0,0
1.322504854329979,1.0,P035,none,0,1
1.6724980172113602,1.0,P035,none,0,1
2.119734520655295,0.0,P035,none,0,0
0.7986208722311217,0.0,P035,none,0,0
1.376819302978344,1.0,P035,none,0,1
0.900950614135329,0.0,P035,none,0,0
0.7121953460609034,1.0,P035,none,1,1
1.5634449920727942,1.0,P035,none,1,1
1.1691581340524122,1.0,P035,none,1,1
0.6441725774503028,1.0,P035,none,1,1
1.3697115377642615,1.0,P035,none,1,1
0.7615380815581725,1.0,P035,none,1,1
1.4549260813910163,1.0,P035,none,1,1
0.7648068683304804,1.0,P035,none,1,1
1.499006749675905,1.0,P035,none,1,1
0.7392309929932595,1.0,P035,none,1,1
2.4255260742829483,1.0,P035,none,1,1
1.0720958665682643,1.0,P035,none,1,1
0.7794904526464018,1.0,P035,none,1,1
1.7782234953384721,1.0,P035,none,1,1
1.015097688046344,1.0,P035,none,1,1
1.309538787546484,1.0,P035,none,1,1
1.3722872030386823,0.0,P035,none,1,0
1.3120880613390589,1.0,P035,none,1,1
0.8272566633077567,1.0,P035,none,1,1
1.0550493555997809,1.0,P035,none,1,1
1.0006963566463205,1.0,P035,none,1,1
0.7636053797614676,1.0,P035,none,1,1
1.144414938376467,1.0,P035,none,1,1
0.9784091095556735,1.0,P035,none,1,1
1.2358103324275014,1.0,P035,none,1,1
0.9056769687506868,1.0,P035,none,1,1
0.6373108219908383,1.0,P035,none,1,1
0.7728578785564941,1.0,P035,none,1,1
0.8167808404661507,1.0,P035,none,1,1
0.8384457588882274,1.0,P035,none,1,1
0.8823349697766676,1.0,P035,none,1,1
1.007626492517262,1.0,P035,none,1,1
0.8130626434313281,1.0,P035,none,1,1
0.8324822886013039,1.0,P035,none,1,1
0.7291719323862234,1.0,P035,none,1,1
0.8717848149451339,1.0,P035,none,1,1
0.6649290942246231,1.0,P035,none,1,1
0.7138546140596072,1.0,P035,none,1,1
0.7888887327009793,1.0,P035,none,1,1
1.5353488996067934,0.0,P035,none,1,0
0.8289942399146782,1.0,P035,none,1,1
0.6707431679562987,1.0,P035,none,1,1
0.8719647919553883,1.0,P035,none,1,1
0.7994877350291666,1.0,P035,none,1,1
0.6665744044020833,1.0,P035,none,1,1
0.924684290513376,1.0,P035,none,1,1
0.709945640305018,1.0,P035,none,1,1
0.7460425770810557,1.0,P035,none,1,1
0.997084957853014,1.0,P035,none,1,1
2.5562140624553082,0.0,P035,none,1,0
1.113864853383193,1.0,P036,none,0,1
1.798451977508124,0.0,P036,none,0,0
1.617527089818878,0.0,P036,none,0,0
1.5643745327903273,0.0,P036,none,0,0
1.780725584033428,0.0,P036,none,0,0
0.8240429989452539,1.0,P036,none,0,1
1.4274141346160785,1.0,P036,none,0,1
1.2552082929951067,0.0,P036,none,0,0
0.7918344686995822,1.0,P036,none,0,1
1.1076768858104453,0.0,P036,none,0,0
1.0714180871539256,1.0,P036,none,0,1
1.0818142858706419,0.0,P036,none,0,0
1.0555040437468572,1.0,P036,none,0,1
0.9596805352188832,0.0,P036,none,0,0
1.0789258015328982,0.0,P036,none,0,0
1.2699700198642585,1.0,P036,none,0,1
1.338198239659066,0.0,P036,none,0,0
1.0454403639091403,0.0,P036,none,0,0
0.9215876450957392,0.0,P036,none,0,0
0.8000273404980198,1.0,P036,none,0,1
0.7956368407510302,0.0,P036,none,0,0
0.901765498914919,1.0,P036,none,0,1
0.8575468379636704,1.0,P036,none,0,1
2.4276005865294112,0.0,P036,none,0,0
0.9542950649599458,0.0,P036,none,0,0
0.8139127972166338,1.0,P036,none,0,1
1.226319966806627,1.0,P036,none,0,1
0.8846886063747968,1.0,P036,none,0,1
0.8790630161583428,1.0,P036,none,0,1
1.1416828185545724,1.0,P036,none,0,1
1.590719008683258,1.0,P036,none,0,1
1.2683714441998393,0.0,P036,none,0,0
0.9821868477133553,1.0,P036,none,0,1
1.112921860623397,0.0,P036,none,0,0
0.7848948918639731,1.0,P036,none,0,1
0.8530397669175396,1.0,P036,none,0,1
1.2066408005763063,1.0,P036,none,0,1
0.8780080098690511,1.0,P036,none,0,1
1.0780774040820003,1.0,P036,none,0,1
2.229062883904956,0.0,P036,none,0,0
0.9481076690948165,1.0,P036,none,0,1
1.1592041980538188,1.0,P036,none,0,1
0.880107684965572,1.0,P036,none,0,1
1.0304002885292507,0.0,P036,none,0,0
1.3093167532546832,0.0,P036,none,0,0
1.1359989941089932,0.0,P036,none,0,0
2.5215921585194825,1.0,P036,none,0,1
0.8366602065209718,1.0,P036,none,0,1
1.3373010666893905,0.0,P036,none,0,0
1.0240778946856095,1.0,P036,none,0,1
0.838410991314031,1.0,P036,none,1,1
1.4280256651188918,1.0,P036,none,1,1
0.8960731437544721,1.0,P036,none,1,1
0.8115656675759932,1.0,P036,none,1,1
1.097494847186033,1.0,P036,none,1,1
0.9286427327725036,1.0,P036,none,1,1
0.7878494876483604,1.0,P036,none,1,1
1.1736292135961477,1.0,P036,none,1,1
0.7429299097623648,1.0,P036,none,1,1
0.9877286240230454,1.0,P036,none,1,1
1.4415720887599508,1.0,P036,none,1,1
0.8465934036620751,1.0,P036,none,1,1
0.8919642267899776,1.0,P036,none,1,1
1.0273981569934285,1.0,P036,none,1,1
1.0285741451962749,1.0,P036,none,1,1
1.0435946330267403,1.0,P036,none,1,1
0.7542614122035666,1.0,P036,none,1,1
1.4133505014625687,1.0,P036,none,1,1
0.8761528542453171,1.0,P036,none,1,1
0.7528925379568012,1.0,P036,none,1,1
1.1724909218157367,1.0,P036,none,1,1
1.0326615382191036,1.0,P036,none,1,1
1.0999905895861541,1.0,P036,none,1,1
1.0062816475019207,1.0,P036,none,1,1
0.754265386531673,1.0,P036,none,1,1
0.9585567316158143,1.0,P036,none,1,1
1.0301747189659414,1.0,P036,none,1,1
0.6681743916009117,1.0,P036,none,1,1
0.7915394906434624,1.0,P036,none,1,1
0.7181802763044849,1.0,P036,none,1,1
1.2513336946103033,1.0,P036,none,1,1
1.0811866031148225,1.0,P036,none,1,1
1.2526367999245827,1.0,P036,none,1,1
0.802884393384307,1.0,P036,none,1,1
0.7150776609673982,1.0,P036,none,1,1
0.7188277691795983,1.0,P036,none,1,1
1.254511415830303,1.0,P036,none,1,1
0.733903812523893,1.0,P036,none,1,1
1.1400804166937628,1.0,P036,none,1,1
0.8253793690642893,1.0,P036,none,1,1
0.790421424033171,1.0,P036,none,1,1
1.3816761533754363,1.0,P036,none,1,1
1.179760749499429,1.0,P036,none,1,1
1.0186318065327935,1.0,P036,none,1,1
0.7716109784467474,1.0,P036,none,1,1
0.673210667498138,1.0,P036,none,1,1
0.7929926462289172,1.0,P036,none,1,1
0.8224550259168723,1.0,P036,none,1,1
1.0198064505175637,1.0,P036,none,1,1
1.0084176632347652,1.0,P036,none,1,1
1.2156336922028168,1.0,P037,none,0,1
0.8098880944342987,1.0,P037,none,0,1
0.7081631571731535,1.0,P037,none,0,1
1.2827346928896826,1.0,P037,none,0,1
1.3487141961234812,0.0,P037,none,0,0
0.7676197037035736,1.0,P037,none,0,1
0.6340114370263348,0.0,P037,none,0,0
0.767333229372943,0.0,P037,none,0,0
0.6856736988647962,1.0,P037,none,0,1
0.8189375648512771,1.0,P037,none,0,1
0.7468130879564112,0.0,P037,none,0,0
0.8852028683871406,1.0,P037,none,0,1
0.7632144549725479,0.0,P037,none,0,0
0.7336892652258363,0.0,P037,none,0,0
0.699368046468946,1.0,P037,none,0,1
0.7242174380260269,1.0,P037,none,0,1
0.937568813941717,1.0,P037,none,0,1
0.739821143574216,0.0,P037,none,0,0
0.9777848537144124,0.0,P037,none,0,0
0.8535281150753853,1.0,P037,none,0,1
0.7586398907959397,1.0,P037,none,0,1
1.0085047656318529,1.0,P037,none,0,1
0.7230541115393204,1.0,P037,none,0,1
1.0181403009217236,1.0,P037,none,0,1
0.9709464555381953,1.0,P037,none,0,1
1.0368159579146443,1.0,P037,none,0,1
0.726641974906826,0.0,P037,none,0,0
0.7981082236156088,1.0,P037,none,0,1
2.0876042376332706,0.0,P037,none,0,0
0.9290738359872559,1.0,P037,none,0,1
1.0547121523664402,1.0,P037,none,0,1
0.7053468155455271,1.0,P037,none,0,1
0.7411717302931278,1.0,P037,none,0,1
0.844447287014359,0.0,P037,none,0,0
0.7621752311336051,1.0,P037,none,0,1
1.0252582373960988,1.0,P037,none,0,1
0.798427652544872,1.0,P037,none,0,1
0.6109265514373339,0.0,P037,none,0,0
0.6691491858936403,0.0,P037,none,0,0
0.7062184584164961,0.0,P037,none,0,0
1.0377500863263474,0.0,P037,none,0,0
0.9496733822055339,0.0,P037,none,0,0
0.7691017497016941,1.0,P037,none,0,1
0.7066075514658926,0.0,P037,none,0,0
0.8460684331493267,1.0,P037,none,0,1
0.8463226174673902,0.0,P037,none,0,0
0.6841938807298902,1.0,P037,none,0,1
1.0983427626943267,1.0,P037,none,0,1
0.7414198375602047,1.0,P037,none,0,1
0.8490864088421258,0.0,P037,none,0,0
1.624007995732561,1.0,P037,none,1,1
1.0730720386503974,1.0,P037,none,1,1
0.7588389528362687,1.0,P037,none,1,1
1.054503235732057,1.0,P037,none,1,1
1.1081453032695263,1.0,P037,none,1,1
0.85016060406046,1.0,P037,none,1,1
0.9257831228140996,1.0,P037,none,1,1
0.7993200046364204,1.0,P037,none,1,1
0.8498519304975186,1.0,P037,none,1,1
1.0402958982464714,1.0,P037,none,1,1
0.7455985265863359,1.0,P037,none,1,1
1.1138400915012396,1.0,P037,none,1,1
0.6164425235836747,1.0,P037,none,1,1
0.6034622304324037,1.0,P037,none,1,1
0.8055077487435517,1.0,P037,none,1,1
0.8977905315241766,1.0,P037,none,1,1
1.1891521907930573,1.0,P037,none,1,1
1.3490471556290102,1.0,P037,none,1,1
1.4840049082254327,1.0,P037,none,1,1
0.8167453897496425,1.0,P037,none,1,1
0.9233502704748316,1.0,P037,none,1,1
0.734319165273263,1.0,P037,none,1,1
1.107864888808571,1.0,P037,none,1,1
1.5732272426480869,1.0,P037,none,1,1
1.2065735536401216,1.0,P037,none,1,1
0.9343358458348323,1.0,P037,none,1,1
0.8489062343537611,1.0,P037,none,1,1
1.7460127236792538,1.0,P037,none,1,1
1.2174867238743163,1.0,P037,none,1,1
0.6764466689874942,1.0,P037,none,1,1
1.0126308345305992,1.0,P037,none,1,1
1.0416548939813566,1.0,P037,none,1,1
0.6733139846378667,1.0,P037,none,1,1
0.8166219206846208,1.0,P037,none,1,1
0.6394175361833628,1.0,P037,none,1,1
1.1283111553111458,0.0,P037,none,1,0
0.7406591568647809,1.0,P037,none,1,1
1.0176652018264072,1.0,P037,none,1,1
1.0514881921052468,1.0,P037,none,1,1
1.08734315575309,1.0,P037,none,1,1
0.7664497212332122,1.0,P037,none,1,1
0.7343770551669379,1.0,P037,none,1,1
0.9117332960192187,1.0,P037,none,1,1
1.7598121258388923,1.0,P037,none,1,1
0.8769247815711244,1.0,P037,none,1,1
1.1866272295871076,1.0,P037,none,1,1
0.8077840915970584,1.0,P037,none,1,1
0.9689949708319159,1.0,P037,none,1,1
0.8348910388468589,1.0,P037,none,1,1
1.0205982528477304,1.0,P037,none,1,1
1.647746844324295,0.0,P038,none,0,1
2.2540361682750882,1.0,P038,none,0,0
1.6186553636073615,1.0,P038,none,0,0
1.5082313563716392,1.0,P038,none,0,0
2.621248237196826,0.0,P038,none,0,1
0.6925223094389137,0.0,P038,none,0,1
0.975336004313448,0.0,P038,none,0,1
1.9068569623106855,0.0,P038,none,0,1
2.303096907738326,1.0,P038,none,0,0
0.7553672169810703,0.0,P038,none,0,1
2.9009831017985666,0.0,P038,none,0,1
1.5781052257309887,1.0,P038,none,0,0
0.7872996216391113,1.0,P038,none,0,0
1.1661478059804513,0.0,P038,none,0,1
2.591264984697612,1.0,P038,none,0,0
0.821243852274631,0.0,P038,none,0,1
1.4108207105190824,0.0,P038,none,0,1
3.0436351352429107,0.0,P038,none,0,1
3.255873649631227,0.0,P038,none,0,1
1.501911838166184,1.0,P038,none,0,0
1.7283869759396642,0.0,P038,none,0,1
1.2398196210425536,1.0,P038,none,0,0
0.92831205946594,0.0,P038,none,0,1
1.157365711865624,1.0,P038,none,0,0
0.9623182967054483,1.0,P038,none,0,0
1.8989376638312931,0.0,P038,none,0,1
1.3270534887920018,0.0,P038,none,0,1
2.427090692353915,1.0,P038,none,0,0
0.8692097559953263,1.0,P038,none,0,0
1.5705071134748865,0.0,P038,none,0,1
1.7295859848981745,1.0,P038,none,0,0
1.5485279099187006,1.0,P038,none,0,0
1.7997313690249364,1.0,P038,none,0,0
1.3976249462229946,0.0,P038,none,0,1
1.721205008825425,0.0,P038,none,0,1
1.0946818842220114,0.0,P038,none,0,1
0.9671448412611255,0.0,P038,none,0,1
2.1764288801598193,0.0,P038,none,0,1
1.3347149797411537,0.0,P038,none,0,1
1.7840212418215904,0.0,P038,none,0,1
1.2102069112162366,0.0,P038,none,0,1
0.7483201058857899,0.0,P038,none,0,1
3.481705520082313,0.0,P038,none,0,1
1.131669107830656,0.0,P038,none,0,1
2.731483178110604,0.0,P038,none,0,1
0.7536596917782675,0.0,P038,none,0,1
1.0617451968725065,0.0,P038,none,0,1
2.797205821869462,0.0,P038,none,0,1
2.333016222249238,1.0,P038,none,0,0
5.451498801804823,0.0,P038,none,0,1
1.511210165826911,1.0,P038,none,1,1
1.859506762443503,1.0,P038,none,1,1
0.811367021287136,1.0,P038,none,1,1
3.405758108556415,0.0,P038,none,1,0
0.9684438634409049,1.0,P038,none,1,1
0.8514099782406802,0.0,P038,none,1,0
2.3424368940004223,1.0,P038,none,1,1
0.914702959136596,1.0,P038,none,1,1
1.6512761587673537,1.0,P038,none,1,1
0.6412383204098296,1.0,P038,none,1,1
2.6455581804999637,1.0,P038,none,1,1
0.5728960078249185,1.0,P038,none,1,1
1.3366085833964036,1.0,P038,none,1,1
1.2956403421637441,1.0,P038,none,1,1
1.2250457888015194,1.0,P038,none,1,1
0.6539812230657072,1.0,P038,none,1,1
1.0197123877136383,1.0,P038,none,1,1
0.8963010555674171,1.0,P038,none,1,1
2.1664269749194562,1.0,P038,none,1,1
2.5458739160939348,1.0,P038,none,1,1
1.3008648348541443,1.0,P038,none,1,1
2.4180826113194054,1.0,P038,none,1,1
0.9841439192022646,1.0,P038,none,1,1
0.7332268099253255,1.0,P038,none,1,1
1.9180540050199304,1.0,P038,none,1,1
1.435834233514003,1.0,P038,none,1,1
1.933952855136761,1.0,P038,none,1,1
1.9458687834559458,1.0,P038,none,1,1
1.3907923168073477,1.0,P038,none,1,1
1.2375108678592581,1.0,P038,none,1,1
0.8205023249491036,1.0,P038,none,1,1
0.8348366403950809,1.0,P038,none,1,1
4.8834733967538515,1.0,P038,none,1,1
1.7313158653981295,1.0,P038,none,1,1
0.8310926675734476,1.0,P038,none,1,1
0.9948203597279024,1.0,P038,none,1,1
0.6375035174448778,1.0,P038,none,1,1
1.1414444297106348,1.0,P038,none,1,1
0.9959361123175704,1.0,P038,none,1,1
1.4965741304108042,1.0,P038,none,1,1
2.895922535144397,1.0,P038,none,1,1
2.7889017261469604,1.0,P038,none,1,1
2.717803146075343,1.0,P038,none,1,1
0.7263472315091668,1.0,P038,none,1,1
1.3361250961651634,1.0,P038,none,1,1
0.5643802614585893,1.0,P038,none,1,1
0.8359589498078431,1.0,P038,none,1,1
2.2734933553997907,1.0,P038,none,1,1
0.7738525741572748,1.0,P038,none,1,1
0.6723135747440017,1.0,P038,none,1,1
1.3695373705125669,1.0,P039,none,0,1
1.9515474637626102,0.0,P039,none,0,0
0.773268357381125,0.0,P039,none,0,0
1.241918864900684,0.0,P039,none,0,0
0.9273575852881306,0.0,P039,none,0,0
1.7051744755880924,1.0,P039,none,0,1
1.703020937424205,1.0,P039,none,0,1
1.9366114570276818,0.0,P039,none,0,0
1.8661114119376505,0.0,P039,none,0,0
0.836679001068349,1.0,P039,none,0,1
2.016357245430399,0.0,P039,none,0,0
1.4827313043410966,1.0,P039,none,0,1
1.2278379219044389,0.0,P039,none,0,0
1.1455592203354896,1.0,P039,none,0,1
1.611773968656929,1.0,P039,none,0,1
1.190730202806708,0.0,P039,none,0,0
1.1505228280839628,0.0,P039,none,0,0
3.5866098502364485,0.0,P039,none,0,0
1.8445886459091763,0.0,P039,none,0,0
1.3512171749980002,0.0,P039,none,0,0
1.077535278591468,0.0,P039,none,0,0
1.1257827568947485,0.0,P039,none,0,0
1.6989271099862444,0.0,P039,none,0,0
1.6354208502229417,1.0,P039,none,0,1
2.0333992725055,1.0,P039,none,0,1
2.404087046653882,0.0,P039,none,0,0
1.4264467164336267,1.0,P039,none,0,1
1.761188503537086,1.0,P039,none,0,1
1.5313912881739058,1.0,P039,none,0,1
1.2058719124000241,1.0,P039,none,0,1
1.6628657023915097,1.0,P039,none,0,1
2.452040837238956,1.0,P039,none,0,1
2.569206476143005,1.0,P039,none,0,1
1.3516955838846794,1.0,P039,none,0,1
0.8363571405966228,0.0,P039,none,0,0
1.2762030997692895,0.0,P039,none,0,0
1.9911902659255905,1.0,P039,none,0,1
1.0528348900399642,1.0,P039,none,0,1
1.391590314233503,0.0,P039,none,0,0
1.253455869905443,0.0,P039,none,0,0
1.9205826192416977,1.0,P039,none,0,1
1.80853264144414,1.0,P039,none,0,1
1.2412429792812665,1.0,P039,none,0,1
1.996740219149095,0.0,P039,none,0,0
2.1354263994865867,1.0,P039,none,0,1
0.9944390562045997,0.0,P039,none,0,0
1.1627980408636522,0.0,P039,none,0,0
1.3017154432935836,1.0,P039,none,0,1
1.3558713706641703,0.0,P039,none,0,0
2.4738671317119922,0.0,P039,none,0,0
1.4208551429544594,1.0,P039,none,1,1
1.2811198267743846,1.0,P039,none,1,1
0.8814056942257907,1.0,P039,none,1,1
0.9116141172058039,0.0,P039,none,1,0
1.4875465197392266,1.0,P039,none,1,1
1.0475101713771002,1.0,P039,none,1,1
0.8501632808388251,1.0,P039,none,1,1
1.5064561391310274,1.0,P039,none,1,1
0.8114267697682602,1.0,P039,none,1,1
1.4044174270855958,1.0,P039,none,1,1
1.5700757219518933,1.0,P039,none,1,1
1.2862789620273685,1.0,P039,none,1,1
1.279303381613453,1.0,P039,none,1,1
0.7051446425014971,1.0,P039,none,1,1
0.7820864773093833,1.0,P039,none,1,1
1.2416384490809347,1.0,P039,none,1,1
1.3931558102142967,1.0,P039,none,1,1
1.6077613770082357,1.0,P039,none,1,1
1.009214635657766,1.0,P039,none,1,1
0.5867402077156348,1.0,P039,none,1,1
1.396850492913024,1.0,P039,none,1,1
1.5895247955156486,1.0,P039,none,1,1
0.6471346325258414,1.0,P039,none,1,1
0.7153360565659399,1.0,P039,none,1,1
0.6249046117961966,1.0,P039,none,1,1
1.091984008745674,1.0,P039,none,1,1
1.0759759217067788,1.0,P039,none,1,1
0.5988838295350283,1.0,P039,none,1,1
1.3244188593989874,1.0,P039,none,1,1
1.2664394595119426,1.0,P039,none,1,1
1.5060312388922452,0.0,P039,none,1,0
1.5139185536735618,1.0,P039,none,1,1
0.9711935386023215,1.0,P039,none,1,1
0.8818432552164712,1.0,P039,none,1,1
1.7585418793859062,1.0,P039,none,1,1
1.4666499058738784,1.0,P039,none,1,1
1.5923896926601302,1.0,P039,none,1,1
1.436242992736754,1.0,P039,none,1,1
1.2345959424757178,1.0,P039,none,1,1
1.3404150942438453,1.0,P039,none,1,1
1.312637069797653,0.0,P039,none,1,0
0.8189975933533561,1.0,P039,none,1,1
1.2660540904736917,1.0,P039,none,1,1
0.9492821658019028,1.0,P039,none,1,1
1.1751576550472524,1.0,P039,none,1,1
2.0019920901051695,1.0,P039,none,1,1
1.0676483246824806,1.0,P039,none,1,1
1.0807729488891262,1.0,P039,none,1,1
1.1249938796455727,0.0,P039,none,1,0
0.9197873078982858,1.0,P039,none,1,1
1.3220672662889192,1.0,P040,none,0,1
1.2676352649077742,1.0,P040,none,0,1
2.0743527463379627,0.0,P040,none,0,0
1.2279158206737701,0.0,P040,none,0,0
1.6723887251673166,1.0,P040,none,0,1
5.70394361473357,1.0,P040,none,0,1
2.2472403523118363,0.0,P040,none,0,0
1.2263039178384578,0.0,P040,none,0,0
1.1313059032630788,0.0,P040,none,0,0
1.001753763452998,1.0,P040,none,0,1
2.061691347239785,0.0,P040,none,0,0
1.0936807104592245,0.0,P040,none,0,0
1.2206703069973228,0.0,P040,none,0,0
0.9126357616616538,0.0,P040,none,0,0
2.335353280312315,1.0,P040,none,0,1
0.9532196131439309,0.0,P040,none,0,0
2.631936239949426,0.0,P040,none,0,0
2.8134660839994066,1.0,P040,none,0,1
1.012556044037487,0.0,P040,none,0,0
1.1367527025542365,1.0,P040,none,0,1
4.1580480266940665,0.0,P040,none,0,0
1.2482871267805014,0.0,P040,none,0,0
0.8934095346863508,0.0,P040,none,0,0
1.079232060446923,1.0,P040,none,0,1
0.897189628876919,1.0,P040,none,0,1
1.2038380178105756,0.0,P040,none,0,0
3.187911503977828,0.0,P040,none,0,0
1.3720131823070827,1.0,P040,none,0,1
0.9268322153117108,0.0,P040,none,0,0
1.4192005378096646,1.0,P040,none,0,1
0.9754704301853921,1.0,P040,none,0,1
1.287119268318004,1.0,P040,none,0,1
1.9154037157244166,0.0,P040,none,0,0
1.7119710367689982,1.0,P040,none,0,1
2.1399226281442743,0.0,P040,none,0,0
1.057797355722022,0.0,P040,none,0,0
1.5998860953845995,0.0,P040,none,0,0
1.763637750251881,1.0,P040,none,0,1
1.2863388838536383,0.0,P040,none,0,0
1.3018977192024161,0.0,P040,none,0,0
1.3426964958306606,1.0,P040,none,0,1
1.4722984534100907,1.0,P040,none,0,1
1.5768914734237192,1.0,P040,none,0,1
2.097287178091283,0.0,P040,none,0,0
0.7984899604052551,1.0,P040,none,0,1
1.850251664161997,0.0,P040,none,0,0
1.3046061168522094,0.0,P040,none,0,0
1.1971459144670427,0.0,P040,none,0,0
0.844786651123672,1.0,P040,none,0,1
0.6786965299600041,0.0,P040,none,0,0
1.009916102695894,1.0,P040,none,1,1
0.7332923209729766,1.0,P040,none,1,1
0.9579610837744359,1.0,P040,none,1,1
0.9232125156092639,1.0,P040,none,1,1
0.7938143436765793,1.0,P040,none,1,1
1.1461195986981563,1.0,P040,none,1,1
1.049682537480816,1.0,P040,none,1,1
2.1109773788156994,1.0,P040,none,1,1
1.7389055869535353,1.0,P040,none,1,1
2.1605196973594842,1.0,P040,none,1,1
1.092263329519441,1.0,P040,none,1,1
1.051714910400709,1.0,P040,none,1,1
1.8527249832121666,1.0,P040,none,1,1
1.3496658493667963,1.0,P040,none,1,1
0.726735794485261,0.0,P040,none,1,0
1.7955639887573367,1.0,P040,none,1,1
1.340473802828426,1.0,P040,none,1,1
0.9325487256200924,1.0,P040,none,1,1
0.9756798363270595,1.0,P040,none,1,1
2.0523376833522673,1.0,P040,none,1,1
0.7956889132348424,1.0,P040,none,1,1
1.4340688906610695,1.0,P040,none,1,1
1.627952388487505,1.0,P040,none,1,1
1.0380668137631053,1.0,P040,none,1,1
1.7529793835838103,1.0,P040,none,1,1
1.5213251122568654,1.0,P040,none,1,1
0.8888111384529123,1.0,P040,none,1,1
0.9800354796364465,1.0,P040,none,1,1
2.5214642239343394,1.0,P040,none,1,1
0.8425242013446873,0.0,P040,none,1,0
1.0698632052288408,1.0,P040,none,1,1
1.653933827026818,1.0,P040,none,1,1
0.8985467567662223,1.0,P040,none,1,1
1.0640316912557632,1.0,P040,none,1,1
3.228505162487693,1.0,P040,none,1,1
0.9498423960203337,1.0,P040,none,1,1
1.1806687976094488,1.0,P040,none,1,1
0.7511764974236002,0.0,P040,none,1,0
0.6089820336134584,1.0,P040,none,1,1
1.3791529844393522,1.0,P040,none,1,1
1.4478938482356067,1.0,P040,none,1,1
1.0209932439648615,1.0,P040,none,1,1
1.2325021416534194,1.0,P040,none,1,1
1.4923845496390613,1.0,P040,none,1,1
1.039406873001428,1.0,P040,none,1,1
0.7857579762053459,1.0,P040,none,1,1
0.8972822407137042,1.0,P040,none,1,1
0.9769647381855285,1.0,P040,none,1,1
1.1270097190467294,1.0,P040,none,1,1
1.1685867553094742,1.0,P040,none,1,1
0.8177815581007105,0.0,P041,none,0,0
2.0852068311858396,1.0,P041,none,0,1
1.4756827637432424,1.0,P041,none,0,1
0.8408699679594045,0.0,P041,none,0,0
4.059812524831623,0.0,P041,none,0,0
2.072593922779345,0.0,P041,none,0,0
1.0499622264118895,1.0,P041,none,0,1
1.9877288521871883,0.0,P041,none,0,0
0.9789956443920141,1.0,P041,none,0,1
1.3073811623088467,1.0,P041,none,0,1
2.2215798387971284,1.0,P041,none,0,1
1.8664524959179614,0.0,P041,none,0,0
2.0953146602793997,1.0,P041,none,0,1
2.9649492316591743,1.0,P041,none,0,1
0.6871297621383246,0.0,P041,none,0,0
1.3355709048767546,1.0,P041,none,0,1
2.7628932435748634,0.0,P041,none,0,0
1.0120213927662023,1.0,P041,none,0,1
0.6743161989013247,0.0,P041,none,0,0
1.183406856038304,0.0,P041,none,0,0
1.772354538402105,1.0,P041,none,0,1
1.1686709885050721,0.0,P041,none,0,0
1.8755318589108512,1.0,P041,none,0,1
1.6898249744268772,1.0,P041,none,0,1
2.4763900168517115,0.0,P041,none,0,0
0.8999263388272924,0.0,P041,none,0,0
1.3098749907119442,0.0,P041,none,0,0
1.455210643331693,1.0,P041,none,0,1
2.399655636679855,1.0,P041,none,0,1
1.933473661292071,1.0,P041,none,0,1
0.9057864691239433,0.0,P041,none,0,0
2.982564757907154,1.0,P041,none,0,1
2.1034642835280675,1.0,P041,none,0,1
1.2417924522885448,1.0,P041,none,0,1
1.7379832622650797,1.0,P041,none,0,1
0.9466394324055274,1.0,P041,none,0,1
0.8405155428587269,0.0,P041,none,0,0
1.4095080128001343,0.0,P041,none,0,0
1.0589029274503443,0.0,P041,none,0,0
3.369674256607542,0.0,P041,none,0,0
1.4816441146429349,1.0,P041,none,0,1
0.8233128574567257,1.0,P041,none,0,1
1.868958132389154,1.0,P041,none,0,1
3.341313334924256,0.0,P041,none,0,0
2.6995070794156235,1.0,P041,none,0,1
3.3614246532452654,0.0,P041,none,0,0
1.4508961741749888,1.0,P041,none,0,1
2.54000814990118,0.0,P041,none,0,0
0.8099945458814076,1.0,P041,none,0,1
2.5336299021583493,0.0,P041,none,0,0
1.6741768083253667,0.0,P041,none,1,0
3.1834517519017593,1.0,P041,none,1,1
1.3016592627823895,0.0,P041,none,1,0
0.7653484870761506,1.0,P041,none,1,1
0.6889279871458907,1.0,P041,none,1,1
1.6954374132501204,1.0,P041,none,1,1
0.8023791518597094,1.0,P041,none,1,1
2.343496498483692,1.0,P041,none,1,1
0.9337034607033232,1.0,P041,none,1,1
1.8897328441466037,1.0,P041,none,1,1
5.62561188910807,0.0,P041,none,1,0
5.658860347236096,1.0,P041,none,1,1
3.241297821681028,1.0,P041,none,1,1
1.4524395543061115,1.0,P041,none,1,1
0.6220875024491388,1.0,P041,none,1,1
1.1663860053562323,1.0,P041,none,1,1
1.0551249219957035,1.0,P041,none,1,1
3.5105477361890234,1.0,P041,none,1,1
1.4384292024608778,1.0,P041,none,1,1
2.3809685633789157,1.0,P041,none,1,1
0.7999080671584093,1.0,P041,none,1,1
1.1748536537861898,1.0,P041,none,1,1
3.29409151367619,0.0,P041,none,1,0
0.8308813580456998,1.0,P041,none,1,1
3.0305514482118587,1.0,P041,none,1,1
1.7718896946642262,1.0,P041,none,1,1
0.9351904007400337,1.0,P041,none,1,1
1.3660406497847024,0.0,P041,none,1,0
1.893637980669867,0.0,P041,none,1,0
1.940200382149953,1.0,P041,none,1,1
1.3878738840984945,1.0,P041,none,1,1
2.3527110786865792,0.0,P041,none,1,0
2.905090741484483,1.0,P041,none,1,1
2.6338684373262713,1.0,P041,none,1,1
1.653257173156967,1.0,P041,none,1,1
1.0824883890197086,1.0,P041,none,1,1
0.9053933076345794,1.0,P041,none,1,1
2.1569508808788234,1.0,P041,none,1,1
4.061423059140542,0.0,P041,none,1,0
3.0101649891372526,1.0,P041,none,1,1
4.139305396657395,1.0,P041,none,1,1
1.282513477016163,1.0,P041,none,1,1
1.1382981749685386,0.0,P041,none,1,0
1.6067264250317463,1.0,P041,none,1,1
0.8024302730339385,1.0,P041,none,1,1
2.094524134049025,1.0,P041,none,1,1
0.9647580611489803,1.0,P041,none,1,1
2.2052281216167886,1.0,P041,none,1,1
0.7273300999526221,1.0,P041,none,1,1
0.8463379130608188,1.0,P041,none,1,1
0.9675880500992989,0.0,P042,none,0,1
1.0310934859360503,0.0,P042,none,0,1
0.9984963259547271,1.0,P042,none,0,0
1.0144804344063898,1.0,P042,none,0,0
0.822930907165047,1.0,P042,none,0,0
1.1963838163307918,0.0,P042,none,0,1
1.0151582832479022,0.0,P042,none,0,1
0.8247051803125435,0.0,P042,none,0,1
0.9477360572287312,1.0,P042,none,0,0
1.5161786733834897,0.0,P042,none,0,1
1.0152444743911198,1.0,P042,none,0,0
1.2729289759650315,1.0,P042,none,0,0
1.164387223289844,1.0,P042,none,0,0
0.9010496504454089,0.0,P042,none,0,1
1.9451061291552343,1.0,P042,none,0,0
1.054880681224235,1.0,P042,none,0,0
1.1603474246038294,0.0,P042,none,0,1
1.6036464148760692,0.0,P042,none,0,1
0.9467044189930487,1.0,P042,none,0,0
0.9238715235524113,0.0,P042,none,0,1
0.9813100829826984,1.0,P042,none,0,0
0.8564730271063026,1.0,P042,none,0,0
0.8524364772329835,1.0,P042,none,0,0
0.9884122908700943,1.0,P042,none,0,0
0.8630691023841649,1.0,P042,none,0,0
1.1236596232989948,0.0,P042,none,0,1
1.5969935638338009,1.0,P042,none,0,0
0.9920642438959382,0.0,P042,none,0,1
1.0262735160696517,0.0,P042,none,0,1
1.2851681923349318,0.0,P042,none,0,1
1.3943055971903977,1.0,P042,none,0,0
1.093900052307745,1.0,P042,none,0,0
1.0156125254529615,0.0,P042,none,0,1
1.6195944143915968,0.0,P042,none,0,1
1.3699133901511091,0.0,P042,none,0,1
1.0356494393190088,1.0,P042,none,0,0
0.825902398845903,0.0,P042,none,0,1
1.099689062632543,0.0,P042,none,0,1
1.416504641281366,0.0,P042,none,0,1
1.4472240665295244,1.0,P042,none,0,0
1.0454721936543971,0.0,P042,none,0,1
0.7669322058742137,1.0,P042,none,0,0
1.0224307270439996,0.0,P042,none,0,1
0.9194131536160752,0.0,P042,none,0,1
1.3173080313345384,0.0,P042,none,0,1
1.604316394919626,0.0,P042,none,0,1
0.871382141024617,1.0,P042,none,0,0
1.5706303603658576,1.0,P042,none,0,0
1.1406471837470176,0.0,P042,none,0,1
0.8412560194928667,1.0,P042,none,0,0
1.4525790659444544,1.0,P042,none,1,1
0.9283831391873072,1.0,P042,none,1,1
0.8016645289644645,1.0,P042,none,1,1
1.0887157103449812,1.0,P042,none,1,1
0.6467935314428647,1.0,P042,none,1,1
0.9872304391245674,1.0,P042,none,1,1
1.0769351221347256,1.0,P042,none,1,1
0.7328777160969665,1.0,P042,none,1,1
1.1632141548098753,1.0,P042,none,1,1
1.1283722158731784,1.0,P042,none,1,1
0.8437206469589204,1.0,P042,none,1,1
1.1209814399511941,1.0,P042,none,1,1
0.8321706246373541,1.0,P042,none,1,1
1.188683248951174,1.0,P042,none,1,1
1.1196759022452278,1.0,P042,none,1,1
0.9054177767760324,1.0,P042,none,1,1
1.0827364611824177,1.0,P042,none,1,1
1.1732753189785057,1.0,P042,none,1,1
0.8314516328605076,1.0,P042,none,1,1
1.2600501849687284,1.0,P042,none,1,1
0.9137196508967476,1.0,P042,none,1,1
0.8109897738654767,1.0,P042,none,1,1
1.5006896870995308,1.0,P042,none,1,1
1.2982052004689602,1.0,P042,none,1,1
0.7420234099883595,1.0,P042,none,1,1
0.6633318842218734,1.0,P042,none,1,1
1.214629041202136,1.0,P042,none,1,1
0.6751941498911552,1.0,P042,none,1,1
1.270281458757064,1.0,P042,none,1,1
0.9998942331534193,1.0,P042,none,1,1
0.9175187139007541,1.0,P042,none,1,1
1.1997969285249648,1.0,P042,none,1,1
0.7370123470664016,1.0,P042,none,1,1
1.2067662807617605,1.0,P042,none,1,1
1.211805249816762,1.0,P042,none,1,1
0.6700560846973426,1.0,P042,none,1,1
0.6482944684898587,1.0,P042,none,1,1
0.941568971386849,1.0,P042,none,1,1
1.3061502745193454,1.0,P042,none,1,1
1.3077988140509649,1.0,P042,none,1,1
1.1038230535560811,1.0,P042,none,1,1
0.9148144651559046,1.0,P042,none,1,1
0.7934457768666143,1.0,P042,none,1,1
0.9700463768467238,1.0,P042,none,1,1
0.9442719383719861,1.0,P042,none,1,1
0.847786227566071,1.0,P042,none,1,1
1.3728311477688688,1.0,P042,none,1,1
1.1651904748826765,1.0,P042,none,1,1
1.8599965986302984,1.0,P042,none,1,1
1.1470250646672795,1.0,P042,none,1,1
0.7504904633071148,0.0,P043,none,0,0
0.8947790842509991,1.0,P043,none,0,1
1.027450945475303,1.0,P043,none,0,1
0.9784995266890272,0.0,P043,none,0,0
1.0211619828036405,0.0,P043,none,0,0
0.9109908848622912,0.0,P043,none,0,0
1.0668856664890105,1.0,P043,none,0,1
1.029787686783535,0.0,P043,none,0,0
0.8297326234220991,0.0,P043,none,0,0
0.8824059258759137,1.0,P043,none,0,1
1.0553190137296875,1.0,P043,none,0,1
1.1583376115930892,1.0,P043,none,0,1
1.0403433350935765,0.0,P043,none,0,0
0.9317286771258659,1.0,P043,none,0,1
1.293872994337346,1.0,P043,none,0,1
1.0873551340909762,1.0,P043,none,0,1
1.468878220678433,1.0,P043,none,0,1
1.0295040118070395,1.0,P043,none,0,1
1.2686955001506535,1.0,P043,none,0,1
1.0454302356273297,0.0,P043,none,0,0
0.8150751892775991,1.0,P043,none,0,1
0.920355798104548,0.0,P043,none,0,0
1.082796068381824,1.0,P043,none,0,1
0.92522408003783,1.0,P043,none,0,1
1.4240746187056266,1.0,P043,none,0,1
1.1618944346411335,1.0,P043,none,0,1
0.8770279523531964,1.0,P043,none,0,1
0.9581387030450235,0.0,P043,none,0,0
0.922470306835018,1.0,P043,none,0,1
1.346684120963038,1.0,P043,none,0,1
0.9591606765607877,0.0,P043,none,0,0
0.9400504938749257,0.0,P043,none,0,0
2.0940455760838903,0.0,P043,none,0,0
0.7953367408954426,1.0,P043,none,0,1
0.964565520238044,0.0,P043,none,0,0
1.4783144568027362,1.0,P043,none,0,1
1.1830615896694208,0.0,P043,none,0,0
0.7386400730707177,0.0,P043,none,0,0
0.8276167264288001,1.0,P043,none,0,1
0.8867683557001829,0.0,P043,none,0,0
0.9889223484573079,0.0,P043,none,0,0
0.8897887727888998,0.0,P043,none,0,0
0.9739305258799404,0.0,P043,none,0,0
1.1312913296876803,0.0,P043,none,0,0
1.733946453676917,1.0,P043,none,0,1
0.9918590995630334,1.0,P043,none,0,1
1.0163729138089994,0.0,P043,none,0,0
0.7582924874084341,1.0,P043,none,0,1
0.7293179362671763,0.0,P043,none,0,0
0.7780790543275036,0.0,P043,none,0,0
1.8973833169851257,1.0,P043,none,1,1
1.0884301553103608,1.0,P043,none,1,1
0.7853572762108889,1.0,P043,none,1,1
0.8237563228917292,1.0,P043,none,1,1
1.2732710082760117,1.0,P043,none,1,1
0.9998827140276867,1.0,P043,none,1,1
0.663324819689191,1.0,P043,none,1,1
0.9486842543172569,1.0,P043,none,1,1
0.7500897578783995,1.0,P043,none,1,1
0.8514391119463083,1.0,P043,none,1,1
1.0402697913143415,1.0,P043,none,1,1
1.2650316289017614,1.0,P043,none,1,1
1.2535712868662625,1.0,P043,none,1,1
0.7353200226733352,1.0,P043,none,1,1
1.4307944035810594,1.0,P043,none,1,1
1.0622563136294572,1.0,P043,none,1,1
0.7677942612189922,1.0,P043,none,1,1
1.4306115613119441,1.0,P043,none,1,1
0.9490944352103603,1.0,P043,none,1,1
0.8124342963759092,1.0,P043,none,1,1
1.0122971743324432,1.0,P043,none,1,1
1.4488911731410496,1.0,P043,none,1,1
0.8456124142359963,1.0,P043,none,1,1
1.0104966674402638,1.0,P043,none,1,1
0.9176813040735645,1.0,P043,none,1,1
0.6667900728005107,1.0,P043,none,1,1
1.0713884531638251,1.0,P043,none,1,1
1.1142006087647236,1.0,P043,none,1,1
0.5683627072344537,1.0,P043,none,1,1
1.7240671451465222,1.0,P043,none,1,1
1.1382517826908798,1.0,P043,none,1,1
0.9138629053077933,1.0,P043,none,1,1
1.329954798418238,1.0,P043,none,1,1
0.8347105116532805,1.0,P043,none,1,1
0.7836208096315684,1.0,P043,none,1,1
0.8570458666809524,1.0,P043,none,1,1
1.2052861958920214,1.0,P043,none,1,1
1.3978983128159093,1.0,P043,none,1,1
1.0050003639229084,0.0,P043,none,1,0
1.7222111420014452,1.0,P043,none,1,1
1.1559963177715824,1.0,P043,none,1,1
0.7611011451742232,1.0,P043,none,1,1
1.6016654684360547,1.0,P043,none,1,1
0.9587566678427347,1.0,P043,none,1,1
1.410031725383289,1.0,P043,none,1,1
1.5326709958436584,1.0,P043,none,1,1
0.8502466106595798,1.0,P043,none,1,1
0.7178827799043539,1.0,P043,none,1,1
1.0678834284208265,1.0,P043,none,1,1
1.5388800669557734,1.0,P043,none,1,1
0.7621522864883427,0.0,P044,none,0,0
0.9772448587255016,0.0,P044,none,0,0
1.352549881763962,1.0,P044,none,0,1
1.3867997460459325,0.0,P044,none,0,0
0.9763166421343232,0.0,P044,none,0,0
1.2029623493047579,1.0,P044,none,0,1
1.176727600116283,1.0,P044,none,0,1
1.5602568725171764,1.0,P044,none,0,1
0.9518303782112801,0.0,P044,none,0,0
1.040732219105214,1.0,P044,none,0,1
1.069064450327666,1.0,P044,none,0,1
1.0677964135474478,1.0,P044,none,0,1
1.0185305666164652,1.0,P044,none,0,1
1.1278457702304072,1.0,P044,none,0,1
1.389505921068864,1.0,P044,none,0,1
1.0122930206310565,0.0,P044,none,0,0
1.4719878155541688,0.0,P044,none,0,0
1.0154508727283647,1.0,P044,none,0,1
1.085883039876915,1.0,P044,none,0,1
0.9052955083017361,0.0,P044,none,0,0
1.0644787584665356,1.0,P044,none,0,1
1.5934567385979101,0.0,P044,none,0,0
0.9296533030978976,0.0,P044,none,0,0
1.4230764595612848,1.0,P044,none,0,1
1.3743146773841626,0.0,P044,none,0,0
0.9788248541045158,1.0,P044,none,0,1
1.436246240118932,0.0,P044,none,0,0
0.8755467769902798,0.0,P044,none,0,0
0.9442475806826917,1.0,P044,none,0,1
1.1287677910332377,1.0,P044,none,0,1
0.8576387732293809,1.0,P044,none,0,1
1.9017844680314826,1.0,P044,none,0,1
1.0888178124992451,1.0,P044,none,0,1
1.1074263959477804,1.0,P044,none,0,1
1.041307241952786,0.0,P044,none,0,0
1.6788845552969627,1.0,P044,none,0,1
1.1831613215528116,1.0,P044,none,0,1
2.3752838452943426,0.0,P044,none,0,0
2.902336750073156,0.0,P044,none,0,0
1.3240197658716661,0.0,P044,none,0,0
1.4370259695578196,0.0,P044,none,0,0
1.2146729601622726,0.0,P044,none,0,0
1.2792127605961419,0.0,P044,none,0,0
1.7152607317012276,1.0,P044,none,0,1
1.1402594105013668,1.0,P044,none,0,1
0.8604376728291578,0.0,P044,none,0,0
1.1967931186605458,0.0,P044,none,0,0
1.2205841406722926,1.0,P044,none,0,1
1.088389438914792,1.0,P044,none,0,1
0.8224263911728902,0.0,P044,none,0,0
1.115999820122913,1.0,P044,none,1,1
2.4050586000753045,1.0,P044,none,1,1
2.0092213123964653,1.0,P044,none,1,1
0.9639664660041398,1.0,P044,none,1,1
1.0056442563974626,1.0,P044,none,1,1
1.127365608715269,1.0,P044,none,1,1
1.0591592458430705,0.0,P044,none,1,0
1.8993768654795822,1.0,P044,none,1,1
2.0511109100341898,1.0,P044,none,1,1
0.7426187222287814,1.0,P044,none,1,1
1.100534879239988,1.0,P044,none,1,1
1.4766767115721244,1.0,P044,none,1,1
1.3414756431504353,1.0,P044,none,1,1
1.0621101793615795,1.0,P044,none,1,1
0.9642306896189059,1.0,P044,none,1,1
0.9972114533426661,0.0,P044,none,1,0
0.9516501766506752,1.0,P044,none,1,1
2.2093576240034505,1.0,P044,none,1,1
1.3611262026607278,1.0,P044,none,1,1
0.8893268773456346,1.0,P044,none,1,1
1.0525674011341222,1.0,P044,none,1,1
1.2287013769744477,1.0,P044,none,1,1
0.9996892366893269,1.0,P044,none,1,1
0.7826058270285954,1.0,P044,none,1,1
2.394943473234464,1.0,P044,none,1,1
1.317855081385622,1.0,P044,none,1,1
0.8931541207976692,1.0,P044,none,1,1
0.8671144624634368,1.0,P044,none,1,1
0.7351418458534136,0.0,P044,none,1,0
1.2204175147200056,1.0,P044,none,1,1
0.7934511072155344,1.0,P044,none,1,1
1.4706464494656115,1.0,P044,none,1,1
0.988515383890489,1.0,P044,none,1,1
1.5182805572542768,1.0,P044,none,1,1
2.1007740864771667,1.0,P044,none,1,1
1.4496032168011528,1.0,P044,none,1,1
1.183393843725503,1.0,P044,none,1,1
0.9380600978990952,1.0,P044,none,1,1
0.9159298001256247,1.0,P044,none,1,1
1.1142203829942234,1.0,P044,none,1,1
0.505292566565611,1.0,P044,none,1,1
2.0184867334223053,1.0,P044,none,1,1
1.7518105783415892,1.0,P044,none,1,1
1.2338771440466254,1.0,P044,none,1,1
2.709775036943249,1.0,P044,none,1,1
0.840234963994654,0.0,P044,none,1,0
0.943399923167731,1.0,P044,none,1,1
0.8983025098877304,1.0,P044,none,1,1
1.4827383753774421,1.0,P044,none,1,1
1.7060263710641388,1.0,P044,none,1,1
2.6983141527315033,1.0,P045,none,0,0
1.4602096979352668,0.0,P045,none,0,1
1.0919776806117585,0.0,P045,none,0,1
2.2116544405094745,0.0,P045,none,0,1
1.1568096873110045,1.0,P045,none,0,0
2.328740410415451,1.0,P045,none,0,0
1.0070996181347949,0.0,P045,none,0,1
1.4324680043826912,0.0,P045,none,0,1
1.343502521959691,0.0,P045,none,0,1
1.5367246492882638,1.0,P045,none,0,0
1.103351414888807,0.0,P045,none,0,1
1.6646102340253481,0.0,P045,none,0,1
1.2638581970511638,0.0,P045,none,0,1
0.9889093863669078,0.0,P045,none,0,1
1.0585368454610424,1.0,P045,none,0,0
1.1117172428675506,0.0,P045,none,0,1
1.1992736299063123,1.0,P045,none,0,0
1.5737270562525285,0.0,P045,none,0,1
1.1289106862295042,1.0,P045,none,0,0
2.42409133809982,0.0,P045,none,0,1
1.3040406903867874,1.0,P045,none,0,0
2.480852732551325,0.0,P045,none,0,1
1.0504537826151317,0.0,P045,none,0,1
0.9450800757675681,1.0,P045,none,0,0
1.0479527973939777,0.0,P045,none,0,1
2.500028311169138,1.0,P045,none,0,0
1.198183764393696,1.0,P045,none,0,0
1.0523242081785362,1.0,P045,none,0,0
1.6607487099753315,1.0,P045,none,0,0
1.2240066243410808,1.0,P045,none,0,0
2.5818789798276653,1.0,P045,none,0,0
1.1433841081511082,1.0,P045,none,0,0
3.7062117547778364,0.0,P045,none,0,1
1.0652847213421015,0.0,P045,none,0,1
1.0335038636611873,0.0,P045,none,0,1
1.6194526791323678,1.0,P045,none,0,0
1.3251798940024238,0.0,P045,none,0,1
1.2605936369111264,0.0,P045,none,0,1
1.5550058722621833,0.0,P045,none,0,1
3.03553090223968,1.0,P045,none,0,0
1.1595035629395858,1.0,P045,none,0,0
1.2570028501271335,0.0,P045,none,0,1
1.2805607960809353,1.0,P045,none,0,0
2.0260637703933786,0.0,P045,none,0,1
1.5128777461590752,0.0,P045,none,0,1
1.235714699945309,1.0,P045,none,0,0
1.70348449462794,1.0,P045,none,0,0
1.0103730594146303,1.0,P045,none,0,0
2.8003556929305216,1.0,P045,none,0,0
1.8887771603484098,0.0,P045,none,0,1
0.8309217262177476,1.0,P045,none,1,1
0.6426650397197761,1.0,P045,none,1,1
1.8865342730958075,1.0,P045,none,1,1
0.6731016663418607,1.0,P045,none,1,1
1.092228296356157,1.0,P045,none,1,1
0.9523380366797496,1.0,P045,none,1,1
0.8562302699607293,1.0,P045,none,1,1
2.043604197701221,1.0,P045,none,1,1
1.0211682243900557,1.0,P045,none,1,1
0.8424025486426527,1.0,P045,none,1,1
1.0978875843597773,1.0,P045,none,1,1
0.616926364091107,1.0,P045,none,1,1
0.8785476080109627,0.0,P045,none,1,0
1.7827010260810527,1.0,P045,none,1,1
1.3115187193330078,1.0,P045,none,1,1
1.2868988194673756,1.0,P045,none,1,1
1.179334042219903,0.0,P045,none,1,0
3.43250624031318,1.0,P045,none,1,1
0.6097252374095438,1.0,P045,none,1,1
1.4625193230606173,1.0,P045,none,1,1
1.8773253143890705,0.0,P045,none,1,0
1.3395528133496197,1.0,P045,none,1,1
1.0192335653592615,1.0,P045,none,1,1
0.6915972386367915,1.0,P045,none,1,1
1.1797254423320669,0.0,P045,none,1,0
1.2444361008769766,1.0,P045,none,1,1
0.8094519604761631,1.0,P045,none,1,1
2.034627381550645,1.0,P045,none,1,1
0.9373240487816596,1.0,P045,none,1,1
0.9922050715995082,1.0,P045,none,1,1
0.7029390496342046,1.0,P045,none,1,1
1.2621185281110519,0.0,P045,none,1,0
0.9930629189726652,1.0,P045,none,1,1
2.0443363368065817,1.0,P045,none,1,1
0.8403474943433106,1.0,P045,none,1,1
0.9870051416248222,1.0,P045,none,1,1
0.664680361153493,1.0,P045,none,1,1
1.3531716194607777,1.0,P045,none,1,1
0.7438564873602246,1.0,P045,none,1,1
0.7288402458882566,1.0,P045,none,1,1
1.5471414129311332,1.0,P045,none,1,1
0.9780827754643558,0.0,P045,none,1,0
1.0658337044164505,1.0,P045,none,1,1
1.49465017311379,1.0,P045,none,1,1
1.2453057353423347,1.0,P045,none,1,1
0.9389718703851424,1.0,P045,none,1,1
0.9958271240246094,0.0,P045,none,1,0
0.7769471979240463,1.0,P045,none,1,1
1.1596830283994046,1.0,P045,none,1,1
0.9293437301014758,1.0,P045,none,1,1
0.8265464115980962,0.0,P046,none,0,0
0.9493000240331843,1.0,P046,none,0,1
1.0460915663316617,0.0,P046,none,0,0
1.5333395613510603,0.0,P046,none,0,0
0.7329958859704309,1.0,P046,none,0,1
0.9482120543606735,0.0,P046,none,0,0
0.8194127943597164,1.0,P046,none,0,1
1.2439085152414557,1.0,P046,none,0,1
1.0405974339767563,1.0,P046,none,0,1
1.492491128646932,0.0,P046,none,0,0
1.5649709703186165,0.0,P046,none,0,0
0.6854426652774742,0.0,P046,none,0,0
0.9891278145488359,1.0,P046,none,0,1
0.7197262827851222,0.0,P046,none,0,0
1.299819011417107,0.0,P046,none,0,0
0.6638289909736751,1.0,P046,none,0,1
0.9460273153513231,0.0,P046,none,0,0
1.3178889533344533,1.0,P046,none,0,1
1.186100546470811,1.0,P046,none,0,1
0.7554820863324009,0.0,P046,none,0,0
0.8402668548538099,1.0,P046,none,0,1
1.2623297551173625,0.0,P046,none,0,0
0.8572011733613334,0.0,P046,none,0,0
0.611572731900988,0.0,P046,none,0,0
0.6906909516438726,1.0,P046,none,0,1
1.5046357709905924,1.0,P046,none,0,1
0.919439802716163,0.0,P046,none,0,0
1.2297624719918216,0.0,P046,none,0,0
1.1341329075734965,0.0,P046,none,0,0
0.799601484779934,1.0,P046,none,0,1
0.827393592625058,0.0,P046,none,0,0
1.7495605636157165,0.0,P046,none,0,0
2.4319425303314164,0.0,P046,none,0,0
1.0448236114289116,1.0,P046,none,0,1
2.15348821372886,1.0,P046,none,0,1
1.018440801259702,0.0,P046,none,0,0
0.7891252425260505,0.0,P046,none,0,0
1.406139952375429,1.0,P046,none,0,1
0.7206392128308647,1.0,P046,none,0,1
0.9237866935538044,1.0,P046,none,0,1
0.6663205771965366,1.0,P046,none,0,1
1.0320629814593296,0.0,P046,none,0,0
0.9003685246701165,1.0,P046,none,0,1
1.411501480236266,0.0,P046,none,0,0
1.002728220387834,1.0,P046,none,0,1
1.282473549714618,0.0,P046,none,0,0
0.7340766701721739,0.0,P046,none,0,0
1.03622783388907,1.0,P046,none,0,1
1.040444268714106,1.0,P046,none,0,1
0.7512348848768808,0.0,P046,none,0,0
1.058703220557845,1.0,P046,none,1,1
0.9744054699603226,1.0,P046,none,1,1
0.5582526974450144,1.0,P046,none,1,1
1.2532216696475191,1.0,P046,none,1,1
0.9538012682784514,1.0,P046,none,1,1
1.8306177129861305,1.0,P046,none,1,1
1.7421284957209675,1.0,P046,none,1,1
1.4782891130319826,1.0,P046,none,1,1
0.7112051030914588,1.0,P046,none,1,1
1.1962267189909959,1.0,P046,none,1,1
2.0103684625693186,1.0,P046,none,1,1
0.6771726275941814,1.0,P046,none,1,1
1.1702296604598132,1.0,P046,none,1,1
1.6014076564706516,1.0,P046,none,1,1
0.7400774014333034,1.0,P046,none,1,1
1.797660727164695,1.0,P046,none,1,1
0.8861767958521188,1.0,P046,none,1,1
1.029803396865649,1.0,P046,none,1,1
0.696387005186017,1.0,P046,none,1,1
0.8559869071376057,1.0,P046,none,1,1
1.1076132270646561,1.0,P046,none,1,1
1.058092006351909,1.0,P046,none,1,1
3.0100967800935123,1.0,P046,none,1,1
0.8091643750844555,1.0,P046,none,1,1
1.216623912064841,1.0,P046,none,1,1
1.048541526244334,1.0,P046,none,1,1
0.981255954424333,1.0,P046,none,1,1
1.0749206132791311,1.0,P046,none,1,1
1.4944500367149185,1.0,P046,none,1,1
0.9729371178521384,1.0,P046,none,1,1
1.0295622194101393,1.0,P046,none,1,1
1.1282119460754032,1.0,P046,none,1,1
0.8517285197745913,1.0,P046,none,1,1
0.9023113194149643,1.0,P046,none,1,1
0.7037624396440331,1.0,P046,none,1,1
0.877764431572988,1.0,P046,none,1,1
0.5271463726472794,1.0,P046,none,1,1
1.293489499496071,1.0,P046,none,1,1
0.8088755283939117,1.0,P046,none,1,1
2.510146082707659,1.0,P046,none,1,1
0.5835697739754018,1.0,P046,none,1,1
0.7561090323158172,1.0,P046,none,1,1
0.875760042373656,1.0,P046,none,1,1
1.0384827320733978,1.0,P046,none,1,1
1.1480047856968993,1.0,P046,none,1,1
0.8949685465937924,1.0,P046,none,1,1
0.8309364191958245,1.0,P046,none,1,1
2.015739486551323,1.0,P046,none,1,1
1.1973930677326212,1.0,P046,none,1,1
1.0029562203350009,1.0,P046,none,1,1
1.0187407629999927,1.0,P047,none,0,1
1.377592399586133,0.0,P047,none,0,0
1.1647074562004032,1.0,P047,none,0,1
1.0668311597381657,0.0,P047,none,0,0
1.734945998219088,0.0,P047,none,0,0
1.255062827733997,1.0,P047,none,0,1
1.5624641052470958,1.0,P047,none,0,1
1.1892840734321715,1.0,P047,none,0,1
1.01089000273346,1.0,P047,none,0,1
0.8792686038294144,0.0,P047,none,0,0
1.2697503119094273,0.0,P047,none,0,0
1.0828942354952429,0.0,P047,none,0,0
1.7730949638812366,1.0,P047,none,0,1
0.9128510368310772,1.0,P047,none,0,1
1.1337078363817439,1.0,P047,none,0,1
1.480284056323149,1.0,P047,none,0,1
0.9455618232883142,0.0,P047,none,0,0
1.5727182865862528,1.0,P047,none,0,1
1.513909073754967,1.0,P047,none,0,1
0.8579895722352798,1.0,P047,none,0,1
0.9336927810722244,0.0,P047,none,0,0
1.06799045804744,1.0,P047,none,0,1
1.2223139314399574,1.0,P047,none,0,1
1.0215187538849881,0.0,P047,none,0,0
0.9674610377201212,0.0,P047,none,0,0
1.8623731415653468,1.0,P047,none,0,1
0.9388851286180045,1.0,P047,none,0,1
1.239009552435021,0.0,P047,none,0,0
1.3000000633119542,0.0,P047,none,0,0
0.9217531391858019,0.0,P047,none,0,0
1.067606514134598,1.0,P047,none,0,1
0.8726201409746706,0.0,P047,none,0,0
1.135849259918469,0.0,P047,none,0,0
0.8995297213232613,0.0,P047,none,0,0
0.7968569937469384,0.0,P047,none,0,0
1.5091461353023965,0.0,P047,none,0,0
1.229302895933267,0.0,P047,none,0,0
1.3240972372186959,0.0,P047,none,0,0
1.0489698205730527,1.0,P047,none,0,1
1.730964380679202,0.0,P047,none,0,0
0.7554679200178502,0.0,P047,none,0,0
0.800689611391715,0.0,P047,none,0,0
0.9411661289891406,1.0,P047,none,0,1
1.0757799512511192,0.0,P047,none,0,0
1.5043185469270586,0.0,P047,none,0,0
0.9709481765845775,0.0,P047,none,0,0
0.9377949453257891,0.0,P047,none,0,0
1.0316516000669906,1.0,P047,none,0,1
0.8768434517060781,0.0,P047,none,0,0
0.8955812812511664,0.0,P047,none,0,0
0.8588731327524153,1.0,P047,none,1,1
1.180794927943855,1.0,P047,none,1,1
1.3236056512232972,1.0,P047,none,1,1
1.431439069426174,1.0,P047,none,1,1
0.8412423611945999,1.0,P047,none,1,1
0.9720126893313921,1.0,P047,none,1,1
0.9623318158667412,1.0,P047,none,1,1
1.0820151926323032,1.0,P047,none,1,1
1.1839784242268756,1.0,P047,none,1,1
1.1322731900313876,1.0,P047,none,1,1
1.0598578202645315,1.0,P047,none,1,1
0.7304528542233789,1.0,P047,none,1,1
0.8809785707482163,1.0,P047,none,1,1
1.0858527082904712,1.0,P047,none,1,1
0.9002390300180657,1.0,P047,none,1,1
1.0969671732696042,1.0,P047,none,1,1
0.5839477910113351,1.0,P047,none,1,1
0.790080585553947,1.0,P047,none,1,1
0.8767890718611121,1.0,P047,none,1,1
1.6996913400192601,1.0,P047,none,1,1
0.9132306146237148,1.0,P047,none,1,1
1.5210437399104868,1.0,P047,none,1,1
1.432635712261145,1.0,P047,none,1,1
0.8168397614800744,1.0,P047,none,1,1
1.2337283676405635,1.0,P047,none,1,1
1.2985767605008534,1.0,P047,none,1,1
0.9549951407208737,1.0,P047,none,1,1
0.7338201008201899,1.0,P047,none,1,1
0.8953817338166485,1.0,P047,none,1,1
0.9644281084186579,1.0,P047,none,1,1
1.0519663914800856,1.0,P047,none,1,1
1.0115511415998997,1.0,P047,none,1,1
0.992387567406919,1.0,P047,none,1,1
0.9717885649795105,1.0,P047,none,1,1
0.8122880963079558,1.0,P047,none,1,1
0.8401905801797601,1.0,P047,none,1,1
1.2932244873632217,1.0,P047,none,1,1
0.8817187389690744,1.0,P047,none,1,1
0.9023705087893299,1.0,P047,none,1,1
1.5823380603392934,1.0,P047,none,1,1
0.9185074307097097,1.0,P047,none,1,1
0.9265620811468356,1.0,P047,none,1,1
0.9177794419012034,1.0,P047,none,1,1
1.548614578620414,1.0,P047,none,1,1
0.8067740334154063,1.0,P047,none,1,1
0.982126291136701,1.0,P047,none,1,1
0.7194411324249312,1.0,P047,none,1,1
0.7572128916622469,1.0,P047,none,1,1
1.076052487176655,1.0,P047,none,1,1
1.1984324978271579,1.0,P047,none,1,1
1.0927020519315112,1.0,P048,none,0,1
1.218157027738651,1.0,P048,none,0,1
0.9838772737733141,0.0,P048,none,0,0
1.3562220688871944,1.0,P048,none,0,1
0.986606691694373,1.0,P048,none,0,1
1.452068659661334,1.0,P048,none,0,1
1.3394172900529215,1.0,P048,none,0,1
1.4656994451823149,1.0,P048,none,0,1
1.1029274565042715,1.0,P048,none,0,1
1.8292938842993014,1.0,P048,none,0,1
1.720082313885106,1.0,P048,none,0,1
1.9587245257951311,0.0,P048,none,0,0
2.083413379034592,0.0,P048,none,0,0
1.1388062511914714,1.0,P048,none,0,1
1.241176868975315,0.0,P048,none,0,0
1.0393050054128485,0.0,P048,none,0,0
0.9347019578746607,1.0,P048,none,0,1
3.2801132998180624,1.0,P048,none,0,1
1.6167338727766134,1.0,P048,none,0,1
2.0108926886661633,0.0,P048,none,0,0
1.022875480771754,1.0,P048,none,0,1
0.7361033968024847,1.0,P048,none,0,1
0.7571231214121394,1.0,P048,none,0,1
1.0597958660540718,0.0,P048,none,0,0
1.712529480683455,0.0,P048,none,0,0
0.9154327634808787,1.0,P048,none,0,1
3.416989759128099,1.0,P048,none,0,1
1.0023538699023313,0.0,P048,none,0,0
1.359195637702278,1.0,P048,none,0,1
1.1041983134762878,1.0,P048,none,0,1
1.318998264021178,0.0,P048,none,0,0
1.363386658357657,0.0,P048,none,0,0
1.3509525935550706,1.0,P048,none,0,1
0.9013127416858677,1.0,P048,none,0,1
0.9480534509134431,1.0,P048,none,0,1
0.8204050753189361,0.0,P048,none,0,0
1.5295297794865572,0.0,P048,none,0,0
0.878053472759224,0.0,P048,none,0,0
1.316248025486079,1.0,P048,none,0,1
1.1993759322386146,1.0,P048,none,0,1
0.962637303583907,0.0,P048,none,0,0
0.8194958865235992,1.0,P048,none,0,1
1.6177230783407697,0.0,P048,none,0,0
2.0732178325643043,1.0,P048,none,0,1
1.229199878426554,1.0,P048,none,0,1
1.0506364686976868,1.0,P048,none,0,1
1.6357605513326443,0.0,P048,none,0,0
1.0513150937624065,0.0,P048,none,0,0
2.5055243852521567,0.0,P048,none,0,0
1.0097008757057027,0.0,P048,none,0,0
1.1653731255931339,1.0,P048,none,1,1
1.4800952925269169,1.0,P048,none,1,1
1.1669623234180504,1.0,P048,none,1,1
1.3675538461445633,1.0,P048,none,1,1
0.9213669358742329,1.0,P048,none,1,1
1.1703987094061374,1.0,P048,none,1,1
0.610871319359019,1.0,P048,none,1,1
1.3216083763357669,1.0,P048,none,1,1
1.0930025223406297,1.0,P048,none,1,1
0.7084619152292968,1.0,P048,none,1,1
0.855878559489673,1.0,P048,none,1,1
1.5671788532712,1.0,P048,none,1,1
1.429378949783482,1.0,P048,none,1,1
0.9486506796691193,1.0,P048,none,1,1
1.7581430127964341,1.0,P048,none,1,1
0.988127531681878,1.0,P048,none,1,1
1.456454574699288,1.0,P048,none,1,1
0.8945030828040386,1.0,P048,none,1,1
0.9303079719262682,1.0,P048,none,1,1
1.9396211191811137,1.0,P048,none,1,1
0.7435294069762027,1.0,P048,none,1,1
0.8182340822466196,1.0,P048,none,1,1
0.7813516922966973,1.0,P048,none,1,1
0.8384297470758604,1.0,P048,none,1,1
1.095947987068512,1.0,P048,none,1,1
1.2032732147124703,1.0,P048,none,1,1
1.3979733990740584,1.0,P048,none,1,1
0.8594966290243972,1.0,P048,none,1,1
0.9768741904956747,1.0,P048,none,1,1
0.8951661865916005,1.0,P048,none,1,1
0.7615514993396865,1.0,P048,none,1,1
1.6184572375059176,1.0,P048,none,1,1
1.313895307441088,1.0,P048,none,1,1
1.25026205335335,1.0,P048,none,1,1
0.8133721157688347,1.0,P048,none,1,1
1.165500364949505,0.0,P048,none,1,0
0.8494859087176454,1.0,P048,none,1,1
1.3637837715113128,1.0,P048,none,1,1
0.9414192791410179,1.0,P048,none,1,1
1.768756603852351,0.0,P048,none,1,0
1.5101794410615312,1.0,P048,none,1,1
1.0991526330057335,1.0,P048,none,1,1
1.1967658274878044,1.0,P048,none,1,1
1.5803900380405809,1.0,P048,none,1,1
1.7215413083497557,1.0,P048,none,1,1
1.3321053679231416,1.0,P048,none,1,1
1.6931555974597385,1.0,P048,none,1,1
1.6031619276923357,1.0,P048,none,1,1
1.2836658133087986,1.0,P048,none,1,1
1.172546765812997,1.0,P048,none,1,1
1.451514180515125,0.0,P049,none,0,1
1.0543969194881535,0.0,P049,none,0,1
1.2348459038778572,1.0,P049,none,0,0
0.9242942155976814,1.0,P049,none,0,0
1.7601197441112157,0.0,P049,none,0,1
1.8395853660657193,0.0,P049,none,0,1
0.8192462788950621,0.0,P049,none,0,1
0.9079105481842014,0.0,P049,none,0,1
1.3207248543556023,1.0,P049,none,0,0
1.2966367358450088,1.0,P049,none,0,0
0.817356020908706,0.0,P049,none,0,1
1.4869111735862512,0.0,P049,none,0,1
1.735181562356436,0.0,P049,none,0,1
1.3470123484948422,1.0,P049,none,0,0
1.7205750524120516,0.0,P049,none,0,1
1.5393352883182552,0.0,P049,none,0,1
0.7549726850885854,0.0,P049,none,0,1
1.240481721038148,0.0,P049,none,0,1
1.710574592505127,1.0,P049,none,0,0
0.9090792653312341,0.0,P049,none,0,1
1.067714647599265,1.0,P049,none,0,0
1.2846508788442632,0.0,P049,none,0,1
0.876405823552688,1.0,P049,none,0,0
1.1406396653604238,1.0,P049,none,0,0
0.7849589325721562,1.0,P049,none,0,0
1.0525166256766298,0.0,P049,none,0,1
0.7596079438639564,0.0,P049,none,0,1
0.9038943771791783,0.0,P049,none,0,1
0.8828089724050988,1.0,P049,none,0,0
0.848280635734509,0.0,P049,none,0,1
1.3380461232075376,0.0,P049,none,0,1
0.9790011267970662,1.0,P049,none,0,0
1.4298914767544506,0.0,P049,none,0,1
1.0170276140220005,0.0,P049,none,0,1
1.0000606421762124,1.0,P049,none,0,0
1.5780967143642513,1.0,P049,none,0,0
1.2202313225689878,0.0,P049,none,0,1
0.7101551814166855,0.0,P049,none,0,1
0.9219577347420287,0.0,P049,none,0,1
1.0019408281044067,0.0,P049,none,0,1
0.7951654489033175,0.0,P049,none,0,1
0.8591010517365911,0.0,P049,none,0,1
1.296306777673794,0.0,P049,none,0,1
2.183921124372025,1.0,P049,none,0,0
1.1176171545908526,0.0,P049,none,0,1
0.8840196744634106,0.0,P049,none,0,1
0.9507396198643951,1.0,P049,none,0,0
1.1434174265303536,0.0,P049,none,0,1
1.7479466655668756,0.0,P049,none,0,1
1.6108405709756048,1.0,P049,none,0,0
1.0297281098861428,1.0,P049,none,1,1
0.6805709815177855,1.0,P049,none,1,1
0.953850821275199,1.0,P049,none,1,1
1.455048669341049,1.0,P049,none,1,1
0.6929236429618812,1.0,P049,none,1,1
2.419832295160868,1.0,P049,none,1,1
0.994509727324412,1.0,P049,none,1,1
0.9782890237762394,1.0,P049,none,1,1
0.9628049567635508,1.0,P049,none,1,1
1.862822569062551,1.0,P049,none,1,1
2.530712528454091,1.0,P049,none,1,1
1.456619971309816,1.0,P049,none,1,1
1.0171946880278588,1.0,P049,none,1,1
2.544377220967278,1.0,P049,none,1,1
1.1445711784853074,1.0,P049,none,1,1
1.3023583966738321,1.0,P049,none,1,1
1.2553386266061541,1.0,P049,none,1,1
0.9619860253659468,1.0,P049,none,1,1
1.3117597187116719,1.0,P049,none,1,1
0.6336651692307236,1.0,P049,none,1,1
1.3732801846259826,1.0,P049,none,1,1
0.9030380184360349,1.0,P049,none,1,1
1.8253025983642754,1.0,P049,none,1,1
0.852781083643147,1.0,P049,none,1,1
1.8995038771611155,1.0,P049,none,1,1
1.2424199628601622,1.0,P049,none,1,1
0.7944947980924014,1.0,P049,none,1,1
0.8498563462174132,0.0,P049,none,1,0
2.716524786217142,1.0,P049,none,1,1
1.590194225967658,1.0,P049,none,1,1
0.7077010868563671,1.0,P049,none,1,1
1.05427017352481,1.0,P049,none,1,1
0.6707492722430701,1.0,P049,none,1,1
1.2342034624459561,1.0,P049,none,1,1
1.2089789509903532,1.0,P049,none,1,1
0.7770169838848733,1.0,P049,none,1,1
0.8181684122990301,1.0,P049,none,1,1
1.2451302516645972,1.0,P049,none,1,1
1.1713898940640353,1.0,P049,none,1,1
1.246070312456836,1.0,P049,none,1,1
0.7500126042944155,1.0,P049,none,1,1
1.4682104361092732,1.0,P049,none,1,1
0.8124900464375392,1.0,P049,none,1,1
0.7936443337051599,1.0,P049,none,1,1
0.7775084348882579,1.0,P049,none,1,1
0.8396380084306202,1.0,P049,none,1,1
1.4079699738522082,1.0,P049,none,1,1
1.4274305048323361,1.0,P049,none,1,1
0.6308732888497912,1.0,P049,none,1,1
1.3183959753255738,1.0,P049,none,1,1
1.1410448030203308,0.0,P050,none,0,0
1.7311240620060726,1.0,P050,none,0,1
1.6822865269093574,0.0,P050,none,0,0
0.8639602455644773,1.0,P050,none,0,1
0.8360645250961569,0.0,P050,none,0,0
1.5143124438705713,0.0,P050,none,0,0
1.4323352982877235,1.0,P050,none,0,1
1.680919458919094,1.0,P050,none,0,1
0.9635198912629583,1.0,P050,none,0,1
0.6128385125460267,0.0,P050,none,0,0
0.8912327943073924,1.0,P050,none,0,1
1.6990744970591996,0.0,P050,none,0,0
0.6901977873707105,0.0,P050,none,0,0
3.776391962767628,1.0,P050,none,0,1
0.7349028360503628,0.0,P050,none,0,0
0.7428429904385372,0.0,P050,none,0,0
1.1262993307676965,1.0,P050,none,0,1
1.3718118419159235,1.0,P050,none,0,1
0.6229342315529858,0.0,P050,none,0,0
2.5371507471211094,1.0,P050,none,0,1
0.7715237458922674,1.0,P050,none,0,1
1.0932565967148982,1.0,P050,none,0,1
1.4843803692638566,1.0,P050,none,0,1
1.1478901190263269,1.0,P050,none,0,1
0.9115887380992436,1.0,P050,none,0,1
0.7258662513493838,0.0,P050,none,0,0
1.4731209487291683,1.0,P050,none,0,1
1.682373467306942,1.0,P050,none,0,1
0.7155448913786738,0.0,P050,none,0,0
1.0806615275022375,0.0,P050,none,0,0
1.1450343000704035,0.0,P050,none,0,0
1.1239165149509238,0.0,P050,none,0,0
0.9098691083401493,1.0,P050,none,0,1
1.4437529701288314,1.0,P050,none,0,1
1.4862928899841505,1.0,P050,none,0,1
0.9315701935311921,0.0,P050,none,0,0
1.3456688157472247,0.0,P050,none,0,0
1.8356290268670525,0.0,P050,none,0,0
0.7892574311276113,1.0,P050,none,0,1
0.7648094322967453,1.0,P050,none,0,1
1.111670601390831,0.0,P050,none,0,0
1.0761858536177165,0.0,P050,none,0,0
1.3217527025259574,1.0,P050,none,0,1
0.753805422453664,1.0,P050,none,0,1
2.1355112587170204,1.0,P050,none,0,1
1.8845724898605316,0.0,P050,none,0,0
0.7027898379527596,0.0,P050,none,0,0
1.3937307420633018,1.0,P050,none,0,1
0.7551121583807201,0.0,P050,none,0,0
0.8164625651108882,1.0,P050,none,0,1
1.233256844763359,1.0,P050,none,1,1
1.1326234938244173,1.0,P050,none,1,1
0.730618486372479,1.0,P050,none,1,1
0.8558713562592276,1.0,P050,none,1,1
1.13732163005875,1.0,P050,none,1,1
0.9649786802415077,1.0,P050,none,1,1
1.1908403076322014,1.0,P050,none,1,1
1.4361370398843398,1.0,P050,none,1,1
1.4866520308048385,1.0,P050,none,1,1
0.8156858394222655,1.0,P050,none,1,1
2.3422525735915647,0.0,P050,none,1,0
1.1888481119211571,1.0,P050,none,1,1
0.8826591493163749,1.0,P050,none,1,1
1.6001553144402252,1.0,P050,none,1,1
2.187715810755143,1.0,P050,none,1,1
0.9496778578601688,1.0,P050,none,1,1
0.8016439220763738,1.0,P050,none,1,1
1.20631627983297,1.0,P050,none,1,1
0.7558985369903208,1.0,P050,none,1,1
2.5539013160736017,1.0,P050,none,1,1
0.5939546704312775,1.0,P050,none,1,1
1.0458702306882086,1.0,P050,none,1,1
0.7237102472016873,1.0,P050,none,1,1
0.7368351657529568,1.0,P050,none,1,1
2.740991332687566,1.0,P050,none,1,1
1.5980281793855793,1.0,P050,none,1,1
1.444694443240544,1.0,P050,none,1,1
1.1050365954472352,1.0,P050,none,1,1
1.2541859223893954,1.0,P050,none,1,1
0.7205568536460715,1.0,P050,none,1,1
0.8283422214949092,0.0,P050,none,1,0
0.557014631823429,1.0,P050,none,1,1
0.9255723354467993,1.0,P050,none,1,1
1.5372293825752001,1.0,P050,none,1,1
0.9267303712160004,1.0,P050,none,1,1
0.8914370933498326,1.0,P050,none,1,1
1.2111540453255856,0.0,P050,none,1,0
0.8514395403463841,1.0,P050,none,1,1
0.6488781429873758,1.0,P050,none,1,1
0.7048746529567458,1.0,P050,none,1,1
1.0349478143534052,1.0,P050,none,1,1
1.0108238290105769,1.0,P050,none,1,1
0.9708711735535018,1.0,P050,none,1,1
0.8837804709774972,1.0,P050,none,1,1
1.375924894983033,1.0,P050,none,1,1
1.6402374530932609,1.0,P050,none,1,1
0.870913873440812,1.0,P050,none,1,1
1.3514416832507168,1.0,P050,none,1,1
1.5656957060690688,1.0,P050,none,1,1
1.8675680804362669,1.0,P050,none,1,1
1.434075331746439,0.0,P051,none,0,1
1.8690054037819932,1.0,P051,none,0,0
0.9340128157006689,0.0,P051,none,0,1
0.8579198562705128,0.0,P051,none,0,1
2.03072016170184,1.0,P051,none,0,0
0.9398061212877911,0.0,P051,none,0,1
1.4594486096607868,1.0,P051,none,0,0
2.002801162395689,1.0,P051,none,0,0
1.737100012933097,0.0,P051,none,0,1
1.8941261810578573,0.0,P051,none,0,1
0.6800738905598562,0.0,P051,none,0,1
1.589277184661887,1.0,P051,none,0,0
1.4610856317512135,0.0,P051,none,0,1
1.0410993442775511,1.0,P051,none,0,0
1.4018413637335305,0.0,P051,none,0,1
0.9342823367599278,1.0,P051,none,0,0
3.378543376357818,0.0,P051,none,0,1
1.2207216718763205,1.0,P051,none,0,0
0.9478867879826721,0.0,P051,none,0,1
1.363659640101949,1.0,P051,none,0,0
0.9772559419351928,0.0,P051,none,0,1
0.7890221808967149,1.0,P051,none,0,0
0.9380915826947264,1.0,P051,none,0,0
1.0626045962177377,0.0,P051,none,0,1
1.1830389653711961,0.0,P051,none,0,1
1.1383103530592549,0.0,P051,none,0,1
1.0516958103876715,1.0,P051,none,0,0
0.8516808972655806,0.0,P051,none,0,1
0.905139572297183,0.0,P051,none,0,1
1.430338188735834,0.0,P051,none,0,1
1.6364397988674697,0.0,P051,none,0,1
1.3504129750035636,0.0,P051,none,0,1
1.0498655959972032,0.0,P051,none,0,1
1.9805653046138363,0.0,P051,none,0,1
0.7680716503191215,1.0,P051,none,0,0
1.070494493712156,0.0,P051,none,0,1
1.375917886638225,0.0,P051,none,0,1
1.9266044824012503,0.0,P051,none,0,1
1.3273123534332485,1.0,P051,none,0,0
1.7829980436296604,1.0,P051,none,0,0
3.413496728874058,0.0,P051,none,0,1
0.8793732548151255,1.0,P051,none,0,0
0.8829545165030297,1.0,P051,none,0,0
1.2359422072427129,1.0,P051,none,0,0
0.8929755573710855,1.0,P051,none,0,0
0.8731068580334845,0.0,P051,none,0,1
1.4863366512809586,1.0,P051,none,0,0
0.9103775171839594,0.0,P051,none,0,1
2.510120360166793,1.0,P051,none,0,0
0.9943857731764935,0.0,P051,none,0,1
0.6224909303607269,1.0,P051,none,1,1
1.024407661596478,1.0,P051,none,1,1
0.8496737592412165,1.0,P051,none,1,1
1.3823827348352626,1.0,P051,none,1,1
0.8237938873524894,1.0,P051,none,1,1
1.8597399803078671,1.0,P051,none,1,1
0.6439912497082902,0.0,P051,none,1,0
0.9660976348844837,1.0,P051,none,1,1
0.9030514788910027,1.0,P051,none,1,1
0.8366433351564856,1.0,P051,none,1,1
1.0552494616880281,1.0,P051,none,1,1
0.9723190838475416,1.0,P051,none,1,1
1.6569266092704893,1.0,P051,none,1,1
0.7369411105630436,1.0,P051,none,1,1
1.0676154120745318,1.0,P051,none,1,1
0.5740299125531423,0.0,P051,none,1,0
1.526774804597375,1.0,P051,none,1,1
0.9381794490526209,1.0,P051,none,1,1
0.5796546255586277,1.0,P051,none,1,1
0.843772110604142,1.0,P051,none,1,1
0.7840056255187937,1.0,P051,none,1,1
0.623295311185961,1.0,P051,none,1,1
0.9721505059459594,1.0,P051,none,1,1
1.1073753473394916,0.0,P051,none,1,0
0.9838466688635925,1.0,P051,none,1,1
0.9572683015584907,1.0,P051,none,1,1
0.9021276561623225,1.0,P051,none,1,1
0.9873937603606981,1.0,P051,none,1,1
0.8736688524496189,1.0,P051,none,1,1
1.0637250415351662,1.0,P051,none,1,1
1.3745065502390355,0.0,P051,none,1,0
1.778809445653472,1.0,P051,none,1,1
0.6505261889192835,1.0,P051,none,1,1
1.048919210558346,0.0,P051,none,1,0
0.6596125174946337,1.0,P051,none,1,1
0.895487400031638,1.0,P051,none,1,1
0.874921871306213,1.0,P051,none,1,1
0.7006988691029461,1.0,P051,none,1,1
1.4060948169293441,0.0,P051,none,1,0
1.959234981600361,1.0,P051,none,1,1
1.0639600981328017,1.0,P051,none,1,1
1.5657434084259743,1.0,P051,none,1,1
2.3031286868008056,1.0,P051,none,1,1
2.1400118101569983,1.0,P051,none,1,1
1.0460156736156474,1.0,P051,none,1,1
1.405040989116328,1.0,P051,none,1,1
0.9512059040440095,1.0,P051,none,1,1
0.6454026873663052,1.0,P051,none,1,1
0.8852323049753981,1.0,P051,none,1,1
1.8712838749879914,1.0,P051,none,1,1
1.932229862276816,1.0,P052,none,0,0
1.0016765112612385,1.0,P052,none,0,0
1.3765455801188828,0.0,P052,none,0,1
1.3046321376288585,0.0,P052,none,0,1
1.1768230493574716,0.0,P052,none,0,1
1.5095979876244097,1.0,P052,none,0,0
1.2308315745447915,1.0,P052,none,0,0
0.7630045208138858,1.0,P052,none,0,0
1.5840097113824991,1.0,P052,none,0,0
1.2946121311417382,0.0,P052,none,0,1
0.9887490437963937,0.0,P052,none,0,1
1.4388840863232182,0.0,P052,none,0,1
1.065897836950592,0.0,P052,none,0,1
0.8365988078323278,1.0,P052,none,0,0
1.2187637244265237,0.0,P052,none,0,1
0.8156260861920197,0.0,P052,none,0,1
1.3006969641350454,1.0,P052,none,0,0
0.7293016998317224,0.0,P052,none,0,1
0.878045814608839,0.0,P052,none,0,1
0.8895510287704542,0.0,P052,none,0,1
1.0929353986077135,1.0,P052,none,0,0
0.9150373414669802,1.0,P052,none,0,0
1.4775118263552727,1.0,P052,none,0,0
1.0555653102861304,0.0,P052,none,0,1
0.8966078847533338,1.0,P052,none,0,0
0.595134186299466,1.0,P052,none,0,0
0.9665463708981512,0.0,P052,none,0,1
1.0529681605656616,0.0,P052,none,0,1
0.6756231440634414,1.0,P052,none,0,0
1.393820086280438,1.0,P052,none,0,0
0.9294771141529851,0.0,P052,none,0,1
1.6840100872705337,0.0,P052,none,0,1
1.040665783506218,0.0,P052,none,0,1
1.0709460540818656,0.0,P052,none,0,1
0.8687735156520006,0.0,P052,none,0,1
0.7750685846232411,0.0,P052,none,0,1
0.7073912942782148,1.0,P052,none,0,0
0.9125707639229145,1.0,P052,none,0,0
0.946562090676871,0.0,P052,none,0,1
1.4940107615610323,1.0,P052,none,0,0
1.10050761010766,0.0,P052,none,0,1
0.8810092123275555,1.0,P052,none,0,0
1.5402245466077291,0.0,P052,none,0,1
1.418090791788286,0.0,P052,none,0,1
0.8034714775536843,0.0,P052,none,0,1
1.0232463728530004,1.0,P052,none,0,0
1.2205448179510126,1.0,P052,none,0,0
0.870634700357413,1.0,P052,none,0,0
0.7018800361702641,1.0,P052,none,0,0
0.6724493367783183,1.0,P052,none,0,0
0.9236999409688833,1.0,P052,none,1,1
0.9399558871888823,1.0,P052,none,1,1
0.8996749323426443,1.0,P052,none,1,1
0.9036003163493802,1.0,P052,none,1,1
1.5944954864364589,1.0,P052,none,1,1
1.0771026561839254,1.0,P052,none,1,1
1.1324129914965089,1.0,P052,none,1,1
0.7829681233186974,1.0,P052,none,1,1
1.577505761162206,1.0,P052,none,1,1
0.9961906795665869,1.0,P052,none,1,1
0.6950787023199171,1.0,P052,none,1,1
0.5547867616611681,1.0,P052,none,1,1
1.3728069127622486,1.0,P052,none,1,1
1.4403649615753986,1.0,P052,none,1,1
1.299799325730965,1.0,P052,none,1,1
0.8371139560232695,1.0,P052,none,1,1
0.7833020058924748,1.0,P052,none,1,1
0.7603018814531778,1.0,P052,none,1,1
1.0869218459989778,1.0,P052,none,1,1
1.4983620146880163,1.0,P052,none,1,1
2.0824514323543446,0.0,P052,none,1,0
0.8290378243701675,1.0,P052,none,1,1
0.7930823001890694,1.0,P052,none,1,1
0.904475655032523,1.0,P052,none,1,1
0.7294685238579381,1.0,P052,none,1,1
0.8050730944517446,1.0,P052,none,1,1
0.7338497759332268,1.0,P052,none,1,1
1.354009323777654,1.0,P052,none,1,1
0.9494132153315012,1.0,P052,none,1,1
0.9548028715627402,0.0,P052,none,1,0
1.5798976341647843,1.0,P052,none,1,1
1.675107728393633,1.0,P052,none,1,1
1.2964965030609483,1.0,P052,none,1,1
1.1091335540745804,1.0,P052,none,1,1
0.9330354953666773,1.0,P052,none,1,1
0.7156842792951749,0.0,P052,none,1,0
0.8265530533907481,1.0,P052,none,1,1
1.436947163752395,1.0,P052,none,1,1
0.7188894969167419,1.0,P052,none,1,1
0.7099364454787971,1.0,P052,none,1,1
1.2912626571439163,1.0,P052,none,1,1
0.7742745255717686,1.0,P052,none,1,1
0.8563439075140462,1.0,P052,none,1,1
1.6961304822719199,1.0,P052,none,1,1
0.8934137635426764,1.0,P052,none,1,1
0.8514330092928836,1.0,P052,none,1,1
0.9419068821215661,1.0,P052,none,1,1
1.0836989417373741,1.0,P052,none,1,1
1.3416869018207749,1.0,P052,none,1,1
0.9399448261627501,1.0,P052,none,1,1
1.1883920375905093,0.0,P054,none,0,0
0.6163138825129055,1.0,P054,none,0,1
0.7853355059279157,1.0,P054,none,0,1
1.4663494059825872,1.0,P054,none,0,1
0.8596040455065936,1.0,P054,none,0,1
0.6160779158076566,1.0,P054,none,0,1
0.9151337337741375,0.0,P054,none,0,0
1.0180787528709934,1.0,P054,none,0,1
1.559825560634494,1.0,P054,none,0,1
1.0852036026624243,1.0,P054,none,0,1
1.8793352942486274,1.0,P054,none,0,1
0.7690593502691213,0.0,P054,none,0,0
0.8002232051117453,1.0,P054,none,0,1
1.2644124575993985,0.0,P054,none,0,0
0.9095783146501322,0.0,P054,none,0,0
2.135671751296873,1.0,P054,none,0,1
0.7076949548690716,1.0,P054,none,0,1
0.5629009128926032,0.0,P054,none,0,0
2.326039804802709,1.0,P054,none,0,1
0.8411329562370002,1.0,P054,none,0,1
0.6593782144079112,1.0,P054,none,0,1
2.558516529772465,1.0,P054,none,0,1
0.9220453867953821,1.0,P054,none,0,1
0.6358408541054912,1.0,P054,none,0,1
1.248860096124628,0.0,P054,none,0,0
0.7615489451611601,0.0,P054,none,0,0
0.5194709591877287,0.0,P054,none,0,0
1.3797072342012178,0.0,P054,none,0,0
1.424122741348321,1.0,P054,none,0,1
2.197457975488042,0.0,P054,none,0,0
1.0657369497153786,0.0,P054,none,0,0
3.549995394943351,1.0,P054,none,0,1
0.5597317253813822,0.0,P054,none,0,0
0.5961739639477146,0.0,P054,none,0,0
0.7505499186232992,1.0,P054,none,0,1
0.583636288265106,0.0,P054,none,0,0
0.5502375073608025,0.0,P054,none,0,0
0.6632620824948432,1.0,P054,none,0,1
0.8500752365594242,1.0,P054,none,0,1
1.2046817855821303,0.0,P054,none,0,0
1.306665403676837,0.0,P054,none,0,0
2.6785840174031597,0.0,P054,none,0,0
1.378700956553964,1.0,P054,none,0,1
0.6171301942524352,0.0,P054,none,0,0
0.6515428031514642,0.0,P054,none,0,0
0.6711830259847644,0.0,P054,none,0,0
1.4776183567571346,1.0,P054,none,0,1
1.018192760873308,0.0,P054,none,0,0
0.7599723828404533,1.0,P054,none,0,1
1.2370983343637563,1.0,P054,none,0,1
0.6043511173552856,1.0,P054,none,1,1
0.5617698938210074,1.0,P054,none,1,1
0.8012420651268264,1.0,P054,none,1,1
0.8981907359932928,1.0,P054,none,1,1
1.1782528028692014,1.0,P054,none,1,1
1.1129053804077729,1.0,P054,none,1,1
0.6436707346138076,1.0,P054,none,1,1
0.6305655991773806,1.0,P054,none,1,1
0.4884270948130089,1.0,P054,none,1,1
0.681313417133584,1.0,P054,none,1,1
0.9706509733877704,1.0,P054,none,1,1
0.5919804297415375,1.0,P054,none,1,1
1.2085677252770242,1.0,P054,none,1,1
0.7156042154499089,1.0,P054,none,1,1
0.5078132656110731,1.0,P054,none,1,1
1.1319022887816226,1.0,P054,none,1,1
0.6011588767703988,1.0,P054,none,1,1
0.7241707664542398,1.0,P054,none,1,1
0.7256496804907797,1.0,P054,none,1,1
0.8919290469959564,1.0,P054,none,1,1
0.8965137150388808,1.0,P054,none,1,1
0.9856321365090117,1.0,P054,none,1,1
0.722924133147667,1.0,P054,none,1,1
0.8390387375841435,1.0,P054,none,1,1
0.9108464740580018,1.0,P054,none,1,1
0.6897719436162153,1.0,P054,none,1,1
0.6335883334836846,1.0,P054,none,1,1
0.5969765499181495,1.0,P054,none,1,1
0.6434404181991309,1.0,P054,none,1,1
1.2905620134540907,1.0,P054,none,1,1
0.6645771071212847,1.0,P054,none,1,1
0.7523440084530022,1.0,P054,none,1,1
0.6720549654661583,1.0,P054,none,1,1
0.7662198204489649,1.0,P054,none,1,1
1.2071819551356935,1.0,P054,none,1,1
0.9058093763430809,1.0,P054,none,1,1
0.6978626165808927,1.0,P054,none,1,1
0.7240382020705616,1.0,P054,none,1,1
0.7668122247735123,1.0,P054,none,1,1
0.5407356169347616,1.0,P054,none,1,1
0.7089271690155516,1.0,P054,none,1,1
0.6871715596593635,1.0,P054,none,1,1
0.6089073593439764,1.0,P054,none,1,1
1.0519532961993274,1.0,P054,none,1,1
0.5716555110766828,1.0,P054,none,1,1
0.6598455964170459,1.0,P054,none,1,1
0.7147089107712987,1.0,P054,none,1,1
0.9968285392439451,1.0,P054,none,1,1
0.59902788159477,1.0,P054,none,1,1
0.5439289566472865,1.0,P054,none,1,1
1.3205814595937286,0.0,P055,none,0,1
1.6347331478569056,1.0,P055,none,0,0
3.247668353577722,1.0,P055,none,0,0
1.9818362404513965,1.0,P055,none,0,0
3.3626257082707784,0.0,P055,none,0,1
1.158939257906241,0.0,P055,none,0,1
1.1627445379197152,0.0,P055,none,0,1
0.8929568771569372,0.0,P055,none,0,1
2.2434650396761167,0.0,P055,none,0,1
2.9408836645987178,0.0,P055,none,0,1
2.4903369422289345,1.0,P055,none,0,0
4.501461435379137,0.0,P055,none,0,1
1.5733593029677966,1.0,P055,none,0,0
2.028422018480172,0.0,P055,none,0,1
1.9040129437257372,0.0,P055,none,0,1
1.0994375951252748,0.0,P055,none,0,1
1.4565960756223775,0.0,P055,none,0,1
1.0665862741546424,0.0,P055,none,0,1
1.076524545454456,0.0,P055,none,0,1
1.0242218582718674,0.0,P055,none,0,1
1.4901272076231855,0.0,P055,none,0,1
0.9324199559053572,1.0,P055,none,0,0
1.3745072995314611,0.0,P055,none,0,1
1.5166610522252362,0.0,P055,none,0,1
1.652029338581797,1.0,P055,none,0,0
1.1104848718413514,1.0,P055,none,0,0
0.9576096366937493,0.0,P055,none,0,1
2.1507391641173474,0.0,P055,none,0,1
1.8574823346572056,1.0,P055,none,0,0
1.1880075558011363,0.0,P055,none,0,1
1.2239387787366094,0.0,P055,none,0,1
1.0613297522781537,0.0,P055,none,0,1
1.4644129424722334,1.0,P055,none,0,0
1.4698493541489825,1.0,P055,none,0,0
1.5691897450327181,0.0,P055,none,0,1
2.26689857113504,1.0,P055,none,0,0
1.754707204505288,1.0,P055,none,0,0
1.1598415625281773,0.0,P055,none,0,1
1.1703165836060174,0.0,P055,none,0,1
1.2621319971072333,1.0,P055,none,0,0
1.3909561953610345,0.0,P055,none,0,1
1.197287332373807,1.0,P055,none,0,0
3.8134198102943953,0.0,P055,none,0,1
1.705631660819025,0.0,P055,none,0,1
1.0952847540847568,0.0,P055,none,0,1
0.8822806117960132,1.0,P055,none,0,0
0.7904377174088228,0.0,P055,none,0,1
1.3302473866151825,1.0,P055,none,0,0
0.9370604649881407,0.0,P055,none,0,1
3.171939918682936,0.0,P055,none,0,1
1.574078231799888,1.0,P055,none,1,1
0.7954378685783192,1.0,P055,none,1,1
0.9215266176431167,1.0,P055,none,1,1
0.7866409699092066,1.0,P055,none,1,1
1.101183783216004,1.0,P055,none,1,1
0.9788636469369998,1.0,P055,none,1,1
1.2472960802768807,1.0,P055,none,1,1
0.7950452269761271,1.0,P055,none,1,1
0.7010651356297224,1.0,P055,none,1,1
0.734013553197137,1.0,P055,none,1,1
1.0302485658023035,1.0,P055,none,1,1
0.951943241161902,1.0,P055,none,1,1
0.9166125336325512,1.0,P055,none,1,1
0.9497550883386399,1.0,P055,none,1,1
0.759288040455116,1.0,P055,none,1,1
1.4641531817311364,1.0,P055,none,1,1
1.0323896768612166,1.0,P055,none,1,1
2.4991976857110187,1.0,P055,none,1,1
1.1689756268381428,1.0,P055,none,1,1
0.8170910518919543,1.0,P055,none,1,1
0.9725138223484397,1.0,P055,none,1,1
1.0403888026364263,1.0,P055,none,1,1
0.902859390128805,1.0,P055,none,1,1
1.0076163106639622,1.0,P055,none,1,1
1.3308976251501135,1.0,P055,none,1,1
0.9354337766572174,1.0,P055,none,1,1
0.8348469858505704,1.0,P055,none,1,1
1.3257425258219724,1.0,P055,none,1,1
1.5152117675368384,1.0,P055,none,1,1
1.059529744081105,1.0,P055,none,1,1
0.6903262747999854,1.0,P055,none,1,1
0.9822084864957579,1.0,P055,none,1,1
0.7631830918567462,1.0,P055,none,1,1
1.144187177091353,1.0,P055,none,1,1
0.8235377628586785,1.0,P055,none,1,1
1.0972202786075642,1.0,P055,none,1,1
1.3518627093334779,1.0,P055,none,1,1
1.320325709200167,1.0,P055,none,1,1
1.1791460652372863,1.0,P055,none,1,1
1.2161815322921337,1.0,P055,none,1,1
1.283010772417748,1.0,P055,none,1,1
0.9381396580835737,1.0,P055,none,1,1
1.596132280402383,1.0,P055,none,1,1
1.4113436728624231,1.0,P055,none,1,1
1.0101894302988756,1.0,P055,none,1,1
0.7436837421283193,1.0,P055,none,1,1
1.0663225316403326,1.0,P055,none,1,1
0.9793535682378325,1.0,P055,none,1,1
2.0424073669920855,1.0,P055,none,1,1
0.982848159880088,1.0,P055,none,1,1
0.9348716895168232,0.0,P056,none,0,0
1.7382600797797485,1.0,P056,none,0,1
0.9271164286467367,0.0,P056,none,0,0
2.8354389836302527,0.0,P056,none,0,0
1.6706575687490621,0.0,P056,none,0,0
1.087910508429437,0.0,P056,none,0,0
1.8595217956624555,0.0,P056,none,0,0
1.1773834898264586,1.0,P056,none,0,1
1.2394069920854638,0.0,P056,none,0,0
1.2969140624462119,0.0,P056,none,0,0
1.4594108350335393,0.0,P056,none,0,0
2.792105226654297,0.0,P056,none,0,0
1.4921709740895674,0.0,P056,none,0,0
1.8134507091316725,0.0,P056,none,0,0
2.8641350465313433,0.0,P056,none,0,0
1.2158366871875803,1.0,P056,none,0,1
4.0425066859489895,1.0,P056,none,0,1
1.8510083224101195,1.0,P056,none,0,1
2.7337589938848827,1.0,P056,none,0,1
1.6786382438321243,1.0,P056,none,0,1
2.751769679374496,1.0,P056,none,0,1
1.1861126835584865,1.0,P056,none,0,1
2.827290265242657,1.0,P056,none,0,1
2.52265855619274,0.0,P056,none,0,0
1.3213325913410139,1.0,P056,none,0,1
2.71163648395122,1.0,P056,none,0,1
1.2856354994526535,1.0,P056,none,0,1
2.017047577055766,0.0,P056,none,0,0
1.987745760566665,0.0,P056,none,0,0
1.0033905557772402,0.0,P056,none,0,0
1.5463720490881054,0.0,P056,none,0,0
1.5518370425523913,0.0,P056,none,0,0
3.3302235008395704,0.0,P056,none,0,0
1.984495133945718,1.0,P056,none,0,1
1.4734141138432388,1.0,P056,none,0,1
2.724438506969122,1.0,P056,none,0,1
1.2075909534744051,1.0,P056,none,0,1
1.5359615319582325,1.0,P056,none,0,1
1.5775761709904699,1.0,P056,none,0,1
1.286443424505985,1.0,P056,none,0,1
1.092226920865826,0.0,P056,none,0,0
0.9946763122742884,1.0,P056,none,0,1
1.1997296331250615,1.0,P056,none,0,1
3.480733329164667,0.0,P056,none,0,0
1.5720471495546826,0.0,P056,none,0,0
1.744255778056677,0.0,P056,none,0,0
1.617757321837269,0.0,P056,none,0,0
2.238281850107599,0.0,P056,none,0,0
0.9868006613310124,0.0,P056,none,0,0
0.8550568227102957,1.0,P056,none,0,1
2.327943264184322,1.0,P056,none,1,1
1.4290391171742993,1.0,P056,none,1,1
1.1476293893008045,1.0,P056,none,1,1
1.3425252614707808,1.0,P056,none,1,1
2.749088579500273,1.0,P056,none,1,1
2.100858552233939,1.0,P056,none,1,1
0.9081189566849734,1.0,P056,none,1,1
3.7272157206909506,1.0,P056,none,1,1
2.4449353231887248,1.0,P056,none,1,1
1.3580825410422002,1.0,P056,none,1,1
2.0927651888339414,1.0,P056,none,1,1
1.4539501824663499,1.0,P056,none,1,1
2.863841938140739,1.0,P056,none,1,1
1.6990708766164828,0.0,P056,none,1,0
1.2950576804428413,1.0,P056,none,1,1
1.9011116831924768,1.0,P056,none,1,1
2.987566773948138,1.0,P056,none,1,1
1.772412810931078,1.0,P056,none,1,1
1.2636744340289627,1.0,P056,none,1,1
2.323940744188624,1.0,P056,none,1,1
2.105666699673132,1.0,P056,none,1,1
2.924941021860425,1.0,P056,none,1,1
1.3782317427727722,1.0,P056,none,1,1
1.1354066067160942,1.0,P056,none,1,1
1.2760459869835676,1.0,P056,none,1,1
2.168384712897562,1.0,P056,none,1,1
1.8593392286146586,1.0,P056,none,1,1
2.384492886067572,1.0,P056,none,1,1
1.7975071986450637,1.0,P056,none,1,1
2.9528892451965563,1.0,P056,none,1,1
1.5339686398682377,1.0,P056,none,1,1
2.211205880282921,1.0,P056,none,1,1
1.899699239928249,1.0,P056,none,1,1
2.2197475806341584,1.0,P056,none,1,1
0.9854015051044619,1.0,P056,none,1,1
1.3434054531492818,1.0,P056,none,1,1
1.91361157592267,1.0,P056,none,1,1
1.164045418332984,1.0,P056,none,1,1
2.173424606904863,0.0,P056,none,1,0
1.1151749121974632,1.0,P056,none,1,1
1.1509942032770906,1.0,P056,none,1,1
0.9674119898809428,1.0,P056,none,1,1
1.1770800447585954,1.0,P056,none,1,1
1.3874311490150342,1.0,P056,none,1,1
2.9100512203084685,1.0,P056,none,1,1
2.5774560997311475,0.0,P056,none,1,0
1.4761287938230085,1.0,P056,none,1,1
1.358025668908584,0.0,P056,none,1,0
2.0145957097198224,1.0,P056,none,1,1
1.6403803306016793,0.0,P056,none,1,0
2.229183969747915,0.0,P057,none,0,0
1.6036298884838458,1.0,P057,none,0,1
2.00824273168245,1.0,P057,none,0,1
2.2377679335956304,1.0,P057,none,0,1
0.8932271379117185,1.0,P057,none,0,1
0.8536283396347868,1.0,P057,none,0,1
0.8992547461387796,0.0,P057,none,0,0
1.0709568425010203,0.0,P057,none,0,0
1.0381472943478474,0.0,P057,none,0,0
1.0543559306535708,0.0,P057,none,0,0
1.1737174156286772,0.0,P057,none,0,0
2.1457386895049257,0.0,P057,none,0,0
2.370995450115557,1.0,P057,none,0,1
1.1770247560332028,0.0,P057,none,0,0
2.236888028059892,1.0,P057,none,0,1
1.1078415566482693,1.0,P057,none,0,1
1.4261806378406614,0.0,P057,none,0,0
0.7541361800151308,0.0,P057,none,0,0
2.4625733841709403,0.0,P057,none,0,0
2.7483571782715113,1.0,P057,none,0,1
1.306911628420659,1.0,P057,none,0,1
2.3336262270656047,1.0,P057,none,0,1
1.577791109969168,1.0,P057,none,0,1
1.0377470457124907,0.0,P057,none,0,0
1.200258547349602,0.0,P057,none,0,0
1.8452687044665517,1.0,P057,none,0,1
2.474798067621002,1.0,P057,none,0,1
0.7914015256928953,1.0,P057,none,0,1
0.7588287280656008,1.0,P057,none,0,1
2.0278097466743192,0.0,P057,none,0,0
1.9339192133655982,1.0,P057,none,0,1
2.115318302490497,1.0,P057,none,0,1
2.619190912732349,1.0,P057,none,0,1
1.012573377891269,0.0,P057,none,0,0
2.300767171011042,0.0,P057,none,0,0
2.4515257902450482,1.0,P057,none,0,1
1.9590876841139413,0.0,P057,none,0,0
0.8252864906692254,1.0,P057,none,0,1
1.1896468852684832,0.0,P057,none,0,0
1.5394212998252466,0.0,P057,none,0,0
1.847040833559574,1.0,P057,none,0,1
2.6709182300756806,0.0,P057,none,0,0
1.5211811048833948,1.0,P057,none,0,1
0.8186902651538857,0.0,P057,none,0,0
2.351414404839424,1.0,P057,none,0,1
0.9287577453838175,0.0,P057,none,0,0
1.102953582436498,0.0,P057,none,0,0
1.0513608599708286,0.0,P057,none,0,0
1.1442651113568503,1.0,P057,none,0,1
1.220511953831608,1.0,P057,none,0,1
2.601014245565625,0.0,P057,none,1,0
1.1652081697481032,1.0,P057,none,1,1
1.190052652249617,1.0,P057,none,1,1
1.9770687466890857,1.0,P057,none,1,1
0.596752032905416,1.0,P057,none,1,1
1.2434602000261474,0.0,P057,none,1,0
0.9652538072876984,1.0,P057,none,1,1
1.656981392632251,1.0,P057,none,1,1
2.1191281579202013,1.0,P057,none,1,1
0.9739358999060422,1.0,P057,none,1,1
0.9316422680779659,1.0,P057,none,1,1
2.7411965329028116,1.0,P057,none,1,1
1.4399851447015841,1.0,P057,none,1,1
1.7502733050706634,1.0,P057,none,1,1
0.4655597116674382,1.0,P057,none,1,1
1.3647464065299628,1.0,P057,none,1,1
0.8111835990863585,1.0,P057,none,1,1
1.3534029299545907,0.0,P057,none,1,0
0.8294334924201543,1.0,P057,none,1,1
1.0707126631842425,1.0,P057,none,1,1
1.7264321827089737,1.0,P057,none,1,1
0.706299734744933,1.0,P057,none,1,1
0.9333663680239532,1.0,P057,none,1,1
2.309294710939898,1.0,P057,none,1,1
1.352954407212919,1.0,P057,none,1,1
1.1058968390397408,1.0,P057,none,1,1
0.5626747298008632,1.0,P057,none,1,1
1.2648577383646327,1.0,P057,none,1,1
1.8085110193853509,1.0,P057,none,1,1
1.2170378455567876,1.0,P057,none,1,1
0.8325235472831227,1.0,P057,none,1,1
0.6916770604279745,1.0,P057,none,1,1
0.7260538472485227,1.0,P057,none,1,1
0.9453145019639021,1.0,P057,none,1,1
0.7154492658873286,1.0,P057,none,1,1
2.0505603349363075,1.0,P057,none,1,1
1.340216481116586,0.0,P057,none,1,0
0.8035513554142308,1.0,P057,none,1,1
1.27737999541849,1.0,P057,none,1,1
0.5662687991407547,1.0,P057,none,1,1
1.010195170589837,1.0,P057,none,1,1
1.369209571333799,1.0,P057,none,1,1
1.24482163485411,1.0,P057,none,1,1
2.605307599606,0.0,P057,none,1,0
0.8459204810453973,1.0,P057,none,1,1
1.2193733778279294,1.0,P057,none,1,1
1.0939761527036465,1.0,P057,none,1,1
0.8244922565950685,1.0,P057,none,1,1
2.8648501693599693,1.0,P057,none,1,1
1.2263930071621634,1.0,P057,none,1,1
0.7413763607854142,0.0,P058,none,0,0
1.1112566564294282,0.0,P058,none,0,0
1.5178955195101136,0.0,P058,none,0,0
0.7520857096061717,0.0,P058,none,0,0
0.7032687111553164,0.0,P058,none,0,0
0.7595484743538681,0.0,P058,none,0,0
0.6321585104462749,1.0,P058,none,0,1
1.0330286622308293,0.0,P058,none,0,0
0.9284696281244136,1.0,P058,none,0,1
0.7860513734136119,0.0,P058,none,0,0
0.6746898213633663,0.0,P058,none,0,0
0.8460643350757739,0.0,P058,none,0,0
0.893427151676339,1.0,P058,none,0,1
0.857715068266542,0.0,P058,none,0,0
0.7464406520867717,0.0,P058,none,0,0
1.0411840447808673,0.0,P058,none,0,0
0.8098524289413891,0.0,P058,none,0,0
0.7847277249657708,1.0,P058,none,0,1
0.8628257672539763,1.0,P058,none,0,1
0.9697015826458395,1.0,P058,none,0,1
0.636419332807661,1.0,P058,none,0,1
1.1367924288629105,0.0,P058,none,0,0
1.0906946306304894,0.0,P058,none,0,0
0.7936651775379208,0.0,P058,none,0,0
1.016206046757879,0.0,P058,none,0,0
0.9282355360232397,1.0,P058,none,0,1
1.6475012525070267,1.0,P058,none,0,1
0.7738261280260413,1.0,P058,none,0,1
1.447700815010776,0.0,P058,none,0,0
0.782791970594541,1.0,P058,none,0,1
0.5093962343012902,1.0,P058,none,0,1
0.983655716062321,1.0,P058,none,0,1
0.46519111430006455,1.0,P058,none,0,1
0.9892639539443961,0.0,P058,none,0,0
0.9864313318254185,1.0,P058,none,0,1
0.5764922312136871,1.0,P058,none,0,1
0.7639751427434969,1.0,P058,none,0,1
0.5842444230698377,1.0,P058,none,0,1
0.7535965494394906,0.0,P058,none,0,0
0.9712698376536221,1.0,P058,none,0,1
1.0920118557271998,1.0,P058,none,0,1
0.8493690678444991,1.0,P058,none,0,1
0.7951064320641006,0.0,P058,none,0,0
1.497872642414148,0.0,P058,none,0,0
0.6631270636982977,1.0,P058,none,0,1
0.5514872610713513,1.0,P058,none,0,1
0.5468241576659817,1.0,P058,none,0,1
0.7455108484205111,0.0,P058,none,0,0
0.7608341539795735,1.0,P058,none,0,1
0.5829510186112912,1.0,P058,none,0,1
0.6507402088528245,1.0,P058,none,1,1
0.6857779640234526,1.0,P058,none,1,1
1.3350369427441469,1.0,P058,none,1,1
0.6668198207155701,1.0,P058,none,1,1
0.8688342807055398,1.0,P058,none,1,1
0.6879092070251902,1.0,P058,none,1,1
0.7818259760490924,1.0,P058,none,1,1
0.5755101344049727,1.0,P058,none,1,1
0.7388316366927825,1.0,P058,none,1,1
1.9902447726320922,1.0,P058,none,1,1
0.7549161548200788,0.0,P058,none,1,0
1.0384326965429358,0.0,P058,none,1,0
0.6846437783376866,1.0,P058,none,1,1
0.9700388639518096,1.0,P058,none,1,1
0.9613989179311908,1.0,P058,none,1,1
0.9780620882580644,1.0,P058,none,1,1
0.8737604967034389,1.0,P058,none,1,1
0.7458107965729901,1.0,P058,none,1,1
0.6436567226866795,1.0,P058,none,1,1
1.2747223681337856,1.0,P058,none,1,1
0.7993797650571622,1.0,P058,none,1,1
0.6148990466905944,1.0,P058,none,1,1
0.7222908797260502,1.0,P058,none,1,1
0.8491165544794209,1.0,P058,none,1,1
0.6919397259539596,1.0,P058,none,1,1
0.5801864937647955,1.0,P058,none,1,1
0.9331473891974867,1.0,P058,none,1,1
0.6784067901778813,1.0,P058,none,1,1
0.642453105340663,1.0,P058,none,1,1
0.8709704486665582,1.0,P058,none,1,1
0.8813218186100571,1.0,P058,none,1,1
0.7807348101473244,1.0,P058,none,1,1
0.8667985168547319,0.0,P058,none,1,0
0.9135009257806319,1.0,P058,none,1,1
0.8031442090802072,1.0,P058,none,1,1
0.6458035056522842,1.0,P058,none,1,1
0.9359949644432976,0.0,P058,none,1,0
0.960993963381269,1.0,P058,none,1,1
0.6982114793993843,1.0,P058,none,1,1
0.9800917983413149,1.0,P058,none,1,1
0.7754562039589645,1.0,P058,none,1,1
0.6046813141353049,1.0,P058,none,1,1
0.9196178597880315,1.0,P058,none,1,1
0.6243715620755536,1.0,P058,none,1,1
0.9809168521009873,0.0,P058,none,1,0
1.1715444052991768,1.0,P058,none,1,1
0.8106029876081879,1.0,P058,none,1,1
0.5325714910833378,1.0,P058,none,1,1
0.5509912905839462,1.0,P058,none,1,1
1.5289420947096546,1.0,P058,none,1,1
1.0218025375376374,1.0,P059,none,0,1
1.6070718018983425,1.0,P059,none,0,1
1.2825456509857263,1.0,P059,none,0,1
1.3839803091182548,0.0,P059,none,0,0
0.8128876633425253,1.0,P059,none,0,1
0.8332350542010677,1.0,P059,none,0,1
1.0060040194195432,1.0,P059,none,0,1
1.4209337117344905,1.0,P059,none,0,1
0.6950006713081476,1.0,P059,none,0,1
0.7806086922557296,0.0,P059,none,0,0
0.7442924339368016,0.0,P059,none,0,0
2.183222395874864,1.0,P059,none,0,1
0.543787166285022,1.0,P059,none,0,1
1.087541438192988,1.0,P059,none,0,1
0.6763585292449579,1.0,P059,none,0,1
1.0705193957736323,1.0,P059,none,0,1
0.9296872447274144,1.0,P059,none,0,1
0.561754087035047,0.0,P059,none,0,0
0.8232257185869023,1.0,P059,none,0,1
0.6785217213434941,1.0,P059,none,0,1
0.6400765829884083,1.0,P059,none,0,1
1.6363007128635005,1.0,P059,none,0,1
1.2655104254965597,0.0,P059,none,0,0
0.899514285789601,0.0,P059,none,0,0
1.2878222491116356,0.0,P059,none,0,0
1.242469384818302,1.0,P059,none,0,1
1.3112417493950232,0.0,P059,none,0,0
0.8688497774333296,0.0,P059,none,0,0
4.265802578633609,0.0,P059,none,0,0
0.9910629458086688,1.0,P059,none,0,1
2.2155296842411545,1.0,P059,none,0,1
0.7716468050701748,0.0,P059,none,0,0
1.701861883931266,1.0,P059,none,0,1
0.7349694802409302,1.0,P059,none,0,1
0.8473551255857449,1.0,P059,none,0,1
0.7324331498504553,0.0,P059,none,0,0
0.7504678917634882,1.0,P059,none,0,1
0.9067593148970491,1.0,P059,none,0,1
0.9472881017438775,1.0,P059,none,0,1
1.1964000894582847,1.0,P059,none,0,1
1.1635994331145376,1.0,P059,none,0,1
1.1411809237366404,0.0,P059,none,0,0
1.7331833230232976,0.0,P059,none,0,0
0.7534117744617904,1.0,P059,none,0,1
1.8032406051317502,1.0,P059,none,0,1
0.5812388018986887,1.0,P059,none,0,1
1.454390750637363,1.0,P059,none,0,1
0.8059619720800053,1.0,P059,none,0,1
0.712726827411984,1.0,P059,none,0,1
1.2540628211550104,1.0,P059,none,0,1
0.9617187925184625,1.0,P059,none,1,1
0.8990652615593725,1.0,P059,none,1,1
1.0374280206664224,0.0,P059,none,1,0
0.5982635993238252,0.0,P059,none,1,0
0.7001187194064395,1.0,P059,none,1,1
1.187577263120504,0.0,P059,none,1,0
0.7183618082597151,1.0,P059,none,1,1
2.484077887068314,1.0,P059,none,1,1
0.6905341759427911,1.0,P059,none,1,1
2.3691888373008116,0.0,P059,none,1,0
1.0686267278906199,1.0,P059,none,1,1
2.921118366164431,0.0,P059,none,1,0
0.5458283677080049,1.0,P059,none,1,1
0.519140013512247,1.0,P059,none,1,1
1.3310589798807206,1.0,P059,none,1,1
0.8118797443642046,1.0,P059,none,1,1
2.0470030367281304,0.0,P059,none,1,0
3.3889229668806475,1.0,P059,none,1,1
0.6673437522542327,1.0,P059,none,1,1
2.6493077304367345,1.0,P059,none,1,1
0.9672105696831272,1.0,P059,none,1,1
1.9402578205636654,1.0,P059,none,1,1
0.5938088638826126,1.0,P059,none,1,1
0.764764781912427,1.0,P059,none,1,1
1.3049511130531286,1.0,P059,none,1,1
0.9930006033526593,1.0,P059,none,1,1
6.341665606162204,1.0,P059,none,1,1
0.6287319593836503,1.0,P059,none,1,1
2.775952367567141,1.0,P059,none,1,1
1.2092187121290225,1.0,P059,none,1,1
1.3211927692478562,1.0,P059,none,1,1
1.486692383216958,0.0,P059,none,1,0
2.68955540444549,1.0,P059,none,1,1
5.344555551199812,1.0,P059,none,1,1
2.059919375986134,1.0,P059,none,1,1
0.5661155366296081,1.0,P059,none,1,1
1.2225676600626523,1.0,P059,none,1,1
0.8637199831380467,1.0,P059,none,1,1
1.7753602385925178,1.0,P059,none,1,1
0.5903316859801577,1.0,P059,none,1,1
0.6993176730341663,1.0,P059,none,1,1
2.203646532736156,1.0,P059,none,1,1
0.484303117307228,1.0,P059,none,1,1
1.2232507528943795,1.0,P059,none,1,1
0.7120089768451875,1.0,P059,none,1,1
1.9259392361874577,1.0,P059,none,1,1
0.6881687932481368,1.0,P059,none,1,1
0.6643641574577553,1.0,P059,none,1,1
3.8056546990290916,0.0,P059,none,1,0
0.7770111685042753,0.0,P059,none,1,0
