subj_idx,condition,a,st,sv,t,v
P001,0-back,0.5652494079006062,0.184132537501188,2.4128908056320717,0.1303463685026207,0.828667960422852
P001,1-back,0.5394564789320557,0.2009766028081552,1.918835444736053,0.1514744469850075,0.2986432912299449
P001,2-back,0.5228392393921258,0.1599008143117738,1.8144679039413496,0.127371667017782,0.1061329366277994
P001,3-back,0.5860051391528712,0.1713767979027389,1.925011928777836,0.1259580966522631,0.3458466654271467
P002,0-back,0.5835314006259766,0.2122430764478861,2.066407212382917,0.1451863737525108,1.1058117862634875
P002,1-back,0.5456728843097751,0.1779738274731215,1.6777150501081604,0.140165979884186,0.8893924010741783
P002,2-back,0.4659604770766157,0.2001922919721636,1.969643304500098,0.1533533783358216,0.3982005981444101
P002,3-back,0.5564417961054406,0.1763356065582698,1.84466080293203,0.1262472468756446,0.6745139146756314
P003,0-back,0.4992121944541153,0.1957442447550945,1.92356615006044,0.1500603949222924,0.4799421777304169
P003,1-back,0.5332984158170391,0.1904821324515087,1.7827013658248303,0.1417965963283246,0.5836020474412356
P003,2-back,0.4829402622956102,0.2056648177101182,1.6476218967320495,0.1579894589087644,0.9382874355362488
P003,3-back,0.5924065068760653,0.1716334758181902,2.43324845791614,0.1442852214976311,0.553584317005711
P004,0-back,0.4884053966647699,0.2135686629357693,1.913952275208787,0.1572609705604315,0.4928147374315285
P004,1-back,0.5975401086405259,0.1628882261657123,1.682758808726247,0.1246683722084634,0.6978754145406402
P004,2-back,0.5042570726829962,0.2031132762890032,1.876798453351384,0.1576451501020381,-0.1207149765780777
P004,3-back,0.594831303398541,0.1981794516527372,1.904950992574918,0.1409055691314612,1.0127342840205973
P005,0-back,0.5410316528727973,0.1803972215915499,1.832815479265813,0.1565453420504623,1.161144889208168
P005,1-back,0.490738221980274,0.1880318315993141,1.7320305414681625,0.1476492670994237,0.8542319560064707
P005,2-back,0.4366228652656822,0.2036320144284706,2.613267007316072,0.1604390701465748,2.311402351880462
P005,3-back,0.3693074207046908,0.2608860181462192,1.70685497141606,0.181184284986502,0.9275712549401746
P006,0-back,0.4423046259710912,0.2088649349612299,1.8821572404100888,0.1607812032488106,1.934424031057722
P006,1-back,0.4459734768125182,0.1946150035793104,1.7215566223426095,0.1665351642842174,0.3264100755283077
P006,2-back,0.4518173238993775,0.2008339846792958,1.7697853609261287,0.1495398747246284,1.02077607174344
P006,3-back,0.5371044606783837,0.193805398567045,1.995072491627233,0.1458214305980348,0.4874271550082642
P007,0-back,0.3921270270133614,0.2437251636212632,1.795455789726177,0.165976701665679,0.2348788829182194
P007,1-back,0.5006102783521837,0.2071789099304326,1.816732774172989,0.1528990260539754,0.6162593384777032
P007,2-back,0.5043408445015074,0.1966561751112985,1.8145938104070845,0.1477104770465876,0.6727099538900826
P007,3-back,0.5829782059005295,0.1458278266501028,1.822694339192776,0.1176320088385486,0.8617795285021308
P008,0-back,0.5801457763477392,0.1629638035951463,1.97078644480002,0.1321932119818503,1.5199723285725804
P008,1-back,0.5521981039248586,0.1962160263492957,1.8896787529184604,0.1418516795077726,-0.014412326014061
P008,2-back,0.5567046218538958,0.189046414455295,2.0196116363665007,0.146997589969669,1.2101654544292628
P008,3-back,0.5430913186367945,0.181847094126264,1.8693163862937527,0.1415332543631229,0.2561334569989982
P009,0-back,0.47425230179088,0.1937701951477658,2.172859116057426,0.1548209935918973,0.9819637307403628
P009,1-back,0.5309799417117637,0.1727161739583235,2.0479841340207807,0.1536369194812897,0.7277888113196903
P009,2-back,0.4793302819273263,0.1986944485160178,1.7311581264089195,0.1503916219466083,0.4130517786119696
P009,3-back,0.3267013937732627,0.2064016778067978,1.8320596303376555,0.1760478539155287,0.8633516135772211
P010,0-back,0.5013093748407362,0.2381364688713905,1.909691032559761,0.1642940865613537,-0.2931077789263916
P010,1-back,0.4771222180928207,0.2065172818258746,1.62296287491929,0.1577604132537199,0.8341268784466948
P010,2-back,0.5723998042442703,0.1781191345654073,1.9262364924285775,0.1402754442301589,0.5177116727573086
P010,3-back,0.484173235581762,0.2250317369573991,1.864160096999293,0.1576591264664865,0.1324875967833627
P011,0-back,0.5035991085892303,0.2088343619667473,1.9740080044455943,0.1497924682108444,0.4980275637071881
P011,1-back,0.5878264756776452,0.1893601169077544,1.8280792331333924,0.1423600770882043,0.4283317741619215
P011,2-back,0.4189742582513729,0.2184469641581843,1.939849526774188,0.1639636789449592,1.545604671031506
P011,3-back,0.4985599473393163,0.212232970550234,1.9383385577186736,0.1528310057381073,0.9685429735359216
P012,0-back,0.5341603765291353,0.2247655176488862,1.8082506711547857,0.1480344448422154,0.5739191308637717
P012,1-back,0.537161399994288,0.2053383425964924,2.094467831656728,0.1491514314696298,0.5308441222695831
P012,2-back,0.5457200105692116,0.2267437243131382,2.0999058701099376,0.1528842558957522,0.6043090299460637
P012,3-back,0.4925067106571113,0.2124771144792092,2.0367419810945666,0.1498653342364812,1.771932062323287
P013,0-back,0.5180681772305772,0.1966701558238853,1.950040371912658,0.1461546376312472,0.6459345251736238
P013,1-back,0.5198110023222875,0.1937245304632886,1.7280227467054672,0.1462881105930005,0.912845168907435
P013,2-back,0.5516414360184753,0.1765206797351218,1.8785997665879837,0.1353692060747431,0.3973848941931431
P013,3-back,0.4672297904029043,0.1995658587202353,1.8599681096446703,0.1621644950800264,0.5001685714713443
P014,0-back,0.5207180596847475,0.1691823208121496,2.1083471935713534,0.1290984538357116,1.0845916507099431
P014,1-back,0.5475324038752553,0.2121305297345396,1.648683995853965,0.158118706978951,0.8379226973857136
P014,2-back,0.5310644904280155,0.2157857737120964,1.998287777186888,0.150793114391623,0.4688479294356226
P014,3-back,0.381804113011862,0.2155351126996098,2.005320107681668,0.1629620730176195,0.3468885255124416
P015,0-back,0.5836063660455536,0.1637184648455064,2.019659638922572,0.1334060800527587,0.948346737706562
P015,1-back,0.5664431925354608,0.2189586108382615,2.5657212838890864,0.1530938954753331,1.8492053146979048
P015,2-back,0.5064194909719387,0.2182160011780591,1.708491116048826,0.150842720380295,0.6693430964783679
P015,3-back,0.4983777145096529,0.2072350527628244,1.8924970238222645,0.1517718912175077,0.1741957522809656
P016,0-back,0.5569371588286272,0.2112594035365755,2.358773688498003,0.1457233376765465,0.968881948076614
P016,1-back,0.4278665577102315,0.2057960729418957,2.0558139019697625,0.1651324643043723,0.664363402035238
P016,2-back,0.5031190390168219,0.188125214969468,1.622349486891005,0.1399297889756659,0.8673246734749366
P016,3-back,0.6822485691721434,0.1955395706856546,2.2928353681071023,0.1273648662665813,0.8500241158402461
P017,0-back,0.4532877772485203,0.2121897507735856,2.085935296536738,0.1660469691753002,0.6840466331853677
P017,1-back,0.5660905956333917,0.1821258290866322,2.055915839041353,0.1281106882498998,0.6390754857610259
P017,2-back,0.4553047599292317,0.2026928388567679,1.6955656121013207,0.1546178310978498,1.0145170611786385
P017,3-back,0.5144721094701644,0.2000355291920739,2.2163836398029946,0.1541565552798869,0.3027871443317981
P018,0-back,0.5834550531731822,0.188820789650945,2.160972196733397,0.1371210846439143,0.9448324188244076
P018,1-back,0.5315670291701653,0.1477032473546608,2.21740850517947,0.1393813927707976,-0.1449923724930617
P018,2-back,0.532856097928982,0.2090824592623348,2.0864651017366844,0.1439451696081206,1.279174697360299
P018,3-back,0.5905358972400752,0.2145967804057715,1.6400195058681457,0.1428437017615184,0.9126995411444604
P019,0-back,0.5216920620913774,0.1822822703643874,1.8346907279560485,0.1456894692133931,0.4197626696585979
P019,1-back,0.5231761047172865,0.2200133142726102,1.7614190940730672,0.1582149723008717,0.7468641567823489
P019,2-back,0.552799308988574,0.2266339447024567,1.909501476070188,0.1626964118073446,0.1099221756842926
P019,3-back,0.4941631521538343,0.1880505052324791,2.006743584736143,0.1460495874512847,1.3625495963608838
P020,0-back,0.4816423087575603,0.1830425714077806,2.102872349051806,0.1430868104278163,1.0685851392065897
P020,1-back,0.3962959016335859,0.2184086926095632,1.8061713467525295,0.1594119381849455,-0.2985945556293994
P020,2-back,0.4967566164965675,0.1950366346875279,2.07418002900122,0.1486903357954747,0.5930527643861603
P020,3-back,0.4907428569741738,0.1889339564163583,2.06294370762104,0.1501751262385015,1.233627253729329
P021,0-back,0.540215832501486,0.1947042958141709,1.8318769546664453,0.1467938064547806,0.3799697849189246
P021,1-back,0.4463446726985774,0.2112528565290772,1.7230467713868924,0.1546815445563605,0.7710706945744288
P021,2-back,0.5066168491976857,0.1783613326331147,1.8094366607174412,0.1482201397488311,-0.0708798639224641
P021,3-back,0.513472404488971,0.179443703581881,1.8718561409922885,0.1475940754325317,0.7368436412855717
P022,0-back,0.6209439182763349,0.1471173358834995,1.7164670378965992,0.1184660928920699,0.9804476836659932
P022,1-back,0.6097958618948098,0.1567238222292941,2.070264749747053,0.1255301054073597,0.7199626472828476
P022,2-back,0.504271545165896,0.1932132090590727,2.288393941340382,0.151605025028189,0.861660877441412
P022,3-back,0.503709329917255,0.2102972578516602,1.834252791144588,0.1490877800434888,1.013550326794801
P023,0-back,0.4789046789607242,0.2120042536527933,2.047317830922432,0.1545970490672903,1.4841242648121742
P023,1-back,0.5288680614857012,0.1977829416676469,1.8993514473853437,0.1587801129710915,0.8521538041986879
P023,2-back,0.4665745781668791,0.1824717669348867,1.900021721681012,0.1526068522159273,1.0619790907573765
P023,3-back,0.5651942999613545,0.1846862507353959,2.1038734471322886,0.1428217028562369,1.210824590268965
P024,0-back,0.5749913867657226,0.141220278885219,1.740816696503317,0.1260764548249232,0.1954630812693231
P024,1-back,0.5128683200465016,0.1882384041871085,1.817218353052939,0.1499012435103698,0.7506436026413216
P024,2-back,0.5687392597570456,0.1850093819766763,1.9439568892795305,0.13901863415582,0.9460051058945788
P024,3-back,0.512286143942619,0.2168513399144378,2.2612822885172816,0.1520340585907043,0.6334766111855192
P025,0-back,0.5289688730394949,0.1860621540697536,2.1059782405854164,0.1505911991174539,0.3952201167045676
P025,1-back,0.4761074339972702,0.2179058861732072,2.1359587323980147,0.1593049219699329,0.3897980763610774
P025,2-back,0.5272048718077865,0.1929469663283704,1.9179266000628137,0.1489604862358753,0.0276922512230215
P025,3-back,0.5370769784675747,0.1971549842664343,2.02347035007513,0.1506795227916233,0.8167353679275657
P026,0-back,0.5195714212669927,0.2182319113799747,2.3727778023081347,0.159431011981927,1.523060445264311
P026,1-back,0.5787526571535347,0.1843697044585775,2.0446007267299167,0.1490979712396881,0.1219653576131861
P026,2-back,0.5202800917604018,0.2029763806728692,2.038848694368416,0.15577316812456,0.7246946512383801
P026,3-back,0.553197134549635,0.1615403872954798,2.102084075310982,0.1529515354093816,0.3338712268393218
P027,0-back,0.5429003838147529,0.169952545657624,1.7189278970930018,0.1523003761427499,0.5803291506169846
P027,1-back,0.5202202635546838,0.1850197481721727,1.726102453445288,0.1514318687126543,0.4375586290066921
P027,2-back,0.4301080668231569,0.2008232952736594,2.103169448370962,0.1622913526626403,0.4657070223675607
P027,3-back,0.5682397866174308,0.1788169810488433,1.7990188692036255,0.1474150775913045,0.0334773772961041
P028,0-back,0.515249738018295,0.2036344803950572,1.8687199757266224,0.1550213691996217,0.3866902461499159
P028,1-back,0.4592096314743494,0.1692815503751945,1.935616608367556,0.1582214033980115,0.976955581034696
P028,2-back,0.4739680645174452,0.2078167416876406,1.8309340511290444,0.1486616442788732,0.0245005743461374
P028,3-back,0.5128633754035099,0.2177819037292945,2.132288703412208,0.1540418673145375,0.6245809032291876
P029,0-back,0.4508856434940374,0.2188976408649784,1.9146306550446688,0.1558417139671623,0.2518505286715857
P029,1-back,0.4506505449995064,0.2118801284809091,2.002877894689907,0.1588937988126087,2.106822877302803
P029,2-back,0.5350306879918254,0.2004134223048258,2.21788298599939,0.1545765930743715,0.7483033036189065
P029,3-back,0.5382452122712732,0.1778744262575308,1.861710068476544,0.1350899171793542,0.057791884612193
P030,0-back,0.5032214639963651,0.2022682796184607,1.975996685511688,0.161380324215758,0.3978828351966378
P030,1-back,0.5001865067804923,0.2214991684617656,1.896586439220609,0.158328298608279,0.3769589159541266
P030,2-back,0.5788724051625528,0.1978585074880406,1.65299101348053,0.1374412788168725,0.8964125793213035
P030,3-back,0.5571114852552901,0.1924483503471845,2.086564157765437,0.1480222040240769,1.1204416094839018
P031,0-back,0.5124736226740285,0.1857716560175751,2.043807337808754,0.1424301061304101,0.0530986010409799
P031,1-back,0.6116683498337457,0.1506345221486955,2.102462927329294,0.1377329953864096,1.0348854679199972
P031,2-back,0.5101935266503509,0.2147061634766022,1.6033207419718878,0.1596234098181495,1.0331099827039851
P031,3-back,0.5015488170219068,0.2072251682174164,1.838642555481806,0.1624528721134431,0.934498983149999
P032,0-back,0.5161724933889004,0.1738078431173765,2.1410798154234607,0.1328538807283354,1.1176436758058397
P032,1-back,0.4278814542011947,0.2070462842611114,1.7928099946011011,0.1673677222250396,-0.008298477460132
P032,2-back,0.4955375808423656,0.1982777841313858,2.0648362918772034,0.155917345252672,0.9826749062523116
P032,3-back,0.4536974323588306,0.2119219887780728,1.891386749878153,0.159139438522992,-0.0681666517904018
P033,0-back,0.5845160225051274,0.1635936070340369,2.1094600048465524,0.1449682611726124,-0.1552741594539862
P033,1-back,0.5598761072273457,0.1960978926564512,1.846184791273664,0.149124488246606,-0.0099773648520538
P033,2-back,0.5841532329612124,0.1941604270973497,2.0792908213894017,0.1374306717203484,0.133210441987769
P033,3-back,0.4681867677674824,0.2192853075212412,1.8487543113044909,0.1568029673699986,0.141569946833979
P034,0-back,0.5538990307502929,0.1826277483382125,1.749307414999424,0.1561206628923113,0.9521040413338075
P034,1-back,0.496956945599804,0.1915931928757039,1.8942146475931696,0.153661043379934,0.8103923015444955
P034,2-back,0.5770718971506148,0.2273215704935543,2.212853125996512,0.1464755013215447,0.7175984711243545
P034,3-back,0.5221689534076096,0.202603339769542,1.8287780691468016,0.1562804135799274,0.5661653451467293
P035,0-back,0.5366447157543172,0.1995930534233468,1.8134241761958307,0.1539877778444088,1.0906169911292818
P035,1-back,0.5389573456576099,0.2183002665824837,2.123014180041594,0.1472386051974058,0.0226614242302394
P035,2-back,0.5420545089631315,0.1831247221060053,1.7474378297778337,0.1445905947813988,0.632935990535232
P035,3-back,0.578776390657978,0.1815834341145678,2.468743368327745,0.147430626676738,0.5056823956993906
P036,0-back,0.4963677881765667,0.1755668894209663,2.0877244098632435,0.148505696023461,0.5025942780624457
P036,1-back,0.5391191648473971,0.1716212153207186,1.7730445209916588,0.1418521570494597,-0.4860548077110328
P036,2-back,0.490554550995038,0.221912343991501,2.175690607991946,0.153958601305552,-0.0240666392629309
P036,3-back,0.496969839143722,0.2106117271812507,1.8191510553300687,0.15408652951477,0.218387338372486
P037,0-back,0.6036766378125684,0.1945085348949886,2.0072387244533494,0.1295104768964567,1.071904861140639
P037,1-back,0.4191959268248021,0.2172644933328952,1.722414608807637,0.1606985883611646,0.5533765993452566
P037,2-back,0.5767309150209186,0.1751914265212126,1.942846473270024,0.1426967208865348,0.7653553271484338
P037,3-back,0.5443325144837161,0.2041689408175623,2.230652299794595,0.1521122531571704,1.197018631443535
P038,0-back,0.4388750192541311,0.1965235703389265,1.918469286681224,0.1651165335399943,1.2983700132055005
P038,1-back,0.5954907600569991,0.2052322547411529,1.7957686072661987,0.1455681608354622,0.6297536332222774
P038,2-back,0.5539572076521829,0.2195791545332892,2.036375967662245,0.16251608424859,1.0527314945863395
P038,3-back,0.5308695999468068,0.2149636742741813,2.026439105907972,0.1515291263379273,0.4465323782938445
P039,0-back,0.5095658781639991,0.1982726619314969,1.8442511602207168,0.1586605327451031,1.2721355292273346
P039,1-back,0.5082637268796911,0.1911500014620849,2.1195396450686457,0.1431554312476528,0.3540029687760002
P039,2-back,0.4372824713176087,0.1816168905096109,1.7504485508951684,0.1556153712427006,-0.2980447708093999
P039,3-back,0.5209792187931235,0.1905090149609104,1.9676073713686937,0.1385914052521293,0.5818417272033323
P040,0-back,0.6053810197811345,0.1347300330755868,2.0421404424079443,0.1091091900406498,0.7117489056218115
P040,1-back,0.4388534863248527,0.1904843034655227,1.9567958733138957,0.1664891114874536,0.6815831559257963
P040,2-back,0.5041577209296304,0.2020907556911268,2.0737012311737284,0.1512946146223131,0.4740205006062805
P040,3-back,0.4584282924720418,0.201446039465438,1.7910197906990637,0.1573632370000773,0.4489815562080713
P041,0-back,0.5632226763102182,0.2122348454154631,1.8788338808608365,0.1448852391408291,0.7963604932550078
P041,1-back,0.5754369805350728,0.1799526688895239,1.9494652222358244,0.1439616332161938,0.610765575380064
P041,2-back,0.5635434036325319,0.1770340407375517,2.621279377295239,0.1331121567328612,1.509536944021165
P041,3-back,0.5685237892404502,0.1895880517076068,1.8937268350423944,0.1458745905989402,1.3987415459851398
P042,0-back,0.5948292898465692,0.1572157690188398,2.02216160247364,0.1253243169976488,0.5095708315413021
P042,1-back,0.5261346321517756,0.2136967780988126,1.8874272235082343,0.1564746532855568,0.4971207290825331
P042,2-back,0.56287973640998,0.1908933928554946,1.8570404375539349,0.1460957276409362,0.078832461125129
P042,3-back,0.5197148543632398,0.2142627464458315,1.869032615211866,0.1533123938773324,0.4025442919578855
P043,0-back,0.4782214624253753,0.2171072873413078,1.720941848560727,0.1529288632610119,0.5872363398548109
P043,1-back,0.4719106838202625,0.2098168549647787,1.7209291941289324,0.1548483828155602,1.434564058811772
P043,2-back,0.5831230187278889,0.1819829433378897,1.9858772207028432,0.143399428094312,0.5984032255703536
P043,3-back,0.5696088035295206,0.1923477634140044,1.931193592672912,0.1454023304744747,0.3164334123764241
P044,0-back,0.4608948749636019,0.2021146972895893,1.8399980848772144,0.1577693203187933,0.225278020113224
P044,1-back,0.5235893511399647,0.2221485045188627,1.6692728196576647,0.1502768132286207,0.532213352597522
P044,2-back,0.6384793155116056,0.1687483760749843,2.0033655717290357,0.1224159165315649,1.0477410054634837
P044,3-back,0.5174009472089518,0.1990853729566301,1.652484156813825,0.1514860597220953,0.5393920672524041
P045,0-back,0.542786829859334,0.1995268410115288,1.8784029529502737,0.1455603474330268,0.533809631630066
P045,1-back,0.4465253389234214,0.2184374025713971,1.899287818558917,0.1687800981165174,0.0602248009294567
P045,2-back,0.4418702947435534,0.1947226569545183,2.0359280011174565,0.1659351796349335,2.538018326882931
P045,3-back,0.4787564770390141,0.2029537954476555,2.073808692340673,0.1755865622579656,0.028376919367379
P046,0-back,0.4686831947050661,0.1821606365847049,1.9999237451831384,0.143904117543776,1.121402968151604
P046,1-back,0.5578714792806202,0.2023739892125173,1.972834472876356,0.1415867109064655,0.5856400747738745
P046,2-back,0.4982456632478054,0.2004121186708172,1.7731686521869352,0.1529144486529534,0.7508238058702484
P046,3-back,0.3950957041350161,0.2295477473830226,1.6015116393096422,0.1611157205837486,1.1689586278917323
P047,0-back,0.5024886646792157,0.2183735056496165,2.2421712650199352,0.154398552387197,1.4071074490038713
P047,1-back,0.5138864976057398,0.1994628156014238,1.657176962626959,0.1570267860789542,1.4750131616957889
P047,2-back,0.6086977577248851,0.1459150808590423,2.0821405131662387,0.1177063752493041,0.6259218589292986
P047,3-back,0.5278519820665681,0.1748372633239391,2.07833263803075,0.1466055544826524,1.24979861404701
P048,0-back,0.4966499385736541,0.1926371856331695,2.1831529001669736,0.1417593798105406,0.7337399558627447
P048,1-back,0.5254241116604594,0.2128480504885824,1.9594712481942536,0.1504084873107297,0.4672470620037869
P048,2-back,0.5629680902873868,0.2118934230907435,1.886072693504625,0.1400916866411662,0.5338806498284544
P048,3-back,0.4633783062747727,0.1948404476269736,2.1551158972564783,0.1481332429540042,0.6850632339563765
P049,0-back,0.5105197611868316,0.1930041897794262,1.8803495143177835,0.1474192810880456,-0.7368919492529048
P049,1-back,0.5997260015486909,0.1701024449984214,2.2348614084717564,0.1378486575466414,1.4319828878252197
P049,2-back,0.4264669503639478,0.244921432997143,1.9614024416014617,0.1761010176671834,0.3440262969890996
P049,3-back,0.4447739475000355,0.2019479562392383,1.9082569233698832,0.1567821797312448,0.3668874086589005
P050,0-back,0.4124918103474752,0.2265843873237941,1.990620156608756,0.1658814909209765,0.907068288775912
P050,1-back,0.5189771323486865,0.2120563350275495,1.907378404351589,0.1582733012024803,0.9527913847073431
P050,2-back,0.4850833158458428,0.2193428957530266,1.8614831244355023,0.1533721801619659,-0.0253327503704368
P050,3-back,0.5572575328954609,0.180837227899029,2.1626939457943357,0.1400381650399269,0.78079479147745
P051,0-back,0.5125539647276103,0.2036823522766472,1.7337240264842126,0.1452108468614115,0.8926021713759466
P051,1-back,0.4484520587637413,0.213627233438748,1.7634844527782847,0.1631832245968348,0.7480305168963116
P051,2-back,0.6841477650939396,0.1646313190570975,1.7741909663365063,0.1146787046957567,0.25984619248485
P051,3-back,0.5010713610749494,0.1807703831635679,2.081922088716995,0.1438788230204831,0.4260453706558216
P052,0-back,0.5203684450685381,0.2081759141236931,1.794795513943355,0.162303886094157,0.1210111430631473
P052,1-back,0.5461510076687871,0.2122181177902444,2.3270772909814124,0.1486379263062599,1.6382790260694906
P052,2-back,0.5202001521141452,0.2078054037910706,2.063593674595206,0.1497557009739164,0.7744277753853697
P052,3-back,0.4183128195593308,0.2186249886765922,1.6835458650922506,0.1658344830353965,1.5029763550307198
P053,0-back,0.4953580755605836,0.2073964635918795,1.6578181186721812,0.1479766593486099,0.7285501155709565
P053,1-back,0.508601559671656,0.2305537163656939,1.803432194922952,0.1609426256454473,0.5630159830039975
P053,2-back,0.4837338412606788,0.183264571389301,1.8018941188119928,0.1395421930537142,0.6546032307244493
P053,3-back,0.6603796408018533,0.158577488156263,2.344363480432732,0.1335261868165815,0.4719409879815304
P054,0-back,0.5038764878526952,0.2098158741571737,1.959755916662656,0.142361939135099,0.0888208218396923
P054,1-back,0.539546222138196,0.2110781614234277,1.6959476457751053,0.1495816602166893,0.5929491281560733
P054,2-back,0.453470591845841,0.2286164583861571,2.0140028440212823,0.1614868036164475,0.8871329844612744
P054,3-back,0.5329451209069364,0.1864148558971767,2.1178646791828237,0.1404533301801301,0.7029719924970214
P055,0-back,0.4071002187707165,0.208165808133024,1.735415230460404,0.1529751075747873,-0.0280003070485262
P055,1-back,0.5717968490878801,0.2232526770795275,2.2003504198296464,0.1427817290650314,0.6491575993216693
P055,2-back,0.4988092418957174,0.1917492868197217,1.8053924642442425,0.1557177285721145,1.9736405418119412
P055,3-back,0.462652023476709,0.2330415911194238,1.8622631837454404,0.1617428180295307,0.2827871224826418
P056,0-back,0.4832414952703324,0.1945373909610433,1.834821759560158,0.1633991162865979,0.9469640240611747
P056,1-back,0.4729498015595512,0.1987629200006928,1.9375890488667025,0.1547353952808845,0.101026489236816
P056,2-back,0.4626491900908927,0.2167954296107811,1.805908824951488,0.1589418840256918,-0.0449724322052085
P056,3-back,0.5358861267130561,0.1996891365188895,1.9572839906777904,0.1602691106849906,1.6286152678363337
P057,0-back,0.526783540910199,0.2591331022675482,1.8109641218182368,0.1674276655075255,1.1169016484840957
P057,1-back,0.5459218592775825,0.1843491120696237,1.7266650635360674,0.1379459496648518,0.6056824030650175
P057,2-back,0.5478633775862559,0.194704683613307,1.6856618771937388,0.1380561907361562,0.7141524149105941
P057,3-back,0.5385933152532282,0.2061971408951701,1.8456203791786836,0.1528094683668523,0.5305456249615392
P058,0-back,0.5261213541284827,0.1858858510764687,1.902702303874282,0.142702560113392,0.6902913295549592
P058,1-back,0.5321569157228334,0.2035081770268859,1.940755574271279,0.1467201023495167,-0.0857301137042233
P058,2-back,0.4222342930220933,0.2062672616299248,1.8135120502238224,0.1627274874634035,0.3844855469078322
P058,3-back,0.5155145865500218,0.1942344211703576,2.328148552656583,0.1476037884941574,1.095253870868464
P059,0-back,0.5167509752408065,0.2308045087394094,2.1053694699014245,0.1501125197826908,0.6042888325423234
P059,1-back,0.5241038249488669,0.2017298584232125,1.6086237462902933,0.1483947253295412,0.8986043033037922
P059,2-back,0.5098131794156465,0.1971853369116327,1.975027842668214,0.1508867565445367,0.0550805646384956
P059,3-back,0.5391530269307813,0.184708194238706,2.220215038837268,0.143704459974303,1.15467305527587
P060,0-back,0.44655955320516,0.2195059364665554,1.8529340132724803,0.1552447627053125,0.6245615454016848
P060,1-back,0.4926968707916875,0.2094653393791303,2.1094114158104174,0.1610184544681056,1.1691233711690328
P060,2-back,0.518128354469503,0.1929237789016239,1.8592005500739777,0.1325674367570176,0.7691398558311694
P060,3-back,0.4704739797641014,0.2051650871266744,1.93837647481466,0.1589574219023285,0.3148805156521135
P061,0-back,0.4997525177442709,0.1946974892734852,2.201349909449801,0.1520848228277686,1.2592035977498546
P061,1-back,0.5132768163310742,0.2170793123274208,1.9107772751785432,0.1544411082024349,0.9345582503961812
P061,2-back,0.5218116897378487,0.2188229051189842,1.6593026226468035,0.1522670142037731,0.4574934591477399
P061,3-back,0.5652210139007448,0.1861465006784222,2.1937496963688727,0.1354369946883959,0.7252614342906804
P062,0-back,0.6410214179375455,0.1587811275330065,1.890810877196872,0.1124859308786767,0.5291726838895542
P062,1-back,0.4697171108691113,0.205736290718882,1.795294766496533,0.1610904324400126,0.3992759084973473
P062,2-back,0.540875159359991,0.1701969705571862,2.253542791202668,0.1458443963911995,0.9801029083455955
P062,3-back,0.5410314996988105,0.1951532660647068,2.1608384365735387,0.1414231706682525,0.8598504197160957
P063,0-back,0.4890161876340476,0.2084783448523804,2.297328221591413,0.1572334973791664,1.3552167033330125
P063,1-back,0.5695441733585922,0.2133564300193567,1.9121294407655605,0.1476525370189062,0.5129388940688432
P063,2-back,0.5432899037424984,0.1906985829304471,1.871102144741778,0.1455830784697239,0.9546848379706502
P063,3-back,0.4863537008655032,0.2064644831258145,1.6936864811108467,0.1537339085454332,1.4080580361970552
P064,0-back,0.3912356074227559,0.2203953423100936,1.7482408847935371,0.1783350050406796,1.5263133542028795
P064,1-back,0.496516130512709,0.1873630647037179,2.053666376801484,0.1471249818127717,0.7902713597180271
P064,2-back,0.4746527717866116,0.2246206853542779,1.7741564690568448,0.1542815316033316,1.0751971072809543
P064,3-back,0.4879701551595,0.196371241704875,1.8677031210220243,0.1555752920895059,1.2398802840250491
P065,0-back,0.599096107638589,0.1569345981147604,1.7918370056739368,0.1275364077692779,-0.1391403544491155
P065,1-back,0.5512895099094448,0.1788351401507686,1.9213031613335412,0.1518296184669127,0.860148520065253
P065,2-back,0.4025092430521729,0.2166251078717275,1.8952621711454365,0.1598039958122406,0.8513096880881712
P065,3-back,0.4559359795754156,0.2203352890077571,1.700288097373836,0.1690683415565514,0.537766042261995
P066,0-back,0.5023683951102476,0.1951500679261019,1.8711546346639256,0.1513333027481052,0.5129802542781299
P066,1-back,0.493373294881158,0.1800811646909108,1.8493381653401864,0.1451615678627342,0.7902214362287063
P066,2-back,0.5252190696020355,0.1931381981389005,1.8023305632973947,0.1496192542689857,0.0370513876597966
P066,3-back,0.4885522417206661,0.2014973206923388,1.879501289842408,0.1611014505985851,0.9798082998394576
P067,0-back,0.5113767131181273,0.1872294045501334,2.0832920608664653,0.1458505176791039,0.7070878476018296
P067,1-back,0.5009967532271702,0.2102803891688439,1.8523738728772776,0.1529137062735978,0.4721040134798454
P067,2-back,0.4794073220689893,0.1888896256060787,1.895277027034332,0.14969716065633,0.3848124825165671
P067,3-back,0.5620610321167291,0.191099300011839,1.9819794062365024,0.1435819062895098,0.9093431626412538
P068,0-back,0.4002662173453666,0.2009012783331119,1.858453581282596,0.1534698010381793,-0.2794603633416813
P068,1-back,0.5358958893569302,0.21062445800228,1.8009344040746764,0.1526419673268305,0.5391924416635655
P068,2-back,0.5760869518828691,0.1901261553969037,1.8988956295922124,0.1377471483927389,0.5693695688659984
P068,3-back,0.5334870219739817,0.1717544069131685,1.9131548219773569,0.1410884482790231,0.5395733115198267
P069,0-back,0.5646044832394546,0.1897706124417419,1.972672050985422,0.1490116787364373,0.407060882874433
P069,1-back,0.5559773278741171,0.1855149853715407,1.808944856978924,0.153113124006294,-0.0002425025226143
P069,2-back,0.4815491945869596,0.1899173649129141,2.1167123184343044,0.1522577921838593,1.183476779652602
P069,3-back,0.4634415912371035,0.1882415376176774,2.1321157103477457,0.1669133098557694,0.2492408408371058
P070,0-back,0.4436943882135598,0.208994034185535,2.0706647937263227,0.1639036144169374,0.5439025525982792
P070,1-back,0.5834590740891916,0.2072535638398322,2.238270382922101,0.1516129789078106,0.8077026336115519
P070,2-back,0.2914511536320524,0.240545777779232,1.9292906930458045,0.1924313284344281,1.2652781250489298
P070,3-back,0.5758558714444993,0.1542823300971239,1.9022489279527657,0.1392591292413991,0.9295959588078822
P071,0-back,0.47415264753527,0.2157549215181939,2.224175870231889,0.156420222130647,1.6543203584354946
P071,1-back,0.4549376819846139,0.2188161709802353,1.8173960680462835,0.1670958370006316,1.1636944805837184
P071,2-back,0.4475168112448091,0.2240013028537773,2.0580722662428843,0.162544072851003,0.972316314302236
P071,3-back,0.5409500705789595,0.2170865313137821,2.0183197599371465,0.1541097224423742,0.3606125269438746
P072,0-back,0.5474598501276837,0.1856738963392036,1.7369168163290716,0.1438709271718583,0.8165513377543346
P072,1-back,0.4758598095342513,0.2320970606529857,2.2490256554331083,0.1690295449457348,0.8073508928895022
P072,2-back,0.5215437514825205,0.1835573189859791,2.069318736408742,0.1576545221011261,-0.0663789548410622
P072,3-back,0.5808908085916756,0.2010384516638235,1.6762282394968782,0.1398647207304816,1.0405680603694465
P073,0-back,0.5464793612736113,0.1976429588042372,1.728224252534535,0.1345805025742902,0.9307230387951236
P073,1-back,0.4604094359342967,0.2125234194193157,1.851827927929404,0.1591381236220502,1.3483723024080785
P073,2-back,0.522577175865637,0.2134894611197224,1.977365351542598,0.1587425780152019,0.443923547709306
P073,3-back,0.5227886914024306,0.2126178100084788,1.8591849403586236,0.1506229428700286,0.1723968431936974
P074,0-back,0.526064687772915,0.2073081210716353,1.741442584770452,0.151760628505813,0.6815080299580905
P074,1-back,0.4835259189943754,0.2149533280307856,1.941567660384087,0.14454950763832,0.1208060039856801
P074,2-back,0.5529374960378136,0.1683688617131923,1.9310782234260424,0.1375080258647593,1.2733261057152534
P074,3-back,0.4288744326006587,0.2126506401277774,1.8794378352346204,0.1614882186830992,0.8754730076448011
P075,0-back,0.4785296455149484,0.1994480814372746,2.134653953128902,0.1620489173520234,0.6427309961229613
P075,1-back,0.4503645431994525,0.2293743629417779,1.918320013404749,0.1583009471233066,1.1577447828825576
P075,2-back,0.5100176152877004,0.172793839838907,1.7501034563460958,0.1411117423542287,1.0723219822711902
P075,3-back,0.5394474981169151,0.2304961731342382,2.726922817823431,0.1598884787577,1.2113939927368484
P076,0-back,0.5443874165342875,0.1889843852875201,2.030454263523286,0.1383539529414201,0.423790748211202
P076,1-back,0.549898762658357,0.1883173653723428,1.8214059932738933,0.1406671416284695,0.1790474913437302
P076,2-back,0.509711327407582,0.2041536550755495,1.9289068637255105,0.1602038797137515,0.3695534066421702
P076,3-back,0.581586821079865,0.1852926999916491,1.9264636696226531,0.1421719856989172,0.0618983488267397
P077,0-back,0.5087075817112868,0.1879673073235057,1.7429382061328251,0.1513555245191086,0.648848668320089
P077,1-back,0.4587047725945617,0.2112279491803461,2.021513166219633,0.1643005999393768,1.0758578882753682
P077,2-back,0.4731414440778444,0.1990798482190373,1.9367308412093944,0.159732603012763,0.9934334731899872
P077,3-back,0.4924387868559072,0.2066513336445603,2.083479186344318,0.1529660350307294,0.7448894360572106
P078,0-back,0.4780750891930649,0.2106819299900861,1.851193139190541,0.1522319262416658,0.4337732373157167
P078,1-back,0.5385000639934817,0.2069391340076562,1.6652786719974355,0.1548222892955116,1.194427381396955
P078,2-back,0.4910137179856429,0.204750671597879,1.80809784265537,0.1524399747049399,1.3234501184482732
P078,3-back,0.5036444524894717,0.1809315483815894,2.106755184743472,0.138774317378122,0.440844938150937
P079,0-back,0.4956893106096596,0.2062134142944756,2.0897531083329954,0.1572947794188991,0.9403524807266286
P079,1-back,0.5895212538360977,0.166647390242891,2.5646744132035884,0.1404376455907822,1.2802184764914797
P079,2-back,0.4839345687187453,0.2323000439988087,1.6579714271970518,0.1612422061038649,1.2182915425410374
P079,3-back,0.5747816371947576,0.1516121810045676,1.8586303403655315,0.141182268956379,1.1884108773616795
P080,0-back,0.4008197357766817,0.2412320020183677,2.099867800896537,0.1718566836710487,1.3569272694812538
P080,1-back,0.563358737053772,0.1450358566310158,1.822945042690142,0.1502167402569263,-0.2683957622235015
P080,2-back,0.4854041790255765,0.212741536873851,1.9128835573663072,0.1592418232628817,0.3429940312589546
P080,3-back,0.3971408296192733,0.2129056194223982,1.8601313668002413,0.1590544540075328,0.7667264879293059
P081,0-back,0.4342841942537122,0.2479499202560603,1.6256322958789506,0.1692722597600853,1.357005866144474
P081,1-back,0.4980808866014879,0.186785023184422,1.776324630999963,0.150794399365458,1.4033848974000689
P081,2-back,0.5400992332441831,0.1673012994378962,1.8837753820555725,0.1425450296674822,1.7572020693429136
P081,3-back,0.5395924118373266,0.2165653348887432,2.132424449609694,0.1472159554917949,0.2514783555107134
P082,0-back,0.6931838238274257,0.1286939245483007,1.68194647465673,0.1046682033157047,0.9944037953359616
P082,1-back,0.5009048154377834,0.1991793495167099,1.8278496926479133,0.1532186751993776,1.544339664850375
P082,2-back,0.5492406437859219,0.2102049487590908,2.2174787684678448,0.1467931566617433,0.6845250514379579
P082,3-back,0.4846184847769629,0.2096482880664303,1.8639077092032188,0.1598952151891749,0.9496362989344598
P083,0-back,0.5180759683730237,0.192746500363969,1.9575143276750668,0.1411259920384707,0.5773431718935325
P083,1-back,0.5658504855825874,0.195867168854267,2.1123612629454307,0.143886080266137,0.9667305780790976
P083,2-back,0.4332349825391671,0.2308938708386274,2.011201828939364,0.1697633229935796,0.6733269792384656
P083,3-back,0.4983185465916054,0.2100442048900524,1.9204589866423047,0.1546647896690602,0.8674526308158624
P084,0-back,0.4953625344299205,0.2187889199816721,1.6119242342788966,0.1618733244709589,1.042681045244582
P084,1-back,0.4873766454057786,0.1982909593812421,2.180385477757876,0.154124767315921,0.7677519576891394
P084,2-back,0.5404780905326838,0.2015229896458288,2.022043834527466,0.1516181010375988,1.028122571326565
P084,3-back,0.5263428116427872,0.2087285883147663,2.135302506005846,0.1602633761385084,0.3938969511683634
P085,0-back,0.4961390550028008,0.1926404208430947,1.8154499049252797,0.155117620309494,0.1355001445430757
P085,1-back,0.5608913044591896,0.2082667540900177,2.044668309688584,0.1435629353166072,0.305323120124755
P085,2-back,0.5807145310019103,0.1755008641641618,2.217294501872314,0.1371727997742158,0.7985689443401189
P085,3-back,0.5020473974231363,0.204416010810396,2.293301540356902,0.1530056070436866,0.9999897494159384
P086,0-back,0.5292163362185727,0.1953219832097067,1.966772609693485,0.1395087172365596,0.8511033756823865
P086,1-back,0.5493788907306709,0.180737509155973,1.4570501459237812,0.1482893127209865,1.0762696415465989
P086,2-back,0.5031920010641163,0.1754757488725824,1.7673539194865455,0.1481946482728848,1.0253636819351752
P086,3-back,0.5145582573132758,0.2127095932658111,1.910896947194548,0.1501636029000946,0.3502131191506045
P087,0-back,0.5756200178612282,0.2140275259721702,2.07640664338977,0.1579587017645205,0.5129646902372469
P087,1-back,0.495516352869519,0.2217903116584776,2.207757905769889,0.1611017624332343,0.958195522013548
P087,2-back,0.5113333300999545,0.2250096581248932,1.703896224873708,0.1508581173550738,1.038866609090244
P087,3-back,0.5386879699736655,0.2055442944224572,1.6840622416509854,0.1464643555654978,0.5529894717174187
P088,0-back,0.6500512945058199,0.1257885744774456,1.5952098305996685,0.1135262637372168,0.7515141040814587
P088,1-back,0.3987243453673462,0.2205668422843811,1.658387575520366,0.1679130594779754,-0.4591509749731902
P088,2-back,0.5639381920601191,0.1773914357833127,1.8153879126765715,0.1377968846892902,1.002439121012026
P088,3-back,0.5460784381969715,0.1716886506087652,1.6368710261862816,0.1454085011567493,0.3535290586257502
P089,0-back,0.5516011164363135,0.2133368959399736,1.8998934144583823,0.1562574383922726,1.3924811117880802
P089,1-back,0.5046940340189956,0.206002807218277,1.6572348009146618,0.1498569818712541,0.6539093259752395
P089,2-back,0.5471906952894613,0.2030427986563766,2.1883267623945257,0.1513496356414029,0.4544719764047292
P089,3-back,0.5713314162111489,0.1904034867463188,1.9387437693339356,0.1407204366347886,-0.2232126184948849
P090,0-back,0.6145259518682836,0.1765225468652667,1.8594452608031744,0.1231738983611965,-0.1298102940016473
P090,1-back,0.5475059180010796,0.2042396964416158,1.82302934587265,0.1419074951219058,0.1123871040030531
P090,2-back,0.4256499652411892,0.2446621526364747,1.9038251423438608,0.1626410662040442,0.4916648561255806
P090,3-back,0.4803964461444033,0.195462742458001,1.8906850864215388,0.1530819113544265,-0.079413025776996
P091,0-back,0.4527875521671961,0.2027379299145118,1.9033174570670983,0.1587421193614255,0.0269469674882232
P091,1-back,0.5942701604113224,0.1919341148089683,1.9033886984911288,0.1420400446473984,0.8350904454819995
P091,2-back,0.5085288415009437,0.205686872551819,1.6841015568004811,0.1517621193695277,-0.1092052337454933
P091,3-back,0.5766091712258433,0.1794231447390438,1.3541827224131786,0.1376852730731897,1.233372620414143
P092,0-back,0.4714424044054229,0.2294217038719923,1.614907965686781,0.1700449314327198,1.141012609569266
P092,1-back,0.4848002940275546,0.2019621705021067,2.0188350411335048,0.142611036444197,0.1379154001443117
P092,2-back,0.448999916931352,0.210808222917019,1.863354153597455,0.1598260096026957,-0.1152939372000906
P092,3-back,0.4505728933410418,0.2300061967996597,1.7409435612359507,0.1600369847444316,1.4195945498149756
P093,0-back,0.536022214235081,0.2017768328964296,1.622200538129961,0.1531881860302136,1.2014939532846465
P093,1-back,0.404100254964246,0.2508311608106452,1.986355653801225,0.1754119897445201,1.506901864753786
P093,2-back,0.4270373179156834,0.2117331523517919,2.02104659242292,0.164937508372927,1.1073392840619396
P093,3-back,0.5415986308096774,0.1828634463985309,2.604197080271197,0.1459809778598246,1.028068340766205
P094,0-back,0.5031281163778416,0.1898417722815391,2.052181934930998,0.1489687696696265,-0.2307495244583249
P094,1-back,0.4020867624415939,0.235351934158182,1.7287524493725708,0.1816160979728791,-0.2924301778613688
P094,2-back,0.6011041751948619,0.1814730566572758,2.060183813691655,0.1274868125903433,0.4802612732317286
P094,3-back,0.4182240351915952,0.2235805240131689,1.5894091755679578,0.1717974605004251,1.2570815326764582
P095,0-back,0.5209461337022385,0.1922714867508535,1.902277581325322,0.1456106287401499,0.959989374399018
P095,1-back,0.5794546089860882,0.2202565989205311,2.1259064310819187,0.153161583550016,0.8557978360882853
P095,2-back,0.4804884656906298,0.1881190928789423,1.889406001048624,0.1417915383794213,-0.250399830497777
P095,3-back,0.5244148395005236,0.185726720523723,1.980180983393188,0.132036579295454,0.6756725644004702
P096,0-back,0.452936382725033,0.207968385790944,1.9626752258629372,0.1590293061072433,1.2688838587762683
P096,1-back,0.5285646360212797,0.2105920144448131,1.9548481880165904,0.1523044570562004,0.4475075095894192
P096,2-back,0.4770587526067927,0.204298518821884,2.0195061171841147,0.1603238334624653,0.882566325971244
P096,3-back,0.5095231542042659,0.2198171481796433,2.304026477532342,0.1571384644676843,1.3274820752081118
P097,0-back,0.5298572547854343,0.2059302224165082,1.816154421175795,0.1539531523166366,1.1983374885840945
P097,1-back,0.5134103510802881,0.2188245486188791,1.6694072823374595,0.1640485276400692,0.7107498581430505
P097,2-back,0.486652228824917,0.2022233721197436,1.850808278754256,0.16314618596432,-0.591962745399498
P097,3-back,0.4227779624040353,0.2307832371856769,1.8742759791737855,0.1640158864127589,0.8858913476114987
P098,0-back,0.4301872625968405,0.1919538676286781,1.8765276340410653,0.1597778564521933,0.27040400355949
P098,1-back,0.5220485781290328,0.1990601859408991,1.7632275784561058,0.1473125870680851,0.8354298417622079
P098,2-back,0.4926184279511124,0.2191135872070641,1.8310687451415133,0.1535249421200878,0.2568647339856959
P098,3-back,0.5204230015598139,0.2168438232601973,1.9856719461845536,0.1587666293667243,1.3536240945051257
P099,0-back,0.426666244282523,0.1914384429574258,1.8227308430187976,0.1545798308718639,1.52355294622171
P099,1-back,0.4701778115650173,0.1714298434789483,2.0979154253153465,0.1571284683608345,1.0267105627251791
P099,2-back,0.5118750922715052,0.2181479143391356,1.975718050156123,0.1666037217279198,1.5328594285461583
P099,3-back,0.4845986929597353,0.2382348729544098,1.6371113914160922,0.1559892036880446,1.1938019832278894
P100,0-back,0.5067877223019431,0.1803049174891746,2.0209563816179834,0.151575048568221,0.8071106922320198
P100,1-back,0.5222171567137425,0.1865202351622624,1.8923118099291252,0.1369574278623778,1.438727582390423
P100,2-back,0.602241788622684,0.2261199340469852,1.9615967138807135,0.1484241989636872,0.8545813271167623
P100,3-back,0.4683237055709052,0.2001760665852776,1.657932246234514,0.1594420290102788,1.6805674594474194
P101,0-back,0.5480584484958504,0.2039957243035032,2.038069057398748,0.1568680702053975,0.7107891267484772
P101,1-back,0.3943077793385183,0.2077903499343383,1.8381040058498592,0.1666590724789526,0.0058662840582965
P101,2-back,0.4729296343606824,0.191576347733114,1.8245537323056893,0.1540484659491955,0.1250431750344452
P101,3-back,0.5894746137341504,0.2053056900709566,1.8479047631136023,0.1476028446413575,0.9059968714064098
P102,0-back,0.5028253657605668,0.1942285144486711,1.898249400571597,0.1500404421873042,0.5632715641456464
P102,1-back,0.5505969621015366,0.2061306684614474,1.8079746027731851,0.1446777455540214,1.331269496814857
P102,2-back,0.4781835395201737,0.194729882246473,1.896464374447738,0.1523701876024184,0.2039096828107432
P102,3-back,0.4790999468443538,0.1973014154626403,1.7257944290308191,0.1579373793795678,1.3939212445988045
P103,0-back,0.5142857154986469,0.1887485567678814,2.133969614733723,0.1566722955538405,0.0824235982382233
P103,1-back,0.5481935692214128,0.2096062309259227,2.081309767193257,0.1465555555486354,0.1844602001314217
P103,2-back,0.5309441002329097,0.1857273999631473,2.393977545137673,0.1487084879230381,0.6112781497519054
P103,3-back,0.4774113497380633,0.2068508834532776,1.7584546936988408,0.1487827807685184,0.0787059753173628
P104,0-back,0.54638612713474,0.1973332077541041,1.521848952732549,0.1537052480472391,1.7414350066962423
P104,1-back,0.5575778035196567,0.2060550993287389,1.5317769608577647,0.1379606933463089,0.813453204276437
P104,2-back,0.5132507231010581,0.1988267322294219,2.0358100075962597,0.1535925039938962,0.6608537351387527
P104,3-back,0.3854898542655749,0.2123038981775572,1.9585253528832356,0.1724984178229406,2.333487936634296
P105,0-back,0.4889016651155281,0.2083555600971506,1.8350524450069392,0.1689695039746177,-0.3912538031708003
P105,1-back,0.5031970177089193,0.1507872533690988,1.93762697592582,0.1417824343414781,0.7017918820199589
P105,2-back,0.5227355161586689,0.2366442844042655,1.9366938279933128,0.1556692471561,0.5182654707228794
P105,3-back,0.4382952183688838,0.197769692106266,1.874131241642774,0.1515122003291459,0.319405983347985
P106,0-back,0.4839109154972636,0.2136348003893409,1.8342677720820464,0.1526465775821307,0.8656591114635779
P106,1-back,0.5678614967432932,0.2164503504706559,1.795113072597745,0.1454596840840203,0.6083709130790157
P106,2-back,0.4753363365275278,0.2139009967779424,2.085082117021197,0.1630698837844993,0.7768779617059965
P106,3-back,0.4886510880507155,0.2188452872949081,1.66927042399919,0.1565333020025078,1.0829159616448192
P107,0-back,0.5017951914515176,0.2131602890154961,1.9882849215761145,0.1596792283031805,1.2092568183352077
P107,1-back,0.536745390709007,0.2087515785152101,1.9368819316930308,0.1403823628244937,-0.1200517040311899
P107,2-back,0.5301920327257972,0.2008198374759792,2.080673873061656,0.1485003709769095,0.4253957180930857
P107,3-back,0.4429313936997782,0.1946057893741974,1.8955624500024637,0.1584059029771232,0.5442987575166276
P108,0-back,0.5189271927747993,0.2235289934704684,1.9088175299310828,0.1527090473231405,0.975177082693324
P108,1-back,0.5615456397855478,0.1865022416097083,1.7525723647404825,0.1369127439978618,0.4169282581705721
P108,2-back,0.4863430727888443,0.2038901064342595,1.8178611793446715,0.1540898241693729,0.4599378457136449
P108,3-back,0.4486726836038751,0.2018100914918991,1.851286527174308,0.1611931367849756,0.6262820223435124
P109,0-back,0.4342256043261931,0.1736753180658298,1.7986830929135131,0.1553291273864651,0.6755733583932395
P109,1-back,0.4858249361652073,0.2086061513743157,1.8882166056791063,0.155122762435001,0.998964563365739
P109,2-back,0.5743486598410009,0.2047473131220824,2.0344884393499267,0.1445354332003743,-0.2616412032203186
P109,3-back,0.5466005797071821,0.1800577193881946,1.6768708447842051,0.1369096538898417,0.6064891576047926
P110,0-back,0.5274335195929805,0.19022269964143,1.6857507543085637,0.1410874993459292,0.8547049587071305
P110,1-back,0.4934202491488006,0.2009731136348962,1.8939282357524927,0.1580350028808936,0.7674352178532767
P110,2-back,0.4840190885411917,0.1977422447790777,1.6787659290646282,0.1442227097383039,1.0482708668097205
P110,3-back,0.5167638853722157,0.1710816007280921,1.9783181829492165,0.1425294077003289,1.3700173352914091
P111,0-back,0.5078524755474205,0.1982961550093284,1.700884825759296,0.1537953055029247,1.2860522675498165
P111,1-back,0.566169897433594,0.1830521403644384,2.009830412829107,0.1457537140514664,0.1600700284699696
P111,2-back,0.6218775407719084,0.1753590080046458,1.775821100804139,0.130369864480818,-0.0444781166086816
P111,3-back,0.5008506229906194,0.2020043182595859,1.960250328207909,0.1489672080195394,0.4920211397642635
P112,0-back,0.5168488906295897,0.1916481869466681,1.8336752995901435,0.1525275285884498,-0.1181812262137113
P112,1-back,0.5258301184672737,0.1799972110343203,1.8003923943317053,0.1418228169565366,0.7641492563551746
P112,2-back,0.4923161644155053,0.1950146937099113,1.9180181018435785,0.1500280057922139,0.5065654147036323
P112,3-back,0.5873426824895995,0.1878310225427836,1.925298416559551,0.1438171660804921,0.8349366347092098
P113,0-back,0.5952924810111779,0.1946117286617243,1.862663449739365,0.1401243011496275,0.8510887692156173
P113,1-back,0.3692630835161256,0.2167701716001207,1.9222267871475176,0.1616993478290467,1.3715585997650446
P113,2-back,0.5007741575601842,0.19599009142591,1.8616259447165888,0.1536943606372909,0.8122126216190734
P113,3-back,0.5522623301841877,0.1866183061000587,1.808515382600721,0.1353607745129267,0.3476396612211298
P114,0-back,0.4941705814326586,0.2027597514183111,1.9593735794387912,0.1560689925396166,0.9063163483824924
P114,1-back,0.5128638076410461,0.2153610707923694,1.8794225602204424,0.1636691813476498,0.0996661402307363
P114,2-back,0.3921420532928216,0.2115728275870994,1.7887631360875984,0.1737988700411004,0.6637334545959244
P114,3-back,0.4409732273375013,0.2208630142418828,1.6093379858262034,0.1554458663032643,1.4753505680625467
P115,0-back,0.4697810434992671,0.2049359370469955,1.8972547487090623,0.1581772480807598,0.7937457298371299
P115,1-back,0.4283236548097556,0.2088703211299932,2.05433062977434,0.1598678759851381,0.2603554342742148
P115,2-back,0.5134289329031926,0.2220791413021191,1.923604669143044,0.1523087420271298,-0.0552323080372459
P115,3-back,0.5116491346303953,0.2035515925130331,1.8896219092210729,0.1564945653871107,0.8273270259650514
P116,0-back,0.5310720203504405,0.1753701924804136,2.296991658456137,0.1389071459474576,1.3710923408013382
P116,1-back,0.546199258744718,0.1865458076085,2.0678736583097987,0.1470519895158425,1.351393671415918
P116,2-back,0.511888345486976,0.2029374091948717,2.1424753415657745,0.1564916686114734,-0.6102841760743827
P116,3-back,0.4785383651480885,0.2066188942222801,2.058104844775616,0.1575183739731368,-0.0102525521551834
P117,0-back,0.4881459065359302,0.1752384728403373,1.8666131393094647,0.1557243644059046,0.099313723430929
P117,1-back,0.5005279795802279,0.1969541254306459,2.011435070008371,0.1435476197212408,0.6382603553125152
P117,2-back,0.4875656097304233,0.2268754571272794,1.97099980767368,0.1573014502994151,-0.5948813878507228
P117,3-back,0.6057158881622033,0.1702761464621017,1.7333829995504997,0.1308749749672726,1.1121073042462448
P118,0-back,0.4735731823394052,0.203525465150063,1.9341964985544944,0.1531992674823099,0.2567137530388145
P118,1-back,0.5623977329763091,0.1939000662651904,1.623918607918473,0.1452695100705469,0.3329201775320795
P118,2-back,0.5260232381328063,0.2085574553282669,2.324986646901683,0.1553424824728645,0.3278514435932396
P118,3-back,0.3596981610981222,0.2105351998341364,1.874643217467593,0.1727973453236588,0.8527237175152168
P119,0-back,0.6086113075882897,0.1613226079599977,2.0794622285371664,0.1289545803253313,0.9938023641792748
P119,1-back,0.5115914674031083,0.2007712698331825,1.7781944281729576,0.152552532665094,1.162184272000131
P119,2-back,0.5075663485019226,0.1964158424005382,1.7843183967845553,0.1476144257209053,0.939115323065938
P119,3-back,0.6300204169064458,0.1517882575320149,1.8110889978318752,0.1210041474653258,0.3662721126565639
P120,0-back,0.4664851509381944,0.2039251104194306,1.8765465433379431,0.154173744645347,0.7105900687902684
P120,1-back,0.6448972066016445,0.1625491428302353,2.719237467996758,0.1267594956989913,1.5365298929371665
P120,2-back,0.5185786151898022,0.1579244090962584,1.9300213297759192,0.1499658281596518,0.4805576892227598
P120,3-back,0.4897981016493625,0.214507403925648,1.8450470854535423,0.143205484454684,0.2582994152334211
P121,0-back,0.3978087019771137,0.2474680641679068,1.867032562134232,0.165121845347455,1.6061717203337678
P121,1-back,0.5304592164228045,0.205442868360227,2.1549350083515115,0.1427547006659476,0.5368792384186484
P121,2-back,0.5387836806794073,0.1857171256754312,1.8815222628000208,0.1421933996267768,0.4419661906684468
P121,3-back,0.5342937028782738,0.2166430946031556,1.6146870724851266,0.1596418648961857,1.646083311491623
P122,0-back,0.5789928742127579,0.1464812527701287,1.9113645428720203,0.1430164941545963,0.3213702251131338
P122,1-back,0.5291012504174887,0.1882265932040699,1.7772918723982352,0.1540378131877102,-0.109980219457612
P122,2-back,0.5167148708888242,0.1941348726561164,2.1412022041487697,0.1587652540104458,0.5337415009301112
P122,3-back,0.5497299364446263,0.1713014284419213,1.9307193338703268,0.1423848213853119,0.7141772282387815
P123,0-back,0.5904293468071683,0.1976980343504014,2.0208069857887816,0.138738454195099,0.3504312928403776
P123,1-back,0.5654863872998867,0.1804105111679028,1.847333631123819,0.1335710315456503,-0.2126194046118436
P123,2-back,0.4347271356727557,0.2442067154775411,1.9139403676832356,0.1596112488080394,0.7813309699078809
P123,3-back,0.5372642854280502,0.1910024690273083,2.203332823973485,0.1465825060613028,0.2887360207080161
P124,0-back,0.5411162001913323,0.2097611380993058,1.7772574811982451,0.1551797872183848,0.8775079257724038
P124,1-back,0.472627956819098,0.2150876679448373,1.7989282284811037,0.1637686655606385,0.9709195907015332
P124,2-back,0.4143441115862841,0.2255758210310603,1.8695601602468896,0.1683651437950281,1.4361111123472274
P124,3-back,0.4776766420265889,0.2091539646467407,1.8237180999415856,0.1611206593816306,1.3717909263142736
P125,0-back,0.4733525250252228,0.2160170374431153,1.8981815818915613,0.156072697097757,0.6687581004534372
P125,1-back,0.5850591159698326,0.2006279486146031,2.1773529264834006,0.1482810721163332,0.3597891429091027
P125,2-back,0.465469084390075,0.2106598284042328,1.920911702058408,0.1500340172844597,0.7169804712606003
P125,3-back,0.4853091251024811,0.2157604297460241,1.8309574068686432,0.1583909766012801,0.4928326976095846
P126,0-back,0.5985128807130691,0.1703524944370294,1.7684979786314183,0.139409169797402,0.6501738169089044
P126,1-back,0.4845898428226989,0.2277936636539125,1.8188984483920072,0.1577294653423807,0.2729084621073165
P126,2-back,0.4983033481631285,0.2162353141258952,1.6433110279215943,0.1572971145119097,1.136407301624913
P126,3-back,0.5993703724447512,0.1779163260563884,1.9999471277908416,0.1409737078361227,0.0630502494741407
P127,0-back,0.494091691923712,0.1946796600840346,1.7380586202455457,0.1569093372336772,1.2033946396454265
P127,1-back,0.5434630229963829,0.2159016157917315,1.9684716329059573,0.1521699760565459,1.1894265382872964
P127,2-back,0.4434196376823824,0.2366410735164654,1.5982047860400566,0.1614866604819481,1.1925273846891704
P127,3-back,0.529116219124659,0.1757918302385901,1.601696202611056,0.1413996302349512,-0.3248961372940527
P128,0-back,0.5414612077151223,0.1611919507013402,1.848663630509172,0.1440847081386554,0.2753525745695138
P128,1-back,0.4579525982965176,0.218719785505198,2.0039905584596904,0.1625572128180493,1.2694696362955384
P128,2-back,0.5329919314559126,0.1949757524529675,2.0169992981684577,0.1463463822182554,1.4561405161966414
P128,3-back,0.5331902869504626,0.1877625950982536,2.365981675204849,0.1502617015113027,0.3597756638648657
P129,0-back,0.5072018160697165,0.1922051820705723,1.9313759113457591,0.1544534417874813,0.454394822459562
P129,1-back,0.5044962098918924,0.2285971232140406,1.6644529244355426,0.1547403801821704,1.5890145718041913
P129,2-back,0.4849811621702268,0.2021145525868407,1.7932148664043497,0.1533464405332917,0.7162389089285303
P129,3-back,0.5144626873552556,0.2109265013470217,1.7801712894875932,0.1523496292334148,1.0276027002710386
P130,0-back,0.5625532500420495,0.1956264676140845,1.9825073251331276,0.1359347012433953,0.3819995376157364
P130,1-back,0.5250813419684683,0.1762712264976847,1.934218229957314,0.1366605158891833,0.4602014697987554
P130,2-back,0.4898685133307741,0.1981767877563468,1.6791653964591506,0.1575486431410056,1.1201360259472546
P130,3-back,0.5413086205967036,0.200377703828427,1.8921893694609973,0.1440092594192257,1.0111507189687712
P131,0-back,0.5632672855229884,0.1866362562584763,1.8043574436984,0.144133030577932,0.4856610855509834
P131,1-back,0.5353211632194045,0.1845360895789563,2.117572185586835,0.1442308366485954,0.9071049534919744
P131,2-back,0.57120748194951,0.1580478107553217,1.7074189487101632,0.1278127938194074,0.5384990693620321
P131,3-back,0.4551532024215654,0.2264431966438413,1.939552839814004,0.1620151424459032,0.6636072174034269
P132,0-back,0.4476514623497508,0.2038151339994285,1.848411263161961,0.158591215131651,0.6592508632941431
P132,1-back,0.4229136907617035,0.2261129824021841,1.880655818665368,0.1683100599143255,0.633423569023849
P132,2-back,0.5184350994187784,0.2199164574434539,1.9974349352099052,0.1532665909281514,0.5699476872481116
P132,3-back,0.4662742561105374,0.2153987820793535,1.9472379055510196,0.1763208049912201,0.5892952059084743
P133,0-back,0.4866030304774096,0.2052513184297775,2.1288449987715783,0.1477189118315492,1.3676867936223691
P133,1-back,0.5652991052293099,0.2136649154171006,1.7482286114274797,0.1468230335954989,0.7964573289013374
P133,2-back,0.6490255274203788,0.1712657226248693,1.9277562190018545,0.1263468959918058,0.465918441959758
P133,3-back,0.5171543205203427,0.1764652367353205,1.997895108446752,0.1476520433925783,0.4019215279299761
P134,0-back,0.4783908247108547,0.2002400722217377,1.691240670206424,0.1681647958043365,0.8990360124419816
P134,1-back,0.4453272456269633,0.2275981178344769,1.841346063129192,0.1628330831529599,-0.1423570527253173
P134,2-back,0.5780544997058708,0.2044482842826128,1.7443284455874597,0.1442656232032425,1.214907426459069
P134,3-back,0.5605940303646957,0.1852410912079712,2.093825430060993,0.1396988311464134,0.5312746842999271
P135,0-back,0.4776811043215179,0.1945108407624138,2.0004136425486934,0.1571811865847333,0.920890596991402
P135,1-back,0.5341418534033321,0.1927318916214687,1.9873684100319613,0.1563479559700305,1.3437240570152638
P135,2-back,0.4719743338140328,0.1803813063255723,1.7981748292735311,0.1459928126769058,0.2971608152343974
P135,3-back,0.4735725631225964,0.1985857273142234,2.061894198462193,0.1587851643630088,0.4568157308495524
P136,0-back,0.4505806086416855,0.2373973346105347,2.036320561501516,0.1586682883112459,1.0051000344745211
P136,1-back,0.5980927762939018,0.2138050192724454,1.9470625046277723,0.146368629303899,1.2184090867939863
P136,2-back,0.5119722996448559,0.205703813780051,2.099798983058628,0.1516210876422956,0.2340265643165811
P136,3-back,0.4419696614049321,0.2090966165513122,1.8528798978742331,0.1590383299826815,0.3134722215719832
P137,0-back,0.5385279688458315,0.2040105295323908,2.179498482978962,0.1488905362538628,-0.112426026919087
P137,1-back,0.5084115770453542,0.197680349431325,1.985669991001999,0.1485225966484218,0.8640613992181307
P137,2-back,0.3866164291421777,0.2116699745493347,1.870154254528245,0.1797433452715349,1.9170155151492096
P137,3-back,0.5566288589029648,0.1621212793651982,1.6496098097637415,0.1312663085356527,1.1559875458388478
P138,0-back,0.5429654180961884,0.2203430164769772,1.6870476566861916,0.1503515426652455,0.5893851474871268
P138,1-back,0.513689640888426,0.2090415279709717,1.9900628154856517,0.1524339192603392,0.406318789343798
P138,2-back,0.5275161900539405,0.2158537764480937,2.055110755280125,0.1503554290504338,0.5637790259877721
P138,3-back,0.461966263292953,0.208565182520505,1.8200055851568808,0.1517635625114489,0.748062121945467
P139,0-back,0.4816975043411496,0.2186913643242749,1.833453522666128,0.1607561004151999,0.4106534873370673
P139,1-back,0.3649965545392084,0.2139767278467545,1.8173085095225825,0.1704081340474667,0.8609750649143034
P139,2-back,0.6052079335808903,0.1706292071262913,1.8710618903592529,0.1338858164148305,0.4400145688260838
P139,3-back,0.5932650444514813,0.196511787247292,2.0642130498352103,0.1509272660437857,0.2055301207110234
P140,0-back,0.6008144824027933,0.1586273715855327,2.0409260926415684,0.1374868656129132,0.7814597503396532
P140,1-back,0.5309038557559429,0.2124510239171267,1.8417710956018136,0.1545891956661553,0.6787812576199146
P140,2-back,0.5865739792383606,0.1934064168409364,2.565682247249475,0.1403669666756222,-0.5151021251000684
P140,3-back,0.4550631951413387,0.2331646368519338,2.008038872168012,0.1588161681555215,0.1584922600557442
P141,0-back,0.491365703200172,0.2152839876831803,1.882710716674968,0.163535429578383,0.2368537032518717
P141,1-back,0.5419075007430506,0.1777837001055099,2.006889850356019,0.142827648136889,1.1082141647067116
P141,2-back,0.4726072839838202,0.223994763705987,1.6798278225756058,0.158347826150736,0.8778128009684864
P141,3-back,0.4983733635276424,0.2102603985886038,1.956079446473419,0.1539263908987076,1.3913469512943148
P142,0-back,0.5135456017289229,0.1924572825244151,1.808194513874666,0.1443820218186368,0.573116803052679
P142,1-back,0.5274710798294282,0.2018249492038132,2.0310471870132067,0.149669366001202,1.4871142716442074
P142,2-back,0.5550147103400507,0.1930205424220985,1.9834332068998008,0.1417440204338856,0.4887174171505736
P142,3-back,0.5228393442157114,0.2258236550795014,2.472898247669784,0.1525686344740401,1.267595180981285
P143,0-back,0.544724409216403,0.2078042584676244,2.110134727801622,0.1499210733776814,0.4408120520497022
P143,1-back,0.5110990131672722,0.1887506424679163,1.911845024755957,0.1430872274899923,0.6703593126533121
P143,2-back,0.5900605951300734,0.1858620302989599,1.9777979595276776,0.1262686457494323,0.8741515724314526
P143,3-back,0.4557796712369752,0.236171636719778,1.7614662987853746,0.1624120378217199,0.0217066179891913
P144,0-back,0.4295447311457621,0.2484384394654589,1.799792180689304,0.1844214743183032,-0.0880032308386906
P144,1-back,0.5091252443620566,0.2051736862262916,1.960687080194923,0.1476413332686642,0.8756633625149215
P144,2-back,0.4846565707322557,0.1722969635946978,1.906887996991604,0.1592523709083495,1.0379990189513482
P144,3-back,0.4540462221593703,0.2074678523919596,2.039053804120488,0.1675151312837536,0.4041028422249487
P145,0-back,0.5082030092930336,0.2111908730468328,1.967213404062723,0.1608791976965785,0.1767522729435559
P145,1-back,0.3473869168427821,0.2286776946899397,1.8173980595110808,0.1749016790589934,1.8519497789572423
P145,2-back,0.5728217627718505,0.1715007314515284,1.9967840640456624,0.1368430046880194,0.4986534293152247
P145,3-back,0.5367021026949275,0.1959271806859293,1.7722522526099924,0.1564143159381364,0.6687484165577627
P146,0-back,0.472120463692646,0.2185694925143884,1.910390243323794,0.152525810673097,0.3320888760954407
P146,1-back,0.5299525960391158,0.1897264592369599,2.2934410345317704,0.151684605802657,0.7030677254298646
P146,2-back,0.444448410826877,0.2511268506536847,1.8672879568306464,0.1737546014125817,0.5323044390298658
P146,3-back,0.4940538771128666,0.2049762357090524,2.1731683187141173,0.1614656303782745,0.632819111412891
P147,0-back,0.4383956236681369,0.2146964127134152,1.7954066236357176,0.1630680026131059,0.9880306272026738
P147,1-back,0.5038907152262985,0.1999786349924036,2.02519105711449,0.1530988460387736,1.74261277021329
P147,2-back,0.5640044042255813,0.1870711159050686,1.8500408235544208,0.140077163650411,0.5683005774299704
P147,3-back,0.5122874414302159,0.181667541020101,2.408119192627012,0.1435564853903266,0.68580633503139
P148,0-back,0.5521743680826783,0.184847224459677,2.0067263569075817,0.1487602343803984,0.4095629812629691
P148,1-back,0.5472911147725456,0.1890033980991793,2.2176089491337936,0.1412235614124551,1.1838981632502197
P148,2-back,0.6295706272308649,0.1457415603613721,1.8525079155734576,0.1196415914258026,0.9451710227824864
P148,3-back,0.4685728995614903,0.2025164365174439,1.7462553566085022,0.1506742001471341,0.9546172728760498
P149,0-back,0.5442850228666839,0.1846096788272196,2.279596503833657,0.1403928686941072,0.6955081932150456
P149,1-back,0.564642219944234,0.2066764665519525,2.079285140650331,0.1475649733052813,1.0339816147928196
P149,2-back,0.5529337629814716,0.2081128507720855,2.190894990473536,0.140856814654973,1.2574153342639407
P149,3-back,0.6170919401360212,0.1817436173200519,1.80338028202072,0.1343496454210055,0.7758123408027313
P150,0-back,0.5273327811755762,0.1674928546578104,1.8403565349466129,0.1413990486947699,0.3694880938027597
P150,1-back,0.6340459678985965,0.1900144042745443,2.0021353084826004,0.1299406062473312,0.0876526788121632
P150,2-back,0.4552539171352024,0.2343034435936664,1.962524020188995,0.1706825722479432,0.979482057389458
P150,3-back,0.5954080122402122,0.1715259792035013,1.9036237090252677,0.1421684117997149,-0.3484145676334629
P151,0-back,0.4975865542515088,0.1921590898898824,1.9097726165417972,0.1515244755769057,0.3791845079309554
P151,1-back,0.4903342404615898,0.2021757390725052,1.946321328084289,0.1492050649200334,-0.0123179531866017
P151,2-back,0.4619585537501091,0.23380611161647,1.871476198297546,0.1649324916557945,0.3135511582268462
P151,3-back,0.5330829622716053,0.2181483955099412,1.8948532420169293,0.15853775419962,0.556914621346709
P152,0-back,0.4679870699480739,0.2055110922090642,1.7218916203290004,0.1579722341323129,0.518676206196784
P152,1-back,0.5427786409906208,0.1975534995445519,1.58668295182756,0.1488585175417283,1.1045966673241665
P152,2-back,0.4992457154238754,0.2139676290861676,1.9784525854692656,0.1675258662333103,0.6481132445732672
P152,3-back,0.5528472862154917,0.2080522854974825,2.1112315347432693,0.1507207940211827,1.239604845745497
P153,0-back,0.5243018897403086,0.220070570444055,1.398687211525118,0.1536888873037265,1.640859553069895
P153,1-back,0.5443619942359565,0.1748942506294869,1.9264999849744544,0.142751512900783,1.067676077323442
P153,2-back,0.463045229620265,0.233816850952437,1.964213861512093,0.1776615937205604,1.4762793831570111
P153,3-back,0.4637474659338184,0.1991848764478663,2.1895307323849478,0.1641628375511897,1.4625458815051289
P154,0-back,0.505625414864573,0.1711746569231001,1.8995070448015072,0.1435804976999767,0.6621648037962088
P154,1-back,0.4913136857551807,0.215138009361392,1.6200969055697816,0.1649027178202134,-0.3964559442222647
P154,2-back,0.4364812011120564,0.2070134656854485,1.9423389452361928,0.1663446451760812,0.589110241621929
P154,3-back,0.5428838335644433,0.2029200919716869,1.665662956527443,0.152098199603927,0.7183028054713377
P155,0-back,0.448226552592296,0.211843382704132,1.711045167333605,0.1587102118493901,0.4643814076916481
P155,1-back,0.5512898229575097,0.2115240744072081,2.018541980427955,0.1427118152348482,0.4103784056800998
P155,2-back,0.4723584684115633,0.1954084889358319,2.112564431134736,0.1500528545971471,0.5344623778533509
P155,3-back,0.4705256272623986,0.2128197408562619,1.796832034686499,0.1506938594903711,1.066632426305002
P156,0-back,0.5088516385911593,0.2263229841361491,1.8348804804231449,0.1595027035238317,0.034546276850742
P156,1-back,0.4118216428042509,0.2296647188969768,1.5952548313230217,0.1718455061021214,1.6038879053439157
P156,2-back,0.4674984735408243,0.2177634453278992,1.871550460363852,0.1648291863095611,1.1188031669374503
P156,3-back,0.5613069159180927,0.1792963800597208,1.94817085157184,0.1426945955937412,-0.2147710083552589
P157,0-back,0.4571607093802965,0.1976847095752885,1.7922566418927597,0.1577354030464658,0.8598625504615449
P157,1-back,0.5405435961859174,0.2093697297385692,1.851578598284389,0.1466518370859189,1.1195692097776098
P157,2-back,0.4706918231562424,0.220367755697868,1.858315985406487,0.1641811834309824,0.2588066458598577
P157,3-back,0.499589077109456,0.1957038778698281,1.5766649099445122,0.1466498150217696,0.9816145562479396
P158,0-back,0.5101637189744885,0.208412709985068,1.9366374174957963,0.1509828594763837,1.1725176193200446
P158,1-back,0.4459994013261167,0.2150441269683292,1.9753545826488732,0.1631175148865716,0.5559790587499395
P158,2-back,0.6436455845465844,0.1665197209762962,1.7825238680047406,0.1195778799084185,0.9039185953710398
P158,3-back,0.4900574501345603,0.2298914360070083,2.026501384022236,0.1670027408879475,0.1950570761745048
P159,0-back,0.5869518809875206,0.1904887090418743,1.9297779722008943,0.1434920643800111,0.7804704802445094
P159,1-back,0.5888448451326572,0.1669666430668838,2.0481059383885665,0.1340685563400236,1.452882819135959
P159,2-back,0.4203106933905065,0.2279158925988126,1.812253349479605,0.1705184452692353,2.1515517007352627
P159,3-back,0.4636385124455907,0.1973577482503838,2.138832986761641,0.1572924112752954,1.398340280848996
P160,0-back,0.4349642921800803,0.1909404554488246,1.742279901346522,0.1568906644201709,0.9475430352884324
P160,1-back,0.4932205835120874,0.2073787958155592,2.0777656759335104,0.1523581996017499,0.3625568398712709
P160,2-back,0.442740468848854,0.23693671363499,1.8278509304399264,0.1756414923880639,0.7182472318318183
P160,3-back,0.5594739523861056,0.2016837251076476,1.934603721780044,0.1374770439065342,0.2081359154712282
P161,0-back,0.5517575023394999,0.1666972253255474,1.7526735320191764,0.1373192351339013,0.3794821462042425
P161,1-back,0.5715625456499968,0.2155199794469899,1.854281743272378,0.1479747284019873,0.0892116106268078
P161,2-back,0.4825295329495441,0.1989955133990719,2.290639289287453,0.1573850443984121,0.5244384097437351
P161,3-back,0.4915009103867306,0.2103164116221596,1.881904524503965,0.1460390152828089,0.3266393319226582
P162,0-back,0.5693184955140144,0.1923421439145399,1.6159164484665962,0.1555876795504389,0.4201273130517962
P162,1-back,0.4087806614732399,0.2145725555393249,1.89322637377673,0.1685538179202516,1.03195528748961
P162,2-back,0.5323363758004321,0.177585327332523,1.6322295671645606,0.1477352050573619,0.7259599373086523
P162,3-back,0.5100546765615328,0.2253319519314748,2.176785071833274,0.152528012568496,0.9181724285516044
P163,0-back,0.503306444829878,0.2111847922270781,1.7222367824078333,0.1548283531459331,1.6188753153998947
P163,1-back,0.4715509665190726,0.1997106042205149,2.221932258303652,0.158281866949964,1.224114390626833
P163,2-back,0.5516636102718863,0.2170513157142187,1.8316891431368276,0.1503919141619749,0.2408754952196423
P163,3-back,0.4200585415333117,0.219643753532735,2.163563423341336,0.1655213666611082,0.4198182528113242
P164,0-back,0.5421827856143016,0.1861731640750407,1.963306821199132,0.1500938172617334,0.4946021146014435
P164,1-back,0.4941513376648144,0.2117717419008759,1.7579599240400865,0.1509157626850924,1.1320492130270314
P164,2-back,0.4553658339094337,0.1958656956326049,1.9859643054496785,0.1536360526427609,0.9979987753480288
P164,3-back,0.4406401086054485,0.224281989606893,1.8290677541104536,0.1640176991898843,1.2174879475792175
P165,0-back,0.5821648747309869,0.2007675257027716,2.0846668176089165,0.1411203826604777,1.198084950421922
P165,1-back,0.4840740249298862,0.208151920700051,2.0145111143553547,0.1486198936471726,0.1183738097989489
P165,2-back,0.5386359830292013,0.1870713629478849,1.7642013214367434,0.1425220183320144,0.4604344554166166
P165,3-back,0.5508622207722553,0.2009003381301215,2.006815255318443,0.137994310981814,0.4084941750155759
P166,0-back,0.5131733256532689,0.19434012903896,1.9316517348302469,0.1452796001173344,0.2384924743349163
P166,1-back,0.5071071827390359,0.2169515218251607,1.8813300689618584,0.154285312955017,1.2758954836113408
P166,2-back,0.5264652996837931,0.1983677522909886,1.9736501233255024,0.1500693566466562,0.695249872746616
P166,3-back,0.514789721568087,0.209709299952875,2.1689560861752217,0.1618360683300985,0.4406214636590597
P167,0-back,0.5710448762755307,0.2042089709392364,2.418083181268497,0.1435252319905708,1.614929331030572
P167,1-back,0.4350121391008998,0.2324943763703638,2.043894823101559,0.163151220256792,1.1266170386438998
P167,2-back,0.5417943502863468,0.1873997869488567,2.9227767130887834,0.1516661710366123,1.4085790997733842
P167,3-back,0.4936893540950399,0.2021384117570868,1.9486063967498224,0.1649404332306869,-0.3933761228606147
P168,0-back,0.598788866070732,0.1992136464285964,1.9835915312718584,0.1312905426152252,-0.2436091936038588
P168,1-back,0.3900629788133387,0.2240417980794918,1.9248206855878496,0.173262157378965,-0.1036049567415463
P168,2-back,0.4518296459222805,0.1979983972359098,2.023438061126319,0.1741598541213257,1.3665329456511706
P168,3-back,0.5358320304598596,0.1622009982046403,2.2650911334858197,0.1401190591597395,0.4680766863952026
P169,0-back,0.4415777617460896,0.2122318681579593,1.9622497988056296,0.1577659544086287,0.8731576355889451
P169,1-back,0.4968564599025941,0.191058241903504,1.8966044249634888,0.1583018858035217,0.4820980068316888
P169,2-back,0.4722614116200766,0.2081454652170182,1.7091421383147285,0.1587048084642114,-0.1720147630274363
P169,3-back,0.4604124516396454,0.1985453824739125,1.9378285593648763,0.1544877422253979,-0.0600951033247217
P170,0-back,0.462545716483699,0.247429474778705,1.950441529297116,0.1789407883132683,0.5380406936686486
P170,1-back,0.5642138716054664,0.1789398478969325,1.681846228469806,0.1344650231687221,0.7120965707692943
P170,2-back,0.5052484941689981,0.2016577514051896,1.7682817164469415,0.1588011219046156,0.8025705416747609
P170,3-back,0.5590557477438715,0.1769460780610606,1.7689306185679283,0.1442799367988829,1.013235353151067
P171,0-back,0.7127737798018186,0.1254009803448853,1.5520805488025593,0.1073164110271105,0.7852459548051994
P171,1-back,0.4579706986551494,0.2171701323800753,1.8304462353670392,0.1539310827291712,-0.0764108718014208
P171,2-back,0.5390849539478639,0.2016294658162354,2.279804613108104,0.1508357657473775,0.5572844029197189
P171,3-back,0.5333561698403183,0.1809630530844218,1.899604711536616,0.139089440026243,-0.2986987741441834
P172,0-back,0.6009518258864834,0.1914524520729953,2.088156299196162,0.1391669322194064,0.8290952501857239
P172,1-back,0.4922129301682123,0.2161753514674174,1.8246890210206264,0.1484905196319956,0.2273235797272754
P172,2-back,0.5697031856635933,0.1885843476332203,1.602594764110816,0.1329700411652588,0.8675530576952979
P172,3-back,0.4576790845196118,0.2126087581445905,1.8213349454889407,0.1514220428208379,1.6868023360456603
P173,0-back,0.523001277043113,0.2123347742777284,1.8586110222539216,0.1506921426371587,0.4747650126312361
P173,1-back,0.5091516999477388,0.2223446671828525,2.11287566836056,0.155340666983471,0.4037253745859132
P173,2-back,0.5299572164249214,0.2044557531822574,2.317940041384212,0.1501315590746575,0.9347514303014596
P173,3-back,0.5576630697293444,0.2108225099155613,1.8827173039989484,0.1458076694919658,-0.0221263658892324
P174,0-back,0.5579991780157859,0.1956704967895002,1.8159948494213856,0.1472945088775754,0.2649640096206985
P174,1-back,0.4444755724142335,0.2017495847047537,1.8883463201861164,0.1539797196636784,1.2230749438880266
P174,2-back,0.467626042496316,0.18895207255298,1.7750087865077913,0.1557932365251967,0.7161745494593131
P174,3-back,0.5255989295775177,0.1806035679799041,1.9224687666853475,0.141862852331133,0.2843473924885999
P175,0-back,0.4886042794893078,0.1994947127039229,1.7883035876805564,0.1485984664253021,1.2460016935496634
P175,1-back,0.4853725483883245,0.2113969090926666,1.981705934538392,0.1501870925980725,0.4621292007081076
P175,2-back,0.5023895344465076,0.1906240044040985,1.45003938183249,0.1441124850201617,0.9190826580521618
P175,3-back,0.5876605500063538,0.1727178061327084,1.76736472126014,0.1394484001328911,0.8883070127256415
P176,0-back,0.4790393261823363,0.2092542276140975,1.9683730384127485,0.1559329065376041,0.1341636650702069
P176,1-back,0.5702446767932045,0.2204261116786369,1.7085319242047807,0.1417930398793163,0.7025801122530001
P176,2-back,0.5918764169187423,0.1897217035086226,1.754995911356869,0.1421359141943433,1.1350936310344446
P176,3-back,0.5083023446441136,0.2031354091482755,1.682653172774685,0.1505413670248991,0.8554519017490292
P177,0-back,0.5147602059014628,0.1923816816226733,1.8620964873330867,0.1436513671794417,0.9969905765388694
P177,1-back,0.5611502951083946,0.2038774775528604,2.2870389692057285,0.1375626748354817,0.6752956930672099
P177,2-back,0.4417046196866321,0.2118800623305194,1.798439192950608,0.1615821354769762,0.4864983613698024
P177,3-back,0.5035964180394857,0.2242377873614686,1.954367591255432,0.1601941122617596,1.4857853291890002
P178,0-back,0.5113307796939098,0.1963736784757893,1.6639798699073238,0.1494558457017655,0.6731891321202997
P178,1-back,0.4927445369918396,0.2037042978532408,1.7156143575373888,0.1499911520367144,1.8275144383144883
P178,2-back,0.506204673536492,0.2137355734217824,1.7503625345486729,0.1479336996889592,0.8459236522217073
P178,3-back,0.4797648087124005,0.2163141442433354,1.842879926654165,0.1628943623933798,0.9579364740747638
P179,0-back,0.4864924060448657,0.2184143012778375,1.9651215917116187,0.1571417182148247,1.0009294501702537
P179,1-back,0.5677602036419219,0.1873282941788597,1.9177960269132064,0.1374872479044231,0.5756370611599539
P179,2-back,0.5421037735020191,0.2022546600155652,2.0575734115733875,0.1425850449209041,2.432418098981461
P179,3-back,0.5383267697702201,0.1762217735591674,1.8431405237728704,0.1480078308954745,0.1717961165339632
P180,0-back,0.5396739260931691,0.1890797489740762,1.6363270990320675,0.1385382325988154,0.6235477982180838
P180,1-back,0.4789252207419889,0.1958795484150947,1.8156557536931175,0.1609411867439179,0.2496908704894132
P180,2-back,0.5856700790194432,0.1768048190540785,2.04720386190866,0.1341898735378587,0.3745347093759725
P180,3-back,0.5690960660208412,0.1917542424899153,1.6707038114944808,0.1420360388273839,1.861974683095513
P181,0-back,0.5098051006801027,0.1749697420913221,1.960614312385385,0.145647321881595,0.0889500931243542
P181,1-back,0.4675255071042595,0.2282836658211379,1.8550916779604956,0.1682398997492168,1.6359809660977491
P181,2-back,0.5326454457946878,0.1904279749688834,1.9431543604560992,0.1398236801873932,0.5200910720992294
P181,3-back,0.4394180228803259,0.1996854554272855,1.8768377527850133,0.1676498037069067,1.2125125815301785
P182,0-back,0.5608054614041319,0.1741740069409952,1.816327134379444,0.1442481464690922,-0.3954226289298311
P182,1-back,0.5569125501645101,0.1908284210960738,1.965223551050536,0.1448582856072494,1.0030036501973874
P182,2-back,0.5903916439383403,0.1787389211911089,1.893099271634083,0.1525578222162175,0.6749798723977346
P182,3-back,0.4799822284087757,0.1979037309653242,2.172039537376772,0.164715024298427,1.863693634501211
P183,0-back,0.4820761109854035,0.2255213534652049,1.880217530564185,0.1642902795956045,0.945507693271368
P183,1-back,0.4106696186796264,0.2159772906533035,2.122575282799417,0.1711210290157359,0.6329545778042
P183,2-back,0.5493349649585507,0.2018595057341072,1.848735879897892,0.145558557765924,0.4224214573466181
P183,3-back,0.4827621224929376,0.2030438234691307,2.020377310445264,0.1527265835427758,0.9642610319676046
P184,0-back,0.4793983011659923,0.2019488605387219,1.7054921902053743,0.155843223703608,0.9174568853328224
P184,1-back,0.4687089470490183,0.2010277508608449,1.5679232056295227,0.1577135164610212,0.909610784365398
P184,2-back,0.4722657510539162,0.1933870533855974,2.103921126249049,0.1617914651448505,1.1697242778342043
P184,3-back,0.4834572722107891,0.2016397072023171,1.914666732088124,0.1526833205959907,0.2395138851061749
P185,0-back,0.5775152262606045,0.1888498472992445,1.5590558032842567,0.1364742801064495,1.269408362726236
P185,1-back,0.5158070383968151,0.1940054904248166,1.9186280493819636,0.1516991201736653,-0.4301642321354798
P185,2-back,0.518427400662009,0.2031620110688151,1.67993284511294,0.1477640376853815,1.1303457171747646
P185,3-back,0.4905574267834483,0.1934947542450617,1.8926381606527911,0.1489546274518246,0.1418747006696039
P186,0-back,0.532499679271207,0.2070878206890328,2.1019293011461264,0.1483406160348956,0.7980050508355423
P186,1-back,0.5381120988128048,0.1756326783919879,1.903858313155156,0.1341735841035803,1.6271007933405233
P186,2-back,0.5224145333343732,0.1811731266270995,1.7444844408728568,0.1456806203499729,0.646401645355039
P186,3-back,0.4578970732616871,0.2078941222559575,1.7331940082265236,0.1642124282490684,-0.3788256043783116
P187,0-back,0.5050586831915593,0.1888260405965747,1.9080873924045527,0.1549981803601567,0.4210948886455601
P187,1-back,0.5374814972536456,0.1810868494483511,1.9741222363322777,0.1390642466329341,0.3211420530583087
P187,2-back,0.4831331761969028,0.195910170513443,1.8789355354022304,0.1476423095738145,0.5865122768201827
P187,3-back,0.5411359126112067,0.1801681557567774,1.883052965290052,0.1416213471340754,1.260675104095183
P188,0-back,0.5269162985127095,0.1900499348000691,2.1565471079864125,0.148102738584989,0.4962998831458149
P188,1-back,0.4899083665175944,0.191167440521128,1.8689741711717045,0.1509054873013116,0.9220454619882216
P188,2-back,0.4832900681200386,0.2080600885776003,2.0616489265596063,0.1532377610848068,1.1306456390180777
P188,3-back,0.6083484208063349,0.1775959555054311,2.205059421200801,0.1347075107117037,1.258320032856409
P189,0-back,0.4905310145034151,0.1937025874248367,1.969443713489822,0.1548167732811549,1.7331301248312614
P189,1-back,0.5634019282110885,0.1481672636391002,1.9480171714295744,0.1358317680539058,0.714194739798641
P189,2-back,0.5841263236518003,0.1967155594550917,1.965072693246734,0.1441812320985099,0.5090061341296291
P189,3-back,0.5655228091354394,0.1930430455872136,1.941162125788217,0.147063563797989,0.8980066178185239
P190,0-back,0.4852605200199992,0.2070637989910315,1.6802621382351597,0.1589978063432368,0.4900498038651841
P190,1-back,0.5765115685392883,0.1847887137868971,2.054369207011002,0.1359181629880272,0.3243010895142698
P190,2-back,0.6438977057988368,0.1334348321422754,1.8510092096183637,0.1277648899059031,0.4832512762219246
P190,3-back,0.5312861556639968,0.2039054455829224,2.423446530447199,0.1526145968724301,1.2912546134842822
P191,0-back,0.550126298165557,0.1887158565455967,2.056132745931363,0.1468852024118116,-0.0702838647399956
P191,1-back,0.4627863036046359,0.2238276605572506,1.9320647448416413,0.1556073691825264,0.6728203852384806
P191,2-back,0.5087417092584943,0.1918685716958816,1.5430798704455877,0.1440253708767993,0.976860341922443
P191,3-back,0.4812056842432765,0.2021751451852687,1.84497361472348,0.1603407088501434,0.3260973759616417
P192,0-back,0.4014925231106322,0.1994605869993457,1.5928782782851303,0.1620202390807515,1.248841139174262
P192,1-back,0.3917850933727133,0.2341103069838197,1.8549585340290504,0.1651661304148556,0.7060458645611467
P192,2-back,0.4382724222321905,0.2030850196283606,1.8566691390729184,0.1733122739289655,1.4457768351554323
P192,3-back,0.4326535537400753,0.2224297306871016,1.920381204964493,0.1658931726840663,0.8408794968104428
P193,0-back,0.4388972135239397,0.2062018929005735,1.83335146814129,0.1548315517879241,-0.2563387545739005
P193,1-back,0.6476843053664527,0.1595029273108927,1.78835422399233,0.1291324787461552,1.312630238277427
P193,2-back,0.5929672727036709,0.1618135421570929,1.9278868745768771,0.124263635271955,0.6804662062663432
P193,3-back,0.4475829053552483,0.2398569657938272,1.9255250421853547,0.1684782375324656,1.0453582216470525
P194,0-back,0.4283497732205347,0.2293338405315878,1.9383587559787885,0.1648129664314394,0.970364609583148
P194,1-back,0.5153210638555887,0.1956737871813073,1.9545267405690372,0.1452931738334914,1.293120455138825
P194,2-back,0.5698209997741497,0.1982039990532702,1.695821027573523,0.1417151914960508,0.2938575668496097
P194,3-back,0.5602507663641652,0.1776820193952085,2.127208017015928,0.1387278924299557,0.4155330077724093
P195,0-back,0.4191292600806915,0.2024085150382326,1.952855105053623,0.1643288283880316,0.4137749975971893
P195,1-back,0.5026333961917593,0.2052369373936629,1.532496911395307,0.1478618778667729,0.7055451523002794
P195,2-back,0.3785069404410314,0.2271764316237917,1.807974064910928,0.171691284591173,1.7131951616956576
P195,3-back,0.4716990940702221,0.1976572649158901,2.064647246866546,0.1591136384268933,1.1434342201225312
P196,0-back,0.5743363304436099,0.1647185426374514,2.0484064799601702,0.1391486648352199,0.1388224589529361
P196,1-back,0.5270573607876392,0.2248890274499633,1.7757505585608129,0.1563143028594587,1.4990641621088765
P196,2-back,0.4763204458364487,0.21089540109123,2.0481758224872566,0.1473691318759337,0.772122335744234
P196,3-back,0.477611918167485,0.217281683433612,1.7871857368132495,0.1563526918254444,0.623161015632975
P197,0-back,0.3995705790644044,0.2607904510254473,1.8797557819377293,0.1759762320555538,0.9651974870551862
P197,1-back,0.4950947479770538,0.186069487004941,1.74719410694448,0.1414296684047913,1.0909256226332744
P197,2-back,0.3814076244761801,0.2173856044815545,1.8888072893819556,0.1748748375041336,2.6045468149104
P197,3-back,0.5395024146626868,0.2224091116651784,2.0971212574762883,0.1701482594127776,0.0483209553202102
P198,0-back,0.5521602080828972,0.1901938195288701,2.287805290025334,0.1426224036222157,1.0608557721840504
P198,1-back,0.5188088497568678,0.2107840331091374,2.211870924504208,0.1605218801708047,1.5295091833906482
P198,2-back,0.4403930800209913,0.2266900169618804,2.110194741570885,0.1693267111126842,1.147037799187293
P198,3-back,0.5872160021668887,0.1705138939984786,1.9698162194633528,0.1348495700412576,0.808074490005728
P199,0-back,0.5806236630947174,0.1808481254443209,2.180987455281349,0.145068905079979,0.7954148684086013
P199,1-back,0.4668089520449591,0.2017207659650992,1.9268889453490496,0.1445466397050124,0.0034417443667935
P199,2-back,0.5520421947784759,0.1912262924141206,1.9509591501130312,0.1377657690099266,-0.2385992510783896
P199,3-back,0.5428130952302231,0.2070176332305479,2.4897950799272945,0.1500518759236689,1.4468260671703972
P200,0-back,0.5438775027503183,0.2207519149237655,2.3063727093627704,0.1575929568333936,0.616284782060821
P200,1-back,0.49243049409362,0.2092387509541742,2.219919264529046,0.1492878054479819,1.32109062477671
P200,2-back,0.4626060036609159,0.2117342469540294,1.876814670510311,0.1660514314584689,0.9458988249730752
P200,3-back,0.5954366502543903,0.2016330195808443,2.28147398534536,0.1389872792048253,0.60835212984182
P201,0-back,0.5525897665153015,0.1866090963675293,1.8739749892693696,0.1444086024443651,0.2251268647987047
P201,1-back,0.5570126610388516,0.185572568200616,1.7448984156377194,0.1402421464721957,1.5761575544177668
P201,2-back,0.4498805119444061,0.2093535742305667,1.7720602134630756,0.1563150721719867,1.543643041888362
P201,3-back,0.493167524277556,0.2159574567202765,1.933917212597868,0.1551471043592475,0.9383514477639516
P202,0-back,0.4758452330151965,0.2266274510364725,1.9700495996266905,0.1634197224126138,0.7469766434610494
P202,1-back,0.5009608269092206,0.197292502813363,1.697677215890266,0.1513833936865272,0.5802420574004068
P202,2-back,0.4725477385287553,0.2211122954761392,1.743164808884987,0.1645427047195755,0.8244346033774782
P202,3-back,0.4688608071371445,0.2455161933230466,1.998968847731332,0.1644903572003253,1.4901494003275906
P203,0-back,0.4240186577054397,0.222841896502298,1.845493018372195,0.1646429084677227,0.4516034537240467
P203,1-back,0.4936668970333053,0.2096451228306258,2.02250716755104,0.1510312421935569,1.42622081823286
P203,2-back,0.3968912831111746,0.2481681543486009,1.9411952597897235,0.1767071471847123,0.6991553572379396
P203,3-back,0.4836533647497988,0.1986430414322133,1.984119033830549,0.1577940958658724,0.4767071885708998
P204,0-back,0.4695869169782015,0.2073760106436884,2.136178041612296,0.1601686315685724,1.0663157009576043
P204,1-back,0.3937526768301373,0.2240892288697133,1.8064489280604,0.1724327902789875,0.8288090872238438
P204,2-back,0.5579392339318527,0.2045926688375744,2.054512928997444,0.1479308425179505,1.0641415843008266
P204,3-back,0.582270021139259,0.1933471239538011,1.7198558765802117,0.1457954165603468,0.4186618749780569
P205,0-back,0.4931239803687347,0.189425713460351,1.5019400068900868,0.165992943273544,1.1366741327469243
P205,1-back,0.4914296791715539,0.2132836365835361,1.9070813478502049,0.1556023076352389,0.5658269216474326
P205,2-back,0.5228937552586214,0.1658673882721004,1.9715714721378703,0.1456030886038169,0.9876380088255026
P205,3-back,0.5455930358333391,0.2092032029034757,2.1194203009361208,0.143862349085811,0.4670026581012161
P206,0-back,0.5130804390187795,0.1845376543962293,1.9228054448586824,0.1417880075738626,0.4372614402170267
P206,1-back,0.4287618907409594,0.2193114983714115,1.6772503791794433,0.1633804351392332,0.5718395000797429
P206,2-back,0.5424021082193943,0.225364377049927,2.0419259550116204,0.1544311210729741,0.7289265309304384
P206,3-back,0.4114381161417392,0.2072109551387672,1.9050469457762829,0.1697694425831986,1.1921836894737188
P207,0-back,0.4932664337460552,0.2066690615435781,1.938399432634181,0.1569486670460059,1.1008378739760725
P207,1-back,0.4851786325762801,0.2269748829545836,1.745057679552453,0.1580385054000403,0.4177287934773063
P207,2-back,0.50178023002796,0.2177445544331824,1.8861886459944053,0.1513992514480263,0.5536648295576828
P207,3-back,0.4383643552285745,0.20906379849624,1.7634677063238813,0.1586712473258391,-0.0624136644065358
P208,0-back,0.5341078434417137,0.1986164789760803,1.6807467895188624,0.1473674042429148,0.6993998556310617
P208,1-back,0.4596754081075534,0.2025345942708648,1.9020774705517545,0.1613121094327029,0.8079634527250696
P208,2-back,0.5409988130655083,0.1848760465493862,1.6880294207427564,0.1364252491832535,0.8462431530127192
P208,3-back,0.3608860671994163,0.2490647951287303,1.7770332208438502,0.1831725209310551,0.8291178442723934
P209,0-back,0.506880833593991,0.2002648104139091,1.9720430675510705,0.1562332081377205,0.7419847365810381
P209,1-back,0.5694505915242153,0.1498331374099084,1.548424633687021,0.1263554541041975,0.6164735659095363
P209,2-back,0.4924295413096754,0.2065663655352412,1.4819200787709712,0.1479655458879449,1.5802625445712728
P209,3-back,0.602020002824644,0.1377276753056323,1.7067538876949864,0.1225366880720347,0.5940343127056195
P210,0-back,0.4229712508818163,0.2337015736115018,1.888350023164048,0.1627147553725844,-0.4438718601156726
P210,1-back,0.4825350940057516,0.2154591708035337,1.8902277819141151,0.1630637568924692,-0.0570435248179024
P210,2-back,0.46855827045675,0.2316794057220948,1.8536829338771157,0.1675431681393597,0.698347845389836
P210,3-back,0.5809484289944215,0.1788040062537324,2.1152964249243733,0.1366218514006545,0.4209604924321714
P211,0-back,0.5589276005901297,0.1734071321122866,2.2316091999977226,0.1352932407068771,1.12968685682485
P211,1-back,0.556512292823789,0.2055226693644782,1.995459527608201,0.145091819393179,0.1297828079551663
P211,2-back,0.5819395226185691,0.1827963168778507,1.9137251957073644,0.1344467066646371,1.1692330710606995
P211,3-back,0.4707983861239525,0.2028437664600876,2.0298500930363272,0.1619910817072569,0.1617079110693184
P212,0-back,0.425446900723316,0.2232778034169635,2.05105769079687,0.1612493473469736,-0.0859926899960574
P212,1-back,0.4818122671539365,0.1940793266407098,1.9404441134072523,0.155687228903267,0.6532935321905389
P212,2-back,0.6035103769450111,0.1879090724192254,2.0723205682344314,0.1388900285453447,0.8517607413395691
P212,3-back,0.5085390827282005,0.2050237966674161,2.038180069565606,0.1512255301891495,0.1567520568465747
P213,0-back,0.5060773629633347,0.2391132034710318,1.979875172341669,0.1635741371200749,1.0942546331043128
P213,1-back,0.518249944659196,0.2018625148737524,1.6700307017053615,0.1468576743691276,1.0716739087692162
P213,2-back,0.5732671352707743,0.1915882147415086,1.9937231583022128,0.1439155905659586,1.3612699979135785
P213,3-back,0.4509731523486224,0.2155679594433473,1.876111447455994,0.1754754068743015,0.9107256557650756
P214,0-back,0.6016986328328411,0.184589908287209,1.8738005638167523,0.1441320755273128,0.8441416861443356
P214,1-back,0.4217656594551639,0.2136947150526703,1.7917724669155362,0.158490826544627,1.0453317899809569
P214,2-back,0.4621430892411236,0.1932721610172924,1.8998314369629448,0.1515687409226174,0.7476569535791614
P214,3-back,0.5302372296197376,0.1854954323202134,1.953826272344288,0.1554609818847394,0.7364664316983055
P215,0-back,0.5107636434808505,0.218814774054342,1.7332514769160812,0.1566878430493619,0.5785974368099532
P215,1-back,0.5115433775136287,0.1957965160106435,2.2513747126475696,0.157627369012141,0.4879390643341244
P215,2-back,0.4238634894032411,0.2397016673318721,1.6859418981671817,0.170842095084771,1.391474514539743
P215,3-back,0.5151471435712517,0.2026034680998962,2.4743233668214306,0.147556516026066,1.687556093539747
P216,0-back,0.5831232925790256,0.1708810537735295,1.774252398642609,0.1327669996383693,0.1997623274522814
P216,1-back,0.4537641606084898,0.2233838591031989,1.6776552910211289,0.1581879810080502,0.53837240079037
P216,2-back,0.513145228775785,0.2030632034458672,1.8918736103396607,0.1480148949851197,1.0583876069353344
P216,3-back,0.5112622084220628,0.2039532332114345,1.834845909742174,0.1510342935727177,0.6059874691281543
P217,0-back,0.5180743411973192,0.1918653205068045,1.9474516594760665,0.1465526531749281,1.2674053741010192
P217,1-back,0.5388264582365292,0.1928991805331502,2.000080654261014,0.1360843016959766,0.1637072705264982
P217,2-back,0.5149109796179181,0.2038302775476819,2.272073003729809,0.1446384741711928,0.7037773448463961
P217,3-back,0.4489814017861744,0.2092006706515707,1.917754136391473,0.1580325824880277,0.2357829927951649
P218,0-back,0.6076700323620237,0.1869329005549072,1.8362050387904765,0.1422016397951387,0.6955015439304703
P218,1-back,0.3843583517240823,0.2383342196021934,1.7340602012589623,0.1803300406253331,0.0964403447546664
P218,2-back,0.534714073767545,0.1967117301517085,1.9109054527863696,0.1508865786211917,0.9003678090442725
P218,3-back,0.5116670200430634,0.2014656225300334,2.149856007970372,0.1538909978897149,0.7871799471918823
P219,0-back,0.4698218999120612,0.2314778595611568,1.8962784480106476,0.157093058442027,0.2577753624686472
P219,1-back,0.5759078243781799,0.1906616098295688,1.9482838761928,0.1408092292451746,0.5160887054324544
P219,2-back,0.4912599672096131,0.1904212057890985,1.6799966357948803,0.1426321959527923,1.3576903555727682
P219,3-back,0.5282618083695138,0.1992410764509775,1.9345723634381689,0.1437378142096597,1.29121004155276
P220,0-back,0.4514421814367467,0.2310376599283062,1.733373263608342,0.1548647007238066,0.766509166120614
P220,1-back,0.5367520693402887,0.2039584782910934,1.9451914860719164,0.1480472663835218,0.1546612968255631
P220,2-back,0.5295075446000133,0.1913966457404406,2.0463797322746577,0.1403480842617734,0.8458955226021742
P220,3-back,0.4100282313309875,0.2251266622677426,1.7503452664225063,0.1731278473116888,1.7482167675555047
P221,0-back,0.4013323563812809,0.2030279687673473,1.689835116107007,0.1653646333788868,0.467713699266699
P221,1-back,0.4756400573925757,0.2358448358488532,1.8802751027018867,0.1773760998423784,0.9970169926675332
P221,2-back,0.6499250979966584,0.1378874931148254,1.5887060204851398,0.109257527008223,0.5580694113752408
P221,3-back,0.4081929886396467,0.2170300962985788,2.1283825403333747,0.1735086122795984,1.8178938073986588
P222,0-back,0.5444488152717367,0.2001283180941715,1.799372407172786,0.1420981651610674,0.993904395302766
P222,1-back,0.5282121783042636,0.209732514493559,1.7190123255007923,0.1454085445080158,0.8317890338623349
P222,2-back,0.3738509878752186,0.2428078654793955,1.819850034555519,0.1779896076948388,1.0189457526443797
P222,3-back,0.407410789568357,0.2175480378635457,1.734828724597563,0.1620207533961465,0.2503180080264132
P223,0-back,0.4411259176491364,0.2130310164031189,1.8513189386086897,0.1530365899642231,0.7237291398499855
P223,1-back,0.519899797428705,0.1908271247985055,2.040101304696979,0.1452016512269502,0.1590294978302235
P223,2-back,0.5121321990474537,0.1931595717092247,1.9004469592145787,0.1490846358668215,0.0298031888987137
P223,3-back,0.5285281195347832,0.1749939098918197,1.9022454058635303,0.1432912162078905,0.5646673326816141
P224,0-back,0.5024659251856707,0.217525630833438,1.5777827339850978,0.153072736936745,1.0576360086800407
P224,1-back,0.4931442252938786,0.2000056627915483,2.01588513302312,0.1447362616755023,0.8145277229131062
P224,2-back,0.4480602616506006,0.2347042561027362,1.84505662683376,0.1676196900121292,0.1185394006213226
P224,3-back,0.5533033092402181,0.1931659595511944,1.7726829698955795,0.1508560981232524,0.5917843641570886
P225,0-back,0.5177397212503415,0.2165413267894419,1.7698572791013825,0.1445205128822034,0.3657104147056084
P225,1-back,0.4630902616540561,0.205980901548643,1.8394313248944991,0.161147439668964,0.5469107083651145
P225,2-back,0.4972149302468813,0.2000790650911829,1.9968768267165984,0.1562779361393277,0.5554552754988712
P225,3-back,0.4512663189459766,0.2061165776866103,1.962575073112048,0.1562487308980429,1.3042236025491478
P226,0-back,0.5266572910827094,0.1858604308818309,1.7943790918354647,0.1360048879971672,1.075294432300362
P226,1-back,0.5412325846216299,0.1908563823290058,1.971804330435474,0.1476206739755192,0.1199998773795076
P226,2-back,0.6600259940350784,0.1691955983914995,2.362446563127674,0.1190915236257307,-0.2897075219204909
P226,3-back,0.466334592972864,0.1979623579339204,1.4997208099774515,0.1599513516068993,1.3089337275498474
P227,0-back,0.4861496503782475,0.1902130536622298,1.7579750359042308,0.1553915427674216,0.9262495011334848
P227,1-back,0.497715858922755,0.2096088374976424,1.7753778910319595,0.1640819471668169,0.6491214272724665
P227,2-back,0.5553045035320919,0.2160133364611505,1.847065528115103,0.1460970365575841,0.7682238648949768
P227,3-back,0.4374343986601028,0.2325593790194581,1.921421954960711,0.1690047570749918,0.967647855800066
P228,0-back,0.4680424368024565,0.222808735844323,1.9262615254986324,0.1560586466208973,1.24517313083542
P228,1-back,0.5133643358478175,0.1960877823734706,1.891448591885807,0.1623134448331034,1.0652695026742514
P228,2-back,0.4906435540967677,0.2094808363022788,1.9474086481875932,0.1573698512753234,0.4910799637365899
P228,3-back,0.6572055671806454,0.1712340588563607,1.600186076846786,0.1353892410771847,1.2595440142185244
P229,0-back,0.5127549056142853,0.1700933170402194,1.8367431446907596,0.1455830480244562,0.9267956834354584
P229,1-back,0.5090850460563847,0.2134730621671979,1.7896230208920731,0.1520680660095658,0.2413423102848653
P229,2-back,0.4905506319440012,0.2132017666655694,1.7393386243784243,0.162670479100373,0.4499998105487148
P229,3-back,0.5310117353108978,0.1853366516730235,1.9860740485137696,0.1450770982118647,0.6340399068753795
P230,0-back,0.4659605573508648,0.1900485547979376,2.1165977786880235,0.1717057398931568,0.479437154085056
P230,1-back,0.6102294438308943,0.18071727111487,1.7105447473390625,0.1260374341779662,0.5919416316545129
P230,2-back,0.5366860899191,0.2050091283677728,2.2646073939368847,0.1484875335263407,0.2964627861486149
P230,3-back,0.4367249811878876,0.2027467979671783,2.0222845676446357,0.158106518123472,1.0463347002712713
P231,0-back,0.390897860854707,0.2025435917025717,1.8969437142974408,0.164204946056086,1.102025509887126
P231,1-back,0.5196186284391491,0.2109871874170983,1.6627690651512592,0.1544568402716809,1.348933755380544
P231,2-back,0.497524202564169,0.1946689708930761,2.2659354829417238,0.1477176892560934,1.337324385372262
P231,3-back,0.4526398398402017,0.2223559607397759,1.9134836760874128,0.1564684894773423,0.2269402081482218
P232,0-back,0.4018475792635668,0.2513603153546538,1.9133066912156311,0.1775760930823755,2.0434048087551484
P232,1-back,0.5533814876220537,0.1891489944057391,1.8417818134004889,0.1406431519817656,0.6034062707940145
P232,2-back,0.5108446470896879,0.1890945605122957,1.6743056114214063,0.1446203167898933,0.0145794113181574
P232,3-back,0.5480190560353634,0.2091293231779045,1.98112602056074,0.1504318352272284,0.726348059438139
P233,0-back,0.4977770013911284,0.2108377631360497,1.81765520063269,0.1525421756959812,1.0222121934349853
P233,1-back,0.5196083559424606,0.2144069988843739,1.7685972471504046,0.1523944070115071,0.2425773126358287
P233,2-back,0.5510762336458074,0.1853410263289928,1.9001002473377608,0.1506487844390865,0.9693461948633136
P233,3-back,0.3807745131704987,0.2257438259162365,1.6951569883203836,0.1752558008872048,0.7678145111819616
P234,0-back,0.4538511388545861,0.2555810516934776,1.824459162068139,0.1677100789762252,1.0009350901394225
P234,1-back,0.4509766190269744,0.2374215312395952,1.863636121838605,0.1699435125994628,0.8648021093697841
P234,2-back,0.6380920930402469,0.1305750648923622,1.698428610405051,0.1228739962951281,0.771700567344271
P234,3-back,0.5365361972350069,0.1939500339045167,1.880980244997236,0.1606384804874932,-0.0342859217999101
P235,0-back,0.5573272360611214,0.2022782102557362,1.9858843290942785,0.1540249613327643,0.346811726966473
P235,1-back,0.4740515648617684,0.2175707984885993,1.7685123171801336,0.1479884834237969,1.2424885119519475
P235,2-back,0.492333286222713,0.1991977113273069,2.182121831051317,0.1520406345452447,1.1730034006385908
P235,3-back,0.4930002893135402,0.1999303261585375,1.737113865997397,0.1484535120295995,1.0534550923048938
P236,0-back,0.5851068327390284,0.187461686510823,2.3306884103149264,0.1410687045202723,0.4055939639321554
P236,1-back,0.5214344131518287,0.2188286676532823,1.7821534244086883,0.1592252297910635,0.9024516679915912
P236,2-back,0.4434972000968611,0.1952690065603043,2.056101966644933,0.1586136503389157,0.6267257300278197
P236,3-back,0.5387557342122302,0.1902351466767094,2.073514590115822,0.1385666148190748,0.5719139569736583
P237,0-back,0.4685329719080341,0.1987614100727792,1.8298097666973925,0.1462263554893564,0.6148320393525564
P237,1-back,0.474233766122058,0.2267328339945967,2.078017343079982,0.1565744648232851,0.2112934820631916
P237,2-back,0.5194582098917645,0.193923480150625,2.432587643685246,0.1533748075325855,1.161753492696293
P237,3-back,0.441137474312772,0.2059672041323017,2.09189760885818,0.1628213007747112,0.4438753690659905
P238,0-back,0.5316668478935341,0.2025292830027131,1.9622446641723,0.1451953758100707,0.3645996554096272
P238,1-back,0.4657717556205489,0.2011948479310409,1.7702921076932043,0.1534773200593074,-0.0738609089250171
P238,2-back,0.474104067084953,0.2244104437773205,1.7776403075906146,0.1548701953483757,0.3089688279183102
P238,3-back,0.5383470382704768,0.1899781881674866,1.9767212487335504,0.1428730911099201,0.8511369777184183
P239,0-back,0.5332715387564485,0.1969015824692007,2.088606574330775,0.139015980794691,1.4902829145876886
P239,1-back,0.449690163993282,0.2056235582912816,2.1756268496629607,0.1497666967352993,1.7146070727078129
P239,2-back,0.5113671111029855,0.2134404970455508,2.0234010303329306,0.1544009548520129,0.7648225082425335
P239,3-back,0.5953513000416356,0.1736795111530672,1.7335481511772013,0.1328767782534958,0.8166612202709459
P240,0-back,0.3539226510617941,0.2151945520545832,1.9050255448154605,0.1692143777389565,0.824579576572891
P240,1-back,0.5517875326715405,0.2085252345434966,2.288221583939636,0.1467910494899061,1.2252873558056503
P240,2-back,0.5562075942174602,0.1869893669306957,1.6327362912439984,0.140312061618358,1.6675209440700558
P240,3-back,0.5269199942958378,0.1634559490410488,1.9671732152444157,0.1383296743425008,0.5681629905010971
P241,0-back,0.5612428334020635,0.1833243509986672,2.02886995386588,0.1392959913916659,0.5796491208538072
P241,1-back,0.3730955799751323,0.226485415134918,1.8641135213164093,0.1694457447249206,1.3785178583619335
P241,2-back,0.6150166474826844,0.1683942188742326,1.9455500795902811,0.1307609041706977,1.000616403039039
P241,3-back,0.5145641477381677,0.1867768600159478,2.0309645445169,0.144332333062427,0.3033046024056822
P242,0-back,0.4619555803790116,0.183168081325705,1.794130989775847,0.1674149935097405,0.0555888723239976
P242,1-back,0.517519885306438,0.2091262347141279,2.2473791965456207,0.150600925074393,0.781994112257687
P242,2-back,0.5767687154601403,0.1548645041989178,1.6742480968919289,0.1460851445737071,0.97254692138671
P242,3-back,0.4611457002295475,0.2104435720480929,1.8147276273062691,0.1608619985508635,0.558982600991139
P243,0-back,0.5028716151358897,0.1956081401997752,1.5105629618947911,0.1613924939001937,1.4252266270146248
P243,1-back,0.4910598103946689,0.1998566242983853,1.792035336497105,0.1473789239503094,0.9719156121314572
P243,2-back,0.4755579177287936,0.2194838768875578,1.9837739220066983,0.1636725043219525,1.6744822722527817
P243,3-back,0.5503023135726799,0.1644289262238736,1.6683349780953918,0.1330574295756781,0.27406009680784
P244,0-back,0.5792545048178747,0.1924256223553826,1.9629659494746985,0.1448592701931478,0.4491086164559021
P244,1-back,0.553198856913391,0.1792989840717878,1.8418683171411483,0.1387721974610854,0.3691937323116244
P244,2-back,0.493142733864053,0.2166780515577189,2.120728094010711,0.1545153901912069,0.9187299031928408
P244,3-back,0.5304875945590102,0.2159663829735397,1.827504392163796,0.1482454381517232,0.4278054581651871
P245,0-back,0.5048940624217122,0.1855543102890176,2.1004770333104616,0.1472623525771566,0.5181460591274953
P245,1-back,0.5116762782038405,0.190818124506625,1.7861208878502786,0.1464811878806644,0.8939230148454339
P245,2-back,0.5042206649623923,0.2245438129638993,1.9648755379570624,0.1538171747105009,1.562790545424516
P245,3-back,0.4581113391067155,0.2160815547513565,2.013630890249128,0.1638312975310265,0.5269262803921565
P246,0-back,0.4935065230883169,0.2003835291693142,1.7857284454072186,0.1522460293088504,-0.3218123418712719
P246,1-back,0.3856156012798209,0.2341293726967804,1.898122598060152,0.1681016074511917,0.7535460160394932
P246,2-back,0.4266765089894836,0.2131020569184392,1.7967063370802547,0.1535271131428832,1.0822096894002051
P246,3-back,0.5182103988442732,0.1715602233409675,2.0122655225653303,0.1584428645546747,0.4918730956114378
P247,0-back,0.6183131531891205,0.1609604695023093,2.165914535104738,0.1376938100748348,0.5581497134935335
P247,1-back,0.6510223081520062,0.0995472383412017,1.4406392492393147,0.1028018764687962,0.6955621384279844
P247,2-back,0.4907994445500065,0.191020278971139,2.089849929928053,0.1488504984760099,1.2426311824402116
P247,3-back,0.4827564206560776,0.2044544732337129,1.7466375231051812,0.1616056134207481,1.695671744061877
P248,0-back,0.4828890935383201,0.2152765182454554,2.002778278801926,0.1509393196115901,0.1892458516643625
P248,1-back,0.4377701470944266,0.2055336869648521,1.6779844239955717,0.1545753426271333,0.5634511769062935
P248,2-back,0.5033226970515148,0.2068641345102232,1.848765134476807,0.1564694614573906,0.0727150299502433
P248,3-back,0.5207541617876827,0.2125305598739884,2.074746711844224,0.1507064614623544,0.4920675481196636
P249,0-back,0.4868501703802759,0.2044798246239227,2.0173719235654906,0.157664688867234,0.8142453931719642
P249,1-back,0.4905429382074626,0.1986673363766419,2.060592813174935,0.1530557368041593,0.339657930754313
P249,2-back,0.5971153786032243,0.1823214658558631,1.8049907989370184,0.1327501575512258,1.2126156763680094
P249,3-back,0.5868159378914483,0.1700089657360058,2.088741617046053,0.1375276206291546,0.6738033833327832
P250,0-back,0.5293115779738196,0.2023268163482959,1.934535920885832,0.1481116293137847,1.1095139952937183
P250,1-back,0.5194711692747183,0.191920754177775,1.796386644541324,0.1489035935057565,0.8560105043407368
P250,2-back,0.4720575034731272,0.2103909115597001,1.7800690111693045,0.1722663707267229,0.2611338221093244
P250,3-back,0.4350715663601061,0.1914819210382571,1.8116372613400995,0.1699090984976708,0.3706327541268749
P251,0-back,0.5246004546124601,0.19388542482217,1.9247944248309028,0.139114040448229,-0.1189445897851762
P251,1-back,0.5312717807610877,0.2030334829988449,1.7067020647928055,0.1572150423960714,1.060904125376957
P251,2-back,0.5339625597198564,0.2106057189588263,2.3233682157381392,0.1533453922906874,0.3795130326433227
P251,3-back,0.5333532882643831,0.1551734696215464,1.5192642950997586,0.1339283128048514,1.5630026872420666
P252,0-back,0.5276292476478279,0.1901646373000363,1.9949916961031684,0.1441270674190482,0.721617647443843
P252,1-back,0.6277631565676053,0.2128925292513773,2.025313136133477,0.1370091212011644,0.3242735413451881
P252,2-back,0.5916696267855414,0.1663610820316492,2.0553882978848304,0.1291972894756864,0.8390417466603287
P252,3-back,0.4315132612918085,0.2063229881513189,1.804210290811621,0.1600828340388528,1.1557822118107486
P253,0-back,0.5148590726858279,0.1953247244383599,1.898091763796944,0.1509082877397473,-0.2533018063813643
P253,1-back,0.4076474664043271,0.2160577247522128,1.8632506866674532,0.1616063799443483,0.4836530987184355
P253,2-back,0.5233018372569422,0.2007967218570945,1.9486725170848245,0.1497870967934489,0.9486518300242855
P253,3-back,0.6331416892833124,0.1624874603735795,2.6655426254525576,0.1340058421646754,1.005200558823293
P254,0-back,0.5315107145388731,0.1716554611894712,1.8638636261006156,0.1491105379022614,1.1704643708908111
P254,1-back,0.502370567603121,0.2146025262620514,1.6940684534869752,0.1547063196676745,1.1324152203034985
P254,2-back,0.5621313490406636,0.1891901774869784,1.6334934377867925,0.1472205172791102,0.3503709145242015
P254,3-back,0.5284112083997411,0.1922577174028559,1.7386248983549697,0.1432965129067952,-0.1206979976891202
P255,0-back,0.5644859121737088,0.1930009213699277,1.9154447897847804,0.1348368703762578,1.1806315668023375
P255,1-back,0.5831839546898706,0.1790734366428219,2.2294952931391845,0.1441996011225556,0.5131373466131385
P255,2-back,0.4434732326054552,0.2141507273062262,1.7851276269953449,0.1585996526508507,0.5379932201594553
P255,3-back,0.52455673644046,0.1910816335191715,1.722082089471774,0.1469018309680644,0.4833345817208231
P256,0-back,0.4148367513491208,0.2340992131725834,1.9736122492315544,0.1777119956543693,1.9471786624606693
P256,1-back,0.547724895086925,0.1925395845423366,2.161992253813576,0.1479217733584693,0.7160357764345372
P256,2-back,0.5253503590812066,0.1775229069580463,1.9731481156701,0.1378840715731522,0.6216276363296568
P256,3-back,0.5506361756733199,0.1734041817048044,1.9100259324931708,0.1287437298403244,0.946356239770956
P257,0-back,0.5550177171882535,0.1924781920034865,2.1702279337308266,0.1524655080315264,1.121203305851578
P257,1-back,0.4085851395639794,0.2256243543177716,1.81198050680546,0.1788335326247642,0.4417685156995921
P257,2-back,0.585644985011249,0.2105797002931903,1.980634305519157,0.1399542469109008,0.3636642863755993
P257,3-back,0.5737106941212823,0.1936355511955914,1.7389874432715855,0.1405341718253763,0.1775752996114987
P258,0-back,0.458889941151371,0.1986840938324262,1.854758778849472,0.1523598183680821,-0.2091569038433515
P258,1-back,0.4292683025856357,0.2227638930608936,2.127616689588486,0.1607096755910625,0.5664385139618875
P258,2-back,0.5198738812162135,0.1962558493774674,1.772057603219268,0.1429455891683331,0.2882890230029808
P258,3-back,0.3804657176081181,0.2184717038475105,1.873478645940311,0.1779142929280594,1.3957023864339764
P259,0-back,0.5194358284976026,0.2239841791142618,1.7980194601562502,0.1606229777843557,-0.0039844627964606
P259,1-back,0.4731330891755236,0.1851072224455562,1.7309394376645382,0.1469257604257177,0.7269315571393296
P259,2-back,0.4562781610623339,0.2128105096293327,1.9643185792009408,0.1629429158900312,0.9336517900172104
P259,3-back,0.4829470851601755,0.2422489000288122,1.9381982695027125,0.1621584977741335,1.1360725048545304
P260,0-back,0.4607434262259676,0.2332415457577231,1.7910271602230818,0.1688217781833962,0.0914163807130772
P260,1-back,0.4327414685032265,0.1984276197615227,1.8416482405965169,0.1628296622459912,0.5595702160704205
P260,2-back,0.5251824310215643,0.1865916208885712,2.000447992612452,0.1475735932716358,0.8104475029806137
P260,3-back,0.4805007880879988,0.1760685489599929,1.7600888903210108,0.1485213309524011,0.7487675257449953
P261,0-back,0.4540085126278598,0.2126555413241064,1.9545241382996732,0.1601701205141578,0.8935018308612079
P261,1-back,0.5885464542456261,0.1921473195319889,1.8099863337928583,0.1343264597537309,0.1813189065826192
P261,2-back,0.3833328554540519,0.201475710603178,1.7051035999530724,0.1573754263630467,1.369316935573705
P261,3-back,0.5248880876866249,0.1809769662420811,2.143955690499604,0.153350206610173,1.3067703912799824
P262,0-back,0.519374187745975,0.2174902753143726,2.04408543185628,0.1544969435631983,0.8573709499086617
P262,1-back,0.482805198751897,0.1985618007848681,1.834478968685659,0.1520558556729144,0.4212687865682407
P262,2-back,0.5593416469545587,0.1927756062191307,1.8803009087203064,0.141971065883507,0.0819984546541044
P262,3-back,0.6104874559979444,0.1886583758579694,2.1867609105543444,0.1355800174926114,1.1078976720675189
P263,0-back,0.5360603563293782,0.1781890479964484,1.748219132015848,0.1336220642942111,0.6494437401354873
P263,1-back,0.5173972457101088,0.1826146032520746,1.8396951874174896,0.1478037013116587,-0.4137478690334247
P263,2-back,0.5477390955568778,0.2122304250561789,2.023074043424618,0.152616165844235,1.1462660548356558
P263,3-back,0.5673138276801101,0.1804631379302943,2.132203539162397,0.1367944950609715,0.2157391766933766
P264,0-back,0.4673192373606953,0.1919098780944645,1.9365835809704328,0.154026744450782,0.9713333963197656
P264,1-back,0.5701320623057897,0.1965425528502237,2.2848394146620805,0.1418165925368087,0.9694005769578612
P264,2-back,0.4192131339326336,0.2072152761377284,1.826012366988236,0.1750915557818605,0.1637451142912974
P264,3-back,0.6435237446190903,0.1556159451431516,1.9274685112836771,0.1287950257201384,-0.6281745864389252
P265,0-back,0.5344239819528801,0.2052733086834781,2.008979385551261,0.1477086625594075,1.0527358241207434
P265,1-back,0.5429100783605867,0.1927444757655059,1.8823673956049911,0.1399651767590284,0.0565531912688635
P265,2-back,0.5269345268376944,0.189377925729336,2.1799369197277643,0.1494032869224426,0.0949956667300546
P265,3-back,0.5273584740622219,0.2001688928122431,1.816823071615807,0.1516565922715473,-0.5043102996265983
P266,0-back,0.5443147715102846,0.2210439505970689,2.152273266030309,0.1514371031568844,1.3151016890642395
P266,1-back,0.5609308402506015,0.1915668881910658,2.0205116236546488,0.1418817059499431,-0.3691980128049577
P266,2-back,0.5191300348673019,0.2082212179740492,1.9853028963102903,0.1457079448391803,0.7010121628626601
P266,3-back,0.5451043187054677,0.1842361807205796,2.35421227956113,0.14484911214797,0.6745736466920188
P267,0-back,0.5103963632168967,0.1939473502706099,2.097810594398511,0.1512686460832765,0.8400367200333025
P267,1-back,0.4879272238805793,0.191269829406063,1.9999250060478693,0.1539283821455807,1.591722342083965
P267,2-back,0.5064956711419645,0.1879254629940354,1.8078769153910583,0.14592388078956,0.1667942741148023
P267,3-back,0.5200129185803317,0.1958899487791557,2.289423441279464,0.1471110415617489,1.03332742925312
P268,0-back,0.4954468386196324,0.2201624480003904,2.004083129230944,0.1585213748928209,0.1787670903079142
P268,1-back,0.4485128813826471,0.2555529799768428,2.03141999168047,0.1690194896367372,0.9432155702754056
P268,2-back,0.5032127620047003,0.2192003595233942,1.9339688909127732,0.1524414917717573,0.8536394249309298
P268,3-back,0.5773307807072021,0.1916604810772182,2.0514058245014537,0.1332851196922305,0.1137844596034686
P269,0-back,0.5455818017325723,0.2011961170320398,1.969278805831968,0.1551322868543777,0.3819047475775502
P269,1-back,0.409131334529666,0.2281684567583639,1.8385160358936827,0.1764142804102536,0.0781922122552727
P269,2-back,0.5317212166331524,0.2249894962920103,1.8073605981050032,0.1530101133235461,1.2999350669175955
P269,3-back,0.5013753786807419,0.2043813020918042,1.864211661561823,0.146223809753787,0.7443354288036044
P270,0-back,0.4379494190699281,0.2262081939636478,2.04956665863686,0.1620233277898028,1.3366317375292955
P270,1-back,0.4391956936660806,0.2220890108386273,1.9944632303044665,0.1589615220130247,0.4931045523199126
P270,2-back,0.553086232163896,0.1479673557878411,1.8013531149772637,0.1498883113323367,0.1303313213725894
P270,3-back,0.4388859620463236,0.2282965270571346,1.972941408843708,0.167229888559146,0.4045449080879085
P271,0-back,0.4857723376149609,0.2133372312519364,1.711487713226049,0.1534866259940981,1.7413712587108845
P271,1-back,0.4566738108613316,0.2063690394901677,2.041044118319524,0.1683366894806627,0.4631003032093523
P271,2-back,0.5470180663358333,0.2031918398700445,1.6158449503459469,0.1508656942809399,0.9942589142947238
P271,3-back,0.5175746791893631,0.2009374111314097,1.8438258807851835,0.1574691431340831,0.3936063138767409
P272,0-back,0.4271404233871509,0.1996181987622589,1.8396217881267556,0.1646683804641048,-0.8197447433300865
P272,1-back,0.5343488423167876,0.1631601498860829,1.786167133705163,0.1521015765117851,0.386301972784082
P272,2-back,0.4664395603647071,0.2127055162089585,1.812065444944255,0.1559351393932841,0.4635813682689285
P272,3-back,0.5020203901866105,0.1844498023484734,1.9705741936745125,0.1488638910231624,0.70789740265217
P273,0-back,0.4322242138588282,0.2404879988694921,2.0674338837446005,0.1659389581061522,0.6532150818949621
P273,1-back,0.504311294415826,0.2070316021781963,1.5754212814813977,0.1534835765168516,0.9353121940138136
P273,2-back,0.4652965935318882,0.2047417231758395,1.866876164680477,0.1588350615101334,0.6955212371574908
P273,3-back,0.4436721272541829,0.2159732907522224,1.700295438501833,0.1580920753683288,1.4134343171784445
P274,0-back,0.423910922443987,0.2269941187982503,2.0361904380214075,0.1633790498816903,1.1149116941924015
P274,1-back,0.5691162459422705,0.1927986670899941,1.7361368433268265,0.1429092257449032,1.5282918795143037
P274,2-back,0.5395443726594676,0.2024501275256966,1.9369579488656568,0.1427338776569547,0.0369179838356907
P274,3-back,0.4886652832200606,0.2001410381254659,1.864229307123288,0.1589169425217501,0.7365239234941585
P275,0-back,0.4852113436614692,0.2172949935785691,1.6627351925507123,0.1632156119198075,1.0266728583270928
P275,1-back,0.5420941404358789,0.2009674267496198,1.5412325847756496,0.141393854485872,1.0710716155010716
P275,2-back,0.5824540113140153,0.2061002112027692,1.3862216241664331,0.1434551180356377,1.847867706058743
P275,3-back,0.4876637507904645,0.2179051191029832,1.723038853247041,0.1603328401954213,0.5146711955386436
P276,0-back,0.5147298578775099,0.1980393377137759,1.9633872896704352,0.1512565458952128,1.2144767771892016
P276,1-back,0.5517197391290385,0.2176933875531098,1.745330854511871,0.1509966012421886,1.094465507328839
P276,2-back,0.483628989957189,0.1726879097697381,1.6686145705569757,0.1575858164288664,0.76739873619246
P276,3-back,0.5305945005683721,0.2027850530009501,1.9196077776653029,0.1495361368330288,0.0242268321121258
P277,0-back,0.5124852938793254,0.2007883657793617,1.732850143236264,0.1540544550381454,1.7054141865669108
P277,1-back,0.4868589047583412,0.2090431801855244,1.7318099299659004,0.1561789609448169,0.7788400680098506
P277,2-back,0.5457201638238928,0.2101136089351362,2.077722157389149,0.1495242632435516,0.4793355347483186
P277,3-back,0.4778648384940454,0.1704816134457505,2.0307386040253363,0.1454662416140827,0.7930239731568733
P278,0-back,0.454050073127032,0.2270045622904728,1.8684577268589824,0.1620126428841306,0.529222105861659
P278,1-back,0.5217700169569328,0.1726216358863059,1.930869207473206,0.1434363896561232,0.1308961676372017
P278,2-back,0.5228300804778603,0.1924955254194301,1.8764277038188488,0.1484647787590486,0.0934932154192703
P278,3-back,0.5105375381402153,0.2117893565124362,1.6336921659513732,0.1593140610976585,0.8820352928562206
P279,0-back,0.4662353287489789,0.2224420649960816,1.7139457407494316,0.1669800727775946,0.4516850216842923
P279,1-back,0.4813735639109741,0.2017657349651569,1.8803246428640648,0.1607818897173058,1.6066681295135978
P279,2-back,0.5704922668147803,0.1990430990887416,1.7394480285908516,0.1614891596584716,0.718626073654402
P279,3-back,0.5004656568979199,0.230044814835319,1.8489258038171192,0.1626655063367496,0.1476058119620541
P280,0-back,0.5344108245044847,0.182983732580458,1.883497496988758,0.1556508649382872,0.580802650862865
P280,1-back,0.3405990733261306,0.2442360974768436,1.845466717873354,0.1712163550467033,1.0161454751165462
P280,2-back,0.5704710694915097,0.1756977061844433,2.34199657648927,0.1468736342008999,1.0737504771898538
P280,3-back,0.5254621165296566,0.1927348261512726,1.90731712335706,0.1438849605977515,0.6725299948149592
P281,0-back,0.517242601699135,0.2141813989498357,1.978779459970216,0.1423788293524621,0.309028316263984
P281,1-back,0.5190292950289909,0.1988215023126003,2.2799919265533357,0.1476582926282952,0.8640133393584176
P281,2-back,0.5828113908642447,0.1805643725161181,2.084824424002648,0.1510603748961251,0.5140669986329807
P281,3-back,0.6010179143992543,0.1617603993741464,1.9673465601795008,0.1291193011662644,0.2014546226374251
P282,0-back,0.4761656800996278,0.1798994662565037,1.959384294970314,0.1664844103658908,0.3044926711766881
P282,1-back,0.4707839627142485,0.2030462802233106,1.8103004887573688,0.157989659087981,0.9673665640133275
P282,2-back,0.4921503431198417,0.2080229499506665,1.880200887437542,0.1516063286095683,0.6959557820140518
P282,3-back,0.5497298806617495,0.1853060392446428,2.052771057587052,0.1445468600449804,1.311416182208459
P283,0-back,0.4717842233892089,0.215843715233818,1.9583016384588496,0.160753288022339,0.6489689655633137
P283,1-back,0.4833794320143476,0.2068961406303017,1.8307333088353115,0.1573501708921917,0.995976619470151
P283,2-back,0.4979486657360027,0.2366032616414008,1.9323465898895864,0.1654449463095951,0.3124086926772976
P283,3-back,0.5289057281126681,0.2033359491923641,2.1310153723369583,0.1432888958260919,1.714621617836096
P284,0-back,0.5482428393433415,0.1889032771064451,2.13563246270792,0.1409688898111516,0.8860630007370565
P284,1-back,0.4593644202883198,0.1949369799216476,1.893067212884101,0.156681020505823,1.0150402909710876
P284,2-back,0.4456560646966938,0.2070847526054694,2.2839829868020223,0.1605800760171074,1.6963172528087866
P284,3-back,0.3946016844149473,0.2202854219863825,1.7937665734095094,0.169444463183526,0.0592078134096143
P285,0-back,0.573092817626762,0.2063629524676819,1.898840997507781,0.1418821037830975,0.802589739745138
P285,1-back,0.5529998073969625,0.1997325599810072,2.198446941584532,0.145693143354965,0.6622820809169152
P285,2-back,0.4459578095312833,0.2087094586780451,1.702976955371422,0.1594180249432432,0.335102393595022
P285,3-back,0.5564030016077589,0.1924915627910942,1.9989320523913408,0.150985957444561,0.6884397399715151
P286,0-back,0.5758825858533965,0.1493694360368163,2.2153507970641475,0.1333484492503806,1.1463116623256489
P286,1-back,0.4937135134885589,0.2029357121882428,1.7204200975428523,0.1499867908265831,1.418858553191426
P286,2-back,0.396180300297858,0.2399815647217605,1.8191341813566884,0.1691354942016119,1.833767515088245
P286,3-back,0.5290331681230488,0.1859284380779653,1.8015817409872736,0.1444034743582005,0.8501335553707038
P287,0-back,0.4620591617998989,0.1999835895437741,2.1256075242770995,0.1547612485718054,0.7826832236775831
P287,1-back,0.4892731751955338,0.2083948208808365,1.906609492526228,0.1553153800198244,0.4470662429161588
P287,2-back,0.5503600753367998,0.1886363932995272,1.688357569498567,0.1507018491456314,1.604552981109952
P287,3-back,0.597520189781099,0.1972802015164275,2.060315910704738,0.1417877309904526,0.1414611859781148
P288,0-back,0.5549025217963134,0.1790868168698381,1.7773291368413064,0.1341914762859893,1.6306984970933047
P288,1-back,0.5921221584803051,0.1935592198745092,1.9167325958911048,0.1371671480415263,0.7650516726489307
P288,2-back,0.5146132173816895,0.185365216045644,2.162614978427168,0.1417522300286874,0.6744449704582174
P288,3-back,0.4885598448127402,0.1939032278451599,1.9964978259857515,0.1508846881781371,0.0106158191137607
P289,0-back,0.5149887102786306,0.2042423174219503,1.9222146010521284,0.1521079440142997,0.8853266152542683
P289,1-back,0.4726417536695486,0.2012171256972117,1.7614909608058624,0.1465563228751219,0.6602928221504588
P289,2-back,0.5841733385742761,0.1965660101649434,1.964221125336388,0.1371024027371805,0.2041995499508952
P289,3-back,0.4956304032424315,0.1979330232466077,1.980403524185248,0.1610737591289182,0.8114072383868894
P290,0-back,0.4451805371380983,0.2334806942162539,2.099064875052577,0.1611607935159319,0.6412472247501292
P290,1-back,0.5227078116700797,0.1921875743900806,2.070707204890382,0.1459402591911573,0.7288633819783303
P290,2-back,0.4574777457615297,0.2232470815629935,1.8609187706146844,0.1635800360257686,0.2569953209986947
P290,3-back,0.5144904136115036,0.1958449046071617,2.134421241282047,0.1526827517223328,1.2865420801333096
P291,0-back,0.4318958713572502,0.2180350690725172,1.8423911793633312,0.1635997664530806,0.285679430554659
P291,1-back,0.549212709678223,0.1710215694352787,1.7504755271047956,0.1305363264913941,0.949190780663708
P291,2-back,0.4824522209287,0.22562080827504,1.9745666971373543,0.1640102676629687,0.5662765566701149
P291,3-back,0.5877913569177179,0.1820169143390859,2.1184863789658026,0.1331799973009146,0.0301058740144533
P292,0-back,0.5894680180490733,0.2011762421154388,2.048008410138533,0.1390223535781642,1.2519247056898786
P292,1-back,0.4398525706569023,0.2137812260645356,1.9630337443906491,0.159281546244897,0.8765945540125513
P292,2-back,0.5653759261483364,0.1931812654958646,2.095731531048779,0.1519638107658259,0.4780986712224293
P292,3-back,0.5032049861555048,0.1877526925781432,1.7260290920573558,0.1525160242341754,0.7272505423060582
P293,0-back,0.4944466530783527,0.1996254696098387,1.9487140547484745,0.1530359309044154,1.0316085012084362
P293,1-back,0.5695301033871281,0.1705692664497126,1.856500694622912,0.134347744012307,-0.1769846454469931
P293,2-back,0.4682640648133705,0.2298602507149803,2.0672124032891195,0.1607665669414364,1.1530349619651556
P293,3-back,0.4133138417990808,0.2102986287039937,1.9171774245740385,0.1745189705541855,1.133161106114292
P294,0-back,0.461778862143161,0.2135176771778225,1.908732465186375,0.1558776582918506,0.3970934691594622
P294,1-back,0.4453198364086068,0.2011493405596634,1.6726486173843418,0.1583282243456964,0.7306130847149354
P294,2-back,0.5169250296393998,0.206987323326159,1.8721329353898837,0.1473748446086426,0.4440448973029307
P294,3-back,0.3810475083699829,0.2114408481988743,1.8413737685470803,0.16460563458357,0.4442975943301889
P295,0-back,0.5667511734780049,0.1983073513911528,1.753976276365634,0.1514334866191061,0.6844275730303225
P295,1-back,0.5427634466741412,0.1960866770890056,1.8946289211821028,0.1491550239314351,0.4019347943661785
P295,2-back,0.4852400939616391,0.2106903422312093,1.719994736596856,0.1542065916722081,1.1254857210001967
P295,3-back,0.5005090498840027,0.2009670423842725,1.9755028672933672,0.153803052989932,0.6543175407344968
P296,0-back,0.5676396890683709,0.1667646305026054,1.9431630804971176,0.1521261497571484,-0.0393991207262847
P296,1-back,0.3702432840658347,0.2241441535783714,1.8127434651080545,0.174093709823839,0.2743012003559861
P296,2-back,0.5308846252318209,0.181513509927559,1.8105315271038736,0.1427745207807032,0.6678781951115398
P296,3-back,0.4339394801907316,0.2142163926948702,1.750190110813321,0.1705282802860353,0.2512116152953553
P297,0-back,0.5976714358164893,0.1778716250407486,1.6964182797071374,0.1423150215167616,1.044544018181215
P297,1-back,0.5263683245327122,0.1927507840037111,1.9953156890457728,0.1478978990558805,0.0943497766244968
P297,2-back,0.4142980500166777,0.2031874672703706,1.9700533531563056,0.1620836020024096,0.7283636364618057
P297,3-back,0.5042664071980381,0.2060962782979878,1.9313880048504584,0.1618173658531777,0.8377085914508273
P298,0-back,0.5371107218348624,0.1726142351205248,2.0122045535618733,0.140106969916702,0.2720865552963609
P298,1-back,0.5566935306802925,0.2031830218660119,1.8968292824046211,0.1491455731694147,0.3971189088992613
P298,2-back,0.4693410613498187,0.2000577276515135,1.9337911810603376,0.1480565637442255,0.7268922876046893
P298,3-back,0.5485831086652024,0.1998979032224785,1.814383252473433,0.1501214072638876,0.5047460388033801
P299,0-back,0.5055228577872743,0.212642967054874,1.876711647922557,0.1585443611844798,0.0308355703942985
P299,1-back,0.520826551614122,0.1995598414939949,1.716449774595779,0.1450856229455157,0.2575335920870797
P299,2-back,0.5008614193596194,0.1908252460412858,2.071697901687783,0.1478315335359946,0.5478740497001275
P299,3-back,0.5980699736270749,0.1742319991323924,1.9625237652064904,0.1280384096083416,0.0177533576500001
P300,0-back,0.5789408446206328,0.1842487965512014,1.803834008497065,0.1301404008918931,0.3512856413763493
P300,1-back,0.5288537010691675,0.2088114227043948,1.842727677157685,0.1565582008770218,0.0185564752719913
P300,2-back,0.5067706826419145,0.1926954044954981,2.064057663046583,0.1602270687962007,0.429243346346086
P300,3-back,0.3833652907454883,0.2322052121129431,1.8528329043152256,0.1708088480295439,0.0482911335568891
P301,0-back,0.5343267418257152,0.2162438499730359,2.0435125527785587,0.1492689990886257,0.7688444241535372
P301,1-back,0.5967187507227488,0.170700875474922,1.815865831140233,0.1352111879594723,0.7009020278604011
P301,2-back,0.5561944131550807,0.2077016486428863,2.047023379664154,0.1449325842241898,0.4666090858799759
P301,3-back,0.584765474335577,0.1811350544989394,2.166439914764688,0.1381080424424017,0.585920561248033
P302,0-back,0.4414904824064562,0.1788038354914153,1.905783259794349,0.1456647284034863,0.9096257436655844
P302,1-back,0.5194450265337138,0.2033265896847003,1.853653327031151,0.1489675066703204,0.6324902399742177
P302,2-back,0.4412524245258543,0.2069374410248543,1.7308154045342663,0.1572549279961645,0.7597580248894975
P302,3-back,0.5176250546949217,0.2068149004240976,1.8880124301774377,0.145861238877494,0.9337273667152786
P303,0-back,0.4847157467202416,0.2107836469932352,1.9774551270340104,0.1528685020777762,0.9154856997279436
P303,1-back,0.477508336406983,0.1988270971085299,1.9982031778404183,0.160394982509883,0.125221182634365
P303,2-back,0.5533699454782387,0.1898719758817082,1.9876085238021592,0.1412535028237742,0.0356081008467068
P303,3-back,0.3728799780273109,0.2353900725965202,1.758322662507383,0.1800082283227094,0.8651046324108568
P304,0-back,0.6081082314023455,0.1944480363859917,1.854478226747696,0.1471185038854329,0.6766321039340832
P304,1-back,0.5338028902721124,0.1968416404945264,1.9085380028264056,0.1499223351815519,0.5272049404488776
P304,2-back,0.5612090176669021,0.2175103131339552,1.7598096276716748,0.1483994275892566,0.8167855175708587
P304,3-back,0.4558322162692326,0.1893300067409848,2.05608715346582,0.1543841037358635,0.7371733477157343
P305,0-back,0.5570039664491769,0.2086956961377122,2.5863885691131827,0.1378461101284392,2.161502943953413
P305,1-back,0.5440546670860917,0.2005147552785196,1.66307579531477,0.1459353725211135,0.8443471378498458
P305,2-back,0.4951631934433423,0.2097439291506685,1.9736159864577532,0.1558138349310501,0.1562499029784661
P305,3-back,0.459536686454257,0.2323803170802141,1.8951921361260575,0.1651325250547244,1.391396349038177
P306,0-back,0.5175961704522579,0.1998541511925517,1.76174356546851,0.1522621540650265,0.7508065673227903
P306,1-back,0.5709613361394958,0.2217447110689141,1.801368187795762,0.1609601970239105,1.1950885128412942
P306,2-back,0.4254596485897546,0.2127107948331464,1.7915947518009947,0.169913162100551,0.7016054589991111
P306,3-back,0.5784265980830096,0.173963504230607,1.774793941327898,0.1441448241555004,0.6016366550020521
P307,0-back,0.5108254025869642,0.1984151090805894,1.9246761344265448,0.1473243252591153,-0.1627672321480962
P307,1-back,0.4744840456134696,0.2137863181765723,1.8256553541227003,0.1553960448297365,0.8553643224610264
P307,2-back,0.4515505021624818,0.2245174011280784,1.931701533142057,0.1580527642797748,0.0438076967392993
P307,3-back,0.5222715925240831,0.2017629238113399,2.059949029723472,0.1439470392185208,0.4962202842683774
P308,0-back,0.5116785176188348,0.198354332276968,1.9131878346999671,0.1472155582667923,0.786291413827445
P308,1-back,0.556523942252117,0.2095245341853201,1.7317495527640778,0.1515872106171711,1.1212568593733447
P308,2-back,0.496356261679528,0.2008846373897092,2.022335285493803,0.1583066908088149,0.451486603583969
P308,3-back,0.4369462577445104,0.2188812466452559,1.6745971265059798,0.1599443213013124,0.5023525881581593
P309,0-back,0.5344887211956137,0.2113538206225886,1.922819510014364,0.14530161063872,0.8321250996261198
P309,1-back,0.5851976657884785,0.1749315782681555,1.9528637828700748,0.1434413110878577,0.3147919075712365
P309,2-back,0.5257869876194676,0.2035297986104902,1.723628895444688,0.1493418563188812,1.590570161736929
P309,3-back,0.4291121155906202,0.1988059963937329,2.120001919517209,0.1552496317486575,0.7623078530798287
P310,0-back,0.5794669285954532,0.1863787061520707,1.932524151008969,0.137595815895255,0.3599979920334579
P310,1-back,0.4173937928740583,0.1977002980642016,1.8212202573484528,0.1705015149699152,0.3465630103049361
P310,2-back,0.514162085295377,0.1899388582436054,2.000865812913976,0.1503327848638505,0.3521100738267977
P310,3-back,0.4245295632030683,0.1869416192403739,1.8572037914497748,0.1548762948472178,0.3033121794622012
P311,0-back,0.5487551486221748,0.1977323613287384,2.163033593437695,0.1516553537628628,0.6918227184426645
P311,1-back,0.5445086156689067,0.1864399124334893,1.659829761760374,0.1436566909836662,1.1101162779656364
P311,2-back,0.4790040287365816,0.2310470160201033,1.7775055520402412,0.1684819803393726,1.1811671153687808
P311,3-back,0.4535136801272781,0.215908847118311,2.016608031374888,0.1547134604524937,0.8245977839347115
P312,0-back,0.4693559825401664,0.1906372578822309,1.742997480111661,0.1527118602165578,0.4637554978454469
P312,1-back,0.5853582910707482,0.2102053707228381,1.7665692266425397,0.1394824390715891,0.0699629233166847
P312,2-back,0.4843966345498894,0.2054175898545385,1.5823045086232663,0.1555079101979142,1.399876229478708
P312,3-back,0.4962483726326326,0.1797061953288155,1.7357487457403196,0.1630229075618346,1.1879363454034984
P313,0-back,0.5537912819318469,0.2005945432854921,1.9057313087496428,0.153804799079975,0.2420820703365154
P313,1-back,0.4688409433703176,0.2084914078775932,1.8471014874492877,0.1522973819846979,0.7035371406473359
P313,2-back,0.4576557732445006,0.2222485969340645,1.644683330045286,0.1587475681730082,0.9490319213714477
P313,3-back,0.499505920326305,0.2077918833389191,1.9598360219955264,0.1497675243841811,0.6928750167946847
P314,0-back,0.538165363511396,0.2047690954281749,1.7459306040971332,0.1474130490310635,1.6475681926371302
P314,1-back,0.4337653134282827,0.2428434084610106,1.948785811622252,0.1806824537017193,0.2160788943418347
P314,2-back,0.5157977758831559,0.1900449757020038,1.968320429478245,0.1443268465652046,1.0833790969889296
P314,3-back,0.4934505268164779,0.2065225971285698,1.9365211623949932,0.1508007083551902,0.4050917443669177
P315,0-back,0.5455260221038754,0.1703495460486468,1.7709835534325664,0.1337106488528974,0.3138712147969391
P315,1-back,0.5138751124678018,0.1716400364296018,1.7978425427520566,0.143478866018155,0.4283505175656664
P315,2-back,0.5311827899741082,0.1897633852928574,1.522911547019231,0.1461450821282525,1.572204987441809
P315,3-back,0.4146732942320086,0.2255144618603999,1.754604297654685,0.162429796230387,1.2110840921035524
P316,0-back,0.4377283607915226,0.2177143079555749,1.82352947935702,0.1668298723628561,0.1951969724278887
P316,1-back,0.5388340084637703,0.1970480090667891,1.617814141716948,0.1510614927754516,1.103259571614447
P316,2-back,0.54625014598813,0.206243997299947,2.2456808484493096,0.1535565665829707,1.4121997807229634
P316,3-back,0.4562760540996507,0.2214785703377609,1.8455231946234767,0.1769902094263844,0.8719606300445255
P317,0-back,0.4232400225449235,0.258706674377005,1.7457097316660035,0.1765521734003828,0.3680549141740136
P317,1-back,0.4949965700937348,0.2143151447303568,1.7624733424586911,0.1533599892773052,1.0284784936906033
P317,2-back,0.4561996455800281,0.2155238462785147,1.736001843355482,0.1635048996508751,0.4913439938285774
P317,3-back,0.5046213747178305,0.1936420693306151,1.861971699463236,0.1427334063336345,0.9171387385840152
P318,0-back,0.4606730047710022,0.2134939930787223,2.086450084479734,0.163065306869111,0.9874011359793016
P318,1-back,0.5281070140251503,0.1834637744553832,1.7210401572291478,0.1357209775103135,0.6537294074316201
P318,2-back,0.4307649166726042,0.2207284571094818,1.7076504531751115,0.172026087787478,1.020073808552129
P318,3-back,0.4966975113966174,0.2136524072833998,1.638876952146498,0.1528374464060428,0.8609135505714403
P319,0-back,0.4536824498617076,0.221904989233154,1.8474968326207784,0.1676714698422003,0.3719964176905132
P319,1-back,0.4448552893909826,0.2147878047797756,2.1612675193780126,0.1630258999159353,0.9906886763683782
P319,2-back,0.4359792932250254,0.2133151563719712,1.7812597882926506,0.17108401516428,1.855885911594504
P319,3-back,0.4276359812598969,0.2171427862123276,2.0875422085216906,0.166985252080344,0.8525246890844027
P320,0-back,0.4818833444061651,0.2075591656254594,1.9809271563247064,0.1537467950018945,0.1736660806406364
P320,1-back,0.5175256059477302,0.1872315005982457,1.937661324616092,0.1528294019639788,0.1919999695232255
P320,2-back,0.4656005644495031,0.2020575578788852,1.935085747770376,0.1726293510400448,0.6587342096091923
P320,3-back,0.484647164981887,0.1999292029531565,2.091088376873547,0.1497619930495137,0.7135260846254099
P321,0-back,0.4948953144411555,0.2248161691925004,1.9439528921059432,0.1547452580954395,1.151658039721111
P321,1-back,0.5927272493641008,0.1646828486850414,2.020936845605648,0.1320940291943549,0.2788355914116154
P321,2-back,0.531999720991929,0.2007710816068829,1.8406431070392584,0.1541128856903929,0.5116817775075063
P321,3-back,0.5167028289328541,0.216357362204997,1.518240063324244,0.1611280943179869,1.331818314017348
P322,0-back,0.5030431451192531,0.2237252867547663,1.4682735992186136,0.1469182949532711,1.322570449981704
P322,1-back,0.538480621327592,0.183497022476336,1.908223000464252,0.1336872543383053,-0.1107289243860108
P322,2-back,0.419494356416363,0.2534151459799839,1.8787991557769967,0.1775257672916044,0.4099029342228885
P322,3-back,0.4582312098199252,0.2290640394579865,1.7834161365136416,0.1625128358362788,0.297592061162691
P323,0-back,0.3164266255703056,0.2718778316383055,1.7095926228373552,0.1892347967278265,1.0354800351307494
P323,1-back,0.5829591573930741,0.199225385887321,1.913062228674644,0.1502665435219753,0.671571795260792
P323,2-back,0.5143379372635193,0.2052505192500045,2.0001844814552534,0.1569071158926224,0.599415481645274
P323,3-back,0.5316848541779452,0.1986742629040805,1.7675501918832428,0.149986755666457,0.8769909312537133
P324,0-back,0.4823779582300346,0.2015850985621065,1.9145870842548405,0.158600136755483,0.712224865692803
P324,1-back,0.4215449437528402,0.2206743186197123,1.8038197437809604,0.1625780005997846,1.182072511033861
P324,2-back,0.5673070927199629,0.1901444342047516,1.9060706157180467,0.1426637865737166,0.5479957440363528
P324,3-back,0.4302071356313203,0.2367260003052014,1.7822915365359882,0.168751638750217,0.6158363957448306
P325,0-back,0.513972705807799,0.1960014415726179,1.9209783630751875,0.1427528574231124,1.1459599410927055
P325,1-back,0.4544392304532961,0.2171684519239339,1.8587189390937824,0.1700390368156423,0.2793816327328602
P325,2-back,0.4780360992814899,0.2130986476287936,2.1314104851905777,0.1574385131260764,1.503055790206353
P325,3-back,0.5264193194896054,0.2200172180596653,2.068853716830349,0.1537080961456624,0.3644423318981476
P326,0-back,0.5221987447826986,0.1827121437371496,1.7013201448256996,0.1488546555844721,1.4547643305615732
P326,1-back,0.5938075486282128,0.187985418971209,1.8742420560749349,0.1367184554146869,0.6653245803565743
P326,2-back,0.4777442967471145,0.2047366528194295,1.7454616783857608,0.1578256268668044,1.2710740992885865
P326,3-back,0.5274685137093887,0.2124062299598812,1.6486546034636675,0.1574184668809684,1.4109592547765966
P327,0-back,0.5046719093577428,0.1960096174107215,2.0564238129509214,0.1443408642830546,0.0654457065055349
P327,1-back,0.5046255178275789,0.205067942815759,1.9691203106989423,0.1463206314448037,1.2658380538538068
P327,2-back,0.4721756897035813,0.1859913762753299,1.9443669707942208,0.1545545271290985,0.7425893451373694
P327,3-back,0.478687836588336,0.221646487527154,1.904937182980013,0.1552474092548312,0.6573317581117547
P328,0-back,0.4352324115537226,0.203878011906012,1.7725554728160304,0.1554611955390352,-0.3255389388685801
P328,1-back,0.4258028525716217,0.2362703597909276,1.9932586933694303,0.1706563713862168,1.250216857242625
P328,2-back,0.4413963887009466,0.2003137325057304,2.062832064198526,0.1620554391840095,0.7677324286199314
P328,3-back,0.5224269117144633,0.201266313102539,1.921638036618008,0.1540336085217448,-0.0124426449768932
P329,0-back,0.5040912187277592,0.2162761897538022,1.760982814619128,0.1575152703418699,0.9005349687461844
P329,1-back,0.5036576904116641,0.2143467849743921,1.9152930483804076,0.1431653356158015,0.5946199307315648
P329,2-back,0.4784102038938881,0.2359151012279952,1.794394914527877,0.1565662844715833,0.9591843892317632
P329,3-back,0.5608679317263515,0.1822000225068152,2.342143908278981,0.1434062475069907,0.8973145193995358
P330,0-back,0.4266402905045529,0.2214583595538664,1.8960829423974237,0.1704725569435522,0.7860846211048877
P330,1-back,0.5318575447318478,0.2013214570268673,1.9118472125230728,0.1533589778104575,0.0784452338099114
P330,2-back,0.4660271429120864,0.2012147215585637,1.7543759275061592,0.1472236024988586,0.3421719048963543
P330,3-back,0.5175548779119394,0.2088852294004005,1.807897269767424,0.1549729239511986,0.608352539794387
P331,0-back,0.5799059478215048,0.1718603355220695,1.965970603373893,0.1385037876957116,0.1881971732799654
P331,1-back,0.5632788708801167,0.1775281558142847,1.8349085429549743,0.1339473267460206,1.022593239984002
P331,2-back,0.5060791711009663,0.2167968606326528,2.0075063970935885,0.1514447115953069,0.6763289417173743
P331,3-back,0.5091019920433999,0.2108879734888449,2.015309927135372,0.1524361697885302,0.7572159689753325
P332,0-back,0.5213587606876615,0.1587823425251969,1.842788457827773,0.1355437824776218,-0.0376864691962453
P332,1-back,0.5040708329221811,0.1728096602400356,2.219920571764613,0.1559780886384264,1.575882726309152
P332,2-back,0.4618139901743489,0.2103175861463431,2.061439872462511,0.1587322505847885,1.2330966239892018
P332,3-back,0.5047096627956954,0.2108360305413202,1.8421702162301263,0.1497697186332686,1.192992851376654
P333,0-back,0.5570557461706491,0.1637161765536292,1.887520889909703,0.1272732894286694,1.0651221538468822
P333,1-back,0.4402020740823869,0.208252123551886,1.8153288216770869,0.1646594785188477,1.484145940736865
P333,2-back,0.5290795394527554,0.174055326352014,1.969121465731136,0.1545261174605567,1.1835536979738683
P333,3-back,0.509380357869798,0.1914278495492701,2.1191814500236235,0.1442059674777119,0.7598072215764026
P334,0-back,0.5901709449487762,0.1669641545585,1.8393837938080837,0.1274826882130768,0.2793633633926532
P334,1-back,0.4611529748520664,0.2232345981317146,1.8817973669052424,0.1607135309669216,0.9724502880850564
P334,2-back,0.4828290543752845,0.1968446140996973,1.6301541304083105,0.1532194040324992,0.6482994885757021
P334,3-back,0.537953754966977,0.2002688188193268,1.7992948540228804,0.1456080796737188,0.6464233056209171
P335,0-back,0.3835247544816411,0.2080033110475937,1.7736724909463664,0.1714667218306108,2.0204285430363638
P335,1-back,0.4564139551583023,0.2097783147146385,1.8973258530634496,0.15366901793539,0.977722892526286
P335,2-back,0.524338025024272,0.193354650853564,2.0087192505423017,0.150804984093875,1.265981608882568
P335,3-back,0.4680830841415512,0.2029113518186731,1.7518181080531714,0.1503340510391602,0.4115027179014877
P336,0-back,0.6354154713930388,0.1604727962732414,1.8195204518982493,0.1219463343692802,0.675494027223675
P336,1-back,0.4647322032189155,0.1903070491268649,1.51552251411169,0.1388661495295567,1.3935299432977797
P336,2-back,0.5624502139919391,0.174879471960365,1.6506821354708827,0.1394759345712402,0.9307889045480436
P336,3-back,0.5430990939218785,0.1896747837477864,1.643593566582337,0.1458702803144748,0.4682504544003312
P337,0-back,0.4990492020775721,0.2096777104917012,1.960143092998119,0.1529062727613383,0.6379669323296733
P337,1-back,0.4534205022452494,0.2059445805756875,1.820022140356007,0.1571177241134436,0.9820037615575856
P337,2-back,0.4914896713749351,0.1908547068491375,2.103508065594875,0.1579386174420182,0.7629808600836582
P337,3-back,0.5227953538874287,0.2182267271629063,1.8870814404786689,0.1544260922613725,0.6423998837885544
P338,0-back,0.5346767917290649,0.2083626114242603,1.96925701825214,0.1389000192573491,-0.0155280500639479
P338,1-back,0.5158286398070373,0.1826846062207286,1.809688198211342,0.1471771035737577,-0.4540066248390867
P338,2-back,0.4952891053755315,0.2155371710969198,1.949191664653956,0.148594253678201,0.7592964599548604
P338,3-back,0.4707684096141979,0.2045168331411677,1.872602368646366,0.1482754181984556,-0.4289808670854685
P339,0-back,0.503884730526344,0.1895141615855184,2.093468062483021,0.1485759555613595,0.1063712444154477
P339,1-back,0.5657490468066122,0.1859841162340845,1.9741369268119389,0.1345582944979595,-0.0239066271972809
P339,2-back,0.4664490593947609,0.2066194717003724,1.8967140948887509,0.161173820360325,0.1071623636979424
P339,3-back,0.5515980112933739,0.1612961894640946,1.6615156802702964,0.1363947406831531,0.4379254501101648
P340,0-back,0.4974933398844897,0.21334028279929,1.911467435748217,0.1609279531297729,0.5132528633253614
P340,1-back,0.5234688290206972,0.1702356625252056,1.8010607464992574,0.1396385785080834,-0.2637316638070142
P340,2-back,0.5475950697571713,0.1937110957523234,2.0607114988356487,0.1439828631581864,0.1062080720035344
P340,3-back,0.444198685850067,0.2155003523067898,1.850857929664684,0.1570836483373953,0.6574243870938228
P341,0-back,0.5250670177146681,0.2241725368176718,1.9560585748564627,0.1498120843222751,-0.2065538416102171
P341,1-back,0.5064810669893596,0.1755675064919636,1.7722245980385547,0.1403821697794667,1.4191019076497868
P341,2-back,0.5277412613946554,0.1959519527044184,2.030308518690221,0.1501017979638805,0.8174452126561188
P341,3-back,0.4557431551499247,0.1928974582401472,1.947300534687309,0.1536321486990289,0.3357553892894758
P342,0-back,0.4749527908186803,0.2059273238111668,2.0838090194269,0.1601812336806436,0.7090517233290291
P342,1-back,0.5716633287504623,0.1770068392207752,2.4513671000199446,0.1432120431907534,0.7117820538425516
P342,2-back,0.4647102679070369,0.215691508734673,1.994010006586297,0.1510971458778432,0.7899065935345745
P342,3-back,0.5184424542838431,0.1713694773657219,1.688775223069827,0.1383687519928748,-0.1747782571449067
P343,0-back,0.5975839449496905,0.1868060222698097,1.9011212560855528,0.1360285588276542,0.4392485444311749
P343,1-back,0.4886425391720904,0.1943817375247568,2.117548057268964,0.1661361636243754,0.9770036928275712
P343,2-back,0.5155256489163148,0.2008756769925268,1.8344266226977584,0.1573998487488132,1.0443361129617592
P343,3-back,0.5316832195839889,0.205706292842084,1.8538615040418136,0.1416150749649442,0.9194112480318848
P344,0-back,0.6127490323622367,0.1408751106196589,1.6396721726925707,0.1147573679636554,0.6157030087081599
P344,1-back,0.5149281686496547,0.216873761648009,1.9639806710460488,0.1537879754844996,-0.0632534801159363
P344,2-back,0.6139490325770459,0.1883968025547673,2.3247488324358727,0.1284957073374044,1.0938145647758672
P344,3-back,0.5560015702152193,0.1969202136637701,1.9685878509003325,0.1418155436545068,0.4329586396773526
P345,0-back,0.4893979942722655,0.2067543693844562,1.9540953302444437,0.1482191065078605,0.2368690776653783
P345,1-back,0.5477986165421671,0.1757698825887816,1.9557723446867288,0.1345098606166789,0.3873648755311936
P345,2-back,0.5235399523305336,0.2105989984769055,1.9471752823752728,0.1455607652520254,0.4179105624989913
P345,3-back,0.4789821988572852,0.2175097581666867,1.81726008634543,0.1645817425494175,1.2742110687115284
P346,0-back,0.4907749771751481,0.2172474232287502,1.8193916991182688,0.1502605048093654,0.9233804290358956
P346,1-back,0.4792631799931062,0.2013665523806674,1.679681317498009,0.1526140278137582,1.0133770880247672
P346,2-back,0.3191536316048304,0.2219186063338832,1.86066186760457,0.1811543208063673,0.1630048744758114
P346,3-back,0.4830561504433701,0.2067258326751241,1.7559521001527358,0.1508937899215704,0.2834105219242552
P347,0-back,0.4910329864968631,0.2209534583951118,1.736770239681935,0.1572136954622695,1.5465046999814234
P347,1-back,0.4923532353175401,0.2329876794382627,1.9233644698710397,0.1571730442807649,0.6361064668912418
P347,2-back,0.5813746242725231,0.1636790351422538,1.7296681339075382,0.1349961709894356,0.9003466227604484
P347,3-back,0.5042203558437424,0.2044253673400616,1.8647600975875456,0.1633296324621828,1.424003155773572
P348,0-back,0.4875583479257143,0.2225267291659221,2.072560216621997,0.1555390844503098,0.1993268338959205
P348,1-back,0.5131658149932098,0.2038628447431172,1.9569261655359131,0.1481071073556267,0.6614067068836669
P348,2-back,0.5408935414970995,0.1680068830387371,2.334209937040948,0.1440668577778042,1.626359345005698
P348,3-back,0.4409521115929337,0.2113619379602731,1.9038400250881864,0.1627566396855709,1.1802920353675237
P349,0-back,0.4857457340485364,0.198638137360834,1.8106378678021895,0.1464859000355218,0.7371449745737599
P349,1-back,0.5764176694191893,0.1818878856627576,2.0249264276178427,0.1474307525379168,0.206270228147428
P349,2-back,0.5437011035476864,0.1980011336862054,1.83381891193358,0.1459295960186006,1.071616656053885
P349,3-back,0.5676891911898841,0.1896398475421663,1.8554989311275585,0.1425036403663315,1.311202552290906
P350,0-back,0.546786352044425,0.158915147493615,1.6171978124490762,0.1384344115437502,0.9252110908738354
P350,1-back,0.5260047390346531,0.188940416033432,2.1713096807426533,0.1510991123639839,1.5985200349959392
P350,2-back,0.5173819758202682,0.208446497632145,2.093986620812512,0.1579863153259718,0.6607825048689674
P350,3-back,0.5263159470299295,0.1857631041006473,1.7649072161692283,0.1392922515440054,0.0416971270729538
P351,0-back,0.564849471294134,0.1935972273090361,2.4891078772533985,0.1452144248952897,0.4849695258916782
P351,1-back,0.5406688201477224,0.1921940255688337,1.8591841044696584,0.1430315679843893,1.1676467268198178
P351,2-back,0.5263353224985887,0.1952396623784447,1.9455496163966877,0.1560750437473041,0.973118025000018
P351,3-back,0.5033728744155316,0.2101232794927527,1.955097316139027,0.1608941325093833,0.7199872704263324
P352,0-back,0.5000508020704194,0.2052830756256376,1.851884419301507,0.1530754830726201,0.3956761751879248
P352,1-back,0.4712030099004097,0.2451835808830837,1.6521403718632763,0.1649060532211952,0.8350341799481703
P352,2-back,0.4748947430003894,0.1942162612897333,1.7696403637159002,0.1537165048458045,0.1519902820420774
P352,3-back,0.4723094022875869,0.2099709395406536,1.633202460611305,0.1656249368665213,1.33425026113082
P353,0-back,0.5464941128739746,0.160277022774591,1.8639898600971716,0.1343383689115526,0.2183256894635174
P353,1-back,0.518307605812111,0.2150127195838801,2.041756924131085,0.1588081996927876,0.3803670603277672
P353,2-back,0.5319604005432607,0.1866532889780511,1.7774152933585792,0.1421805642128181,0.4069789640550966
P353,3-back,0.5038090847544249,0.1885934190210229,1.8992313272958656,0.1557489395050888,-0.1010193554653646
P354,0-back,0.5290998988962337,0.1943817338235778,1.841797086415664,0.1446852498437352,0.069466754962925
P354,1-back,0.4146051109819432,0.2354761403545143,1.6980979979191806,0.1710476404346959,0.3970253776675363
P354,2-back,0.4945348860684621,0.1879914271098824,1.9322460745679428,0.1461667755958926,0.7867421874840218
P354,3-back,0.5099538717426346,0.1958279537569772,1.8583170140625016,0.1566730872635542,0.4340194259811758
P355,0-back,0.5022204825223258,0.1966189772905691,1.8354728035479373,0.1517183483153828,0.5558653046763815
P355,1-back,0.4828818195866227,0.2170053450007347,1.7095061347932892,0.1674783301244245,1.2224003268811936
P355,2-back,0.5068325775757635,0.1964861759894273,2.074727816403896,0.1450217604872258,1.367595915328619
P355,3-back,0.5048244341855489,0.2029037180522007,1.7429626250296246,0.1511498129472545,0.5467929386587901
P356,0-back,0.5626835577286314,0.1810236604383432,1.943311858914696,0.1353494097812277,0.9835076945669462
P356,1-back,0.5475909247238171,0.1907133926270806,1.8406558383081693,0.138381248178658,0.1662384268800824
P356,2-back,0.4613021550494769,0.1904009296241657,1.861672865299472,0.1539317820012434,1.434383741144006
P356,3-back,0.4368039965651367,0.1913212545167096,2.01669780658779,0.1619749540118686,1.5815733320362388
P357,0-back,0.4693871155514291,0.2111455925110582,1.762089831210149,0.1541609214137589,0.989808979235042
P357,1-back,0.4622260522613521,0.218763100880769,2.021961424809974,0.15500835170885,0.8357381787321599
P357,2-back,0.5966882289207254,0.1530527730289158,2.139831150329894,0.1275895660858279,0.4891651216942666
P357,3-back,0.4237086162660406,0.1894203017202964,1.9684059971362768,0.1573776259383202,1.8614111187651652
P358,0-back,0.3982220148663105,0.2231519463343612,1.7175762752148356,0.1659529468434252,1.2190322918905072
P358,1-back,0.5224373430695364,0.1690140528547481,1.7970277005427029,0.1390215900469496,0.8729731886279428
P358,2-back,0.6002634231627438,0.1721662264926376,2.0560488545408013,0.145254264615279,-0.0019291111115578
P358,3-back,0.502182412137646,0.2055572924089229,1.8190305117523644,0.1506926264129469,1.2832504534788918
P359,0-back,0.4715705171373578,0.1926805703642846,1.965028576321092,0.1584096488561497,1.555208994774232
P359,1-back,0.4452074408261851,0.2051145302020244,1.6051962796511574,0.1556536840659765,1.5293995184084703
P359,2-back,0.5904377184492507,0.168169683284804,2.0974236567304607,0.1378633619105185,1.089529530767121
P359,3-back,0.466430945996278,0.2032525675302113,1.9090059713197307,0.1628118882477456,0.266205249252293
P360,0-back,0.4936023368878287,0.1812477186212358,2.201251663206717,0.1626620074549263,0.7483901343858004
P360,1-back,0.4213429534328963,0.2107036317251667,1.7743790049454038,0.1706087608974024,0.904629459504915
P360,2-back,0.459669463924747,0.1937934047737791,1.8831095584058124,0.1585141059403301,0.9614230643731764
P360,3-back,0.5159735585747967,0.1741290456787203,1.8069089202353463,0.1439336660317194,0.3383081469318
P361,0-back,0.4260596005499534,0.1946270933401266,1.8836416649308687,0.1717606876261939,1.504242684778598
P361,1-back,0.3608568903317847,0.211430769876953,1.7075276405263748,0.1652237416009051,2.372268223387201
P361,2-back,0.4791212074478473,0.2004428004999365,1.7111292022022864,0.1579133109111252,0.5083198473998407
P361,3-back,0.4825663172575776,0.2239950774943843,2.264964354993217,0.1684817558418345,0.0068886321310591
P362,0-back,0.5977825136560491,0.1837967626797121,1.7803532778596525,0.1251029249642102,0.6204959269516983
P362,1-back,0.5055340586371347,0.1931063771929468,2.135797833335753,0.1402846348514593,1.0939624107698398
P362,2-back,0.4987319005735958,0.2125708072461486,1.9594475844637909,0.1568015350843611,0.7437477583279319
P362,3-back,0.5022682724332753,0.2198725710642758,1.9231346707402308,0.1551950900741447,1.0225733957670926
P363,0-back,0.628739885797345,0.180564176046182,2.174596424595185,0.1224320834166453,0.7014386230354894
P363,1-back,0.5508364256732584,0.1944306953410286,2.0247164557090094,0.1422328249360697,0.4129018847975736
P363,2-back,0.5289676156230539,0.1965696167203324,2.0147645587337606,0.1371996223465982,0.7826718138569762
P363,3-back,0.5344970077084067,0.1967817464582656,1.7507383268041616,0.1521393236325174,0.9860692525338371
P364,0-back,0.569717968406546,0.2065402009151689,2.044806698551302,0.1489905575470481,1.2938685195442146
P364,1-back,0.5109831381423321,0.2282941724435682,1.722784105955398,0.1606923042912274,0.0060987668485321
P364,2-back,0.4914501880429154,0.2158436581715726,1.9942291906570544,0.1537700308328869,0.9146882760935116
P364,3-back,0.4396671994754972,0.2061639805067756,1.912135375192928,0.1559916021421963,0.8683225958199926
P365,0-back,0.5221495955479594,0.2003625970362903,2.1507578523285167,0.1482503408184198,0.9910938941210934
P365,1-back,0.4269263751993843,0.2188495725574248,1.8452966816814749,0.1679152227646616,-0.6118115510590083
P365,2-back,0.5365772201674441,0.2069644435208508,2.090989928617776,0.1479569524313722,1.2390303682288355
P365,3-back,0.5041361010657814,0.1891591937417781,2.1307696810594234,0.1527080777016276,0.2001162036507518
P366,0-back,0.491375319875831,0.1704876159341047,1.9387097204799768,0.1434970032086644,0.8859053372438963
P366,1-back,0.4448090042013196,0.2230572365846012,1.7470318055561365,0.1731625336168193,0.8688295172042857
P366,2-back,0.673053880524694,0.1722902615172095,1.8254685828775536,0.1185087383731822,0.2018765195447904
P366,3-back,0.435152788857043,0.2041364476100848,2.0105591907160263,0.1621787022058235,1.724597902869757
P367,0-back,0.4953115036306241,0.2088986128108342,2.181119648542307,0.1540497498949532,1.7094532349717415
P367,1-back,0.3783737830431362,0.2289794759440631,1.6020514304071745,0.1774388361437191,1.2435742193169828
P367,2-back,0.628459461358163,0.1688243683367836,1.9857890699633547,0.1393188044622075,1.0399900334496583
P367,3-back,0.4334517767181421,0.2103676959332882,2.250226448837766,0.1576302472515417,1.3168411107055682
P368,0-back,0.4903362007285531,0.1979975877928189,2.311558463598045,0.1415190317967403,0.906118499591682
P368,1-back,0.5529961180606103,0.1909151959866998,1.7355146879454566,0.1361945475293022,1.4968867062980604
P368,2-back,0.5294830364074586,0.1679392191863,1.8714796952495092,0.1502746233748561,0.7475933959188394
P368,3-back,0.554030960031196,0.1846014612007367,2.2056699927861967,0.1425899331393772,0.2761808047581426
P369,0-back,0.4088677348071154,0.2397401453058554,1.868001442465281,0.1689956195438273,-0.0126146587697769
P369,1-back,0.5747675317125217,0.1877565604702653,1.874030729811487,0.1434200545781617,0.418648041559936
P369,2-back,0.5357719526435837,0.2127313715816355,1.6375728045479054,0.1526897010226644,1.3052637121659272
P369,3-back,0.5887014633751232,0.1801316634814788,2.0536605549745337,0.1336369807737486,0.965711516693982
P370,0-back,0.4643176690606684,0.2091429944381665,1.8205821414836276,0.1532844358789863,0.8161742886829948
P370,1-back,0.5000577164472643,0.1817700380281424,1.941819316576317,0.1588499428309596,0.0135316759035288
P370,2-back,0.5589629595767774,0.2067894951397263,1.9374385048737912,0.1496973736658485,-0.4386755771254531
P370,3-back,0.4058824578092213,0.2022463043631127,1.9641832139697524,0.1532138462742891,1.1165787385751125
P371,0-back,0.4179849270347612,0.2459847165606155,1.999795687888592,0.1735141429406725,0.1977098000999342
P371,1-back,0.4922841634993944,0.221445736336811,2.231548522691039,0.1636667020467233,2.096518183261148
P371,2-back,0.5397438776606914,0.2034674631316998,1.7208686773566757,0.143882349752646,0.7302359570015605
P371,3-back,0.583988727402147,0.2038562601928868,1.908163014183634,0.1488380847750353,0.2273419505352652
P372,0-back,0.4067285392628388,0.2145195489444747,1.9508637979835897,0.1680612862209813,1.2853491978273544
P372,1-back,0.523152107705017,0.1854634553775357,1.772411143213187,0.1551691869149469,0.4850561862100084
P372,2-back,0.4835891891951397,0.2244733433768856,1.8138100701793385,0.1533793455449021,1.0636605236002692
P372,3-back,0.4059803869809802,0.2042085883419137,1.7702412304114752,0.1590464496775978,0.6068899691449445
P373,0-back,0.4348265250530854,0.2081592248163907,2.040967451954569,0.1622291553038373,0.7300244743003745
P373,1-back,0.3269549883467498,0.221119028235139,1.969623751928837,0.1721801611126365,1.4217253454513137
P373,2-back,0.4426003581432883,0.2063570579060507,1.847306844467124,0.1590211883261315,-0.2091894665540683
P373,3-back,0.5304317090474262,0.183292535582169,1.78641062209072,0.1493413914965358,0.621562314123077
P374,0-back,0.4840199253338928,0.2039176232041734,1.7740384163923049,0.1495773817955249,0.7228108246795746
P374,1-back,0.414381535305963,0.2230480677005479,1.9694687896056495,0.165058973550303,0.5634860537376769
P374,2-back,0.515555268898769,0.2064716572830798,1.967728386515142,0.1535960491024622,0.8543333206943997
P374,3-back,0.4694802330439359,0.2066287237527655,1.6742314423888116,0.1502066098649818,0.07481100499615
P375,0-back,0.4580709466123996,0.2297617267691852,1.7920871431900254,0.1615856022201711,0.6646446722129682
P375,1-back,0.558261894225406,0.1905844253354467,1.956554991788109,0.1398279588529263,0.8821406971983714
P375,2-back,0.5953902545951987,0.203014962732654,1.792467085795673,0.140465178154338,0.9759161705507572
P375,3-back,0.6031587524341383,0.1944017102948186,1.923975196486428,0.1402147919609823,0.9008712038135056
P376,0-back,0.5823570361090809,0.2069384071529507,1.9251606240685624,0.1427760428957893,1.0206504868797155
P376,1-back,0.5404561930973568,0.2174198317989786,2.0630530779025777,0.1464089404129057,0.0940778355168246
P376,2-back,0.4958286072886447,0.2020589249565201,1.913923918958784,0.1488152748228505,0.3713894202906632
P376,3-back,0.4777466845248321,0.201083172588094,2.0804582610617515,0.1467404581083503,0.6011176850299718
P377,0-back,0.5345167776173713,0.2033946334319219,1.967957330165083,0.1615903833448654,0.2401246002638658
P377,1-back,0.440904281147574,0.20474025479681,1.777610720681381,0.155986597422212,0.503316266506205
P377,2-back,0.4847087387838591,0.2071382312407993,1.947956974295873,0.1519328675277784,1.358527890594724
P377,3-back,0.543466025612321,0.2057683625592608,2.011113818194177,0.1383651072442068,1.6233328465308827
P378,0-back,0.5199286883930264,0.1928693244977578,1.6982399624002853,0.1558415216450607,0.745164036572054
P378,1-back,0.5020677761072412,0.1875676600267754,2.097102024414744,0.153254614841542,0.4501818526321632
P378,2-back,0.5765407649880651,0.1581984208191485,2.143044235823944,0.1351631360932785,0.5445295494035485
P378,3-back,0.4902714382573891,0.1777517917959162,1.8166284558135657,0.135099152142083,0.3211452748797949
P379,0-back,0.5119869653265409,0.2087033749153322,1.848508493247415,0.1483407044425646,0.5329303648724104
P379,1-back,0.5620881229849867,0.1736037352294442,2.037666264531717,0.1390175149588515,0.6505795315881076
P379,2-back,0.4442138208201932,0.1908566054356308,1.7674280958064037,0.1756605130045907,0.2152939941221601
P379,3-back,0.4653228108008941,0.1982305284673818,1.997799270490169,0.1608472496438352,1.0271638933802183
P380,0-back,0.4413699453760603,0.2428792410966485,1.8525780631531803,0.1743421251623887,0.1783525345918734
P380,1-back,0.5417583184754592,0.1849290175371755,1.940536419558295,0.1357110644124886,0.7159703437141632
P380,2-back,0.5751771813288691,0.1923090868340126,1.971303670683272,0.1365021298553902,0.4615237428314785
P380,3-back,0.6115222937438468,0.2007928802927015,1.93624646224214,0.1357160910437169,0.3701496642696191
P381,0-back,0.4995206053054218,0.2103545471132313,1.9967722891573652,0.152465342387154,0.7314753918582746
P381,1-back,0.5176116786724461,0.1906805148031451,1.908857072514338,0.141854732475955,0.2238514216159136
P381,2-back,0.4215410108288346,0.2263716747106114,2.107430973725284,0.1650018525228961,0.0027348938043578
P381,3-back,0.5076276714501293,0.2240385895470119,1.8236200262087972,0.1528793922637008,1.26022080001584
P382,0-back,0.59553616231162,0.1946759391283984,1.8502718657486403,0.143605239030396,1.1086984891998823
P382,1-back,0.4896671004482016,0.208784661387384,1.963941698421689,0.160148215812644,0.6632247839822755
P382,2-back,0.5780589488924099,0.1940998332403201,2.147675352553984,0.1369386386844674,0.6541602596259545
P382,3-back,0.5530468674836779,0.1734070271422685,2.2018487203232024,0.148758501063489,0.886647739545255
P383,0-back,0.6360772238519992,0.1429292660373715,2.290801119411673,0.1176387390163047,0.2639257106331422
P383,1-back,0.4563777790115417,0.2143899708513978,1.9086992127504927,0.1686003282019142,0.8751280421483716
P383,2-back,0.5855044455702696,0.1646267734158314,1.95498456381175,0.1427356962482237,0.4998598892349592
P383,3-back,0.3940038660974337,0.2322442039723315,1.868688872868544,0.1747511399672101,0.638531841836656
P384,0-back,0.5592793458838515,0.1763034314873209,2.049681720086342,0.1481277306950907,0.8936892233474251
P384,1-back,0.5615204181095984,0.184349899014832,1.7088920932276055,0.1463912739293546,0.3935920215468743
P384,2-back,0.4814008158301204,0.1884629736924692,1.7653302238859483,0.1590692910275081,1.23512571909768
P384,3-back,0.4280116124448923,0.2032156114227346,1.7998779161419405,0.1540915806014022,1.660772578131181
P385,0-back,0.5503282314039061,0.1758344281531363,1.8290772722314252,0.1414920244534762,0.0872136104307797
P385,1-back,0.5084787202696051,0.2000085541611042,2.1524145658193783,0.1573022661526031,1.9114322354142663
P385,2-back,0.4006107834514487,0.2241775103272613,1.903728423997381,0.1661098149997685,1.0069047351099658
P385,3-back,0.4964428592971668,0.1897974118662083,1.7617007958809137,0.1604056827524055,0.5085398596615929
P386,0-back,0.4590752474566797,0.1847362862957744,2.074213026505018,0.1465000049690668,1.2725415609587545
P386,1-back,0.5774131948740915,0.2124499490876864,2.1503636270750865,0.1445375350929552,0.4319540219563831
P386,2-back,0.4628388560079948,0.2217446051601443,1.7688170880213532,0.1616511434883751,1.2239216458463948
P386,3-back,0.5097081104122524,0.1679658266906312,2.083445437093927,0.1449438850207366,1.6693769714363964
P387,0-back,0.4171530142546775,0.2447589615004562,1.853642458676432,0.1692786996307114,0.8510093140244137
P387,1-back,0.5446549156527107,0.2290463982534367,2.2560368348657547,0.1648212278994592,0.681127497398641
P387,2-back,0.5251645914140222,0.2063357782048077,2.3369032792171764,0.1477628144781295,1.001397100953233
P387,3-back,0.5234943260953896,0.228449591808899,2.1912088499859683,0.1695448218493243,1.040285624916749
P388,0-back,0.5164604876544858,0.1971093716472622,1.78335862416373,0.1402700736590455,0.8939037350957365
P388,1-back,0.6414972886441564,0.1481490721446937,1.589709094804319,0.1169752372484231,0.6585148172962454
P388,2-back,0.4350881532090645,0.2069970503180584,1.8460662312126468,0.1590334938095408,0.519688205211588
P388,3-back,0.5019784474879346,0.1860997541959222,1.7775342674945358,0.1539707356384391,0.620240839065924
P389,0-back,0.4788840146857263,0.2143793607215172,1.885016614149513,0.1554827571554914,1.2934434108549648
P389,1-back,0.5923662621683687,0.1733526841104276,1.9235927589022732,0.1484984653956138,0.2605287464056262
P389,2-back,0.4515170144457495,0.1868347175386072,1.897782478840339,0.158738284258934,0.5221795035737303
P389,3-back,0.4011303487508599,0.2179473268110898,1.7284168279997985,0.1651575018965958,0.7725910847763977
P390,0-back,0.4593950414019869,0.2263136800091462,1.9947680287869831,0.1616355314667011,1.1579531424068226
P390,1-back,0.505596867930575,0.2062820012763202,1.8659890238823251,0.1489053352495198,0.1214121413216674
P390,2-back,0.6497645484719897,0.211118399335033,2.130159407127073,0.1338082804769114,0.7741319613790518
P390,3-back,0.55675810234351,0.1705535495859176,1.999854008355216,0.1372183099619137,0.9546693059743316
P391,0-back,0.4766842392067399,0.2020510898357244,1.8165151575593204,0.1661613938680501,1.614727195006712
P391,1-back,0.4640606328648927,0.2133305715188609,1.910426337205799,0.173667985946275,0.0859094463193668
P391,2-back,0.4243947377465873,0.2434843771423288,1.7804620808067655,0.1740799098005923,1.030676398940001
P391,3-back,0.507800854586754,0.1912625738870803,2.1404046077276715,0.1518526282791914,0.4272826290059853
P392,0-back,0.4831747225349013,0.2107772016213282,1.9544542237197768,0.1498994327761897,-0.3516865918475249
P392,1-back,0.4854960466092529,0.2194411155653088,1.8968154655533576,0.1620422941093953,-0.0962011184900124
P392,2-back,0.4235352146632097,0.2283966197190197,1.9028751694466808,0.16681132781651,-0.1874515858933105
P392,3-back,0.5001084717779253,0.1929988910452435,1.9377415137253071,0.1560959185008322,1.2504860764541432
P393,0-back,0.5555597207258851,0.2040036072909009,1.836581027519047,0.1461070438379163,1.1453051720766745
P393,1-back,0.487117364749629,0.2236814441821887,1.9511330943955127,0.1610087358459518,0.3321281904328406
P393,2-back,0.4376563020329956,0.2464386692542188,1.7167919363866908,0.1679674777503129,0.9492740657409512
P393,3-back,0.4423920763732163,0.2030675984944834,1.6540707335801583,0.1575827003001628,0.9891628649611788
P394,0-back,0.641405775451282,0.168479721064351,1.9114912421244636,0.1370330124895261,0.2850687831837799
P394,1-back,0.4614537887036422,0.2039801082293071,2.009514302304485,0.1585241119418474,0.5124567670637014
P394,2-back,0.6005300300338489,0.1753721073700785,2.894659780122262,0.143002621130316,2.25806682605537
P394,3-back,0.4848161453861339,0.2020825767004846,2.159824976849612,0.1576133537951486,0.1944277378986956
P395,0-back,0.5385814534128172,0.1953366134098983,1.2946040094250295,0.1372128649256,1.2912845636631518
P395,1-back,0.5322891398725339,0.1996771527441077,1.7299266705838672,0.1565711657768595,-0.3447750207136154
P395,2-back,0.4744865891575234,0.1934276905201372,1.8338867379219117,0.1584066706598219,0.2368695251067948
P395,3-back,0.4852329079364901,0.2165046993729173,1.842750677375244,0.1532389706973303,0.1913543748760419
P396,0-back,0.4064838810031148,0.2010070155926766,2.1022337199243504,0.1683608327397905,1.7262789319948373
P396,1-back,0.4676764410730285,0.2108833512468133,1.6874902120664992,0.1490191198711702,0.6892017644014725
P396,2-back,0.3992187540082547,0.2146335518315185,1.8814663268160088,0.1825510112953817,1.148062930748995
P396,3-back,0.5378061398682552,0.2027857471849794,1.889212911190366,0.1402130662777263,1.0163053252362158
P397,0-back,0.4352425798411231,0.2237169996072784,1.9050318482785904,0.1634585812671657,1.4087873656236432
P397,1-back,0.5609689558870705,0.1948360137882615,1.890776826744017,0.1384015136895558,0.4889991938622648
P397,2-back,0.5437979036981924,0.2047349200604115,2.0500410656651606,0.1473673588185007,0.2723599043802613
P397,3-back,0.5433519969214214,0.1867320105534222,1.9648067684650068,0.1441219663278617,0.3541955797842736
P398,0-back,0.5068542466529222,0.2128113794883613,2.018656980083707,0.1483299907037303,0.5261418751021422
P398,1-back,0.4976282937526763,0.2158892846222758,1.968023131460769,0.1496931728772681,0.3323757644355847
P398,2-back,0.5207225301331264,0.1916490003085723,2.0211484591193325,0.1519411970416426,0.518847318438578
P398,3-back,0.4697268034520695,0.2061276551475791,1.889512021792255,0.1444786399373809,1.4387226372023942
P399,0-back,0.3552050872409777,0.2104979630511172,1.8244210555857217,0.1728301673708144,-0.121043353472983
P399,1-back,0.4368919369546077,0.1980248124481067,1.7907976628198,0.1605214731261425,1.2894860699694737
P399,2-back,0.4509464612348285,0.2034419158673368,1.7317878728434952,0.1585936573340184,0.4310103821420807
P399,3-back,0.5354970149586938,0.1890388033427091,1.9598935298029927,0.1435290149839863,1.0571044238921388
P400,0-back,0.4641193204829203,0.2019612066391482,1.9413017482582355,0.1481687709164104,1.0242281615038509
P400,1-back,0.5029760013122975,0.212006716220886,1.94898573217928,0.1613406247615192,0.2659159650136725
P400,2-back,0.5348913908181543,0.1915214719848699,1.8901093870290768,0.1445400122659156,1.2137024897386093
P400,3-back,0.4488157506578111,0.2181622436413114,2.016270764823172,0.1593371258349648,0.4464983467017277
P401,0-back,0.4425744877667817,0.2346212563399915,1.8946795102903629,0.1635978186988535,0.343103327605559
P401,1-back,0.5215055204963046,0.199793388608953,2.0113380964631413,0.148696194362844,1.1768733363867072
P401,2-back,0.4872092339991277,0.2205210107001085,1.5974853963519282,0.1595338803957429,1.229688988545959
P401,3-back,0.5023075290546338,0.1941191450461481,2.006726974394241,0.1530342537358879,1.5034236505935472
P402,0-back,0.5287531609454147,0.1979968354165028,1.9202355019272703,0.1472635131197693,1.1472295809751625
P402,1-back,0.5927723471122927,0.1821644719226436,1.7732180757857718,0.1284318794639672,0.2325936538881532
P402,2-back,0.3564892849103687,0.2013328788280764,1.968012123710098,0.1690843026075004,1.3944425573737576
P402,3-back,0.5530269645894511,0.18753344680042,1.8647183723659693,0.1319354619281254,0.5552760348744809
P403,0-back,0.5164636899002405,0.1941212878095381,2.4021306833579223,0.1531460469442268,0.9011394220368624
P403,1-back,0.5260414826709303,0.2204092077260571,2.089416626429039,0.1561799393236962,0.5049494377828222
P403,2-back,0.4923779273134003,0.2379740919417287,1.5742390175703562,0.1636492893072886,0.959408571674055
P403,3-back,0.4953318273342221,0.2178014911396309,1.927796803743026,0.1556425511586618,0.4035124591005383
P404,0-back,0.5192949608032403,0.2103866455741114,1.8613614341013327,0.1563442356287785,0.3566237354559047
P404,1-back,0.4677570067085569,0.1910887930473706,1.8208137284123864,0.1641147576233781,1.409724517805801
P404,2-back,0.507541572693304,0.2093088251532811,1.844621028125156,0.1482574104679617,0.4639190336515505
P404,3-back,0.4548827206808261,0.2124276677831027,1.8537085543346428,0.1575458802588712,0.6896597490502432
P405,0-back,0.5696635644207643,0.2106505602189109,2.098152889340437,0.1448914367210364,1.0955212782731978
P405,1-back,0.4845569660324628,0.1980777455394532,2.149992426700707,0.1606714283851945,1.3800514744427843
P405,2-back,0.4593340779996073,0.2123090902747034,1.6608920565914134,0.1507686754363479,0.973078821497182
P405,3-back,0.6670871646409917,0.1873378039661388,2.124235448544181,0.1331999680065086,0.7121091964089667
P406,0-back,0.5266150768933084,0.1875273108973565,2.0766415792516035,0.1363214984755074,0.275888709119909
P406,1-back,0.4692311935886514,0.1998682287543169,1.7656539230459083,0.1513427304757348,0.561996305285313
P406,2-back,0.4603860163050153,0.1946533180158157,1.6919124179814444,0.1463423862605092,0.7076697621598419
P406,3-back,0.5099270301482413,0.2052246547781503,1.7620332458234804,0.1479408226200464,1.6338285907452017
P407,0-back,0.5547166804614603,0.1962830495241154,1.7832669269845864,0.1425986375996117,0.4524222192302959
P407,1-back,0.5284311115663349,0.1946506981002203,1.672570117299506,0.1485622025693991,0.1662670480199558
P407,2-back,0.5403625494680026,0.2028011427853535,1.782325129299347,0.1457729496871513,1.1594837620134346
P407,3-back,0.5687305399745237,0.1549823371287772,1.959694247839186,0.1297261032842223,1.2460402268875912
P408,0-back,0.5499812891364741,0.1807930247085447,1.720798801731986,0.1434712552518809,-0.0995750117621798
P408,1-back,0.6185589459528599,0.198822561762918,1.9111323081414853,0.1299798922854444,0.9335382049076107
P408,2-back,0.4977382585832539,0.2265550966315127,1.808143163684245,0.1588347094004676,0.8829115361974151
P408,3-back,0.5232891965228363,0.2360654243805901,1.7978327534781338,0.1588505971768865,0.2452946691424309
P409,0-back,0.5039020725956708,0.2231413933631084,1.663733612143345,0.1536740560136991,1.3500547762908977
P409,1-back,0.4041285326314948,0.1982458114594368,1.8568004072234976,0.1592953344319259,0.6856196862535355
P409,2-back,0.5232762899045418,0.2042030014377904,1.8198639736178115,0.1509804171359128,1.1960778640725185
P409,3-back,0.472972184936506,0.169164408748929,1.8785862928239048,0.1426408536777791,0.8111767833480569
P410,0-back,0.501885938218184,0.2118671362985125,1.839296734733152,0.1509177112068366,0.4833284997035718
P410,1-back,0.5527531217997771,0.1896538549532599,1.7762995790385954,0.1480810594943309,1.0527233067989927
P410,2-back,0.3754403860526566,0.2419090833735343,1.7542308790729362,0.1678882877293203,1.563944037874195
P410,3-back,0.6051183845518672,0.1904437808807638,1.9445778225141093,0.1360598343984071,1.9822733349132196
P411,0-back,0.4939728493160867,0.1951204607971432,1.871238921574663,0.1498209195985702,0.5226411623889784
P411,1-back,0.496243864988822,0.1951834198603431,1.8318401858987643,0.1558527135893216,0.3177480092938082
P411,2-back,0.4673754833477367,0.221243182053984,2.1583685225479368,0.1629669382202259,0.5243255210748303
P411,3-back,0.5335870959178102,0.192607816152547,1.97019928963163,0.1486464365052347,0.6993441868610624
P412,0-back,0.4436286827575232,0.2238739279527044,1.8204910880776728,0.1697596293800173,1.0585633634612686
P412,1-back,0.5000431838211479,0.2113241669778139,1.9137942726256103,0.1564066090999645,0.0908709329405007
P412,2-back,0.4399646051227473,0.2203358056326664,2.15570421330082,0.1592818985863047,1.439281389462963
P412,3-back,0.4954696521228341,0.2384996854910642,2.1293023563064617,0.1642615350646316,1.3428424527307654
P413,0-back,0.4428037788473077,0.215759892484435,1.86498368422166,0.1624544707255713,0.5996904497436292
P413,1-back,0.5429400535826587,0.1832911130158475,2.0039386272285142,0.1421196191983924,0.8588985170793216
P413,2-back,0.4762586776496549,0.2296660195924565,1.789977563858392,0.1618721663173726,1.0601919915442
P413,3-back,0.5698222845173432,0.1648805110950086,1.7728613834473026,0.1220500639158301,0.2315337073104387
P414,0-back,0.5373083380846999,0.1886868107310476,1.8669142957734344,0.1403051341383675,0.4748638606014266
P414,1-back,0.5505254739687057,0.1705935476201858,1.9686341632574629,0.1425210161906901,-0.0483444631195622
P414,2-back,0.4599371590697827,0.223355593696698,1.7574847789212036,0.1498065535471803,1.1846804150968653
P414,3-back,0.4757624768602605,0.212955418914562,1.6926670121966094,0.1598468133731561,0.7082830050491855
P415,0-back,0.4475773479156634,0.2063170071238952,1.9926870922611275,0.1559679134131653,1.0789168152495805
P415,1-back,0.5234714346531947,0.2025697102799782,1.86161852134168,0.1484003364674138,0.5710392065062033
P415,2-back,0.5616579732061748,0.1735769550951927,2.145291711106735,0.1425732602290332,0.1073661113913419
P415,3-back,0.4916936193738866,0.2138593338655269,1.935185871474908,0.1616696335756238,1.2221874580482637
P416,0-back,0.4651271599494035,0.2240498467596338,1.7580922340187295,0.160501246277001,0.7528398551181932
P416,1-back,0.6215736143984588,0.1724763709696056,1.990786142949693,0.1255654449934196,0.5121286941667181
P416,2-back,0.4879063430310361,0.2003497532107568,2.0063585619606945,0.1495428927054835,-0.0474255485510186
P416,3-back,0.4883601160735958,0.1934280719132157,1.84747331595307,0.1535616228380755,0.6710257779340577
P417,0-back,0.5104391998037766,0.2124089495903819,1.998793479274389,0.1531032260050201,0.6882121256920889
P417,1-back,0.5895497096187943,0.1811909571004406,1.6956544413678247,0.1360994878534275,0.8334592242788642
P417,2-back,0.5220041996349086,0.1899464894420195,1.8543785534930095,0.1495554768658571,0.1434144595149414
P417,3-back,0.5267892119048537,0.2071507912717715,2.015644861732774,0.1450448917021811,-0.1690177876545985
P418,0-back,0.556535230159934,0.1883326208938385,2.0491107133790347,0.1479796051628227,0.2723514403205737
P418,1-back,0.555888137883762,0.2102411843073592,1.7833463689608071,0.1541755151631041,0.5452497587687506
P418,2-back,0.5112651969856132,0.1991402942090132,2.239104614896307,0.1445497323706903,0.8897215665597187
P418,3-back,0.5345215416480785,0.234416046566452,1.982111650635248,0.1621718944459275,0.0072482345804046
P419,0-back,0.4799573888701969,0.2075166826449919,1.8690366949588173,0.1560068386233884,0.7703934435559372
P419,1-back,0.5541929499351179,0.1880479501313479,2.05125133510838,0.1382498674013419,0.1007693338212425
P419,2-back,0.5128927302103417,0.1914186223193133,2.093054204858001,0.1514172276900036,0.1362306047671995
P419,3-back,0.5446926162247783,0.1947810902491133,1.6323060637803335,0.1611863025648406,1.3430133072500536
P420,0-back,0.4625935654119461,0.2584033644277421,1.9655774859844777,0.1637938287566163,-0.5159616823837394
P420,1-back,0.5286551084698611,0.1834307177083393,2.0756098762189823,0.1412729821931212,1.603585961033097
P420,2-back,0.5527315401546853,0.2035862819233687,1.8916123638025204,0.1403516510624106,0.9524944698653636
P420,3-back,0.4609309911462936,0.2076097406611228,1.7569476343010273,0.1530062125014524,0.7619750627516196
P421,0-back,0.4939675034113039,0.2406664249181309,1.8888092875240297,0.1561834667796112,0.7503906952499363
P421,1-back,0.4495755289589798,0.2162471277297894,1.8827589238604725,0.1562108886199325,0.8906109643240527
P421,2-back,0.5877009371111017,0.1833443283330622,1.88524012367214,0.13428086435119,0.4527526679424554
P421,3-back,0.3632197240707085,0.2282964238405221,2.027949958871685,0.1787654770529823,1.8165314677356224
P422,0-back,0.5459680431741698,0.1802077026394205,1.8015355619095872,0.13209339154016,0.0027386240779643
P422,1-back,0.5083600646153018,0.223360086996041,1.8317454855285085,0.156897499202959,0.885763312126558
P422,2-back,0.4975277399429764,0.2106675418472925,1.8802140053086056,0.152923219193571,0.9153133620889196
P422,3-back,0.4067879279561271,0.2166575909686854,1.77469202704058,0.166385379472201,-0.0941571732215127
P423,0-back,0.6221265401366698,0.1480992728674209,2.078374865408502,0.1316004677888078,0.9157746690475193
P423,1-back,0.5919836100600016,0.1675741345445506,1.8165605598170105,0.131663660399416,0.6706025529143763
P423,2-back,0.4414552280858598,0.1991915990447308,1.9620886963112647,0.1603757303871251,1.3533685436168237
P423,3-back,0.5298326191498425,0.1947964093980322,1.8971456112816556,0.1477096131692764,0.0795515374647996
P424,0-back,0.5953677421886432,0.1545884498750596,2.025381714669652,0.1241905735538658,-0.4715078145618303
P424,1-back,0.6146343295010902,0.1789728193856641,1.9891061293191952,0.1345889099296839,2.0233644572977747
P424,2-back,0.538870829898588,0.1872582625538711,1.7816416696360216,0.1535789115583961,1.1515577024901378
P424,3-back,0.542182617332499,0.1967272144299749,1.7190343743511316,0.1363049970870659,1.1589769996321695
P425,0-back,0.4125642781724307,0.2365878420372814,1.973406626216196,0.1739257130988939,1.845417530838229
P425,1-back,0.4614449590963443,0.216404353846415,1.892576282831525,0.161468927673605,0.6087463633937901
P425,2-back,0.5737336410741987,0.1544113616590872,1.7629113299368582,0.1362071269939862,0.7164532730064455
P425,3-back,0.567615616489069,0.1996636233620751,1.7041527589833607,0.1382741293872715,0.8705106305165969
P426,0-back,0.4763122548983136,0.201495826571485,2.081187758176,0.1484466517051098,1.5311747865367342
P426,1-back,0.540119582527084,0.1922174288911898,2.044441715368928,0.1559801516300922,0.6941218309477613
P426,2-back,0.5110469664035163,0.1792433833366134,1.718578306382056,0.1412140597337342,0.2930293244545532
P426,3-back,0.4865330492066457,0.19912878667036,1.6482616542225357,0.1609088971584388,0.813625597052996
P427,0-back,0.5545341967861754,0.201375901128209,1.7051132417068562,0.146544362953242,0.0311929504690883
P427,1-back,0.5460681371681703,0.1525470089323105,1.959838810377361,0.1277168823428341,1.0217099604451692
P427,2-back,0.5935646708482331,0.1848556164773228,1.9412311309339612,0.139529221483854,0.3590195828847438
P427,3-back,0.5200929559420844,0.2054753237068742,2.172045459431923,0.1473914318104699,0.8773166564284902
P428,0-back,0.5484513341268801,0.1847897807446918,1.8994300545891711,0.1371112744302886,-0.4210596113500183
P428,1-back,0.5287495890744134,0.2045806046122169,2.0029784090075946,0.1516833191412167,1.465118304731704
P428,2-back,0.4968075158595383,0.1917478238706576,2.0734874169692383,0.1509371307728813,0.0996114858436616
P428,3-back,0.4667427514902313,0.2273731043606804,1.7209174462805283,0.1674010032132605,0.4348604124392999
P429,0-back,0.3907847706065603,0.2145934053687353,1.7882634966189002,0.1743290714159137,0.6737702465134853
P429,1-back,0.4316239547656386,0.2256868445248126,1.8914462398923728,0.1684676337909905,0.3828920865900179
P429,2-back,0.5610513316337528,0.1969613470585238,2.171162303668861,0.1449987966499148,1.3007109035898148
P429,3-back,0.3919215839016476,0.2006852448518541,1.8118934579482584,0.1614942995258157,1.056187215428448
P430,0-back,0.5074662097865257,0.216142738205698,1.638222088562003,0.1578870115706657,1.7712543414355226
P430,1-back,0.515028613584143,0.2228660850497961,2.0445842660207343,0.1566722950046182,1.0492479206395815
P430,2-back,0.553231760482685,0.1703821672187505,2.238297789509239,0.14013508590301,1.325169818503084
P430,3-back,0.4743154325983896,0.2163105806043199,1.916279116598685,0.1546118161305547,0.5703040404124973
P431,0-back,0.5704023528816928,0.1788272125383135,2.175845680730703,0.1235199992519825,0.8272127983800217
P431,1-back,0.4688574702359059,0.1887147110048613,1.8495785689833453,0.1500054082567427,1.2735567756982449
P431,2-back,0.4902027236205274,0.1957462075122396,1.7083204750897754,0.1562796119523941,0.5745534454260784
P431,3-back,0.5705250031760996,0.1661433388721951,2.2820736372565293,0.1210710836327493,0.6829925702493265
P432,0-back,0.6097515691359011,0.1919167898846122,2.0214589624014856,0.1411623292091138,0.3442353630543933
P432,1-back,0.4621992592986858,0.241706790674432,1.7324269420178138,0.1670094964797764,0.7471574604066645
P432,2-back,0.5634603948657942,0.2129351838968442,1.910278524380702,0.1380653801657408,0.6984032424753975
P432,3-back,0.4939434487356458,0.1819212138282059,1.7446177032634036,0.1436209691595455,1.3087828550598974
P433,0-back,0.5191341724906657,0.1959362995285854,1.876389090544608,0.1486240748011447,1.0800718501324076
P433,1-back,0.4998133473386484,0.1833650316834399,1.7062276968461898,0.1564738693741444,0.3284056537349402
P433,2-back,0.5618679257769641,0.2041947461220522,2.226433075833803,0.1511972563011423,1.256009824055935
P433,3-back,0.5854546633575151,0.1980918766696046,2.011130704926011,0.1412213222271977,0.522305279816974
P434,0-back,0.4342510151633553,0.2191038629365866,1.9854576127978265,0.1716615308903627,1.0607933004106676
P434,1-back,0.5893664515248377,0.1714008062691403,1.8022302596171853,0.13734027048862,0.545878291503054
P434,2-back,0.5348345510748231,0.1967663466254225,1.9722361792299088,0.1566630771589301,0.6783944421145912
P434,3-back,0.5089254793323341,0.2028584651465016,2.137291217828678,0.1502846565872967,1.3580390877326551
P435,0-back,0.5944963512737901,0.1804303872261662,1.8645729711524317,0.1384090296649347,0.9191994196835026
P435,1-back,0.5482845844185654,0.2078624342847828,2.0144984757568443,0.1467723371176363,0.2328302277857014
P435,2-back,0.4863670836263892,0.1913782080090131,1.9256256947048087,0.1489792286101393,-0.2921780968314346
P435,3-back,0.5983020372974723,0.1385169870488682,1.8277442803917148,0.136936736383639,0.2223418400536281
P436,0-back,0.5397350899560411,0.198892222153105,1.953139444695584,0.1480509087436285,0.7360216924783107
P436,1-back,0.5243615196616017,0.2064967686678824,1.904427463738912,0.1539963124604448,0.690310717260921
P436,2-back,0.5772169367597888,0.1813648838015,1.9956738769358369,0.1362517168224934,1.2138687270406503
P436,3-back,0.5588950275140796,0.2039491820888254,1.953033632681761,0.1609201637484566,0.9185469992450804
P437,0-back,0.4004450473114843,0.1894494021545181,1.8832890597813796,0.167193086943778,0.7687962088857333
P437,1-back,0.5043113875389142,0.2023600978933807,1.7836995922318752,0.1516534242882249,0.9930672875403864
P437,2-back,0.511600160246818,0.2294160524736038,1.8055082730472227,0.1623827571320068,0.0708772348237361
P437,3-back,0.4402158080443664,0.2186074460354489,2.1538440638411447,0.1607165410194254,0.1696304047112806
P438,0-back,0.6029528268348765,0.155325855266007,1.8524341879869404,0.1178168280940308,0.7808897316159885
P438,1-back,0.4912132650735738,0.1930538034909691,1.712713128737671,0.1472309984794719,0.1791686629159077
P438,2-back,0.4264682101569865,0.2072108598335895,1.8843383633635569,0.1687572294822499,1.0411191504794048
P438,3-back,0.4923222819041906,0.2146514495819028,1.832761829880564,0.159530328450804,0.6681430690336513
P439,0-back,0.4742542660212432,0.2212769501936461,1.6663987765976194,0.1661371855960668,0.3367927474534408
P439,1-back,0.5176003970957057,0.1967689141374453,1.9636533485735728,0.1577348344980604,0.9600416385033708
P439,2-back,0.503349792527818,0.1388873869298339,1.8850814901406008,0.1487396873169876,0.7381829774820762
P439,3-back,0.576929714356807,0.1698896057496477,2.072090765836575,0.1362523346639424,1.5078563577245556
P440,0-back,0.5586518183719047,0.2032596152909777,1.9562597154402048,0.1474661042244284,1.0342113470221743
P440,1-back,0.4945082344101731,0.1784980247410827,1.7783029133536647,0.1500041637804977,0.7424879992875419
P440,2-back,0.5162509120384877,0.1784009063568515,1.7475465851724672,0.1375222282922318,0.6834502037549559
P440,3-back,0.560852477324125,0.1788104794204611,2.069337695697713,0.1340156983873789,0.2631655950354627
P441,0-back,0.4450447140674356,0.2112652954822522,1.926226535192036,0.1592455836075382,0.9259633225056366
P441,1-back,0.6215721520596185,0.1523876241933636,2.2631441851202534,0.1219202168113376,0.7889089393571367
P441,2-back,0.4653399178109459,0.1954928354721417,1.6325359206872274,0.1545868956069994,1.338525667573117
P441,3-back,0.4863221910720363,0.1963519664880755,2.1252850979621,0.1476009411257567,0.418667867966716
P442,0-back,0.5276081485900185,0.1905751953271688,2.3804032317484034,0.1545174873749711,1.193901995607634
P442,1-back,0.5989593366541601,0.1646588585894454,1.8285365591279188,0.1345512864762477,0.9219299845239404
P442,2-back,0.544538247545929,0.1924356277739639,2.312324150296212,0.143137380808327,0.7573913167818829
P442,3-back,0.4802442872193218,0.2151938616665334,1.8909530335196576,0.1584739792100048,0.9959176238583058
P443,0-back,0.5513173667320166,0.2132728890134676,1.9273258022933928,0.1472992869169722,0.5508588087017797
P443,1-back,0.5178923336239922,0.1934850008171118,1.967029600424928,0.1440813284696155,1.6711657850662485
P443,2-back,0.4296300623852312,0.2012961904555674,1.946863882638573,0.168301768107671,0.7358879082627648
P443,3-back,0.5308511729185184,0.1894796933238016,1.9451663861538688,0.1533090600088669,1.0004875951474763
P444,0-back,0.4461981707578054,0.2349648821865277,1.9463717301447996,0.1707671625915493,0.9836133474753548
P444,1-back,0.4259119753833754,0.2192722577212443,1.9529269796182207,0.1647690441911767,0.0677018512317527
P444,2-back,0.5230434424453094,0.1947445589472838,2.0211242896484536,0.1429420009872702,0.0720411264002692
P444,3-back,0.4819464848012665,0.2091518092647547,1.8185150989776084,0.1552158391345476,0.1727085390334986
P445,0-back,0.3887254697096148,0.2703056453411436,1.9032921114125552,0.1807546137604158,2.027606640508646
P445,1-back,0.5057553194709662,0.1838931652401826,1.9202396024753337,0.1490470282106535,0.7516475791763257
P445,2-back,0.5175170641887926,0.1954277977497857,1.9946044716361904,0.148357623697509,0.6325159856846448
P445,3-back,0.4498953757709814,0.2182629012657584,1.907632312602069,0.1708654153489338,0.5493297522256189
P446,0-back,0.5384211395135471,0.1957192996920838,1.9175336363141773,0.1419573952739646,1.0104672435478663
P446,1-back,0.4831524136672172,0.1980636659179788,1.8820189784809431,0.1475076128299208,0.997593793326722
P446,2-back,0.436973485436707,0.2282349093687443,1.8314865383191228,0.1646071293661934,0.9863583147587032
P446,3-back,0.3964367822168995,0.2391442050730179,1.7868777482439386,0.1770261644352083,1.102384181888161
P447,0-back,0.4675078779631984,0.1924651315281134,1.8524914567022237,0.1428444336539336,0.5414050762258873
P447,1-back,0.556967544323498,0.1907122469430479,1.808685567947974,0.1446822362874044,1.2278245550800264
P447,2-back,0.4704496959620444,0.2446117761313265,1.8592809969590105,0.1662870767055771,0.4997651351976193
P447,3-back,0.5343125204296579,0.2124778051214115,2.053184347809232,0.157538503925859,0.5476347609932966
P448,0-back,0.534854291584154,0.1682520800906962,1.850773046734568,0.1399588687319068,1.225733638985452
P448,1-back,0.6142881323210415,0.1672971632024295,1.5149762217275935,0.1315389799788732,1.351094847711
P448,2-back,0.4393194011371364,0.2373625988177576,1.9856555291517968,0.1817604622507239,1.1704272207082886
P448,3-back,0.517861017997987,0.235555435821846,1.8781313923590648,0.1515117103886587,0.3856638662127128
P449,0-back,0.5021464929428385,0.2050689162567478,2.3725246232620187,0.154119523647731,0.5092538701216152
P449,1-back,0.5652791854868215,0.1916398331575219,2.0214393557470887,0.1468233619168796,0.8543949801972308
P449,2-back,0.4876484682102758,0.2133295229797689,1.718649296428732,0.1701711019597309,0.4144634764145479
P449,3-back,0.5041783839051976,0.2040922504175215,1.937161623327887,0.1636607166264667,1.246481219292636
P450,0-back,0.5170447629465288,0.1984566089230524,1.968621115493381,0.145464735147078,-0.220280841650753
P450,1-back,0.4763365090197017,0.2269906568514882,1.9608069918554485,0.1627682299619295,0.8159195101087853
P450,2-back,0.5817489399591098,0.1802953263161503,1.5791565799510656,0.1403552065853688,1.1325437220812873
P450,3-back,0.5020662659726468,0.1831949201631476,1.6725716468058016,0.1459739523491856,0.7647462499974688
P451,0-back,0.5354038774716646,0.1944389596199332,2.1041727554789285,0.1471743057126674,0.4292628139664679
P451,1-back,0.6166730949908623,0.1775322924341778,1.912806875948528,0.127948270539644,0.8695828884571772
P451,2-back,0.4756388445506175,0.2366006134670017,1.7587354746144792,0.1618531227540051,0.1485606571383782
P451,3-back,0.4956542900646234,0.1731127363010758,2.020944878037116,0.1464163406424337,0.5981401969688752
P452,0-back,0.5692526309031664,0.1515464656111775,1.8910932221982084,0.1342804808237917,0.5072433191888902
P452,1-back,0.3922428501741961,0.2205272972868137,1.8300654387276796,0.1735600180077794,0.3280248327624587
P452,2-back,0.5266267169756402,0.170966641198152,2.434370421343635,0.1532680693192719,0.9859306401522068
P452,3-back,0.4856380972853878,0.2094333771044874,1.9890012205809653,0.1576336194712355,0.2189167051539109
P453,0-back,0.4952595816196534,0.1889568529678166,1.63838095308672,0.1496486556987972,0.9496249252787936
P453,1-back,0.4769139000636566,0.1971813077680325,1.759841727238202,0.1503665982187321,1.0150572774327715
P453,2-back,0.4205337523428645,0.2368834120061131,1.7640094975490332,0.168615959963528,0.574337675420642
P453,3-back,0.4738931534996788,0.2086814990529576,1.9591302619465425,0.153741281057262,0.2662159368568007
P454,0-back,0.3835362096788622,0.2337788506215055,1.8556358438803504,0.1792677325537297,1.2135848116724302
P454,1-back,0.5648004244959254,0.1776281727965273,2.193805339477953,0.1412132996567985,1.1721408871600312
P454,2-back,0.5555216929980552,0.1911614209268186,1.4285343855824215,0.1444841798876199,1.302094384355229
P454,3-back,0.4260221859559503,0.211069986860545,1.954283415695494,0.1746701130855944,0.0350429132207833
P455,0-back,0.5650961898154104,0.1986687849584344,1.9818746451174865,0.1433974479186961,0.8916586961145765
P455,1-back,0.4878790898551842,0.2176741326058733,1.853391688828819,0.1562779945813062,0.6000849541344099
P455,2-back,0.4647348606835735,0.2156139034952658,1.7533056763366703,0.1600764355976454,0.7759414878203366
P455,3-back,0.5036319051795142,0.1862099321296972,1.602319079811368,0.1390629539831864,0.9675200006964808
P456,0-back,0.5002629668891226,0.2070153061803704,1.919954864796904,0.1477380931347553,0.8043998414754344
P456,1-back,0.5026493105150949,0.1849860642692624,2.022772314807488,0.1469319371238592,1.109074637051212
P456,2-back,0.5425604682810579,0.1956845473736277,2.101362665453159,0.1512977362246149,0.3298130685453128
P456,3-back,0.4553463295431165,0.2042911313386457,1.8538828024793748,0.1571983669242418,0.287849137989097
P457,0-back,0.5035260549492615,0.2036634477806864,2.021683513578433,0.1535252701296032,0.3887927122886116
P457,1-back,0.514171648463249,0.2078888561200292,1.7222553697528595,0.1555860176285903,1.3103730524938697
P457,2-back,0.5390020917344134,0.1990443827235609,1.9376003517963971,0.1483987017292461,0.6976440437461491
P457,3-back,0.4943023511834747,0.218740578404626,1.804785308455096,0.1598540569076277,0.9133564650399564
P458,0-back,0.6575391493804691,0.1493195568614031,1.864949183206997,0.1225309420568449,0.6531983537566157
P458,1-back,0.4763714303906624,0.2334674241007509,1.7915640367005856,0.1663236797721267,0.693938495858466
P458,2-back,0.3990592434380098,0.2151890314109471,1.9082788436328253,0.1713472853109464,0.3298791757892773
P458,3-back,0.4659150865215551,0.2137354335230921,2.1332163731088576,0.1498929769980037,0.7189300416864632
P459,0-back,0.6227656768986818,0.1837960312015496,2.1982983708916097,0.1333682701603355,0.9010665489316922
P459,1-back,0.5135795554946531,0.2067960130294745,2.25709317558171,0.1451557163681016,0.6734518523743177
P459,2-back,0.4762076187794639,0.2026517317013346,1.9478804780857195,0.1525979491938813,0.908311689481701
P459,3-back,0.5396040492924521,0.1790708368946852,1.7030274468765956,0.1374393687473298,-0.0019041167531527
P460,0-back,0.4705485611438463,0.209414208659452,1.8435612105157728,0.1557914312754251,0.8696512194300065
P460,1-back,0.5700329381802096,0.1757380388248479,2.0813404245802003,0.1346480273872678,0.028686166529221
P460,2-back,0.5465558884884705,0.1802050457919979,1.95334191440544,0.1431008790877371,0.7249491906342098
P460,3-back,0.4308658857294609,0.2108150326164974,2.0473152500083094,0.1622758123605619,1.1675136628024236
P461,0-back,0.4664212882367859,0.2007892799409337,1.779735377510548,0.149705816519451,0.9382590906577508
P461,1-back,0.5083422508648973,0.1734281613661462,1.7524498327656912,0.1419908198544468,0.8578301276234054
P461,2-back,0.5859795255080014,0.2014826395932009,2.181007462221621,0.1418288815479668,1.2176037358855916
P461,3-back,0.6007157824139651,0.172639395616726,1.857054575727331,0.1376316387023331,0.5293531362060891
P462,0-back,0.4631168511789793,0.2131071646156143,1.6343430081042551,0.1537438201828359,1.1421643544129274
P462,1-back,0.4628279533864657,0.2152324504302259,2.05570295790398,0.1634704021560133,1.2066376268062269
P462,2-back,0.5150930469687519,0.2152903877271986,1.7292996781920005,0.1484259938074257,-0.6331901380585214
P462,3-back,0.5134653490449467,0.2131895312409495,2.004074746396047,0.1580417004876968,0.0515601963758262
P463,0-back,0.4747513023362047,0.2029699663461904,1.8305400163308665,0.1475139980288772,0.4881476106493871
P463,1-back,0.4475209130754358,0.21246793861051,1.5963620364486242,0.1622216623689721,1.040594977002612
P463,2-back,0.6011971505459244,0.1941110214509799,1.6284556845207854,0.1305671552341218,0.7217699600180925
P463,3-back,0.5906460942451853,0.1852085286521894,1.9063273963797251,0.133835964993207,0.2463168530496928
P464,0-back,0.6648840379556284,0.1620588927479306,2.407191223160028,0.1310969823468426,0.4567000000606647
P464,1-back,0.5232535869359004,0.1937878890882362,1.975264639874465,0.1525208751295153,0.3807310888597097
P464,2-back,0.520398911646504,0.20387389138577,1.8527999580646013,0.1580428690743834,0.8374641657208883
P464,3-back,0.5340520920543497,0.1757717176353438,1.6512359524216338,0.1380860362094314,1.5565666722991858
P465,0-back,0.5239410543056986,0.1798358664817975,1.9129264253057767,0.1465826109234072,0.2725817989442636
P465,1-back,0.5190313813620705,0.2110378350797305,1.9049528600562569,0.1517238835338442,0.5112177416959187
P465,2-back,0.4347338315647356,0.2135171289706038,1.852671837835276,0.1618905987207771,0.7378469470932476
P465,3-back,0.5282110742568521,0.1952367853557307,2.1145637605180254,0.1565233181552891,0.578922798075104
P466,0-back,0.5263905773337592,0.2168566911480607,2.028026726228728,0.1583384813529488,0.7840034618489294
P466,1-back,0.5199209445543376,0.1767745638615989,1.816923452873218,0.1518594041290889,1.3072409160608691
P466,2-back,0.4937870516282243,0.2361348793208996,1.8922664522634225,0.1762532001281064,0.6532882357385783
P466,3-back,0.5561149525123197,0.1573122770863907,1.913832809430622,0.1325974836080317,0.597540931695285
P467,0-back,0.4606853876948168,0.2156937817224033,1.7876041670134235,0.1563684285920951,0.5510224907497966
P467,1-back,0.5720076479982358,0.1950996057800896,2.307245147850236,0.1384157630087167,0.6797141256966922
P467,2-back,0.5555490092341606,0.1641954015711259,1.9261472633934265,0.1414324583355211,0.7838062245605201
P467,3-back,0.5524875160132358,0.1901703023683054,1.8271250451380168,0.1438788617835096,1.236587320794562
P468,0-back,0.5034432213952575,0.2078065168862288,2.1410851009269862,0.1525548405404026,0.4931670344886329
P468,1-back,0.5296437450537435,0.2056214688843399,1.7603269272170454,0.1535571812454853,0.5030643166222782
P468,2-back,0.567683589542948,0.1770588479616766,2.011802422628393,0.1390683018621713,1.110040177950712
P468,3-back,0.453748185461554,0.1873239549756195,1.8203716282767248,0.152118465740833,-0.4519794401780722
P469,0-back,0.5753882724868977,0.1876490180613577,1.7916513612844454,0.1401303793001139,1.373517664569287
P469,1-back,0.5251212390515786,0.1992700313444945,1.697498553355028,0.1555425455542246,0.7147192184528608
P469,2-back,0.5101044685675806,0.2093504595399073,2.146156599074505,0.1479988690553893,1.6315857969524177
P469,3-back,0.6263980131284141,0.1528752584720222,1.832424364395142,0.1263410338854208,0.2443970426866834
P470,0-back,0.4495358322712269,0.220424120231506,2.028310498338266,0.154455447249707,0.424044591821936
P470,1-back,0.5996379806423537,0.1678055922202838,2.0959035351563258,0.1356347412952108,0.5867893403100065
P470,2-back,0.4506369933007021,0.2292831020999016,1.8768653680301637,0.1687634800234681,0.9442391253864392
P470,3-back,0.4554373318650319,0.2046129987581428,1.8723242562483853,0.165861344769595,1.8943367847100236
P471,0-back,0.5850741507604856,0.1937437255723661,1.7921707005085017,0.141618651198609,0.8549870596169388
P471,1-back,0.5357410265667875,0.229837153369622,2.1370859574188983,0.1613062128981572,0.98773380638692
P471,2-back,0.4639023361044327,0.2009482678316478,1.7349081390474086,0.1552597597292009,1.218348383895187
P471,3-back,0.4786062432093257,0.2401414199355917,1.8429307444971088,0.1611938617098008,0.8887969916391619
P472,0-back,0.477119591916301,0.2056096035306292,1.70231804151828,0.1539980112938525,1.5865792541021315
P472,1-back,0.5312025839206111,0.1981816071849033,2.1190833988650355,0.1453892577975051,0.985609269864768
P472,2-back,0.504901403584146,0.2040019528984288,1.883269034563648,0.1412594148331357,0.6011241224959667
P472,3-back,0.5069210300010434,0.1983142994662946,1.838667931380346,0.1440160444499087,0.2215203491281286
P473,0-back,0.5229275479976893,0.2197285541080467,1.7983082741740208,0.1507475950852193,0.2874471042649978
P473,1-back,0.5656316563607322,0.2089584469313813,2.017820655861288,0.1454632672261377,0.9606154546278104
P473,2-back,0.5941762633149578,0.1634516381070264,1.496849411085393,0.1339306463750091,0.6913410606141953
P473,3-back,0.5498243958705767,0.2155918685008124,2.233147656756962,0.1525018424401986,1.133702610693184
P474,0-back,0.5011508271099757,0.2027574280032823,2.2409143387553887,0.1516146510559652,1.1919145829787037
P474,1-back,0.4684127663223839,0.2045354605803684,1.8721188925945929,0.1491397090006166,1.3271741755745856
P474,2-back,0.4511437475922272,0.2142553894651736,1.8828429319704856,0.1621224559295907,0.2879455630993449
P474,3-back,0.4955869805315643,0.1896521513633114,2.24697225426465,0.1541370264720578,0.5811089112117787
P475,0-back,0.4348291743937287,0.2114705101970324,2.141612574078687,0.1606472317223401,0.1780596561176676
P475,1-back,0.3941119242005975,0.2056979947743511,1.9688996654603723,0.1719692882457223,0.6778946008428531
P475,2-back,0.6083406505019723,0.1946497624356623,2.006961570426744,0.1448674342097421,0.7473111641002436
P475,3-back,0.504220801016008,0.2031762003536123,1.77938157454505,0.1511826274078599,0.8097957302298924
P476,0-back,0.4603521345352198,0.1825386555893097,1.771815097468626,0.1519312579574479,1.371869259934834
P476,1-back,0.6020550337009889,0.194536325872119,1.7094391033652856,0.1421452154319006,1.5005221676542286
P476,2-back,0.4577070227074323,0.1870381525381119,1.8588346675841037,0.1529088794808533,0.3506628044230192
P476,3-back,0.5160030257813903,0.2026019290612266,1.961820871557837,0.1523643672020636,0.4175652783710892
P477,0-back,0.4975858162004096,0.2035486259940347,1.986007092849039,0.1476402166307007,0.2850762002957204
P477,1-back,0.5445567609987484,0.1751545356184679,1.9436880502098932,0.1435273754277692,-0.1568140583625836
P477,2-back,0.5417679689098741,0.199769920624277,1.7532876709381022,0.1364667219019895,0.9523162160337248
P477,3-back,0.5718789945868696,0.1964154661467146,2.245021936287652,0.1470424181556732,0.2245081713481015
P478,0-back,0.5383444912584627,0.1966271001561551,1.8362936730970496,0.1530538979916843,0.5732912472224004
P478,1-back,0.4530736455046236,0.1837487190416945,1.9515420310407927,0.1632499348486528,1.4221128074222755
P478,2-back,0.5355098483617212,0.188235828447189,1.82450868736946,0.1519692665163894,1.2577548890668977
P478,3-back,0.4842670100289648,0.2229564910580097,1.9605517384621485,0.1601613783187964,0.3934850145072652
P479,0-back,0.532332595130751,0.2152267872022207,1.9131204348930204,0.163827486938584,0.5435459933610083
P479,1-back,0.5454189818270723,0.193240266096934,1.8389667543744728,0.1529311049616303,0.9289908609245224
P479,2-back,0.5121424223734401,0.1968649842672142,1.7034399243555822,0.1456889302258682,0.74029309591366
P479,3-back,0.4593807420450223,0.211413746795978,2.0584249349070958,0.1446791478640734,1.4127216816006007
P480,0-back,0.6077368695500197,0.1818357100634064,2.2961990918891355,0.1326289271219225,1.2388680256870384
P480,1-back,0.5394197990522946,0.1960636350451546,1.9006511706113116,0.1490708276397508,0.2534026261759088
P480,2-back,0.5564778230936711,0.1449256975933528,2.2144985966777067,0.1270894360657542,1.0279925727496992
P480,3-back,0.4801867291817876,0.2216745505067708,1.8191340809304688,0.1627579121649819,0.5733336052104075
P481,0-back,0.5443383936197315,0.1617462018326912,1.7399143430696131,0.1323157018356238,0.3560537076730247
P481,1-back,0.5217305581265788,0.184943216743024,1.901376724484284,0.1396860192238756,-0.2757325816431492
P481,2-back,0.3442230665183117,0.23965649610981,1.8290386241008445,0.1780952494597344,0.8898646158809043
P481,3-back,0.5051073034689544,0.2109842864082552,2.131022534489042,0.1496599267157377,0.0913410964424505
P482,0-back,0.4782886152032585,0.1911349342943627,1.7672983100454245,0.1408322710132743,0.4689594378071544
P482,1-back,0.5026979508921784,0.1930049939307989,2.119623464503248,0.1541845784119541,0.3809274256218849
P482,2-back,0.5559691969444732,0.1978004096400224,2.2858641818755943,0.1388276913170907,1.199021988690537
P482,3-back,0.5404218797052965,0.1993141179320006,1.769500851083253,0.1516194055152888,0.4110143980288003
P483,0-back,0.4754524937497134,0.1976402991042157,1.7683960801631815,0.1514273660439738,0.6512416153971099
P483,1-back,0.5117366452943838,0.194949005047402,1.980169354047288,0.152469817218259,0.8382910785396573
P483,2-back,0.4321738551195418,0.2191207813194158,1.8218522687681284,0.1635942344967124,1.2994167208464606
P483,3-back,0.4320224173643899,0.1958762346871,1.897923546038875,0.16150239473062,0.2938488370846701
P484,0-back,0.4472407574717836,0.1882245723816665,1.864655352119546,0.1459545766513998,0.3515888760089954
P484,1-back,0.5029934573347926,0.1850225213933119,2.029620566478851,0.1466389950363825,-0.412647592068985
P484,2-back,0.5576111135170673,0.2011600557712829,1.814885866204083,0.1457421602994777,0.1488098248624643
P484,3-back,0.5627220630002097,0.1942088685596574,2.2605685905264634,0.1459772089544277,0.5921600304438079
P485,0-back,0.5933152817040259,0.1722959211320396,1.7379202180225546,0.1412276519499721,0.4458819136431322
P485,1-back,0.5987300723523742,0.1533722938649699,1.8144445025989704,0.1303262123193974,0.2832041595425954
P485,2-back,0.4532144587798658,0.1689695217768451,1.9453079149233052,0.15920930019975,0.3368863353585749
P485,3-back,0.5304520760224711,0.2063605648397451,1.837046548596048,0.1466176484414252,0.4787090694657544
P486,0-back,0.4986682712132921,0.1981859142834464,1.7814250288239153,0.1486998722808394,0.2751092795660895
P486,1-back,0.5439809682077034,0.2258279138774787,2.126545872711677,0.156598353344105,1.3683494793102644
P486,2-back,0.4902032642802008,0.2047379623101016,1.7694932785689292,0.1509345062465615,0.414332634172842
P486,3-back,0.5033965654608179,0.1965185938459873,2.459449189032325,0.1559942906307762,1.1847315848005773
P487,0-back,0.5089769276485319,0.2003688397511049,1.939457936333776,0.1505667384830065,0.8941404969201094
P487,1-back,0.4988921716696063,0.1812050833732594,1.768399371804135,0.145369897422308,0.5980778777759672
P487,2-back,0.5637026256423601,0.193180150418153,2.11971725876103,0.1393989621286465,0.0103366020559878
P487,3-back,0.4273144209875121,0.2271887929176485,1.8061922300245388,0.1677515363524782,1.3056983547360728
P488,0-back,0.4936262616890116,0.2430781357169229,1.9653370207038732,0.1604972975961999,0.422450882403411
P488,1-back,0.4183806271226736,0.19986555909824,1.869442200240228,0.1535943993633673,0.6454134767819804
P488,2-back,0.4906540537854608,0.2155387478974286,1.95111378889743,0.1547691465352012,0.5802723532979682
P488,3-back,0.4787310363736716,0.2096523069965349,1.818116562812342,0.1575308859268956,0.3705897963085784
P489,0-back,0.4093464227393893,0.2102591479246089,1.7384179770736987,0.1613989335839804,1.4212786542014046
P489,1-back,0.5056982164693464,0.192980962457415,1.6329152069440342,0.1467349756769777,1.06003395584626
P489,2-back,0.5944379197682902,0.1701021023170973,2.0312494127421754,0.136306481777976,0.0831688393896187
P489,3-back,0.5434358149425641,0.1961492793426146,2.213885989124519,0.1410576402329001,1.019730594784955
P490,0-back,0.4967293238953535,0.1748334336936041,2.48073681519481,0.1504983824367028,0.8604350882296612
P490,1-back,0.5248631554374763,0.1991178626662455,2.076459372582556,0.1408777631547694,1.5798836227075408
P490,2-back,0.6159189650285939,0.1491539501914559,2.014825723959856,0.1264211968296501,0.3256964335624465
P490,3-back,0.4557275090681795,0.1816185192757457,1.6551785239012995,0.1544572703218567,-0.1187037999587493
P491,0-back,0.5706684134608586,0.2036508974633657,1.9073598251586268,0.1448299426493488,0.9392017046940956
P491,1-back,0.4470358777907861,0.2079821916050184,1.9405622797185464,0.161528744849102,0.866455587769017
P491,2-back,0.6004269856348121,0.1684808977856962,2.2893095373322274,0.1439087048007708,0.5319697241454564
P491,3-back,0.5843612415394379,0.1908333923816555,1.8624038184645688,0.1354275139297388,0.960239137116258
P492,0-back,0.3982828248395594,0.215342643646328,1.7064481618156513,0.1793912275594099,0.86461650170507
P492,1-back,0.5696221296240879,0.175334461974189,2.394127875887361,0.1378571779216082,1.264841226817094
P492,2-back,0.4943755129947443,0.1715745576018961,1.862246442807605,0.1526859960282718,0.3680290480362235
P492,3-back,0.4126394404774013,0.209966879828024,1.7619654267215057,0.1831271180037312,1.2834958650806725
P493,0-back,0.4611656465224049,0.240618952983531,1.7910593131786174,0.1680942372735595,1.7567286053692424
P493,1-back,0.5755172169348409,0.1827064969319648,2.0181337797876453,0.1342261521548294,1.0246893480716417
P493,2-back,0.5126347053179928,0.2263753909529632,1.96498543444284,0.1537510186413067,0.1380238243902496
P493,3-back,0.567487489737831,0.163026041262384,1.9463224530702332,0.1326528769241868,0.7957451354805992
P494,0-back,0.5397124606858781,0.2041171630197929,1.733919315063156,0.146986276460275,0.7001496252783258
P494,1-back,0.524904873144794,0.1998789146493927,1.96329332527434,0.1477783718573814,1.0178203064987967
P494,2-back,0.5161434246292005,0.2051821104341946,1.9679863176262409,0.1431839605705248,1.5184529386165817
P494,3-back,0.4890734624949646,0.2032449951236675,1.6706001814865554,0.1472976522827941,1.0625877673901587
P495,0-back,0.5106658821901426,0.1879888997426045,1.962894554760888,0.1448232388394727,-0.0864036398023271
P495,1-back,0.5413734695667947,0.1962834430092312,1.8099175473413551,0.1434967643585302,0.0411561316874258
P495,2-back,0.5324427779945347,0.182760810768136,1.9686566904026108,0.1531384768804177,0.4566208037339873
P495,3-back,0.4927890769028231,0.2028543609709493,2.154879218047661,0.1454465788439245,0.7482914382381131
P496,0-back,0.4860663426089129,0.2056037895301869,1.8359080046129097,0.1508443172148119,0.788692252410352
P496,1-back,0.5406995463572477,0.2088511566773711,1.950949581328552,0.1428667717076715,-0.0753664510371121
P496,2-back,0.5361570573197787,0.232288753678711,1.9993265082555167,0.1634477669534472,0.9898987287823956
P496,3-back,0.5712533769252706,0.2031469235267758,1.7854301252779214,0.147516717815478,0.8801773384440293
P497,0-back,0.5754161860782224,0.1883733419597094,1.9708336307667425,0.1295088492109705,1.2490149658042833
P497,1-back,0.5615854310494244,0.1658263532326672,1.894923374564041,0.1378709607656678,0.6568381913402497
P497,2-back,0.5166583301256749,0.200301056173981,1.911714679689523,0.1560826509872583,0.1510118366781117
P497,3-back,0.3491430082026145,0.2004195108828353,1.8840063092679369,0.1650723938882641,-0.2633076905787962
P498,0-back,0.5260127938778583,0.1924024038425124,1.9348029243206708,0.1515966639390791,0.682492875992426
P498,1-back,0.4409986355110276,0.1963302128248149,1.8142026270293192,0.1623755748267966,-0.2642984849841999
P498,2-back,0.4997206624198003,0.1945092235769321,1.7062612843228553,0.1405625683482272,0.657457446854102
P498,3-back,0.4896557271746575,0.2173449675130588,1.6057271105439708,0.1562952485749015,1.591008831673686
P499,0-back,0.5069808289183118,0.2149851285916405,1.950245870886375,0.1543936882147855,0.4399955947134198
P499,1-back,0.5725877267870554,0.1997547838013224,1.8480114208051868,0.1554988309445604,0.8524702660191735
P499,2-back,0.4131010324399192,0.1933070473384219,1.6915466736013325,0.1697339101820061,0.7033000142278006
P499,3-back,0.3965078155173617,0.2376984494726034,1.7768242374931311,0.1820913504912629,0.4424663988720619
P500,0-back,0.4455273352608572,0.2071183836685752,1.8586925934484384,0.1614420889351539,1.4829704222697984
P500,1-back,0.4802702524820978,0.2117898478003931,1.708660885616173,0.1489800825049259,0.2017775243079478
P500,2-back,0.5180940494755794,0.1945064331012922,1.916220453715432,0.1421877575945027,-0.2401175745608626
P500,3-back,0.5126379690791527,0.1977265157141223,1.7126392786645548,0.1530523395739337,0.4992674266775805
