Participant.ID,Trial_No,Trial_type,Choice.prob
P001,1,Win,0.5
P001,2,Win,0.249230484
P001,3,Win,0.566715569
P001,4,Win,0.786813683
P001,5,Win,0.889989671
P001,6,Win,0.936098624
P001,7,Win,0.958256594
P001,8,Win,0.969921648
P001,9,Win,0.821283721
P001,10,Win,0.905210048
P001,11,Win,0.943206669
P001,12,Win,0.735569993
P001,13,Win,0.86723371
P001,14,Win,0.57861749
P001,15,Win,0.296750548
P001,16,Win,0.610629445
P001,17,Win,0.80893959
P001,18,Win,0.899756005
P001,19,Win,0.635880668
P001,20,Win,0.336054936
P001,21,Win,0.165498744
P001,22,Win,0.088934706
P001,23,Win,0.054014108
P001,24,Win,0.036660895
P001,25,Win,0.202588624
P001,26,Win,0.105332221
P001,27,Win,0.061732661
P001,28,Win,0.040642612
P001,29,Win,0.029469232
P001,30,Win,0.176386724
P001,1,Win,0.5
P001,2,Win,0.750769516
P001,3,Win,0.433284431
P001,4,Win,0.213186317
P001,5,Win,0.528669916
P001,6,Win,0.766665253
P001,7,Win,0.449484679
P001,8,Win,0.22164386
P001,9,Win,0.113747002
P001,10,Win,0.065624676
P001,11,Win,0.042613024
P001,12,Win,0.030557118
P001,13,Win,0.180531854
P001,14,Win,0.095592788
P001,15,Win,0.057172272
P001,16,Win,0.038302854
P001,17,Win,0.208208914
P001,18,Win,0.107812812
P001,19,Win,0.062884252
P001,20,Win,0.041228044
P001,21,Win,0.029793615
P001,22,Win,0.023249938
P001,23,Win,0.151203943
P001,24,Win,0.082571994
P001,25,Win,0.327620685
P001,26,Win,0.636172649
P001,27,Win,0.821342648
P001,28,Win,0.512838722
P001,29,Win,0.757969869
P001,30,Win,0.877221542
P001,1,Win,0.5
P001,2,Win,0.750769516
P001,3,Win,0.433284431
P001,4,Win,0.71087063
P001,5,Win,0.856106397
P001,6,Win,0.920698993
P001,7,Win,0.679666167
P001,8,Win,0.841818635
P001,9,Win,0.914317476
P001,10,Win,0.947542187
P001,11,Win,0.964155304
P001,12,Win,0.973229224
P001,13,Win,0.834212076
P001,14,Win,0.910936948
P001,15,Win,0.945924666
P001,16,Win,0.74313892
P001,17,Win,0.870618005
P001,18,Win,0.584088997
P001,19,Win,0.795699494
P001,20,Win,0.893912267
P001,21,Win,0.937916203
P001,22,Win,0.721402908
P001,23,Win,0.860868333
P001,24,Win,0.922837469
P001,25,Win,0.68453127
P001,26,Win,0.844065849
P001,27,Win,0.915318183
P001,28,Win,0.948023008
P001,29,Win,0.96440846
P001,30,Win,0.801138995
P001,1,Loss,0.5
P001,2,Loss,0.60736014
P001,3,Loss,0.838581604
P001,4,Loss,0.847714123
P001,5,Loss,0.933573448
P001,6,Loss,0.966517984
P001,7,Loss,0.980584461
P001,8,Loss,0.987343062
P001,9,Loss,0.990939033
P001,10,Loss,0.993016911
P001,11,Loss,0.986465242
P001,12,Loss,0.990452403
P001,13,Loss,0.992726502
P001,14,Loss,0.986032735
P001,15,Loss,0.9769017
P001,16,Loss,0.965988271
P001,17,Loss,0.954217579
P001,18,Loss,0.975131015
P001,19,Loss,0.964002088
P001,20,Loss,0.979442172
P001,21,Loss,0.968901957
P001,22,Loss,0.957259848
P001,23,Loss,0.976451516
P001,24,Loss,0.965480006
P001,25,Loss,0.953693258
P001,26,Loss,0.941981027
P001,27,Loss,0.931014147
P001,28,Loss,0.965483026
P001,29,Loss,0.953696368
P001,30,Loss,0.974906385
P001,1,Loss,0.5
P001,2,Loss,0.787293422
P001,3,Loss,0.910988264
P001,4,Loss,0.957556176
P001,5,Loss,0.945733464
P001,6,Loss,0.934467232
P001,7,Loss,0.966880834
P001,8,Loss,0.955142804
P001,9,Loss,0.943380284
P001,10,Loss,0.93229565
P001,11,Loss,0.922324759
P001,12,Loss,0.913665217
P001,13,Loss,0.958600865
P001,14,Loss,0.946761665
P001,15,Loss,0.935422804
P001,16,Loss,0.96726961
P001,17,Loss,0.980928874
P001,18,Loss,0.970646106
P001,19,Loss,0.95911281
P001,20,Loss,0.977264113
P001,21,Loss,0.966399131
P001,22,Loss,0.980530137
P001,23,Loss,0.970175283
P001,24,Loss,0.958610129
P001,25,Loss,0.94677081
P001,26,Loss,0.935431322
P001,27,Loss,0.925105313
P001,28,Loss,0.963114722
P001,29,Loss,0.951276445
P001,30,Loss,0.97386921
P001,1,Loss,0.5
P001,2,Loss,0.60736014
P001,3,Loss,0.684656327
P001,4,Loss,0.738605719
P001,5,Loss,0.776173305
P001,6,Loss,0.906793979
P001,7,Loss,0.900641622
P001,8,Loss,0.95355215
P001,9,Loss,0.94184536
P001,10,Loss,0.9699069
P001,11,Loss,0.958324419
P001,12,Loss,0.946489002
P001,13,Loss,0.971843088
P001,14,Loss,0.960399408
P001,15,Loss,0.948546105
P001,16,Loss,0.972709709
P001,17,Loss,0.961338924
P001,18,Loss,0.978249391
P001,19,Loss,0.967524006
P001,20,Loss,0.981045788
P001,21,Loss,0.970784593
P001,22,Loss,0.959261027
P001,23,Loss,0.9773294
P001,24,Loss,0.985709547
P001,25,Loss,0.976491276
P001,26,Loss,0.985296976
P001,27,Loss,0.975970483
P001,28,Loss,0.96493943
P001,29,Loss,0.953137582
P001,30,Loss,0.974666059
P002,1,Win,0.5
P002,2,Win,0.658104663
P002,3,Win,0.785013272
P002,4,Win,0.872263306
P002,5,Win,0.7726695
P002,6,Win,0.632119712
P002,7,Win,0.468640691
P002,8,Win,0.629962611
P002,9,Win,0.466385676
P002,10,Win,0.312916666
P002,11,Win,0.47149822
P002,12,Win,0.632573244
P002,13,Win,0.766029185
P002,14,Win,0.859898989
P002,15,Win,0.753831893
P002,16,Win,0.851835761
P002,17,Win,0.91411534
P002,18,Win,0.951065725
P002,19,Win,0.972235476
P002,20,Win,0.943839026
P002,21,Win,0.968130183
P002,22,Win,0.936002212
P002,23,Win,0.963660717
P002,24,Win,0.979359603
P002,25,Win,0.957660486
P002,26,Win,0.975969941
P002,27,Win,0.986298244
P002,28,Win,0.992123693
P002,29,Win,0.995427318
P002,30,Win,0.990129104
P002,1,Win,0.5
P002,2,Win,0.658104663
P002,3,Win,0.496351485
P002,4,Win,0.654886877
P002,5,Win,0.492864139
P002,6,Win,0.335643674
P002,7,Win,0.496826816
P002,8,Win,0.339108548
P002,9,Win,0.212946077
P002,10,Win,0.349039318
P002,11,Win,0.220245928
P002,12,Win,0.131139816
P002,13,Win,0.075603666
P002,14,Win,0.142707718
P002,15,Win,0.250084385
P002,16,Win,0.150773432
P002,17,Win,0.087473252
P002,18,Win,0.049855506
P002,19,Win,0.028287053
P002,20,Win,0.057163445
P002,21,Win,0.110499281
P002,22,Win,0.063326588
P002,23,Win,0.121411564
P002,24,Win,0.217522336
P002,25,Win,0.355081974
P002,26,Win,0.224726104
P002,27,Win,0.13405217
P002,28,Win,0.237006983
P002,29,Win,0.38030736
P002,30,Win,0.243751258
P002,1,Win,0.5
P002,2,Win,0.658104663
P002,3,Win,0.496351485
P002,4,Win,0.654886877
P002,5,Win,0.782649426
P002,6,Win,0.645144
P002,7,Win,0.775441967
P002,8,Win,0.635716523
P002,9,Win,0.768394952
P002,10,Win,0.626606009
P002,11,Win,0.761515454
P002,12,Win,0.856926158
P002,13,Win,0.749367066
P002,14,Win,0.848860305
P002,15,Win,0.912303471
P002,16,Win,0.950014934
P002,17,Win,0.971639442
P002,18,Win,0.942695654
P002,19,Win,0.967479288
P002,20,Win,0.934767777
P002,21,Win,0.962954896
P002,22,Win,0.978961211
P002,23,Win,0.956879672
P002,24,Win,0.975528312
P002,25,Win,0.986049439
P002,26,Win,0.991983045
P002,27,Win,0.995347228
P002,28,Win,0.989961017
P002,29,Win,0.994197973
P002,30,Win,0.98755896
P002,1,Loss,0.5
P002,2,Loss,0.578292831
P002,3,Loss,0.586586915
P002,4,Loss,0.592978755
P002,5,Loss,0.597908896
P002,6,Loss,0.650929474
P002,7,Loss,0.689650888
P002,8,Loss,0.717953774
P002,9,Loss,0.696155653
P002,10,Loss,0.678634398
P002,11,Loss,0.664703343
P002,12,Loss,0.653709046
P002,13,Loss,0.645077044
P002,14,Loss,0.638324215
P002,15,Loss,0.63305501
P002,16,Loss,0.676609185
P002,17,Loss,0.708406241
P002,18,Loss,0.731728572
P002,19,Loss,0.707354301
P002,20,Loss,0.730954273
P002,21,Loss,0.706721949
P002,22,Loss,0.730488928
P002,23,Loss,0.748042036
P002,24,Loss,0.761107956
P002,25,Loss,0.731631608
P002,26,Loss,0.74888966
P002,27,Loss,0.72146466
P002,28,Loss,0.741360744
P002,29,Loss,0.715251065
P002,30,Loss,0.736772574
P002,1,Loss,0.5
P002,2,Loss,0.526289833
P002,3,Loss,0.598040769
P002,4,Loss,0.651026025
P002,5,Loss,0.642975925
P002,6,Loss,0.683847689
P002,7,Loss,0.66883562
P002,8,Loss,0.656963273
P002,9,Loss,0.647628253
P002,10,Loss,0.640317932
P002,11,Loss,0.68190844
P002,12,Loss,0.712283234
P002,13,Loss,0.734584299
P002,14,Loss,0.75108171
P002,15,Loss,0.763381286
P002,16,Loss,0.772616863
P002,17,Loss,0.779594559
P002,18,Loss,0.747231676
P002,19,Loss,0.720093098
P002,20,Loss,0.740347161
P002,21,Loss,0.714417379
P002,22,Loss,0.73615767
P002,23,Loss,0.752250848
P002,24,Loss,0.724250962
P002,25,Loss,0.701262007
P002,26,Loss,0.682718724
P002,27,Loss,0.712876327
P002,28,Loss,0.735021447
P002,29,Loss,0.751406469
P002,30,Loss,0.723550268
P002,1,Loss,0.5
P002,2,Loss,0.578292831
P002,3,Loss,0.636541931
P002,4,Loss,0.679153443
P002,5,Loss,0.710267264
P002,6,Loss,0.733098971
P002,7,Loss,0.74997869
P002,8,Loss,0.762555957
P002,9,Loss,0.732843727
P002,10,Loss,0.74978921
P002,11,Loss,0.722209592
P002,12,Loss,0.699604312
P002,13,Loss,0.725256393
P002,14,Loss,0.744165348
P002,15,Loss,0.717561334
P002,16,Loss,0.738477409
P002,17,Loss,0.712881192
P002,18,Loss,0.735025033
P002,19,Loss,0.751409133
P002,20,Loss,0.723552478
P002,21,Loss,0.700694544
P002,22,Loss,0.726057271
P002,23,Loss,0.702730753
P002,24,Loss,0.683895684
P002,25,Loss,0.713737952
P002,26,Loss,0.692748827
P002,27,Loss,0.720225002
P002,28,Loss,0.697994909
P002,29,Loss,0.680104191
P002,30,Loss,0.710962878
P003,1,Win,0.5
P003,2,Win,0.470092166
P003,3,Win,0.446324919
P003,4,Win,0.48686876
P003,5,Win,0.519433281
P003,6,Win,0.48560464
P003,7,Win,0.518423333
P003,8,Win,0.544560691
P003,9,Win,0.505776064
P003,10,Win,0.53450666
P003,11,Win,0.557321567
P003,12,Win,0.516080363
P003,13,Win,0.482923338
P003,14,Win,0.516280157
P003,15,Win,0.483083051
P003,16,Win,0.456635808
P003,17,Win,0.435659252
P003,18,Win,0.478231792
P003,19,Win,0.452783398
P003,20,Win,0.432607753
P003,21,Win,0.416633842
P003,22,Win,0.403986173
P003,23,Win,0.393964807
P003,24,Win,0.444099551
P003,25,Win,0.485069431
P003,26,Win,0.517995646
P003,27,Win,0.484454707
P003,28,Win,0.457725518
P003,29,Win,0.436522546
P003,30,Win,0.478932149
P003,1,Win,0.5
P003,2,Win,0.529907834
P003,3,Win,0.553675081
P003,4,Win,0.51313124
P003,5,Win,0.540356107
P003,6,Win,0.561957515
P003,7,Win,0.579063866
P003,8,Win,0.592606727
P003,9,Win,0.544836807
P003,10,Win,0.565507291
P003,11,Win,0.581873976
P003,12,Win,0.53604456
P003,13,Win,0.558540641
P003,14,Win,0.576358871
P003,15,Win,0.531542782
P003,16,Win,0.495307737
P003,17,Win,0.466355882
P003,18,Win,0.503005228
P003,19,Win,0.532301163
P003,20,Win,0.495916478
P003,21,Win,0.46684042
P003,22,Win,0.443746387
P003,23,Win,0.484783749
P003,24,Win,0.517767335
P003,25,Win,0.544039672
P003,26,Win,0.564875849
P003,27,Win,0.581374109
P003,28,Win,0.594436183
P003,29,Win,0.546339835
P003,30,Win,0.507210054
P003,1,Win,0.5
P003,2,Win,0.470092166
P003,3,Win,0.446324919
P003,4,Win,0.427493336
P003,5,Win,0.412584996
P003,6,Win,0.459421583
P003,7,Win,0.497430691
P003,8,Win,0.468045916
P003,9,Win,0.44470221
P003,10,Win,0.485556853
P003,11,Win,0.518385148
P003,12,Win,0.544530365
P003,13,Win,0.565264549
P003,14,Win,0.522517908
P003,15,Win,0.547811723
P003,16,Win,0.567863583
P003,17,Win,0.524628559
P003,18,Win,0.549486884
P003,19,Win,0.50974863
P003,20,Win,0.477865664
P003,21,Win,0.452492754
P003,22,Win,0.49184856
P003,23,Win,0.523409009
P003,24,Win,0.488786895
P003,25,Win,0.520965186
P003,26,Win,0.486830429
P003,27,Win,0.519402662
P003,28,Win,0.485580144
P003,29,Win,0.518403759
P003,30,Win,0.484781106
P003,1,Loss,0.5
P003,2,Loss,0.511329714
P003,3,Loss,0.543067617
P003,4,Loss,0.54617496
P003,5,Loss,0.571024082
P003,6,Loss,0.590900669
P003,7,Loss,0.606790545
P003,8,Loss,0.619500732
P003,9,Loss,0.629679234
P003,10,Loss,0.637841532
P003,11,Loss,0.623362065
P003,12,Loss,0.611467304
P003,13,Loss,0.601732453
P003,14,Loss,0.615453429
P003,15,Loss,0.604991391
P003,16,Loss,0.618060933
P003,17,Loss,0.607125006
P003,18,Loss,0.619768413
P003,19,Loss,0.629893749
P003,20,Loss,0.638013685
P003,21,Loss,0.623503811
P003,22,Loss,0.6115835
P003,23,Loss,0.601827405
P003,24,Loss,0.593863967
P003,25,Loss,0.58737628
P003,26,Loss,0.582098226
P003,27,Loss,0.577808647
P003,28,Loss,0.59632428
P003,29,Loss,0.589379545
P003,30,Loss,0.605574345
P003,1,Loss,0.5
P003,2,Loss,0.533942677
P003,3,Loss,0.561225102
P003,4,Loss,0.58306575
P003,5,Loss,0.578594697
P003,6,Loss,0.596952633
P003,7,Loss,0.611630082
P003,8,Loss,0.623374756
P003,9,Loss,0.63278453
P003,10,Loss,0.619201768
P003,11,Loss,0.608058966
P003,12,Loss,0.598948421
P003,13,Loss,0.591517286
P003,14,Loss,0.607283573
P003,15,Loss,0.619895322
P003,16,Loss,0.629995455
P003,17,Loss,0.616910078
P003,18,Loss,0.627603478
P003,19,Loss,0.636175997
P003,20,Loss,0.643057936
P003,21,Loss,0.648590108
P003,22,Loss,0.632228116
P003,23,Loss,0.639887427
P003,24,Loss,0.646040553
P003,25,Loss,0.650990026
P003,26,Loss,0.634212328
P003,27,Loss,0.641480666
P003,28,Loss,0.626360164
P003,29,Loss,0.613925974
P003,30,Loss,0.625213233
P003,1,Loss,0.5
P003,2,Loss,0.511329714
P003,3,Loss,0.543067617
P003,4,Loss,0.56853607
P003,5,Loss,0.588911583
P003,6,Loss,0.583346714
P003,7,Loss,0.578822984
P003,8,Loss,0.575148598
P003,9,Loss,0.594197873
P003,10,Loss,0.587648101
P003,11,Loss,0.582319243
P003,12,Loss,0.599929988
P003,13,Loss,0.592317209
P003,14,Loss,0.607923186
P003,15,Loss,0.598837558
P003,16,Loss,0.591426949
P003,17,Loss,0.607211342
P003,18,Loss,0.598256405
P003,19,Loss,0.590953428
P003,20,Loss,0.606832729
P003,21,Loss,0.619534493
P003,22,Loss,0.629706289
P003,23,Loss,0.637863244
P003,24,Loss,0.644413611
P003,25,Loss,0.649680751
P003,26,Loss,0.653921079
P003,27,Loss,0.636638081
P003,28,Loss,0.622371395
P003,29,Loss,0.631980118
P003,30,Loss,0.639688332
P004,1,Win,0.5
P004,2,Win,0.395937065
P004,3,Win,0.537082497
P004,4,Win,0.419190639
P004,5,Win,0.346648634
P004,6,Win,0.502895808
P004,7,Win,0.397734273
P004,8,Win,0.333726982
P004,9,Win,0.295133132
P004,10,Win,0.464584421
P004,11,Win,0.374161567
P004,12,Win,0.319544264
P004,13,Win,0.483121447
P004,14,Win,0.59354574
P004,15,Win,0.455869683
P004,16,Win,0.368851964
P004,17,Win,0.518551122
P004,18,Win,0.615512871
P004,19,Win,0.470681358
P004,20,Win,0.585724148
P004,21,Win,0.450676948
P004,22,Win,0.573004092
P004,23,Win,0.648641837
P004,24,Win,0.493745316
P004,25,Win,0.392064734
P004,26,Win,0.330315971
P004,27,Win,0.491074523
P004,28,Win,0.59851423
P004,29,Win,0.459189568
P004,30,Win,0.370872758
P004,1,Win,0.5
P004,2,Win,0.395937065
P004,3,Win,0.332645643
P004,4,Win,0.294477239
P004,5,Win,0.271150897
P004,6,Win,0.445585247
P004,7,Win,0.362605436
P004,8,Win,0.312584711
P004,9,Win,0.282264595
P004,10,Win,0.263593898
P004,11,Win,0.251923584
P004,12,Win,0.429699129
P004,13,Win,0.352990793
P004,14,Win,0.306786161
P004,15,Win,0.473526712
P004,16,Win,0.587518777
P004,17,Win,0.657395143
P004,18,Win,0.500005583
P004,19,Win,0.604066398
P004,20,Win,0.462919836
P004,21,Win,0.580810842
P004,22,Win,0.653352259
P004,23,Win,0.497104831
P004,24,Win,0.394143059
P004,25,Win,0.535872465
P004,26,Win,0.626117209
P004,27,Win,0.680623534
P004,28,Win,0.517003486
P004,29,Win,0.614561573
P004,30,Win,0.470032536
P004,1,Win,0.5
P004,2,Win,0.395937065
P004,3,Win,0.537082497
P004,4,Win,0.419190639
P004,5,Win,0.346648634
P004,6,Win,0.502895808
P004,7,Win,0.605857337
P004,8,Win,0.464127802
P004,9,Win,0.373882954
P004,10,Win,0.319376564
P004,11,Win,0.28640961
P004,12,Win,0.266164956
P004,13,Win,0.441525289
P004,14,Win,0.567119868
P004,15,Win,0.438479716
P004,16,Win,0.358300404
P004,17,Win,0.309989489
P004,18,Win,0.475954394
P004,19,Win,0.381115078
P004,20,Win,0.323728688
P004,21,Win,0.289059865
P004,22,Win,0.267805443
P004,23,Win,0.254569764
P004,24,Win,0.246223772
P004,25,Win,0.240913163
P004,26,Win,0.237512787
P004,27,Win,0.235326341
P004,28,Win,0.233916521
P004,29,Win,0.233005797
P004,30,Win,0.232416773
P004,1,Loss,0.5
P004,2,Loss,0.556160077
P004,3,Loss,0.570092408
P004,4,Loss,0.582781981
P004,5,Loss,0.594332191
P004,6,Loss,0.604841306
P004,7,Loss,0.649364423
P004,8,Loss,0.688074968
P004,9,Loss,0.721443598
P004,10,Loss,0.750058959
P004,11,Loss,0.774535505
P004,12,Loss,0.795459335
P004,13,Loss,0.789448347
P004,14,Loss,0.808215429
P004,15,Loss,0.824290939
P004,16,Loss,0.838093227
P004,17,Loss,0.829774662
P004,18,Loss,0.842810683
P004,19,Loss,0.834286862
P004,20,Loss,0.826142033
P004,21,Loss,0.81839215
P004,22,Loss,0.833024278
P004,23,Loss,0.824938633
P004,24,Loss,0.81724968
P004,25,Loss,0.832043145
P004,26,Loss,0.844763773
P004,27,Loss,0.855735426
P004,28,Loss,0.846710183
P004,29,Loss,0.838025427
P004,30,Loss,0.849919194
P004,1,Loss,0.5
P004,2,Loss,0.556160077
P004,3,Loss,0.606499838
P004,4,Loss,0.650814094
P004,5,Loss,0.689328853
P004,6,Loss,0.722520956
P004,7,Loss,0.750981253
P004,8,Loss,0.775323935
P004,9,Loss,0.796133488
P004,10,Loss,0.79008048
P004,11,Loss,0.808756418
P004,12,Loss,0.824754866
P004,13,Loss,0.838492126
P004,14,Loss,0.830155768
P004,15,Loss,0.8222074
P004,16,Loss,0.836302172
P004,17,Loss,0.828064472
P004,18,Loss,0.841338895
P004,19,Loss,0.832877891
P004,20,Loss,0.84548271
P004,21,Loss,0.856356604
P004,22,Loss,0.847309641
P004,23,Loss,0.838600865
P004,24,Loss,0.830259671
P004,25,Loss,0.843228178
P004,26,Loss,0.854409052
P004,27,Loss,0.845430946
P004,28,Loss,0.836798094
P004,29,Loss,0.848860901
P004,30,Loss,0.840090876
P004,1,Loss,0.5
P004,2,Loss,0.518790496
P004,3,Loss,0.535989567
P004,4,Loss,0.58854038
P004,5,Loss,0.599571904
P004,6,Loss,0.644754271
P004,7,Loss,0.650721917
P004,8,Loss,0.689249136
P004,9,Loss,0.691312948
P004,10,Loss,0.724225339
P004,11,Loss,0.723376887
P004,12,Loss,0.722596827
P004,13,Loss,0.751046202
P004,14,Loss,0.748107679
P004,15,Loss,0.745390767
P004,16,Loss,0.74288048
P004,17,Loss,0.740562543
P004,18,Loss,0.766416307
P004,19,Loss,0.762352445
P004,20,Loss,0.785044076
P004,21,Loss,0.779701589
P004,22,Loss,0.774715425
P004,23,Loss,0.795613175
P004,24,Loss,0.789592584
P004,25,Loss,0.783953777
P004,26,Loss,0.778683295
P004,27,Loss,0.773766029
P004,28,Loss,0.769185753
P004,29,Loss,0.764925562
P004,30,Loss,0.787243609
P005,1,Win,0.5
P005,2,Win,0.151296668
P005,3,Win,0.032884239
P005,4,Win,0.178830761
P005,5,Win,0.564621315
P005,6,Win,0.878063125
P005,7,Win,0.542980362
P005,8,Win,0.868762013
P005,9,Win,0.971816282
P005,10,Win,0.994095295
P005,11,Win,0.998707105
P005,12,Win,0.999700573
P005,13,Win,0.997695955
P005,14,Win,0.999477957
P005,15,Win,0.999874793
P005,16,Win,0.999001908
P005,17,Win,0.999766541
P005,18,Win,0.998185182
P005,19,Win,0.999585089
P005,20,Win,0.999899595
P005,21,Win,0.999974319
P005,22,Win,0.999782015
P005,23,Win,0.999945909
P005,24,Win,0.999985826
P005,25,Win,0.99987684
P005,26,Win,0.999968749
P005,27,Win,0.999991633
P005,28,Win,0.999997641
P005,29,Win,0.999999301
P005,30,Win,0.999993166
P005,1,Win,0.5
P005,2,Win,0.151296668
P005,3,Win,0.032884239
P005,4,Win,0.006873234
P005,5,Win,0.045054726
P005,6,Win,0.229774905
P005,7,Win,0.05281862
P005,8,Win,0.259419752
P005,9,Win,0.671859439
P005,10,Win,0.917811669
P005,11,Win,0.982755086
P005,12,Win,0.996347943
P005,13,Win,0.9750214
P005,14,Win,0.994755093
P005,15,Win,0.9988468
P005,16,Win,0.991627559
P005,17,Win,0.998188314
P005,18,Win,0.987128198
P005,19,Win,0.997251871
P005,20,Win,0.999381421
P005,21,Win,0.999852613
P005,22,Win,0.998832761
P005,23,Win,0.999728614
P005,24,Win,0.999933232
P005,25,Win,0.999454255
P005,26,Win,0.999869334
P005,27,Win,0.999966921
P005,28,Win,0.999991163
P005,29,Win,0.999997514
P005,30,Win,0.999976871
P005,1,Win,0.5
P005,2,Win,0.848703332
P005,3,Win,0.483104064
P005,4,Win,0.840171988
P005,5,Win,0.965071959
P005,6,Win,0.992705102
P005,7,Win,0.952400439
P005,8,Win,0.9900793
P005,9,Win,0.997865012
P005,10,Win,0.999514875
P005,11,Win,0.999883315
P005,12,Win,0.99997033
P005,13,Win,0.999749584
P005,14,Win,0.999938197
P005,15,Win,0.999983889
P005,16,Win,0.999860716
P005,17,Win,0.999964828
P005,18,Win,0.999705132
P005,19,Win,0.999927689
P005,20,Win,0.999981265
P005,21,Win,0.999994882
P005,22,Win,0.999953718
P005,23,Win,0.999987798
P005,24,Win,0.99999661
P005,25,Win,0.999968845
P005,26,Win,0.999991658
P005,27,Win,0.999997648
P005,28,Win,0.999999303
P005,29,Win,0.999999783
P005,30,Win,0.999997782
P005,1,Loss,0.5
P005,2,Loss,0.990323061
P005,3,Loss,0.862002192
P005,4,Loss,0.839869751
P005,5,Loss,0.838395384
P005,6,Loss,0.991260966
P005,7,Loss,0.862765357
P005,8,Loss,0.991364365
P005,9,Loss,0.862854181
P005,10,Loss,0.991364767
P005,11,Loss,0.992787691
P005,12,Loss,0.864191316
P005,13,Loss,0.840025414
P005,14,Loss,0.991267504
P005,15,Loss,0.862770944
P005,16,Loss,0.83992419
P005,17,Loss,0.838398812
P005,18,Loss,0.99126098
P005,19,Loss,0.862765369
P005,20,Loss,0.839923795
P005,21,Loss,0.991267095
P005,22,Loss,0.862770594
P005,23,Loss,0.991364389
P005,24,Loss,0.862854201
P005,25,Loss,0.839930101
P005,26,Loss,0.991267121
P005,27,Loss,0.862770616
P005,28,Loss,0.991364389
P005,29,Loss,0.862854201
P005,30,Loss,0.991364767
P005,1,Loss,0.5
P005,2,Loss,0.990323061
P005,3,Loss,0.862002192
P005,4,Loss,0.839869751
P005,5,Loss,0.838395384
P005,6,Loss,0.991260966
P005,7,Loss,0.862765357
P005,8,Loss,0.991364365
P005,9,Loss,0.862854181
P005,10,Loss,0.991364767
P005,11,Loss,0.862854527
P005,12,Loss,0.839930124
P005,13,Loss,0.838399186
P005,14,Loss,0.991260982
P005,15,Loss,0.86276537
P005,16,Loss,0.991364365
P005,17,Loss,0.862854181
P005,18,Loss,0.991364767
P005,19,Loss,0.862854527
P005,20,Loss,0.991364768
P005,21,Loss,0.862854529
P005,22,Loss,0.991364768
P005,23,Loss,0.992787691
P005,24,Loss,0.992868458
P005,25,Loss,0.864274497
P005,26,Loss,0.840031367
P005,27,Loss,0.838405564
P005,28,Loss,0.991261007
P005,29,Loss,0.862765392
P005,30,Loss,0.991364365
P005,1,Loss,0.5
P005,2,Loss,0.823865862
P005,3,Loss,0.8374235
P005,4,Loss,0.838242246
P005,5,Loss,0.838293305
P005,6,Loss,0.991260559
P005,7,Loss,0.862765009
P005,8,Loss,0.991364364
P005,9,Loss,0.862854179
P005,10,Loss,0.991364767
P005,11,Loss,0.992787691
P005,12,Loss,0.864191316
P005,13,Loss,0.840025414
P005,14,Loss,0.991267504
P005,15,Loss,0.862770944
P005,16,Loss,0.991364391
P005,17,Loss,0.862854202
P005,18,Loss,0.991364767
P005,19,Loss,0.862854528
P005,20,Loss,0.991364768
P005,21,Loss,0.862854529
P005,22,Loss,0.839930124
P005,23,Loss,0.991267121
P005,24,Loss,0.862770616
P005,25,Loss,0.839924167
P005,26,Loss,0.838398811
P005,27,Loss,0.99126098
P005,28,Loss,0.992782295
P005,29,Loss,0.864185791
P005,30,Loss,0.840025018
P006,1,Win,0.5
P006,2,Win,0.386726706
P006,3,Win,0.288214277
P006,4,Win,0.209216881
P006,5,Win,0.306543258
P006,6,Win,0.419903048
P006,7,Win,0.537582847
P006,8,Win,0.421554991
P006,9,Win,0.317549248
P006,10,Win,0.431946737
P006,11,Win,0.326458723
P006,12,Win,0.441591794
P006,13,Win,0.558630897
P006,14,Win,0.665398315
P006,15,Win,0.754273139
P006,16,Win,0.649396313
P006,17,Win,0.532723674
P006,18,Win,0.642682356
P006,19,Win,0.525695883
P006,20,Win,0.410412779
P006,21,Win,0.528235687
P006,22,Win,0.412783439
P006,23,Win,0.310085923
P006,24,Win,0.4237955
P006,25,Win,0.319463927
P006,26,Win,0.233684289
P006,27,Win,0.167693237
P006,28,Win,0.253876768
P006,29,Win,0.182905107
P006,30,Win,0.273507287
P006,1,Win,0.5
P006,2,Win,0.613273294
P006,3,Win,0.495472093
P006,4,Win,0.382608028
P006,5,Win,0.284796986
P006,6,Win,0.20657216
P006,7,Win,0.147550383
P006,8,Win,0.227241106
P006,9,Win,0.162877799
P006,10,Win,0.115703594
P006,11,Win,0.183504791
P006,12,Win,0.130648737
P006,13,Win,0.204289714
P006,14,Win,0.300442097
P006,15,Win,0.41316391
P006,16,Win,0.310408578
P006,17,Win,0.226540799
P006,18,Win,0.327696815
P006,19,Win,0.442924833
P006,20,Win,0.559910644
P006,21,Win,0.442813381
P006,22,Win,0.335855362
P006,23,Win,0.246729966
P006,24,Win,0.351786803
P006,25,Win,0.259555817
P006,26,Win,0.366790903
P006,27,Win,0.271771457
P006,28,Win,0.380873175
P006,29,Win,0.283360755
P006,30,Win,0.394051718
P006,1,Win,0.5
P006,2,Win,0.613273294
P006,3,Win,0.495472093
P006,4,Win,0.609138348
P006,5,Win,0.708344149
P006,6,Win,0.788113579
P006,7,Win,0.690167045
P006,8,Win,0.773911794
P006,9,Win,0.672850049
P006,10,Win,0.7602172
P006,11,Win,0.827731997
P006,12,Win,0.740177018
P006,13,Win,0.632898962
P006,14,Win,0.72797462
P006,15,Win,0.803260138
P006,16,Win,0.708981715
P006,17,Win,0.788608581
P006,18,Win,0.690776202
P006,19,Win,0.77439056
P006,20,Win,0.838338783
P006,21,Win,0.88517322
P006,22,Win,0.817729619
P006,23,Win,0.87024997
P006,24,Win,0.908004102
P006,25,Win,0.850493729
P006,26,Win,0.893906662
P006,27,Win,0.924746404
P006,28,Win,0.946404554
P006,29,Win,0.961562089
P006,30,Win,0.932890177
P006,1,Loss,0.5
P006,2,Loss,0.708942664
P006,3,Loss,0.669412649
P006,4,Loss,0.650379946
P006,5,Loss,0.641472944
P006,6,Loss,0.637349741
P006,7,Loss,0.635449655
P006,8,Loss,0.634575772
P006,9,Loss,0.634174214
P006,10,Loss,0.633989767
P006,11,Loss,0.633905062
P006,12,Loss,0.633866165
P006,13,Loss,0.758095227
P006,14,Loss,0.804513809
P006,15,Loss,0.720382917
P006,16,Loss,0.675088865
P006,17,Loss,0.653065007
P006,18,Loss,0.765073205
P006,19,Loss,0.698231939
P006,20,Loss,0.781674081
P006,21,Loss,0.813952884
P006,22,Loss,0.726003988
P006,23,Loss,0.792109659
P006,24,Loss,0.818241908
P006,25,Loss,0.7286066
P006,26,Loss,0.793100142
P006,27,Loss,0.818653019
P006,28,Loss,0.728857735
P006,29,Loss,0.679351903
P006,30,Loss,0.655091142
P006,1,Loss,0.5
P006,2,Loss,0.708942664
P006,3,Loss,0.785672139
P006,4,Loss,0.70955599
P006,5,Loss,0.669714801
P006,6,Loss,0.65052252
P006,7,Loss,0.641539162
P006,8,Loss,0.760880844
P006,9,Loss,0.805612724
P006,10,Loss,0.721030111
P006,11,Loss,0.790223292
P006,12,Loss,0.712126828
P006,13,Loss,0.670983903
P006,14,Loss,0.651121793
P006,15,Loss,0.641817569
P006,16,Loss,0.637508792
P006,17,Loss,0.759417225
P006,18,Loss,0.805034833
P006,19,Loss,0.823666327
P006,20,Loss,0.831740574
P006,21,Loss,0.737015091
P006,22,Loss,0.683506131
P006,23,Loss,0.657073827
P006,24,Loss,0.766534276
P006,25,Loss,0.807855608
P006,26,Loss,0.722356816
P006,27,Loss,0.676077181
P006,28,Loss,0.653533987
P006,29,Loss,0.765244044
P006,30,Loss,0.698323914
P006,1,Loss,0.5
P006,2,Loss,0.708942664
P006,3,Loss,0.669412649
P006,4,Loss,0.771043477
P006,5,Loss,0.701464565
P006,6,Loss,0.782877601
P006,7,Loss,0.707990474
P006,8,Loss,0.785315465
P006,9,Loss,0.815440945
P006,10,Loss,0.82813557
P006,11,Loss,0.734735529
P006,12,Loss,0.795442479
P006,13,Loss,0.819628147
P006,14,Loss,0.7294546
P006,15,Loss,0.679654125
P006,16,Loss,0.655235104
P006,17,Loss,0.643731963
P006,18,Loss,0.761677612
P006,19,Loss,0.696410095
P006,20,Loss,0.780996929
P006,21,Loss,0.70694234
P006,22,Loss,0.784923143
P006,23,Loss,0.815280193
P006,24,Loss,0.726806053
P006,25,Loss,0.678315067
P006,26,Loss,0.654597578
P006,27,Loss,0.643434848
P006,28,Loss,0.761569633
P006,29,Loss,0.80588507
P006,30,Loss,0.824027901
P007,1,Win,0.5
P007,2,Win,0.340576385
P007,3,Win,0.217349835
P007,4,Win,0.134259841
P007,5,Win,0.251718238
P007,6,Win,0.410395191
P007,7,Win,0.268750353
P007,8,Win,0.430642753
P007,9,Win,0.598331643
P007,10,Win,0.737874954
P007,11,Win,0.836524404
P007,12,Win,0.899691459
P007,13,Win,0.80208027
P007,14,Win,0.878122972
P007,15,Win,0.925195346
P007,16,Win,0.845676261
P007,17,Win,0.718425431
P007,18,Win,0.554493137
P007,19,Win,0.70396034
P007,20,Win,0.813687761
P007,21,Win,0.885443425
P007,22,Win,0.778963286
P007,23,Win,0.863371373
P007,24,Win,0.744686858
P007,25,Win,0.585281668
P007,26,Win,0.727944974
P007,27,Win,0.829904814
P007,28,Win,0.895581448
P007,29,Win,0.935763564
P007,30,Win,0.864686749
P007,1,Win,0.5
P007,2,Win,0.340576385
P007,3,Win,0.510067592
P007,4,Win,0.667865642
P007,5,Win,0.788630966
P007,6,Win,0.640078472
P007,7,Win,0.768762778
P007,8,Win,0.614763882
P007,9,Win,0.750188601
P007,10,Win,0.591908932
P007,11,Win,0.733004804
P007,12,Win,0.833284544
P007,13,Win,0.700624852
P007,14,Win,0.811405963
P007,15,Win,0.884008725
P007,16,Win,0.928765448
P007,17,Win,0.955726066
P007,18,Win,0.902391555
P007,19,Win,0.939870303
P007,20,Win,0.872241712
P007,21,Win,0.921619666
P007,22,Win,0.951434365
P007,23,Win,0.969363017
P007,24,Win,0.980248696
P007,25,Win,0.986968932
P007,26,Win,0.96779183
P007,27,Win,0.979287742
P007,28,Win,0.986370169
P007,29,Win,0.990819897
P007,30,Win,0.993674697
P007,1,Win,0.5
P007,2,Win,0.659423615
P007,3,Win,0.782650165
P007,4,Win,0.865740159
P007,5,Win,0.917656428
P007,6,Win,0.832469857
P007,7,Win,0.897175917
P007,8,Win,0.797938428
P007,9,Win,0.875497224
P007,10,Win,0.763297382
P007,11,Win,0.853234575
P007,12,Win,0.909999554
P007,13,Win,0.819338358
P007,14,Win,0.88898737
P007,15,Win,0.931779352
P007,16,Win,0.857448724
P007,17,Win,0.912584967
P007,18,Win,0.823741631
P007,19,Win,0.891740399
P007,20,Win,0.933443765
P007,21,Win,0.860461691
P007,22,Win,0.91443016
P007,23,Win,0.947114466
P007,24,Win,0.966758147
P007,25,Win,0.924420288
P007,26,Win,0.953116485
P007,27,Win,0.970378662
P007,28,Win,0.931869931
P007,29,Win,0.957590666
P007,30,Win,0.906048963
P007,1,Loss,0.5
P007,2,Loss,0.789413751
P007,3,Loss,0.761569723
P007,4,Loss,0.745351772
P007,5,Loss,0.73620427
P007,6,Loss,0.731126196
P007,7,Loss,0.866122015
P007,8,Loss,0.912129908
P007,9,Loss,0.930723477
P007,10,Loss,0.865020717
P007,11,Loss,0.911715202
P007,12,Loss,0.847368528
P007,13,Loss,0.905206825
P007,14,Loss,0.927729839
P007,15,Loss,0.937831786
P007,16,Loss,0.872232209
P007,17,Loss,0.815824624
P007,18,Loss,0.777708062
P007,19,Loss,0.881276596
P007,20,Loss,0.822589201
P007,21,Loss,0.896433282
P007,22,Loss,0.9240526
P007,23,Loss,0.936105
P007,24,Loss,0.94190476
P007,25,Loss,0.876551275
P007,26,Loss,0.81902638
P007,27,Loss,0.779724761
P007,28,Loss,0.881942961
P007,29,Loss,0.823096895
P007,30,Loss,0.896609538
P007,1,Loss,0.5
P007,2,Loss,0.608369847
P007,3,Loss,0.663904952
P007,4,Loss,0.844585633
P007,5,Loss,0.796390338
P007,6,Loss,0.765752969
P007,7,Loss,0.877347459
P007,8,Loss,0.819622203
P007,9,Loss,0.780101646
P007,10,Loss,0.756065282
P007,11,Loss,0.74222501
P007,12,Loss,0.734462307
P007,13,Loss,0.867196085
P007,14,Loss,0.812153311
P007,15,Loss,0.892837883
P007,16,Loss,0.922579292
P007,17,Loss,0.857197375
P007,18,Loss,0.908799837
P007,19,Loss,0.844833275
P007,20,Loss,0.904291508
P007,21,Loss,0.840988971
P007,22,Loss,0.902911904
P007,23,Loss,0.839830148
P007,24,Loss,0.793206473
P007,25,Loss,0.886428114
P007,26,Loss,0.826549532
P007,27,Loss,0.897811717
P007,28,Loss,0.835613435
P007,29,Loss,0.790417055
P007,30,Loss,0.76216808
P007,1,Loss,0.5
P007,2,Loss,0.608369847
P007,3,Loss,0.663904952
P007,4,Loss,0.844585633
P007,5,Loss,0.796390338
P007,6,Loss,0.887495833
P007,7,Loss,0.827380828
P007,8,Loss,0.898102106
P007,9,Loss,0.835850773
P007,10,Loss,0.790573243
P007,11,Loss,0.762261324
P007,12,Loss,0.876206093
P007,13,Loss,0.915981344
P007,14,Loss,0.851153232
P007,15,Loss,0.800857792
P007,16,Loss,0.889000063
P007,17,Loss,0.828558311
P007,18,Loss,0.785816799
P007,19,Loss,0.759433177
P007,20,Loss,0.744135305
P007,21,Loss,0.735525774
P007,22,Loss,0.730751688
P007,23,Loss,0.728124532
P007,24,Loss,0.726684629
P007,25,Loss,0.864693797
P007,26,Loss,0.810352723
P007,27,Loss,0.892222572
P007,28,Loss,0.831106479
P007,29,Loss,0.787468975
P007,30,Loss,0.76041289
P008,1,Win,0.5
P008,2,Win,0.999422613
P008,3,Win,0.999999424
P008,4,Win,0.999999999
P008,5,Win,1
P008,6,Win,0.999999969
P008,7,Win,1
P008,8,Win,0.999999398
P008,9,Win,0.999999999
P008,10,Win,0.999992203
P008,11,Win,0.999999989
P008,12,Win,1
P008,13,Win,0.999999757
P008,14,Win,1
P008,15,Win,1
P008,16,Win,1
P008,17,Win,1
P008,18,Win,1
P008,19,Win,1
P008,20,Win,1
P008,21,Win,1
P008,22,Win,1
P008,23,Win,1
P008,24,Win,1
P008,25,Win,1
P008,26,Win,1
P008,27,Win,1
P008,28,Win,1
P008,29,Win,1
P008,30,Win,1
P008,1,Win,0.5
P008,2,Win,0.999422613
P008,3,Win,0.367063501
P008,4,Win,0.999043618
P008,5,Win,0.999999081
P008,6,Win,0.999999999
P008,7,Win,0.999988782
P008,8,Win,0.999999985
P008,9,Win,1
P008,10,Win,1
P008,11,Win,1
P008,12,Win,1
P008,13,Win,1
P008,14,Win,1
P008,15,Win,1
P008,16,Win,1
P008,17,Win,1
P008,18,Win,1
P008,19,Win,1
P008,20,Win,1
P008,21,Win,1
P008,22,Win,1
P008,23,Win,1
P008,24,Win,1
P008,25,Win,1
P008,26,Win,1
P008,27,Win,1
P008,28,Win,1
P008,29,Win,1
P008,30,Win,1
P008,1,Win,0.5
P008,2,Win,0.999422613
P008,3,Win,0.999999424
P008,4,Win,0.999999999
P008,5,Win,1
P008,6,Win,0.999999969
P008,7,Win,1
P008,8,Win,0.999999398
P008,9,Win,0.999999999
P008,10,Win,0.999992203
P008,11,Win,0.999999989
P008,12,Win,1
P008,13,Win,0.999999757
P008,14,Win,1
P008,15,Win,1
P008,16,Win,1
P008,17,Win,1
P008,18,Win,1
P008,19,Win,1
P008,20,Win,1
P008,21,Win,1
P008,22,Win,1
P008,23,Win,1
P008,24,Win,1
P008,25,Win,1
P008,26,Win,1
P008,27,Win,1
P008,28,Win,1
P008,29,Win,1
P008,30,Win,1
P008,1,Loss,0.5
P008,2,Loss,0.572585878
P008,3,Loss,0.640742403
P008,4,Loss,0.660097487
P008,5,Loss,0.719502432
P008,6,Loss,0.771064468
P008,7,Loss,0.783456745
P008,8,Loss,0.795107838
P008,9,Loss,0.834727386
P008,10,Loss,0.867313193
P008,11,Loss,0.873787844
P008,12,Loss,0.898990065
P008,13,Loss,0.903518124
P008,14,Loss,0.922847791
P008,15,Loss,0.938266776
P008,16,Loss,0.940514609
P008,17,Loss,0.952315001
P008,18,Loss,0.953820727
P008,19,Loss,0.962882133
P008,20,Loss,0.963873203
P008,21,Loss,0.964818465
P008,22,Loss,0.971619611
P008,23,Loss,0.972224883
P008,24,Loss,0.972805106
P008,25,Loss,0.977975722
P008,26,Loss,0.978331272
P008,27,Loss,0.978673808
P008,28,Loss,0.979003915
P008,29,Loss,0.979322144
P008,30,Loss,0.983176337
P008,1,Loss,0.5
P008,2,Loss,0.572585878
P008,3,Loss,0.640742403
P008,4,Loss,0.660097487
P008,5,Loss,0.678536723
P008,6,Loss,0.735662718
P008,7,Loss,0.784847917
P008,8,Loss,0.826206606
P008,9,Loss,0.835239789
P008,10,Loss,0.843711725
P008,11,Loss,0.874636327
P008,12,Loss,0.880656847
P008,13,Loss,0.904519818
P008,14,Loss,0.908714836
P008,15,Loss,0.912659182
P008,16,Loss,0.916369596
P008,17,Loss,0.919861681
P008,18,Loss,0.935888667
P008,19,Loss,0.938267194
P008,20,Loss,0.950529518
P008,21,Loss,0.952126328
P008,22,Loss,0.953641628
P008,23,Loss,0.962739906
P008,24,Loss,0.96996734
P008,25,Loss,0.970642198
P008,26,Loss,0.971288425
P008,27,Loss,0.971907505
P008,28,Loss,0.977260611
P008,29,Loss,0.977642669
P008,30,Loss,0.981834443
P008,1,Loss,0.5
P008,2,Loss,0.524348172
P008,3,Loss,0.595753506
P008,4,Loss,0.661939206
P008,5,Loss,0.721123022
P008,6,Loss,0.736385261
P008,7,Loss,0.785461868
P008,8,Loss,0.796992143
P008,9,Loss,0.807823315
P008,10,Loss,0.817991751
P008,11,Loss,0.82753361
P008,12,Loss,0.861432536
P008,13,Loss,0.889014376
P008,14,Loss,0.894149502
P008,15,Loss,0.898971227
P008,16,Loss,0.903500426
P008,17,Loss,0.922833643
P008,18,Loss,0.938255512
P008,19,Loss,0.940503961
P008,20,Loss,0.942630047
P008,21,Loss,0.944641576
P008,22,Loss,0.955592953
P008,23,Loss,0.956934336
P008,24,Loss,0.958209611
P008,25,Loss,0.966367854
P008,26,Loss,0.96719998
P008,27,Loss,0.967995097
P008,28,Loss,0.968755208
P008,29,Loss,0.96948219
P008,30,Loss,0.975329472
P009,1,Win,0.5
P009,2,Win,0.19891889
P009,3,Win,0.107614565
P009,4,Win,0.573538102
P009,5,Win,0.824435371
P009,6,Win,0.356374334
P009,7,Win,0.747735798
P009,8,Win,0.303708879
P009,9,Win,0.139044664
P009,10,Win,0.087993568
P009,11,Win,0.068787128
P009,12,Win,0.510543173
P009,13,Win,0.202426669
P009,14,Win,0.664213163
P009,15,Win,0.85154044
P009,16,Win,0.908770378
P009,17,Win,0.929883611
P009,18,Win,0.48679226
P009,19,Win,0.796679166
P009,20,Win,0.335147744
P009,21,Win,0.738446406
P009,22,Win,0.873382272
P009,23,Win,0.40329007
P009,24,Win,0.766729854
P009,25,Win,0.881845562
P009,26,Win,0.919474139
P009,27,Win,0.934360275
P009,28,Win,0.495963547
P009,29,Win,0.799743752
P009,30,Win,0.33734946
P009,1,Win,0.5
P009,2,Win,0.19891889
P009,3,Win,0.107614565
P009,4,Win,0.573538102
P009,5,Win,0.224533726
P009,6,Win,0.115506352
P009,7,Win,0.583607303
P009,8,Win,0.228283978
P009,9,Win,0.11664542
P009,10,Win,0.079968547
P009,11,Win,0.065400021
P009,12,Win,0.058855368
P009,13,Win,0.055708603
P009,14,Win,0.054140036
P009,15,Win,0.053343243
P009,16,Win,0.05293449
P009,17,Win,0.474423556
P009,18,Win,0.19059403
P009,19,Win,0.65549044
P009,20,Win,0.848974929
P009,21,Win,0.907900487
P009,22,Win,0.448522016
P009,23,Win,0.783456499
P009,24,Win,0.886933277
P009,25,Win,0.419432565
P009,26,Win,0.173413633
P009,27,Win,0.641847771
P009,28,Win,0.844951725
P009,29,Win,0.906545883
P009,30,Win,0.446458912
P009,1,Win,0.5
P009,2,Win,0.19891889
P009,3,Win,0.661679572
P009,4,Win,0.260133547
P009,5,Win,0.126196032
P009,6,Win,0.596233373
P009,7,Win,0.233086591
P009,8,Win,0.684725312
P009,9,Win,0.857561771
P009,10,Win,0.910831769
P009,11,Win,0.930728072
P009,12,Win,0.939348365
P009,13,Win,0.506897619
P009,14,Win,0.803350963
P009,15,Win,0.893095685
P009,16,Win,0.42740281
P009,17,Win,0.775813269
P009,18,Win,0.320950644
P009,19,Win,0.731944844
P009,20,Win,0.871454996
P009,21,Win,0.915705426
P009,22,Win,0.461005992
P009,23,Win,0.787852643
P009,24,Win,0.888283549
P009,25,Win,0.42114243
P009,26,Win,0.773493562
P009,27,Win,0.883894021
P009,28,Win,0.920231335
P009,29,Win,0.934686122
P009,30,Win,0.496653764
P009,1,Loss,0.5
P009,2,Loss,0.617514441
P009,3,Loss,0.656472607
P009,4,Loss,0.669728833
P009,5,Loss,0.674332643
P009,6,Loss,0.844647464
P009,7,Loss,0.88422013
P009,8,Loss,0.76756144
P009,9,Loss,0.710843543
P009,10,Loss,0.689035111
P009,11,Loss,0.681147718
P009,12,Loss,0.678346324
P009,13,Loss,0.845492427
P009,14,Loss,0.88445248
P009,15,Loss,0.767704059
P009,16,Loss,0.865039027
P009,17,Loss,0.756376708
P009,18,Loss,0.862451075
P009,19,Loss,0.754947599
P009,20,Loss,0.862127566
P009,21,Loss,0.754770154
P009,22,Loss,0.862087442
P009,23,Loss,0.754748164
P009,24,Loss,0.86208247
P009,25,Loss,0.889151865
P009,26,Loss,0.897513307
P009,27,Loss,0.900320846
P009,28,Loss,0.777930636
P009,29,Loss,0.715097243
P009,30,Loss,0.853328808
P009,1,Loss,0.5
P009,2,Loss,0.807995032
P009,3,Loss,0.72806341
P009,4,Loss,0.695434016
P009,5,Loss,0.683439421
P009,6,Loss,0.84656719
P009,7,Loss,0.746525755
P009,8,Loss,0.860233696
P009,9,Loss,0.888614304
P009,10,Loss,0.897336962
P009,11,Loss,0.775928858
P009,12,Loss,0.714268244
P009,13,Loss,0.853149619
P009,14,Loss,0.749946675
P009,15,Loss,0.703829571
P009,16,Loss,0.686473984
P009,17,Loss,0.680235324
P009,18,Loss,0.67802385
P009,19,Loss,0.845424476
P009,20,Loss,0.884433772
P009,21,Loss,0.895981484
P009,22,Loss,0.899797032
P009,23,Loss,0.901110162
P009,24,Loss,0.778466872
P009,25,Loss,0.715319973
P009,26,Loss,0.690682811
P009,27,Loss,0.848101147
P009,28,Loss,0.747314741
P009,29,Loss,0.702802357
P009,30,Loss,0.850684062
P009,1,Loss,0.5
P009,2,Loss,0.807995032
P009,3,Loss,0.874664072
P009,4,Loss,0.761850823
P009,5,Loss,0.708541892
P009,6,Loss,0.851915359
P009,7,Loss,0.886239861
P009,8,Loss,0.896563675
P009,9,Loss,0.775416461
P009,10,Loss,0.866827158
P009,11,Loss,0.890548982
P009,12,Loss,0.771515609
P009,13,Loss,0.712453965
P009,14,Loss,0.852757915
P009,15,Loss,0.74974048
P009,16,Loss,0.860954133
P009,17,Loss,0.75412872
P009,18,Loss,0.861942482
P009,19,Loss,0.754668753
P009,20,Loss,0.862064517
P009,21,Loss,0.889146627
P009,22,Loss,0.770626681
P009,23,Loss,0.712090705
P009,24,Loss,0.852679561
P009,25,Loss,0.749699274
P009,26,Loss,0.860944879
P009,27,Loss,0.754123675
P009,28,Loss,0.705470433
P009,29,Loss,0.687070955
P009,30,Loss,0.847335415
P010,1,Win,0.5
P010,2,Win,0.482192875
P010,3,Win,0.503449463
P010,4,Win,0.484971444
P010,5,Win,0.470098889
P010,6,Win,0.458143475
P010,7,Win,0.448537361
P010,8,Win,0.476187473
P010,9,Win,0.498598506
P010,10,Win,0.481064281
P010,11,Win,0.502538205
P010,12,Win,0.51985096
P010,13,Win,0.498200913
P010,14,Win,0.480744139
P010,15,Win,0.502279683
P010,16,Win,0.484029047
P010,17,Win,0.504931679
P010,18,Win,0.486165741
P010,19,Win,0.471059396
P010,20,Win,0.494452045
P010,21,Win,0.513337627
P010,22,Win,0.528541165
P010,23,Win,0.50522483
P010,24,Win,0.5220137
P010,25,Win,0.49994793
P010,26,Win,0.51776519
P010,27,Win,0.496516681
P010,28,Win,0.515001279
P010,29,Win,0.494285747
P010,30,Win,0.477592378
P010,1,Win,0.5
P010,2,Win,0.517807125
P010,3,Win,0.532135443
P010,4,Win,0.543651953
P010,5,Win,0.552905189
P010,6,Win,0.560340393
P010,7,Win,0.531040128
P010,8,Win,0.507246776
P010,9,Win,0.488031592
P010,10,Win,0.50816117
P010,11,Win,0.524376795
P010,12,Win,0.537416801
P010,13,Win,0.547895512
P010,14,Win,0.520913244
P010,15,Win,0.534632694
P010,16,Win,0.510155372
P010,17,Win,0.525981314
P010,18,Win,0.503154642
P010,19,Win,0.484733918
P010,20,Win,0.46990787
P010,21,Win,0.457989975
P010,22,Win,0.483864742
P010,23,Win,0.504799064
P010,24,Win,0.486058877
P010,25,Win,0.506569715
P010,26,Win,0.487485856
P010,27,Win,0.507720954
P010,28,Win,0.524022562
P010,29,Win,0.53713208
P010,30,Win,0.512180217
P010,1,Win,0.5
P010,2,Win,0.517807125
P010,3,Win,0.496550537
P010,4,Win,0.515028556
P010,5,Win,0.529901111
P010,6,Win,0.506325057
P010,7,Win,0.487288665
P010,8,Win,0.471962581
P010,9,Win,0.495182637
P010,10,Win,0.478314274
P010,11,Win,0.464746318
P010,12,Win,0.489341644
P010,13,Win,0.473614034
P010,14,Win,0.460968377
P010,15,Win,0.486280151
P010,16,Win,0.506748248
P010,17,Win,0.487629756
P010,18,Win,0.472236941
P010,19,Win,0.459861651
P010,20,Win,0.485382817
P010,21,Win,0.506024204
P010,22,Win,0.522657083
P010,23,Win,0.536034506
P010,24,Win,0.546784876
P010,25,Win,0.555422418
P010,26,Win,0.562363381
P010,27,Win,0.532689608
P010,28,Win,0.508581951
P010,29,Win,0.524715376
P010,30,Win,0.537688937
P010,1,Loss,0.5
P010,2,Loss,0.524249367
P010,3,Loss,0.538640191
P010,4,Loss,0.594699509
P010,5,Loss,0.627032458
P010,6,Loss,0.645776684
P010,7,Loss,0.656731806
P010,8,Loss,0.618535353
P010,9,Loss,0.640835152
P010,10,Loss,0.608686567
P010,11,Loss,0.589067161
P010,12,Loss,0.577245755
P010,13,Loss,0.61696097
P010,14,Loss,0.594083868
P010,15,Loss,0.580259634
P010,16,Loss,0.618698844
P010,17,Loss,0.640930108
P010,18,Loss,0.608745074
P010,19,Loss,0.635156727
P010,20,Loss,0.605194348
P010,21,Loss,0.586955785
P010,22,Loss,0.622561605
P010,23,Loss,0.597491539
P010,24,Loss,0.628645707
P010,25,Loss,0.60120529
P010,26,Loss,0.584548046
P010,27,Loss,0.574535429
P010,28,Loss,0.568544369
P010,29,Loss,0.564967729
P010,30,Loss,0.609883642
P010,1,Loss,0.5
P010,2,Loss,0.572294997
P010,3,Loss,0.614106915
P010,4,Loss,0.59235116
P010,5,Loss,0.625676123
P010,6,Loss,0.644986987
P010,7,Loss,0.656268529
P010,8,Loss,0.618246713
P010,9,Loss,0.64066752
P010,10,Loss,0.608583289
P010,11,Loss,0.589004671
P010,12,Loss,0.623744084
P010,13,Loss,0.643862716
P010,14,Loss,0.610553836
P010,15,Loss,0.636204734
P010,16,Loss,0.651127177
P010,17,Loss,0.659875194
P010,18,Loss,0.665032755
P010,19,Loss,0.668084959
P010,20,Loss,0.669895523
P010,21,Loss,0.670971118
P010,22,Loss,0.671610659
P010,23,Loss,0.627862372
P010,24,Loss,0.646260066
P010,25,Loss,0.612035144
P010,26,Loss,0.591094928
P010,27,Loss,0.624950755
P010,28,Loss,0.644564804
P010,29,Loss,0.6109874
P010,30,Loss,0.590460106
P010,1,Loss,0.5
P010,2,Loss,0.524249367
P010,3,Loss,0.586379139
P010,4,Loss,0.622228855
P010,5,Loss,0.597288793
P010,6,Loss,0.628528534
P010,7,Loss,0.646648171
P010,8,Loss,0.657243259
P010,9,Loss,0.618854128
P010,10,Loss,0.641020301
P010,11,Loss,0.653943942
P010,12,Loss,0.616799928
P010,13,Loss,0.593986032
P010,14,Loss,0.626620324
P010,15,Loss,0.645536689
P010,16,Loss,0.611587916
P010,17,Loss,0.590823916
P010,18,Loss,0.578300524
P010,19,Loss,0.570795099
P010,20,Loss,0.613242358
P010,21,Loss,0.591826774
P010,22,Loss,0.57890295
P010,23,Loss,0.571155451
P010,24,Loss,0.566525853
P010,25,Loss,0.610781679
P010,26,Loss,0.590335498
P010,27,Loss,0.62451231
P010,28,Loss,0.644309668
P010,29,Loss,0.655871311
P010,30,Loss,0.662669269
P011,1,Win,0.5
P011,2,Win,0.225581722
P011,3,Win,0.507174621
P011,4,Win,0.779277726
P011,5,Win,0.9216904
P011,6,Win,0.764000605
P011,7,Win,0.91535409
P011,8,Win,0.972317034
P011,9,Win,0.991071017
P011,10,Win,0.966640044
P011,11,Win,0.989244942
P011,12,Win,0.96018662
P011,13,Win,0.867085565
P011,14,Win,0.9554352
P011,15,Win,0.985618521
P011,16,Win,0.995332219
P011,17,Win,0.982087589
P011,18,Win,0.994202094
P011,19,Win,0.998088909
P011,20,Win,0.992453665
P011,21,Win,0.99752495
P011,22,Win,0.99916967
P011,23,Win,0.996646475
P011,24,Win,0.998882242
P011,25,Win,0.999618349
P011,26,Win,0.999866452
P011,27,Win,0.99995212
P011,28,Win,0.999792855
P011,29,Win,0.999926485
P011,30,Win,0.999685134
P011,1,Win,0.5
P011,2,Win,0.774418278
P011,3,Win,0.492825379
P011,4,Win,0.769483491
P011,5,Win,0.917645533
P011,6,Win,0.754221038
P011,7,Win,0.911217518
P011,8,Win,0.73903887
P011,9,Win,0.904666607
P011,10,Win,0.724001397
P011,11,Win,0.898017357
P011,12,Win,0.966372257
P011,13,Win,0.88560633
P011,14,Win,0.962036742
P011,15,Win,0.987759009
P011,16,Win,0.99601773
P011,17,Win,0.998677429
P011,18,Win,0.994723624
P011,19,Win,0.998257594
P011,20,Win,0.99310158
P011,21,Win,0.997733693
P011,22,Win,0.999238242
P011,23,Win,0.996916618
P011,24,Win,0.998970454
P011,25,Win,0.999647816
P011,26,Win,0.999876534
P011,27,Win,0.999955654
P011,28,Win,0.9998078
P011,29,Win,0.999931671
P011,30,Win,0.999706841
P011,1,Win,0.5
P011,2,Win,0.774418278
P011,3,Win,0.919691205
P011,4,Win,0.973784914
P011,5,Win,0.908654203
P011,6,Win,0.733103694
P011,7,Win,0.902061692
P011,8,Win,0.718139321
P011,9,Win,0.895380438
P011,10,Win,0.703398115
P011,11,Win,0.888634509
P011,12,Win,0.963100931
P011,13,Win,0.875734222
P011,14,Win,0.958538086
P011,15,Win,0.986626083
P011,16,Win,0.951082999
P011,17,Win,0.984200577
P011,18,Win,0.942799081
P011,19,Win,0.981485391
P011,20,Win,0.994009356
P011,21,Win,0.998026631
P011,22,Win,0.999334692
P011,23,Win,0.997297746
P011,24,Win,0.999095164
P011,25,Win,0.99968957
P011,26,Win,0.999890855
P011,27,Win,0.999960685
P011,28,Win,0.999829126
P011,29,Win,0.999939087
P011,30,Win,0.999737952
P011,1,Loss,0.5
P011,2,Loss,0.548144087
P011,3,Loss,0.594169285
P011,4,Loss,0.637445912
P011,5,Loss,0.75562836
P011,6,Loss,0.784503384
P011,7,Loss,0.86263778
P011,8,Loss,0.878876678
P011,9,Loss,0.893067773
P011,10,Loss,0.933746722
P011,11,Loss,0.940963644
P011,12,Loss,0.947276012
P011,13,Loss,0.967436672
P011,14,Loss,0.970537238
P011,15,Loss,0.981685791
P011,16,Loss,0.988519489
P011,17,Loss,0.989340692
P011,18,Loss,0.993240427
P011,19,Loss,0.993637122
P011,20,Loss,0.995915671
P011,21,Loss,0.996104209
P011,22,Loss,0.997468723
P011,23,Loss,0.9975549
P011,24,Loss,0.997635979
P011,25,Loss,0.998444314
P011,26,Loss,0.998477798
P011,27,Loss,0.998509702
P011,28,Loss,0.99854012
P011,29,Loss,0.998569135
P011,30,Loss,0.999046069
P011,1,Loss,0.5
P011,2,Loss,0.640957985
P011,3,Loss,0.758355469
P011,4,Loss,0.786933197
P011,5,Loss,0.864294072
P011,6,Loss,0.915433682
P011,7,Loss,0.947759255
P011,8,Loss,0.953228193
P011,9,Loss,0.958026032
P011,10,Loss,0.96224221
P011,11,Loss,0.965953895
P011,12,Loss,0.969227595
P011,13,Loss,0.980884241
P011,14,Loss,0.982479579
P011,15,Loss,0.98390673
P011,16,Loss,0.989885367
P011,17,Loss,0.990578166
P011,18,Loss,0.99400825
P011,19,Loss,0.994342069
P011,20,Loss,0.994649259
P011,21,Loss,0.994932359
P011,22,Loss,0.996728873
P011,23,Loss,0.99686156
P011,24,Loss,0.996985574
P011,25,Loss,0.998028614
P011,26,Loss,0.998083099
P011,27,Loss,0.998134695
P011,28,Loss,0.998183592
P011,29,Loss,0.998229963
P011,30,Loss,0.998826456
P011,1,Loss,0.5
P011,2,Loss,0.640957985
P011,3,Loss,0.758355469
P011,4,Loss,0.844603488
P011,5,Loss,0.902694571
P011,6,Loss,0.939800133
P011,7,Loss,0.962840414
P011,8,Loss,0.976975479
P011,9,Loss,0.978993872
P011,10,Loss,0.980791999
P011,11,Loss,0.982397147
P011,12,Loss,0.983832917
P011,13,Loss,0.989839933
P011,14,Loss,0.993549978
P011,15,Loss,0.993921064
P011,16,Loss,0.996093596
P011,17,Loss,0.996269548
P011,18,Loss,0.9975735
P011,19,Loss,0.997653489
P011,20,Loss,0.99772883
P011,21,Loss,0.997799854
P011,22,Loss,0.998549474
P011,23,Loss,0.998578061
P011,24,Loss,0.999051865
P011,25,Loss,0.999361061
P011,26,Loss,0.999359895
P011,27,Loss,0.999358758
P011,28,Loss,0.999357649
P011,29,Loss,0.999356567
P011,30,Loss,0.999561959
P012,1,Win,0.5
P012,2,Win,0.885396818
P012,3,Win,0.982139368
P012,4,Win,0.997243435
P012,5,Win,0.99954708
P012,6,Win,0.995255622
P012,7,Win,0.999236035
P012,8,Win,0.992185268
P012,9,Win,0.998763484
P012,10,Win,0.987644518
P012,11,Win,0.998073452
P012,12,Win,0.99967909
P012,13,Win,0.996587548
P012,14,Win,0.999443798
P012,15,Win,0.999902726
P012,16,Win,0.999981762
P012,17,Win,0.999996343
P012,18,Win,0.999953333
P012,19,Win,0.999990989
P012,20,Win,0.999889091
P012,21,Win,0.999979315
P012,22,Win,0.999995874
P012,23,Win,0.999947592
P012,24,Win,0.999989928
P012,25,Win,0.999876578
P012,26,Win,0.999977079
P012,27,Win,0.999995446
P012,28,Win,0.999942394
P012,29,Win,0.999988971
P012,30,Win,0.999865344
P012,1,Win,0.5
P012,2,Win,0.885396818
P012,3,Win,0.479514865
P012,4,Win,0.877165909
P012,5,Win,0.460698883
P012,6,Win,0.869136777
P012,7,Win,0.443459029
P012,8,Win,0.861348198
P012,9,Win,0.978072663
P012,10,Win,0.996632184
P012,11,Win,0.999450804
P012,12,Win,0.999903903
P012,13,Win,0.998925227
P012,14,Win,0.999816858
P012,15,Win,0.999966521
P012,16,Win,0.999609149
P012,17,Win,0.999930679
P012,18,Win,0.999214273
P012,19,Win,0.99986445
P012,20,Win,0.999974921
P012,21,Win,0.999995036
P012,22,Win,0.999937415
P012,23,Win,0.999988057
P012,24,Win,0.999997565
P012,25,Win,0.999968406
P012,26,Win,0.999993804
P012,27,Win,0.999998703
P012,28,Win,0.999999711
P012,29,Win,0.999999932
P012,30,Win,0.999998975
P012,1,Win,0.5
P012,2,Win,0.885396818
P012,3,Win,0.982139368
P012,4,Win,0.997243435
P012,5,Win,0.99954708
P012,6,Win,0.995255622
P012,7,Win,0.999236035
P012,8,Win,0.992185268
P012,9,Win,0.931189051
P012,10,Win,0.612082682
P012,11,Win,0.922894976
P012,12,Win,0.988195104
P012,13,Win,0.900721671
P012,14,Win,0.984653442
P012,15,Win,0.997621936
P012,16,Win,0.999607068
P012,17,Win,0.999930325
P012,18,Win,0.999210421
P012,19,Win,0.999863812
P012,20,Win,0.998498574
P012,21,Win,0.999747477
P012,22,Win,0.999954427
P012,23,Win,0.999474553
P012,24,Win,0.999907897
P012,25,Win,0.999982694
P012,26,Win,0.999996523
P012,27,Win,0.999999255
P012,28,Win,0.999989865
P012,29,Win,0.99999792
P012,30,Win,0.99997284
P012,1,Loss,0.5
P012,2,Loss,0.581577876
P012,3,Loss,0.653729259
P012,4,Loss,0.71509638
P012,5,Loss,0.863379032
P012,6,Loss,0.885330729
P012,7,Loss,0.947283598
P012,8,Loss,0.953283886
P012,9,Loss,0.958276797
P012,10,Loss,0.962459128
P012,11,Loss,0.965985064
P012,12,Loss,0.968976024
P012,13,Loss,0.985057094
P012,14,Loss,0.985580883
P012,15,Loss,0.986051768
P012,16,Loss,0.992953744
P012,17,Loss,0.996277966
P012,18,Loss,0.997947082
P012,19,Loss,0.997723565
P012,20,Loss,0.997493953
P012,21,Loss,0.997259724
P012,22,Loss,0.998456475
P012,23,Loss,0.999095378
P012,24,Loss,0.998937535
P012,25,Loss,0.999360947
P012,26,Loss,0.999230932
P012,27,Loss,0.999086403
P012,28,Loss,0.998927735
P012,29,Loss,0.998755564
P012,30,Loss,0.999259678
P012,1,Loss,0.5
P012,2,Loss,0.581577876
P012,3,Loss,0.784820172
P012,4,Loss,0.82240143
P012,5,Loss,0.852547554
P012,6,Loss,0.932119897
P012,7,Loss,0.940793213
P012,8,Loss,0.972346275
P012,9,Loss,0.974422651
P012,10,Loss,0.987546507
P012,11,Loss,0.987829672
P012,12,Loss,0.988087313
P012,13,Loss,0.993921001
P012,14,Loss,0.99375357
P012,15,Loss,0.993593744
P012,16,Loss,0.993441456
P012,17,Loss,0.993296597
P012,18,Loss,0.996447229
P012,19,Loss,0.998034188
P012,20,Loss,0.998867029
P012,21,Loss,0.998690178
P012,22,Loss,0.998501048
P012,23,Loss,0.999119714
P012,24,Loss,0.998964138
P012,25,Loss,0.998794896
P012,26,Loss,0.998612804
P012,27,Loss,0.99841888
P012,28,Loss,0.99907489
P012,29,Loss,0.998915176
P012,30,Loss,0.999348443
P012,1,Loss,0.5
P012,2,Loss,0.728645706
P012,3,Loss,0.870616081
P012,4,Loss,0.940520356
P012,5,Loss,0.947692846
P012,6,Loss,0.953623387
P012,7,Loss,0.978112354
P012,8,Loss,0.979429551
P012,9,Loss,0.98058476
P012,10,Loss,0.981601938
P012,11,Loss,0.982500918
P012,12,Loss,0.983298204
P012,13,Loss,0.991657612
P012,14,Loss,0.995642552
P012,15,Loss,0.997622334
P012,16,Loss,0.998647556
P012,17,Loss,0.999200062
P012,18,Loss,0.99950925
P012,19,Loss,0.999398377
P012,20,Loss,0.999272909
P012,21,Loss,0.999132863
P012,22,Loss,0.999471005
P012,23,Loss,0.999354894
P012,24,Loss,0.99922416
P012,25,Loss,0.999523018
P012,26,Loss,0.999414089
P012,27,Loss,0.999290583
P012,28,Loss,0.999152481
P012,29,Loss,0.999000041
P012,30,Loss,0.999396
P013,1,Win,0.5
P013,2,Win,0.318675838
P013,3,Win,0.508000163
P013,4,Win,0.325368483
P013,5,Win,0.188718311
P013,6,Win,0.103697356
P013,7,Win,0.213140333
P013,8,Win,0.379604793
P013,9,Win,0.226111299
P013,10,Win,0.396824088
P013,11,Win,0.588745839
P013,12,Win,0.397428424
P013,13,Win,0.589331142
P013,14,Win,0.751354995
P013,15,Win,0.57429896
P013,16,Win,0.74013419
P013,17,Win,0.853515891
P013,18,Win,0.920421045
P013,19,Win,0.957091902
P013,20,Win,0.901518134
P013,21,Win,0.795936397
P013,22,Win,0.632718836
P013,23,Win,0.440564141
P013,24,Win,0.27117368
P013,25,Win,0.153566307
P013,26,Win,0.08356447
P013,27,Win,0.177388181
P013,28,Win,0.329672594
P013,29,Win,0.191600974
P013,30,Win,0.105375785
P013,1,Win,0.5
P013,2,Win,0.318675838
P013,3,Win,0.184263557
P013,4,Win,0.339572129
P013,5,Win,0.530631275
P013,6,Win,0.706278093
P013,7,Win,0.520128909
P013,8,Win,0.697839339
P013,9,Win,0.826588616
P013,10,Win,0.905143836
P013,11,Win,0.948854974
P013,12,Win,0.972278856
P013,13,Win,0.933872392
P013,14,Win,0.964294814
P013,15,Win,0.980490323
P013,16,Win,0.952225009
P013,17,Win,0.974071334
P013,18,Win,0.937821403
P013,19,Win,0.966402386
P013,20,Win,0.981612253
P013,21,Win,0.989746744
P013,22,Win,0.973852855
P013,23,Win,0.985585823
P013,24,Win,0.991893434
P013,25,Win,0.979053655
P013,26,Win,0.988371057
P013,27,Win,0.993408208
P013,28,Win,0.996181032
P013,29,Win,0.997738526
P013,30,Win,0.993776244
P013,1,Win,0.5
P013,2,Win,0.318675838
P013,3,Win,0.184263557
P013,4,Win,0.101112046
P013,5,Win,0.208656613
P013,6,Win,0.115396877
P013,7,Win,0.233059548
P013,8,Win,0.130016549
P013,9,Win,0.2571391
P013,10,Win,0.144788646
P013,11,Win,0.280616341
P013,12,Win,0.464586108
P013,13,Win,0.289918315
P013,14,Win,0.475472411
P013,15,Win,0.660564334
P013,16,Win,0.801807819
P013,17,Win,0.890770063
P013,18,Win,0.777365418
P013,19,Win,0.876270815
P013,20,Win,0.75310998
P013,21,Win,0.86154239
P013,22,Win,0.924911229
P013,23,Win,0.838269105
P013,24,Win,0.911812503
P013,25,Win,0.952458718
P013,26,Win,0.974195618
P013,27,Win,0.985769022
P013,28,Win,0.964416601
P013,29,Win,0.980555137
P013,30,Win,0.952372682
P013,1,Loss,0.5
P013,2,Loss,0.83185368
P013,3,Loss,0.814004137
P013,4,Loss,0.802804973
P013,5,Loss,0.795962547
P013,6,Loss,0.791843468
P013,7,Loss,0.91583842
P013,8,Loss,0.952898562
P013,9,Loss,0.909470175
P013,10,Loss,0.869230472
P013,11,Loss,0.937986178
P013,12,Loss,0.894315063
P013,13,Loss,0.945772675
P013,14,Loss,0.963928566
P013,15,Loss,0.922111335
P013,16,Loss,0.955080872
P013,17,Loss,0.911856934
P013,18,Loss,0.951540928
P013,19,Loss,0.908010064
P013,20,Loss,0.868045164
P013,21,Loss,0.838128387
P013,22,Loss,0.928839247
P013,23,Loss,0.95748777
P013,24,Loss,0.968822371
P013,25,Loss,0.928268775
P013,26,Loss,0.885295923
P013,27,Loss,0.8505141
P013,28,Loss,0.932428988
P013,29,Loss,0.88908762
P013,30,Loss,0.944110917
P013,1,Loss,0.5
P013,2,Loss,0.83185368
P013,3,Loss,0.814004137
P013,4,Loss,0.802804973
P013,5,Loss,0.918872837
P013,6,Loss,0.953947281
P013,7,Loss,0.967295709
P013,8,Loss,0.973328887
P013,9,Loss,0.976365391
P013,10,Loss,0.938681434
P013,11,Loss,0.894983228
P013,12,Loss,0.857797816
P013,13,Loss,0.831070815
P013,14,Loss,0.926819258
P013,15,Loss,0.883997327
P013,16,Loss,0.942514155
P013,17,Loss,0.898727935
P013,18,Loss,0.947194336
P013,19,Loss,0.903453068
P013,20,Loss,0.948737397
P013,21,Loss,0.905051123
P013,22,Loss,0.949264453
P013,23,Loss,0.965342181
P013,24,Loss,0.972393742
P013,25,Loss,0.975878287
P013,26,Loss,0.977728938
P013,27,Loss,0.940714607
P013,28,Loss,0.961938137
P013,29,Loss,0.919714652
P013,30,Loss,0.954240485
P013,1,Loss,0.5
P013,2,Loss,0.83185368
P013,3,Loss,0.814004137
P013,4,Loss,0.921997377
P013,5,Loss,0.879755352
P013,6,Loss,0.846460155
P013,7,Loss,0.931247235
P013,8,Loss,0.888000484
P013,9,Loss,0.852521563
P013,10,Loss,0.827512627
P013,11,Loss,0.811244248
P013,12,Loss,0.801106514
P013,13,Loss,0.918401247
P013,14,Loss,0.876664674
P013,15,Loss,0.844231185
P013,16,Loss,0.930600384
P013,17,Loss,0.887408863
P013,18,Loss,0.943582068
P013,19,Loss,0.899790712
P013,20,Loss,0.861514478
P013,21,Loss,0.833607298
P013,22,Loss,0.927543295
P013,23,Loss,0.884644574
P013,24,Loss,0.850033502
P013,25,Loss,0.825851315
P013,26,Loss,0.81019447
P013,27,Loss,0.920931393
P013,28,Loss,0.878832946
P013,29,Loss,0.845792565
P013,30,Loss,0.931053288
P014,1,Win,0.5
P014,2,Win,0.14303773
P014,3,Win,0.528481284
P014,4,Win,0.869559398
P014,5,Win,0.972521893
P014,6,Win,0.824771644
P014,7,Win,0.962334706
P014,8,Win,0.776241554
P014,9,Win,0.950496482
P014,10,Win,0.726395962
P014,11,Win,0.937291492
P014,12,Win,0.98690696
P014,13,Win,0.905239655
P014,14,Win,0.980224998
P014,15,Win,0.995700675
P014,16,Win,0.9989815
P014,17,Win,0.999736151
P014,18,Win,0.99733444
P014,19,Win,0.999349768
P014,20,Win,0.9938174
P014,21,Win,0.998566919
P014,22,Win,0.999636636
P014,23,Win,0.996406167
P014,24,Win,0.970006396
P014,25,Win,0.993600708
P014,26,Win,0.998519711
P014,27,Win,0.999625428
P014,28,Win,0.996302821
P014,29,Win,0.999116069
P014,30,Win,0.991773273
P014,1,Win,0.5
P014,2,Win,0.85696227
P014,3,Win,0.969720069
P014,4,Win,0.993542124
P014,5,Win,0.998506963
P014,6,Win,0.986622844
P014,7,Win,0.99703246
P014,8,Win,0.974819791
P014,9,Win,0.99458722
P014,10,Win,0.956526374
P014,11,Win,0.990847377
P014,12,Win,0.997926377
P014,13,Win,0.981883252
P014,14,Win,0.996044061
P014,15,Win,0.999058097
P014,16,Win,0.999754789
P014,17,Win,0.999930482
P014,18,Win,0.999234083
P014,19,Win,0.999797984
P014,20,Win,0.997922995
P014,21,Win,0.999485437
P014,22,Win,0.999860822
P014,23,Win,0.99853387
P014,24,Win,0.999628787
P014,25,Win,0.999897494
P014,26,Win,0.999969282
P014,27,Win,0.99999006
P014,28,Win,0.999875973
P014,29,Win,0.99996328
P014,30,Win,0.999578522
P014,1,Win,0.5
P014,2,Win,0.14303773
P014,3,Win,0.030279931
P014,4,Win,0.006457876
P014,5,Win,0.001493037
P014,6,Win,0.013377156
P014,7,Win,0.00296754
P014,8,Win,0.025180209
P014,9,Win,0.163420608
P014,10,Win,0.564960702
P014,11,Win,0.884418873
P014,12,Win,0.97576936
P014,13,Win,0.841562127
P014,14,Win,0.966229162
P014,15,Win,0.992828461
P014,16,Win,0.944068073
P014,17,Win,0.988299063
P014,18,Win,0.913994969
P014,19,Win,0.982069257
P014,20,Win,0.996082645
P014,21,Win,0.999066727
P014,22,Win,0.991347367
P014,23,Win,0.998033345
P014,24,Win,0.999511116
P014,25,Win,0.995260159
P014,26,Win,0.998883746
P014,27,Win,0.999712491
P014,28,Win,0.99991931
P014,29,Win,0.999975448
P014,30,Win,0.999710832
P014,1,Loss,0.5
P014,2,Loss,0.584200437
P014,3,Loss,0.661549989
P014,4,Loss,0.729244256
P014,5,Loss,0.878909975
P014,6,Loss,0.905905966
P014,7,Loss,0.961543552
P014,8,Loss,0.984414063
P014,9,Loss,0.987449391
P014,10,Loss,0.989835691
P014,11,Loss,0.991721366
P014,12,Loss,0.996553489
P014,13,Loss,0.998532217
P014,14,Loss,0.998737255
P014,15,Loss,0.998908925
P014,16,Loss,0.999520185
P014,17,Loss,0.999783973
P014,18,Loss,0.999900473
P014,19,Loss,0.999907432
P014,20,Loss,0.999913724
P014,21,Loss,0.999919424
P014,22,Loss,0.999961801
P014,23,Loss,0.999963471
P014,24,Loss,0.999965022
P014,25,Loss,0.999983012
P014,26,Loss,0.999983368
P014,27,Loss,0.999983706
P014,28,Loss,0.999984028
P014,29,Loss,0.999984335
P014,30,Loss,0.999992212
P014,1,Loss,0.5
P014,2,Loss,0.734996449
P014,3,Loss,0.790930904
P014,4,Loss,0.909869144
P014,5,Loss,0.963209623
P014,6,Loss,0.970978886
P014,7,Loss,0.988208197
P014,8,Loss,0.990434267
P014,9,Loss,0.992196
P014,10,Loss,0.993597545
P014,11,Loss,0.994718392
P014,12,Loss,0.995619435
P014,13,Loss,0.9981464
P014,14,Loss,0.998416017
P014,15,Loss,0.998640277
P014,16,Loss,0.999405766
P014,17,Loss,0.999475235
P014,18,Loss,0.999764343
P014,19,Loss,0.999786237
P014,20,Loss,0.999805547
P014,21,Loss,0.999822626
P014,22,Loss,0.999917813
P014,23,Loss,0.999923134
P014,24,Loss,0.999927971
P014,25,Loss,0.999965742
P014,26,Loss,0.999967136
P014,27,Loss,0.999968435
P014,28,Loss,0.999969647
P014,29,Loss,0.999970779
P014,30,Loss,0.999985734
P014,1,Loss,0.5
P014,2,Loss,0.584200437
P014,3,Loss,0.661549989
P014,4,Loss,0.841692214
P014,5,Loss,0.876792802
P014,6,Loss,0.949095147
P014,7,Loss,0.960099706
P014,8,Loss,0.98383216
P014,9,Loss,0.986993203
P014,10,Loss,0.9946411
P014,11,Loss,0.995557145
P014,12,Loss,0.996297059
P014,13,Loss,0.998426066
P014,14,Loss,0.998648656
P014,15,Loss,0.998834653
P014,16,Loss,0.998990746
P014,17,Loss,0.999122291
P014,18,Loss,0.999611614
P014,19,Loss,0.999652765
P014,20,Loss,0.999842201
P014,21,Loss,0.999855186
P014,22,Loss,0.99986677
P014,23,Loss,0.999937754
P014,24,Loss,0.999941313
P014,25,Loss,0.999944573
P014,26,Loss,0.999947566
P014,27,Loss,0.999950316
P014,28,Loss,0.999976114
P014,29,Loss,0.999976845
P014,30,Loss,0.999988618
P015,1,Win,0.5
P015,2,Win,0.122831359
P015,3,Win,0.020369927
P015,4,Win,0.142869096
P015,5,Win,0.556676605
P015,6,Win,0.899055887
P015,7,Win,0.538832098
P015,8,Win,0.892533481
P015,9,Win,0.982356861
P015,10,Win,0.997172573
P015,11,Win,0.999527229
P015,12,Win,0.999916773
P015,13,Win,0.999213929
P015,14,Win,0.999863669
P015,15,Win,0.9999751
P015,16,Win,0.999756078
P015,17,Win,0.999956212
P015,18,Win,0.999578283
P015,19,Win,0.99992551
P015,20,Win,0.999986148
P015,21,Win,0.999997292
P015,22,Win,0.999971647
P015,23,Win,0.999994574
P015,24,Win,0.999998909
P015,25,Win,0.999988264
P015,26,Win,0.999997694
P015,27,Win,0.999999524
P015,28,Win,0.999999897
P015,29,Win,0.999999977
P015,30,Win,0.999999719
P015,1,Win,0.5
P015,2,Win,0.122831359
P015,3,Win,0.020369927
P015,4,Win,0.142869096
P015,5,Win,0.556676605
P015,6,Win,0.899055887
P015,7,Win,0.538832098
P015,8,Win,0.892533481
P015,9,Win,0.982356861
P015,10,Win,0.997172573
P015,11,Win,0.999527229
P015,12,Win,0.999916773
P015,13,Win,0.999213929
P015,14,Win,0.999863669
P015,15,Win,0.9999751
P015,16,Win,0.999756078
P015,17,Win,0.999956212
P015,18,Win,0.999578283
P015,19,Win,0.99992551
P015,20,Win,0.999986148
P015,21,Win,0.999997292
P015,22,Win,0.999971647
P015,23,Win,0.999994574
P015,24,Win,0.999998909
P015,25,Win,0.999988264
P015,26,Win,0.999997694
P015,27,Win,0.999999524
P015,28,Win,0.999999897
P015,29,Win,0.999999977
P015,30,Win,0.999999719
P015,1,Win,0.5
P015,2,Win,0.877168641
P015,3,Win,0.979630073
P015,4,Win,0.996742186
P015,5,Win,0.999457373
P015,6,Win,0.995171212
P015,7,Win,0.999204083
P015,8,Win,0.993011181
P015,9,Win,0.998858679
P015,10,Win,0.99011109
P015,11,Win,0.998397911
P015,12,Win,0.999727807
P015,13,Win,0.997522208
P015,14,Win,0.999584174
P015,15,Win,0.99992652
P015,16,Win,0.99998633
P015,17,Win,0.999997326
P015,18,Win,0.999971998
P015,19,Win,0.999994639
P015,20,Win,0.99994501
P015,21,Win,0.999989681
P015,22,Win,0.999997965
P015,23,Win,0.99997851
P015,24,Win,0.999995853
P015,25,Win,0.999999159
P015,26,Win,0.999999821
P015,27,Win,0.99999996
P015,28,Win,0.999999528
P015,29,Win,0.999999898
P015,30,Win,0.999998821
P015,1,Loss,0.5
P015,2,Loss,0.656343861
P015,3,Loss,0.69919563
P015,4,Loss,0.737700824
P015,5,Loss,0.771881121
P015,6,Loss,0.861730099
P015,7,Loss,0.879845581
P015,8,Loss,0.929482507
P015,9,Loss,0.938063766
P015,10,Loss,0.963871833
P015,11,Loss,0.967762267
P015,12,Loss,0.971148068
P015,13,Loss,0.983021974
P015,14,Loss,0.984535435
P015,15,Loss,0.985876646
P015,16,Loss,0.987068131
P015,17,Loss,0.988129162
P015,18,Loss,0.992876419
P015,19,Loss,0.995667739
P015,20,Loss,0.997328847
P015,21,Loss,0.997431893
P015,22,Loss,0.997528082
P015,23,Loss,0.998451285
P015,24,Loss,0.998486735
P015,25,Loss,0.998520355
P015,26,Loss,0.998552262
P015,27,Loss,0.998582562
P015,28,Loss,0.999097465
P015,29,Loss,0.999103848
P015,30,Loss,0.999109998
P015,1,Loss,0.5
P015,2,Loss,0.656343861
P015,3,Loss,0.69919563
P015,4,Loss,0.812359456
P015,5,Loss,0.837193098
P015,6,Loss,0.903419207
P015,7,Loss,0.943551367
P015,8,Loss,0.967059543
P015,9,Loss,0.980659749
P015,10,Loss,0.988527394
P015,11,Loss,0.993109477
P015,12,Loss,0.995805699
P015,13,Loss,0.997411551
P015,14,Loss,0.997509084
P015,15,Loss,0.99760021
P015,16,Loss,0.997685444
P015,17,Loss,0.997765253
P015,18,Loss,0.998595791
P015,19,Loss,0.998623932
P015,20,Loss,0.999123047
P015,21,Loss,0.999128504
P015,22,Loss,0.999133766
P015,23,Loss,0.999440402
P015,24,Loss,0.999436401
P015,25,Loss,0.999432491
P015,26,Loss,0.999428671
P015,27,Loss,0.999424941
P015,28,Loss,0.999623985
P015,29,Loss,0.999616789
P015,30,Loss,0.999746401
P015,1,Loss,0.5
P015,2,Loss,0.553712217
P015,3,Loss,0.604665749
P015,4,Loss,0.65203137
P015,5,Loss,0.778394891
P015,6,Loss,0.86599427
P015,7,Loss,0.921109131
P015,8,Loss,0.953973945
P015,9,Loss,0.959179912
P015,10,Loss,0.963688941
P015,11,Loss,0.967603295
P015,12,Loss,0.971009551
P015,13,Loss,0.982941922
P015,14,Loss,0.984464584
P015,15,Loss,0.985813784
P015,16,Loss,0.991524262
P015,17,Loss,0.992123892
P015,18,Loss,0.995222996
P015,19,Loss,0.995485601
P015,20,Loss,0.995726645
P015,21,Loss,0.995948258
P015,22,Loss,0.997497088
P015,23,Loss,0.997588996
P015,24,Loss,0.99767495
P015,25,Loss,0.998540722
P015,26,Loss,0.998571601
P015,27,Loss,0.998600937
P015,28,Loss,0.998628826
P015,29,Loss,0.998655353
P015,30,Loss,0.999142491
P016,1,Win,0.5
P016,2,Win,0.955169711
P016,3,Win,0.997558843
P016,4,Win,0.99985879
P016,5,Win,0.99999101
P016,6,Win,0.999714461
P016,7,Win,0.999982253
P016,8,Win,0.99944952
P016,9,Win,0.985037991
P016,10,Win,0.727941375
P016,11,Win,0.98217855
P016,12,Win,0.999023472
P016,13,Win,0.974250372
P016,14,Win,0.998596441
P016,15,Win,0.999917329
P016,16,Win,0.999994639
P016,17,Win,0.999999618
P016,18,Win,0.999986476
P016,19,Win,0.999999067
P016,20,Win,0.999967951
P016,21,Win,0.999997853
P016,22,Win,0.999999842
P016,23,Win,0.999994238
P016,24,Win,0.999999591
P016,25,Win,0.999999968
P016,26,Win,0.999999997
P016,27,Win,1
P016,28,Win,0.999999989
P016,29,Win,0.999999999
P016,30,Win,0.999999956
P016,1,Win,0.5
P016,2,Win,0.955169711
P016,3,Win,0.473731474
P016,4,Win,0.950614415
P016,5,Win,0.997308001
P016,6,Win,0.999844767
P016,7,Win,0.995547766
P016,8,Win,0.99974726
P016,9,Win,0.999984226
P016,10,Win,0.999998917
P016,11,Win,0.999999919
P016,12,Win,0.999999993
P016,13,Win,0.999999727
P016,14,Win,0.999999978
P016,15,Win,0.999999998
P016,16,Win,0.999999921
P016,17,Win,0.999999994
P016,18,Win,0.999999735
P016,19,Win,0.999999979
P016,20,Win,0.999999998
P016,21,Win,1
P016,22,Win,0.999999992
P016,23,Win,0.999999999
P016,24,Win,1
P016,25,Win,0.999999997
P016,26,Win,1
P016,27,Win,1
P016,28,Win,1
P016,29,Win,1
P016,30,Win,1
P016,1,Win,0.5
P016,2,Win,0.044830289
P016,3,Win,0.526268526
P016,4,Win,0.049385585
P016,5,Win,0.002691999
P016,6,Win,0.000155233
P016,7,Win,0.004452234
P016,8,Win,0.00025274
P016,9,Win,1.58E-05
P016,10,Win,1.08E-06
P016,11,Win,8.15E-08
P016,12,Win,6.70E-09
P016,13,Win,2.73E-07
P016,14,Win,2.15E-08
P016,15,Win,1.85E-09
P016,16,Win,7.89E-08
P016,17,Win,6.49E-09
P016,18,Win,2.65E-07
P016,19,Win,2.09E-08
P016,20,Win,1.80E-09
P016,21,Win,1.69E-10
P016,22,Win,7.80E-09
P016,23,Win,6.96E-10
P016,24,Win,6.74E-11
P016,25,Win,3.21E-09
P016,26,Win,2.96E-10
P016,27,Win,2.95E-11
P016,28,Win,3.19E-12
P016,29,Win,3.72E-13
P016,30,Win,2.12E-11
P016,1,Loss,0.5
P016,2,Loss,0.887801824
P016,3,Loss,0.971332173
P016,4,Loss,0.959555715
P016,5,Loss,0.948631055
P016,6,Loss,0.939335312
P016,7,Loss,0.981923922
P016,8,Loss,0.992441027
P016,9,Loss,0.995921543
P016,10,Loss,0.989597646
P016,11,Loss,0.980012093
P016,12,Loss,0.968518965
P016,13,Loss,0.988767787
P016,14,Loss,0.978914935
P016,15,Loss,0.991565959
P016,16,Loss,0.995593719
P016,17,Loss,0.989020382
P016,18,Loss,0.99469106
P016,19,Loss,0.987494475
P016,20,Loss,0.977278684
P016,21,Loss,0.965586756
P016,22,Loss,0.988025435
P016,23,Loss,0.977954445
P016,24,Loss,0.99129399
P016,25,Loss,0.995493868
P016,26,Loss,0.988847185
P016,27,Loss,0.994631971
P016,28,Loss,0.987397481
P016,29,Loss,0.9771562
P016,30,Loss,0.9910704
P016,1,Loss,0.5
P016,2,Loss,0.665854341
P016,3,Loss,0.927793931
P016,4,Loss,0.923068293
P016,5,Loss,0.919577506
P016,6,Loss,0.977724538
P016,7,Loss,0.96605731
P016,8,Loss,0.988143444
P016,9,Loss,0.978105878
P016,10,Loss,0.991336653
P016,11,Loss,0.995509471
P016,12,Loss,0.988874171
P016,13,Loss,0.994641161
P016,14,Loss,0.996799922
P016,15,Loss,0.991219702
P016,16,Loss,0.995466751
P016,17,Loss,0.988800352
P016,18,Loss,0.994616038
P016,19,Loss,0.987371383
P016,20,Loss,0.977123293
P016,21,Loss,0.991061229
P016,22,Loss,0.982015468
P016,23,Loss,0.970746893
P016,24,Loss,0.958983945
P016,25,Loss,0.94812731
P016,26,Loss,0.938921712
P016,27,Loss,0.931556569
P016,28,Loss,0.980242132
P016,29,Loss,0.968771177
P016,30,Loss,0.988832449
P016,1,Loss,0.5
P016,2,Loss,0.887801824
P016,3,Loss,0.971332173
P016,4,Loss,0.959555715
P016,5,Loss,0.948631055
P016,6,Loss,0.983996243
P016,7,Loss,0.973026174
P016,8,Loss,0.989945053
P016,9,Loss,0.980479332
P016,10,Loss,0.992016298
P016,11,Loss,0.983377291
P016,12,Loss,0.972305074
P016,13,Loss,0.989753434
P016,14,Loss,0.980221015
P016,15,Loss,0.968747987
P016,16,Loss,0.957056863
P016,17,Loss,0.946444762
P016,18,Loss,0.983501828
P016,19,Loss,0.972449491
P016,20,Loss,0.989791704
P016,21,Loss,0.980272486
P016,22,Loss,0.968804524
P016,23,Loss,0.988841009
P016,24,Loss,0.979010715
P016,25,Loss,0.967431268
P016,26,Loss,0.955807955
P016,27,Loss,0.945366403
P016,28,Loss,0.983259648
P016,29,Loss,0.972168958
P016,30,Loss,0.989717413
P017,1,Win,0.5
P017,2,Win,0.516544518
P017,3,Win,0.496759712
P017,4,Win,0.513941018
P017,5,Win,0.527736555
P017,6,Win,0.505778289
P017,7,Win,0.488098888
P017,8,Win,0.506977233
P017,9,Win,0.489062752
P017,10,Win,0.474673818
P017,11,Win,0.46313131
P017,12,Win,0.453876632
P017,13,Win,0.479363381
P017,14,Win,0.499944826
P017,15,Win,0.483411158
P017,16,Win,0.470139105
P017,17,Win,0.459495171
P017,18,Win,0.483909943
P017,19,Win,0.470539252
P017,20,Win,0.492830768
P017,21,Win,0.47769824
P017,22,Win,0.465556735
P017,23,Win,0.455821181
P017,24,Win,0.448015758
P017,25,Win,0.441756856
P017,26,Win,0.436736641
P017,27,Win,0.46545414
P017,28,Win,0.4887258
P017,29,Win,0.507481572
P017,30,Win,0.489468247
P017,1,Win,0.5
P017,2,Win,0.483455482
P017,3,Win,0.503240288
P017,4,Win,0.486058982
P017,5,Win,0.472263445
P017,6,Win,0.494221711
P017,7,Win,0.511901112
P017,8,Win,0.493022767
P017,9,Win,0.477852374
P017,10,Win,0.46568035
P017,11,Win,0.455920289
P017,12,Win,0.448095221
P017,13,Win,0.441820583
P017,14,Win,0.469586434
P017,15,Win,0.492061915
P017,16,Win,0.47708104
P017,17,Win,0.498105847
P017,18,Win,0.481933992
P017,19,Win,0.502015248
P017,20,Win,0.485074579
P017,21,Win,0.47147362
P017,22,Win,0.493584599
P017,23,Win,0.478303421
P017,24,Win,0.499090859
P017,25,Win,0.515814138
P017,26,Win,0.496171742
P017,27,Win,0.513468494
P017,28,Win,0.527357412
P017,29,Win,0.505472487
P017,30,Win,0.487853068
P017,1,Win,0.5
P017,2,Win,0.516544518
P017,3,Win,0.529825337
P017,4,Win,0.507463411
P017,5,Win,0.522537919
P017,6,Win,0.501587082
P017,7,Win,0.517819372
P017,8,Win,0.530848028
P017,9,Win,0.50828871
P017,10,Win,0.523200413
P017,11,Win,0.50212098
P017,12,Win,0.485159536
P017,13,Win,0.471541783
P017,14,Win,0.493639586
P017,15,Win,0.478347566
P017,16,Win,0.466077499
P017,17,Win,0.456238701
P017,18,Win,0.448350517
P017,19,Win,0.442025322
P017,20,Win,0.436952009
P017,21,Win,0.432881467
P017,22,Win,0.462316579
P017,23,Win,0.453223436
P017,24,Win,0.478834423
P017,25,Win,0.466467971
P017,26,Win,0.489544549
P017,27,Win,0.475060485
P017,28,Win,0.463441381
P017,29,Win,0.487099832
P017,30,Win,0.506173421
P017,1,Loss,0.5
P017,2,Loss,0.583421276
P017,3,Loss,0.64876715
P017,4,Loss,0.649426321
P017,5,Loss,0.649967561
P017,6,Loss,0.650412032
P017,7,Loss,0.650777077
P017,8,Loss,0.700217193
P017,9,Loss,0.737679737
P017,10,Loss,0.766108787
P017,11,Loss,0.747863079
P017,12,Loss,0.732180559
P017,13,Loss,0.718839955
P017,14,Loss,0.751796094
P017,15,Loss,0.735545557
P017,16,Loss,0.721692544
P017,17,Loss,0.753960669
P017,18,Loss,0.778519568
P017,19,Loss,0.797349757
P017,20,Loss,0.811909373
P017,21,Loss,0.788189329
P017,22,Loss,0.767113447
P017,23,Loss,0.748732161
P017,24,Loss,0.732923427
P017,25,Loss,0.719469257
P017,26,Loss,0.708109262
P017,27,Loss,0.69857483
P017,28,Loss,0.736435656
P017,29,Loss,0.722447978
P017,30,Loss,0.710617716
P017,1,Loss,0.5
P017,2,Loss,0.528040055
P017,3,Loss,0.605658148
P017,4,Loss,0.61417242
P017,5,Loss,0.672353573
P017,6,Loss,0.716576364
P017,7,Loss,0.750078979
P017,8,Loss,0.775556206
P017,9,Loss,0.756060316
P017,10,Loss,0.780123765
P017,11,Loss,0.760044032
P017,12,Loss,0.783170079
P017,13,Loss,0.762708771
P017,14,Loss,0.744926374
P017,15,Loss,0.771627047
P017,16,Loss,0.752644295
P017,17,Loss,0.736272333
P017,18,Loss,0.765038011
P017,19,Loss,0.786994106
P017,20,Loss,0.766062945
P017,21,Loss,0.747823438
P017,22,Loss,0.773835625
P017,23,Loss,0.793746102
P017,24,Loss,0.809113191
P017,25,Loss,0.785680845
P017,26,Loss,0.80287249
P017,27,Loss,0.780106339
P017,28,Loss,0.798572058
P017,29,Loss,0.776283629
P017,30,Loss,0.795628699
P017,1,Loss,0.5
P017,2,Loss,0.583421276
P017,3,Loss,0.596058423
P017,4,Loss,0.658484429
P017,5,Loss,0.706064499
P017,6,Loss,0.742109898
P017,7,Loss,0.769481307
P017,8,Loss,0.790401667
P017,9,Loss,0.769060643
P017,10,Loss,0.750418335
P017,11,Loss,0.73436585
P017,12,Loss,0.763587981
P017,13,Loss,0.74568512
P017,14,Loss,0.730320606
P017,15,Loss,0.717265437
P017,16,Loss,0.75060165
P017,17,Loss,0.734522755
P017,18,Loss,0.7637073
P017,19,Loss,0.745788126
P017,20,Loss,0.730408517
P017,21,Loss,0.717339822
P017,22,Loss,0.750658074
P017,23,Loss,0.77599811
P017,24,Loss,0.756445132
P017,25,Loss,0.780417878
P017,26,Loss,0.760301029
P017,27,Loss,0.783366724
P017,28,Loss,0.801086042
P017,29,Loss,0.81481388
P017,30,Loss,0.790802309
P018,1,Win,0.5
P018,2,Win,0.677275948
P018,3,Win,0.49487365
P018,4,Win,0.318381445
P018,5,Win,0.500279708
P018,6,Win,0.677513684
P018,7,Win,0.495138071
P018,8,Win,0.673128878
P018,9,Win,0.809022175
P018,10,Win,0.659810872
P018,11,Win,0.475730313
P018,12,Win,0.656292073
P018,13,Win,0.47193943
P018,14,Win,0.652949401
P018,15,Win,0.795080533
P018,16,Win,0.640385764
P018,17,Win,0.786231455
P018,18,Win,0.881593903
P018,19,Win,0.936633443
P018,20,Win,0.966435008
P018,21,Win,0.98216261
P018,22,Win,0.959155951
P018,23,Win,0.978337265
P018,24,Win,0.988412104
P018,25,Win,0.972929408
P018,26,Win,0.985572113
P018,27,Win,0.966622555
P018,28,Win,0.982261096
P018,29,Win,0.959370134
P018,30,Win,0.911575715
P018,1,Win,0.5
P018,2,Win,0.322724052
P018,3,Win,0.50512635
P018,4,Win,0.681618555
P018,5,Win,0.499720292
P018,6,Win,0.67703812
P018,7,Win,0.811685334
P018,8,Win,0.896772219
P018,9,Win,0.795886262
P018,10,Win,0.887396265
P018,11,Win,0.780061957
P018,12,Win,0.620041433
P018,13,Win,0.434109363
P018,14,Win,0.269127868
P018,15,Win,0.152814329
P018,16,Win,0.28413612
P018,17,Win,0.162498254
P018,18,Win,0.08821103
P018,19,Win,0.04687124
P018,20,Win,0.100857417
P018,21,Win,0.200057791
P018,22,Win,0.110182805
P018,23,Win,0.058835548
P018,24,Win,0.031160114
P018,25,Win,0.069099659
P018,26,Win,0.14339417
P018,27,Win,0.077328026
P018,28,Win,0.04101586
P018,29,Win,0.021753113
P018,30,Win,0.049292326
P018,1,Win,0.5
P018,2,Win,0.677275948
P018,3,Win,0.49487365
P018,4,Win,0.672902534
P018,5,Win,0.80886761
P018,6,Win,0.65959257
P018,7,Win,0.799706617
P018,8,Win,0.646772455
P018,9,Win,0.790746393
P018,10,Win,0.634454092
P018,11,Win,0.782007138
P018,12,Win,0.879037381
P018,13,Win,0.766239778
P018,14,Win,0.869397131
P018,15,Win,0.929856087
P018,16,Win,0.962826149
P018,17,Win,0.98026686
P018,18,Win,0.955049676
P018,19,Win,0.976175839
P018,20,Win,0.946290004
P018,21,Win,0.971553387
P018,22,Win,0.984849774
P018,23,Win,0.965031521
P018,24,Win,0.981425505
P018,25,Win,0.990035899
P018,26,Win,0.994583197
P018,27,Win,0.997011219
P018,28,Win,0.992666165
P018,29,Win,0.995983859
P018,30,Win,0.99023957
P018,1,Loss,0.5
P018,2,Loss,0.542980306
P018,3,Loss,0.545731332
P018,4,Loss,0.57601699
P018,5,Loss,0.597813688
P018,6,Loss,0.613511561
P018,7,Loss,0.624841579
P018,8,Loss,0.633039186
P018,9,Loss,0.638983792
P018,10,Loss,0.643302765
P018,11,Loss,0.619765519
P018,12,Loss,0.629364067
P018,13,Loss,0.609334913
P018,14,Loss,0.621824277
P018,15,Loss,0.630854125
P018,16,Loss,0.637398048
P018,17,Loss,0.642149946
P018,18,Loss,0.618900284
P018,19,Loss,0.628738037
P018,20,Loss,0.608867954
P018,21,Loss,0.621487073
P018,22,Loss,0.630610023
P018,23,Loss,0.637220954
P018,24,Loss,0.642021234
P018,25,Loss,0.645512477
P018,26,Loss,0.648054904
P018,27,Loss,0.649908189
P018,28,Loss,0.62473266
P018,29,Loss,0.605883197
P018,30,Loss,0.591898073
P018,1,Loss,0.5
P018,2,Loss,0.514358265
P018,3,Loss,0.553381517
P018,4,Loss,0.55333093
P018,5,Loss,0.553293948
P018,6,Loss,0.581461764
P018,7,Loss,0.573902677
P018,8,Loss,0.596292113
P018,9,Loss,0.584816133
P018,10,Loss,0.576367578
P018,11,Loss,0.570162828
P018,12,Loss,0.593600923
P018,13,Loss,0.58283258
P018,14,Loss,0.602719503
P018,15,Loss,0.617049467
P018,16,Loss,0.627399281
P018,17,Loss,0.634892627
P018,18,Loss,0.640329608
P018,19,Loss,0.644281583
P018,20,Loss,0.62050054
P018,21,Loss,0.629895973
P018,22,Loss,0.609731762
P018,23,Loss,0.622110874
P018,24,Loss,0.631061608
P018,25,Loss,0.610601745
P018,26,Loss,0.622739227
P018,27,Loss,0.604399526
P018,28,Loss,0.618261596
P018,29,Loss,0.601071139
P018,30,Loss,0.615860463
P018,1,Loss,0.5
P018,2,Loss,0.542980306
P018,3,Loss,0.545731332
P018,4,Loss,0.57601699
P018,5,Loss,0.597813688
P018,6,Loss,0.613511561
P018,7,Loss,0.624841579
P018,8,Loss,0.605964297
P018,9,Loss,0.591958047
P018,10,Loss,0.609291448
P018,11,Loss,0.594419853
P018,12,Loss,0.611065317
P018,13,Loss,0.623074086
P018,14,Loss,0.604648672
P018,15,Loss,0.618441379
P018,16,Loss,0.628406049
P018,17,Loss,0.608620371
P018,18,Loss,0.621308298
P018,19,Loss,0.603335237
P018,20,Loss,0.590014653
P018,21,Loss,0.580191565
P018,22,Loss,0.572969785
P018,23,Loss,0.567670568
P018,24,Loss,0.563786831
P018,25,Loss,0.589013016
P018,26,Loss,0.57945438
P018,27,Loss,0.572428483
P018,28,Loss,0.56727368
P018,29,Loss,0.563496103
P018,30,Loss,0.588803818
P019,1,Win,0.5
P019,2,Win,0.10904812
P019,3,Win,0.518126815
P019,4,Win,0.116040991
P019,5,Win,0.016942408
P019,6,Win,0.139420828
P019,7,Win,0.584979376
P019,8,Win,0.145653469
P019,9,Win,0.021699808
P019,10,Win,0.003086918
P019,11,Win,0.000462468
P019,12,Win,7.38E-05
P019,13,Win,0.000837083
P019,14,Win,0.000130947
P019,15,Win,2.18E-05
P019,16,Win,0.000258283
P019,17,Win,4.21E-05
P019,18,Win,7.29E-06
P019,19,Win,1.34E-06
P019,20,Win,2.62E-07
P019,21,Win,5.41E-08
P019,22,Win,7.88E-07
P019,23,Win,1.57E-07
P019,24,Win,3.30E-08
P019,25,Win,4.88E-07
P019,26,Win,9.87E-08
P019,27,Win,2.11E-08
P019,28,Win,4.75E-09
P019,29,Win,1.13E-09
P019,30,Win,1.88E-08
P019,1,Win,0.5
P019,2,Win,0.89095188
P019,3,Win,0.98414773
P019,4,Win,0.997731559
P019,5,Win,0.999656749
P019,6,Win,0.996318454
P019,7,Win,0.999451524
P019,8,Win,0.994222795
P019,9,Win,0.999151133
P019,10,Win,0.99121665
P019,11,Win,0.998724786
P019,12,Win,0.999803323
P019,13,Win,0.997846587
P019,14,Win,0.999673599
P019,15,Win,0.999947274
P019,16,Win,0.999990931
P019,17,Win,0.999998343
P019,18,Win,0.999978556
P019,19,Win,0.999996195
P019,20,Win,0.999952172
P019,21,Win,0.999991746
P019,22,Win,0.999998487
P019,23,Win,0.999980358
P019,24,Win,0.999996504
P019,25,Win,0.99999934
P019,26,Win,0.999999868
P019,27,Win,0.999999972
P019,28,Win,0.999999584
P019,29,Win,0.999999915
P019,30,Win,0.999998787
P019,1,Win,0.5
P019,2,Win,0.89095188
P019,3,Win,0.98414773
P019,4,Win,0.997731559
P019,5,Win,0.999656749
P019,6,Win,0.996318454
P019,7,Win,0.999451524
P019,8,Win,0.994222795
P019,9,Win,0.999151133
P019,10,Win,0.99121665
P019,11,Win,0.998724786
P019,12,Win,0.999803323
P019,13,Win,0.997846587
P019,14,Win,0.999673599
P019,15,Win,0.999947274
P019,16,Win,0.999990931
P019,17,Win,0.999998343
P019,18,Win,0.999978556
P019,19,Win,0.999996195
P019,20,Win,0.999952172
P019,21,Win,0.999991746
P019,22,Win,0.999998487
P019,23,Win,0.999980358
P019,24,Win,0.999996504
P019,25,Win,0.99999934
P019,26,Win,0.999999868
P019,27,Win,0.999999972
P019,28,Win,0.999999584
P019,29,Win,0.999999915
P019,30,Win,0.999998787
P019,1,Loss,0.5
P019,2,Loss,0.551160638
P019,3,Loss,0.598174703
P019,4,Loss,0.728898269
P019,5,Loss,0.823929855
P019,6,Loss,0.887221739
P019,7,Loss,0.894626476
P019,8,Loss,0.932205284
P019,9,Loss,0.934767055
P019,10,Loss,0.957374246
P019,11,Loss,0.957802494
P019,12,Loss,0.958200194
P019,13,Loss,0.972135813
P019,14,Loss,0.981031917
P019,15,Loss,0.980240639
P019,16,Loss,0.986290014
P019,17,Loss,0.985421053
P019,18,Loss,0.989705322
P019,19,Loss,0.988852076
P019,20,Loss,0.992002245
P019,21,Loss,0.991199651
P019,22,Loss,0.990375025
P019,23,Loss,0.993033854
P019,24,Loss,0.992267432
P019,25,Loss,0.994329021
P019,26,Loss,0.993622591
P019,27,Loss,0.992881252
P019,28,Loss,0.992108878
P019,29,Loss,0.991309596
P019,30,Loss,0.99367144
P019,1,Loss,0.5
P019,2,Loss,0.551160638
P019,3,Loss,0.598174703
P019,4,Loss,0.728898269
P019,5,Loss,0.823929855
P019,6,Loss,0.887221739
P019,7,Loss,0.894626476
P019,8,Loss,0.932205284
P019,9,Loss,0.955767515
P019,10,Loss,0.956312454
P019,11,Loss,0.956817454
P019,12,Loss,0.957285773
P019,13,Loss,0.971556306
P019,14,Loss,0.971119146
P019,15,Loss,0.970703441
P019,16,Loss,0.980110544
P019,17,Loss,0.979342996
P019,18,Loss,0.985703228
P019,19,Loss,0.98989301
P019,20,Loss,0.989042543
P019,21,Loss,0.988181224
P019,22,Loss,0.9915504
P019,23,Loss,0.990734787
P019,24,Loss,0.989899615
P019,25,Loss,0.992710895
P019,26,Loss,0.991932131
P019,27,Loss,0.991127409
P019,28,Loss,0.990301042
P019,29,Loss,0.989457397
P019,30,Loss,0.992411257
P019,1,Loss,0.5
P019,2,Loss,0.551160638
P019,3,Loss,0.691808523
P019,4,Loss,0.798033449
P019,5,Loss,0.816585737
P019,6,Loss,0.832750793
P019,7,Loss,0.892911639
P019,8,Loss,0.899656662
P019,9,Loss,0.905633926
P019,10,Loss,0.910945289
P019,11,Loss,0.915677641
P019,12,Loss,0.919905203
P019,13,Loss,0.94805938
P019,14,Loss,0.949205955
P019,15,Loss,0.950258958
P019,16,Loss,0.967115076
P019,17,Loss,0.966913097
P019,18,Loss,0.97768128
P019,19,Loss,0.976988478
P019,20,Loss,0.976320007
P019,21,Loss,0.975676203
P019,22,Loss,0.983318529
P019,23,Loss,0.982480567
P019,24,Loss,0.981657595
P019,25,Loss,0.987219011
P019,26,Loss,0.986348304
P019,27,Loss,0.985479113
P019,28,Loss,0.984614936
P019,29,Loss,0.983758988
P019,30,Loss,0.988603598
P020,1,Win,0.5
P020,2,Win,0.292856515
P020,3,Win,0.15438718
P020,4,Win,0.332151196
P020,5,Win,0.177920632
P020,6,Win,0.090830628
P020,7,Win,0.046452425
P020,8,Win,0.02438588
P020,9,Win,0.07269901
P020,10,Win,0.037435252
P020,11,Win,0.105720457
P020,12,Win,0.249313308
P020,13,Win,0.129467501
P020,14,Win,0.065859079
P020,15,Win,0.170438952
P020,16,Win,0.35691826
P020,17,Win,0.582861268
P020,18,Win,0.361066248
P020,19,Win,0.586927458
P020,20,Win,0.364663657
P020,21,Win,0.590427999
P020,22,Win,0.772301827
P020,23,Win,0.56296577
P020,24,Win,0.753395641
P020,25,Win,0.87204612
P020,26,Win,0.93490823
P020,27,Win,0.96634217
P020,28,Win,0.903582913
P020,29,Win,0.950761114
P020,30,Win,0.866356145
P020,1,Win,0.5
P020,2,Win,0.292856515
P020,3,Win,0.515620824
P020,4,Win,0.719023464
P020,5,Win,0.497862752
P020,6,Win,0.705495875
P020,7,Win,0.482536264
P020,8,Win,0.69351888
P020,9,Win,0.469331401
P020,10,Win,0.269793479
P020,11,Win,0.141046339
P020,12,Win,0.071751945
P020,13,Win,0.036964937
P020,14,Win,0.104572519
P020,15,Win,0.053316698
P020,16,Win,0.027806062
P020,17,Win,0.015011028
P020,18,Win,0.047171192
P020,19,Win,0.0247445
P020,20,Win,0.073642019
P020,21,Win,0.186795629
P020,22,Win,0.09550279
P020,23,Win,0.230184525
P020,24,Win,0.118864977
P020,25,Win,0.060497913
P020,26,Win,0.031376208
P020,27,Win,0.016820456
P020,28,Win,0.052242502
P020,29,Win,0.027271441
P020,30,Win,0.080225141
P020,1,Win,0.5
P020,2,Win,0.707143485
P020,3,Win,0.484379176
P020,4,Win,0.694974295
P020,5,Win,0.83843688
P020,6,Win,0.917695817
P020,7,Win,0.795583665
P020,8,Win,0.895117867
P020,9,Win,0.946528231
P020,10,Win,0.972116776
P020,11,Win,0.984949763
P020,12,Win,0.991559964
P020,13,Win,0.971990513
P020,14,Win,0.984885614
P020,15,Win,0.99152632
P020,16,Win,0.971888846
P020,17,Win,0.984833971
P020,18,Win,0.95239133
P020,19,Win,0.975037289
P020,20,Win,0.986437366
P020,21,Win,0.992342564
P020,22,Win,0.974367956
P020,23,Win,0.986095754
P020,24,Win,0.992162425
P020,25,Win,0.973818538
P020,26,Win,0.985815657
P020,27,Win,0.992014917
P020,28,Win,0.995329526
P020,29,Win,0.997165924
P020,30,Win,0.989706932
P020,1,Loss,0.5
P020,2,Loss,0.512205491
P020,3,Loss,0.52313829
P020,4,Loss,0.532923283
P020,5,Loss,0.565805093
P020,6,Loss,0.594814212
P020,7,Loss,0.620281564
P020,8,Loss,0.642572621
P020,9,Loss,0.639868271
P020,10,Loss,0.637435686
P020,11,Loss,0.657565216
P020,12,Loss,0.675148001
P020,13,Loss,0.690507131
P020,14,Loss,0.703932233
P020,15,Loss,0.715678711
P020,16,Loss,0.725969387
P020,17,Loss,0.734997334
P020,18,Loss,0.742929158
P020,19,Loss,0.731149014
P020,20,Loss,0.739546633
P020,21,Loss,0.728029145
P020,22,Loss,0.736805983
P020,23,Loss,0.744519675
P020,24,Loss,0.732617383
P020,25,Loss,0.74083701
P020,26,Loss,0.748066435
P020,27,Loss,0.735894955
P020,28,Loss,0.72466533
P020,29,Loss,0.71434767
P020,30,Loss,0.724802592
P020,1,Loss,0.5
P020,2,Loss,0.512205491
P020,3,Loss,0.52313829
P020,4,Loss,0.557136157
P020,5,Loss,0.58718283
P020,6,Loss,0.590194473
P020,7,Loss,0.616232135
P020,8,Loss,0.639031327
P020,9,Loss,0.658959237
P020,10,Loss,0.676365556
P020,11,Loss,0.691570989
P020,12,Loss,0.684147573
P020,13,Loss,0.698372068
P020,14,Loss,0.710812104
P020,15,Loss,0.721704233
P020,16,Loss,0.711633456
P020,17,Loss,0.722423899
P020,18,Loss,0.73188541
P020,19,Loss,0.720976866
P020,20,Loss,0.730615793
P020,21,Loss,0.739078125
P020,22,Loss,0.727597322
P020,23,Loss,0.717037784
P020,24,Loss,0.707361234
P020,25,Loss,0.718681331
P020,26,Loss,0.708865224
P020,27,Loss,0.699893676
P020,28,Loss,0.691716162
P020,29,Loss,0.704989561
P020,30,Loss,0.71660445
P020,1,Loss,0.5
P020,2,Loss,0.512205491
P020,3,Loss,0.547427644
P020,4,Loss,0.578622844
P020,5,Loss,0.582537147
P020,6,Loss,0.609515261
P020,7,Loss,0.610190375
P020,8,Loss,0.633745774
P020,9,Loss,0.654341253
P020,10,Loss,0.672332172
P020,11,Loss,0.688046947
P020,12,Loss,0.701781019
P020,13,Loss,0.713795527
P020,14,Loss,0.704396497
P020,15,Loss,0.695817921
P020,16,Loss,0.688007676
P020,17,Loss,0.680911963
P020,18,Loss,0.695543989
P020,19,Loss,0.68775857
P020,20,Loss,0.701528882
P020,21,Loss,0.713574831
P020,22,Loss,0.724125208
P020,23,Loss,0.733378468
P020,24,Loss,0.722349759
P020,25,Loss,0.731820354
P020,26,Loss,0.720917062
P020,27,Loss,0.710912347
P020,28,Loss,0.701762516
P020,29,Loss,0.713779331
P020,30,Loss,0.704381695
P021,1,Win,0.5
P021,2,Win,0.45771409
P021,3,Win,0.436376428
P021,4,Win,0.509812746
P021,5,Win,0.547243021
P021,6,Win,0.566125265
P021,7,Win,0.575670184
P021,8,Win,0.580509237
P021,9,Win,0.582967366
P021,10,Win,0.58421745
P021,11,Win,0.500908228
P021,12,Win,0.542745028
P021,13,Win,0.479443098
P021,14,Win,0.447335599
P021,15,Win,0.515466126
P021,16,Win,0.465545265
P021,17,Win,0.440326701
P021,18,Win,0.427594772
P021,19,Win,0.421147358
P021,20,Win,0.501898133
P021,21,Win,0.458673851
P021,22,Win,0.521283253
P021,23,Win,0.468498424
P021,24,Win,0.441816019
P021,25,Win,0.428347844
P021,26,Win,0.42152925
P021,27,Win,0.502097521
P021,28,Win,0.458774687
P021,29,Win,0.521334856
P021,30,Win,0.468524644
P021,1,Win,0.5
P021,2,Win,0.54228591
P021,3,Win,0.563623572
P021,4,Win,0.490187254
P021,5,Win,0.452756979
P021,6,Win,0.518251329
P021,7,Win,0.466958616
P021,8,Win,0.441039486
P021,9,Win,0.427955216
P021,10,Win,0.421330153
P021,11,Win,0.501993578
P021,12,Win,0.45872212
P021,13,Win,0.436885015
P021,14,Win,0.510075837
P021,15,Win,0.547375838
P021,16,Win,0.566192311
P021,17,Win,0.491517212
P021,18,Win,0.537993999
P021,19,Win,0.561458395
P021,20,Win,0.573308133
P021,21,Win,0.579310616
P021,22,Win,0.498341044
P021,23,Win,0.541447103
P021,24,Win,0.563200361
P021,25,Win,0.574189528
P021,26,Win,0.495670581
P021,27,Win,0.45552613
P021,28,Win,0.519671277
P021,29,Win,0.46767959
P021,30,Win,0.525883743
P021,1,Win,0.5
P021,2,Win,0.54228591
P021,3,Win,0.563623572
P021,4,Win,0.57440371
P021,5,Win,0.495782095
P021,6,Win,0.540152737
P021,7,Win,0.478116384
P021,8,Win,0.446666432
P021,9,Win,0.430799133
P021,10,Win,0.422771821
P021,11,Win,0.502745932
P021,12,Win,0.543673797
P021,13,Win,0.479918791
P021,14,Win,0.532112214
P021,15,Win,0.558491926
P021,16,Win,0.487536006
P021,17,Win,0.451418716
P021,18,Win,0.517564464
P021,19,Win,0.551154903
P021,20,Win,0.483757657
P021,21,Win,0.449512117
P021,22,Win,0.51658516
P021,23,Win,0.550660843
P021,24,Win,0.483503723
P021,25,Win,0.449384
P021,26,Win,0.516519322
P021,27,Win,0.550627626
P021,28,Win,0.567834125
P021,29,Win,0.576535695
P021,30,Win,0.580948638
P021,1,Loss,0.5
P021,2,Loss,0.554071793
P021,3,Loss,0.59248103
P021,4,Loss,0.619608644
P021,5,Loss,0.604764777
P021,6,Loss,0.593901967
P021,7,Loss,0.620612211
P021,8,Loss,0.605501242
P021,9,Loss,0.594439661
P021,10,Loss,0.586375862
P021,11,Loss,0.615297433
P021,12,Loss,0.601604092
P021,13,Loss,0.591595716
P021,14,Loss,0.618983408
P021,15,Loss,0.604306089
P021,16,Loss,0.627963276
P021,17,Loss,0.644711624
P021,18,Loss,0.623277915
P021,19,Loss,0.60745882
P021,20,Loss,0.595869494
P021,21,Loss,0.587416781
P021,22,Loss,0.616032423
P021,23,Loss,0.602142589
P021,24,Loss,0.591988486
P021,25,Loss,0.619260791
P021,26,Loss,0.604509571
P021,27,Loss,0.628107111
P021,28,Loss,0.611010374
P021,29,Loss,0.632703978
P021,30,Loss,0.614397587
P021,1,Loss,0.5
P021,2,Loss,0.554071793
P021,3,Loss,0.557118034
P021,4,Loss,0.559319285
P021,5,Loss,0.560910411
P021,6,Loss,0.56206079
P021,7,Loss,0.598127168
P021,8,Loss,0.623596847
P021,9,Loss,0.607693164
P021,10,Loss,0.630357883
P021,11,Loss,0.612668045
P021,12,Loss,0.599678781
P021,13,Loss,0.624693108
P021,14,Loss,0.608498895
P021,15,Loss,0.630927652
P021,16,Loss,0.61308792
P021,17,Loss,0.599986108
P021,18,Loss,0.590415963
P021,19,Loss,0.618150269
P021,20,Loss,0.637757144
P021,21,Loss,0.618128766
P021,22,Loss,0.637741917
P021,23,Loss,0.618117511
P021,24,Loss,0.60367102
P021,25,Loss,0.593103638
P021,26,Loss,0.620048365
P021,27,Loss,0.605087432
P021,28,Loss,0.594137522
P021,29,Loss,0.620778584
P021,30,Loss,0.605623362
P021,1,Loss,0.5
P021,2,Loss,0.554071793
P021,3,Loss,0.557118034
P021,4,Loss,0.559319285
P021,5,Loss,0.596190079
P021,6,Loss,0.622228408
P021,7,Loss,0.606687869
P021,8,Loss,0.629647066
P021,9,Loss,0.645906213
P021,10,Loss,0.657465137
P021,11,Loss,0.665713813
P021,12,Loss,0.638938765
P021,13,Loss,0.619002473
P021,14,Loss,0.638360636
P021,15,Loss,0.618574938
P021,16,Loss,0.604006483
P021,17,Loss,0.593348462
P021,18,Loss,0.585581735
P021,19,Loss,0.579935734
P021,20,Loss,0.575837759
P021,21,Loss,0.607857014
P021,22,Loss,0.596160446
P021,23,Loss,0.622207476
P021,24,Loss,0.640631026
P021,25,Loss,0.62025458
P021,26,Loss,0.605238764
P021,27,Loss,0.628622578
P021,28,Loss,0.611389874
P021,29,Loss,0.598743497
P021,30,Loss,0.624032286
P022,1,Win,0.5
P022,2,Win,0.464678363
P022,3,Win,0.508906148
P022,4,Win,0.471315682
P022,5,Win,0.443376762
P022,6,Win,0.422693609
P022,7,Win,0.407388771
P022,8,Win,0.465330842
P022,9,Win,0.509396604
P022,10,Win,0.471681596
P022,11,Win,0.443647942
P022,12,Win,0.493035739
P022,13,Win,0.530132672
P022,14,Win,0.48719633
P022,15,Win,0.525775272
P022,16,Win,0.554467013
P022,17,Win,0.575711084
P022,18,Win,0.521695581
P022,19,Win,0.480872667
P022,20,Win,0.521049125
P022,21,Win,0.550962289
P022,22,Win,0.502884763
P022,23,Win,0.466826778
P022,24,Win,0.510520666
P022,25,Win,0.472520389
P022,26,Win,0.514793917
P022,27,Win,0.546320141
P022,28,Win,0.499378098
P022,29,Win,0.534858591
P022,30,Win,0.490745778
P022,1,Win,0.5
P022,2,Win,0.464678363
P022,3,Win,0.438459562
P022,4,Win,0.419055652
P022,5,Win,0.474299117
P022,6,Win,0.516127348
P022,7,Win,0.54731008
P022,8,Win,0.50012537
P022,9,Win,0.464771705
P022,10,Win,0.508976317
P022,11,Win,0.541998619
P022,12,Win,0.566484185
P022,13,Win,0.514658295
P022,14,Win,0.546219443
P022,15,Win,0.56960824
P022,16,Win,0.517037589
P022,17,Win,0.547985724
P022,18,Win,0.500635554
P022,19,Win,0.465151574
P022,20,Win,0.438810034
P022,21,Win,0.419314947
P022,22,Win,0.474497817
P022,23,Win,0.516276259
P022,24,Win,0.476819061
P022,25,Win,0.518015208
P022,26,Win,0.478119115
P022,27,Win,0.518988617
P022,28,Win,0.549433605
P022,29,Win,0.571986782
P022,30,Win,0.518851405
P022,1,Win,0.5
P022,2,Win,0.464678363
P022,3,Win,0.508906148
P022,4,Win,0.541946468
P022,5,Win,0.496079863
P022,6,Win,0.532401799
P022,7,Win,0.559377695
P022,8,Win,0.509258324
P022,9,Win,0.471578425
P022,10,Win,0.514087473
P022,11,Win,0.545795593
P022,12,Win,0.569294558
P022,13,Win,0.586681595
P022,14,Win,0.530104154
P022,15,Win,0.557675387
P022,16,Win,0.507967261
P022,17,Win,0.541248611
P022,18,Win,0.495554089
P022,19,Win,0.461369833
P022,20,Win,0.436009564
P022,21,Win,0.417243005
P022,22,Win,0.472909342
P022,23,Win,0.515085559
P022,24,Win,0.475929234
P022,25,Win,0.517348741
P022,26,Win,0.477620785
P022,27,Win,0.518615538
P022,28,Win,0.549156771
P022,29,Win,0.571781932
P022,30,Win,0.518695112
P022,1,Loss,0.5
P022,2,Loss,0.515989813
P022,3,Loss,0.560074179
P022,4,Loss,0.593590932
P022,5,Loss,0.618963052
P022,6,Loss,0.638171741
P022,7,Loss,0.652745012
P022,8,Loss,0.663832748
P022,9,Loss,0.67229293
P022,10,Loss,0.650250647
P022,11,Loss,0.632732274
P022,12,Loss,0.618925723
P022,13,Loss,0.608104882
P022,14,Loss,0.599655636
P022,15,Loss,0.593074891
P022,16,Loss,0.618572578
P022,17,Loss,0.607828723
P022,18,Loss,0.599440328
P022,19,Loss,0.623389394
P022,20,Loss,0.641526681
P022,21,Loss,0.65529474
P022,22,Loss,0.665776196
P022,23,Loss,0.673778345
P022,24,Loss,0.679903355
P022,25,Loss,0.656343054
P022,26,Loss,0.637556703
P022,27,Loss,0.622718811
P022,28,Loss,0.641018306
P022,29,Loss,0.62544455
P022,30,Loss,0.613207962
P022,1,Loss,0.5
P022,2,Loss,0.547839018
P022,3,Loss,0.584312683
P022,4,Loss,0.611942495
P022,5,Loss,0.632853531
P022,6,Loss,0.619020979
P022,7,Loss,0.638215637
P022,8,Loss,0.623237398
P022,9,Loss,0.641411448
P022,10,Loss,0.625754343
P022,11,Loss,0.613450736
P022,12,Loss,0.603826652
P022,13,Loss,0.626709133
P022,14,Loss,0.644044008
P022,15,Loss,0.657208927
P022,16,Loss,0.667235998
P022,17,Loss,0.646215508
P022,18,Loss,0.629543744
P022,19,Loss,0.616422357
P022,20,Loss,0.636246725
P022,21,Loss,0.62168822
P022,22,Loss,0.640237084
P022,23,Loss,0.654314475
P022,24,Loss,0.665028883
P022,25,Loss,0.673207065
P022,26,Loss,0.679465594
P022,27,Loss,0.655991945
P022,28,Loss,0.637278322
P022,29,Loss,0.622499761
P022,30,Loss,0.640852251
P022,1,Loss,0.5
P022,2,Loss,0.547839018
P022,3,Loss,0.584312683
P022,4,Loss,0.611942495
P022,5,Loss,0.632853531
P022,6,Loss,0.619020979
P022,7,Loss,0.608179377
P022,8,Loss,0.599713718
P022,9,Loss,0.62359629
P022,10,Loss,0.611760047
P022,11,Loss,0.602506867
P022,12,Loss,0.625710205
P022,13,Loss,0.613416145
P022,14,Loss,0.603799644
P022,15,Loss,0.62668869
P022,16,Loss,0.644028503
P022,17,Loss,0.627817767
P022,18,Loss,0.615068395
P022,19,Loss,0.605090012
P022,20,Loss,0.627665412
P022,21,Loss,0.644769344
P022,22,Loss,0.657760647
P022,23,Loss,0.667656879
P022,24,Loss,0.675216561
P022,25,Loss,0.681005781
P022,26,Loss,0.685448594
P022,27,Loss,0.660797955
P022,28,Loss,0.641092626
P022,29,Loss,0.654964775
P022,30,Loss,0.665524625
P023,1,Win,0.5
P023,2,Win,0.260948736
P023,3,Win,0.505266029
P023,4,Win,0.264948586
P023,5,Win,0.51032002
P023,6,Win,0.746776579
P023,7,Win,0.504641656
P023,8,Win,0.264472267
P023,9,Win,0.509720841
P023,10,Win,0.746332092
P023,11,Win,0.890742914
P023,12,Win,0.956766204
P023,13,Win,0.880084286
P023,14,Win,0.952299608
P023,15,Win,0.981556052
P023,16,Win,0.945470446
P023,17,Win,0.978881384
P023,18,Win,0.938056523
P023,19,Win,0.975958591
P023,20,Win,0.990712406
P023,21,Win,0.996375105
P023,22,Win,0.988588006
P023,23,Win,0.995558793
P023,24,Win,0.998245657
P023,25,Win,0.994372779
P023,26,Win,0.997786219
P023,27,Win,0.999114287
P023,28,Win,0.999639285
P023,29,Win,0.999850446
P023,30,Win,0.999493988
P023,1,Win,0.5
P023,2,Win,0.739051264
P023,3,Win,0.887056575
P023,4,Win,0.95522776
P023,5,Win,0.876250601
P023,6,Win,0.950679173
P023,7,Win,0.865053938
P023,8,Win,0.94590325
P023,9,Win,0.853513091
P023,10,Win,0.940911152
P023,11,Win,0.841676891
P023,12,Win,0.644719597
P023,13,Win,0.387651928
P023,14,Win,0.644076417
P023,15,Win,0.835090545
P023,16,Win,0.93279036
P023,17,Win,0.973869733
P023,18,Win,0.924416739
P023,19,Win,0.970525321
P023,20,Win,0.915487513
P023,21,Win,0.966926531
P023,22,Win,0.987234172
P023,23,Win,0.961547125
P023,24,Win,0.985153256
P023,25,Win,0.994240774
P023,26,Win,0.997735171
P023,27,Win,0.999094254
P023,28,Win,0.997050138
P023,29,Win,0.998826113
P023,30,Win,0.996199104
P023,1,Win,0.5
P023,2,Win,0.739051264
P023,3,Win,0.494733971
P023,4,Win,0.735051414
P023,5,Win,0.885014774
P023,6,Win,0.954372768
P023,7,Win,0.874130341
P023,8,Win,0.949779758
P023,9,Win,0.980571032
P023,10,Win,0.992483178
P023,11,Win,0.997056781
P023,12,Win,0.990681479
P023,13,Win,0.971554964
P023,14,Win,0.989018721
P023,15,Win,0.995724201
P023,16,Win,0.986602093
P023,17,Win,0.994796571
P023,18,Win,0.983791551
P023,19,Win,0.993718497
P023,20,Win,0.997533349
P023,21,Win,0.992154395
P023,22,Win,0.97589531
P023,23,Win,0.990688092
P023,24,Win,0.996365755
P023,25,Win,0.98855939
P023,26,Win,0.995547805
P023,27,Win,0.998241393
P023,28,Win,0.999293302
P023,29,Win,0.999710903
P023,30,Win,0.999035116
P023,1,Loss,0.5
P023,2,Loss,0.64326081
P023,3,Loss,0.912163369
P023,4,Loss,0.982675434
P023,5,Loss,0.989072626
P023,6,Loss,0.997844959
P023,7,Loss,0.998559887
P023,8,Loss,0.999700252
P023,9,Loss,0.999787493
P023,10,Loss,0.999953175
P023,11,Loss,0.999964887
P023,12,Loss,0.99997344
P023,13,Loss,0.999993768
P023,14,Loss,0.999995033
P023,15,Loss,0.999996014
P023,16,Loss,0.99999678
P023,17,Loss,0.999997381
P023,18,Loss,0.999999341
P023,19,Loss,0.999999438
P023,20,Loss,0.999999852
P023,21,Loss,0.999999868
P023,22,Loss,0.999999882
P023,23,Loss,0.999999967
P023,24,Loss,0.999999969
P023,25,Loss,0.999999971
P023,26,Loss,0.999999973
P023,27,Loss,0.999999975
P023,28,Loss,0.999999993
P023,29,Loss,0.999999993
P023,30,Loss,0.999999998
P023,1,Loss,0.5
P023,2,Loss,0.85428795
P023,3,Loss,0.970221844
P023,4,Loss,0.994216586
P023,5,Loss,0.996244419
P023,6,Loss,0.997530855
P023,7,Loss,0.999493983
P023,8,Loss,0.999646876
P023,9,Loss,0.999750887
P023,10,Loss,0.999822401
P023,11,Loss,0.999872085
P023,12,Loss,0.999906951
P023,13,Loss,0.99997898
P023,14,Loss,0.999983851
P023,15,Loss,0.999987494
P023,16,Loss,0.999996998
P023,17,Loss,0.999997554
P023,18,Loss,0.999999383
P023,19,Loss,0.999999473
P023,20,Loss,0.999999547
P023,21,Loss,0.999999609
P023,22,Loss,0.999999896
P023,23,Loss,0.999999906
P023,24,Loss,0.999999915
P023,25,Loss,0.999999976
P023,26,Loss,0.999999978
P023,27,Loss,0.999999979
P023,28,Loss,0.99999998
P023,29,Loss,0.999999981
P023,30,Loss,0.999999994
P023,1,Loss,0.5
P023,2,Loss,0.64326081
P023,3,Loss,0.761559751
P023,4,Loss,0.84756815
P023,5,Loss,0.904933096
P023,6,Loss,0.94128977
P023,7,Loss,0.988561968
P023,8,Loss,0.997746459
P023,9,Loss,0.998496052
P023,10,Loss,0.99968736
P023,11,Loss,0.999778635
P023,12,Loss,0.99984162
P023,13,Loss,0.999964791
P023,14,Loss,0.999973369
P023,15,Loss,0.999979687
P023,16,Loss,0.999984378
P023,17,Loss,0.99998789
P023,18,Loss,0.99999709
P023,19,Loss,0.999997627
P023,20,Loss,0.999999401
P023,21,Loss,0.999999487
P023,22,Loss,0.999999559
P023,23,Loss,0.999999883
P023,24,Loss,0.999999895
P023,25,Loss,0.999999905
P023,26,Loss,0.999999914
P023,27,Loss,0.999999922
P023,28,Loss,0.999999978
P023,29,Loss,0.999999979
P023,30,Loss,0.999999994
P024,1,Win,0.5
P024,2,Win,0.029476874
P024,3,Win,0.53134136
P024,4,Win,0.033143328
P024,5,Win,0.001173892
P024,6,Win,0.046991031
P024,7,Win,0.001665813
P024,8,Win,0.064659385
P024,9,Win,0.002305791
P024,10,Win,0.08645341
P024,11,Win,0.003118572
P024,12,Win,0.000116874
P024,13,Win,0.005299691
P024,14,Win,0.000195264
P024,15,Win,8.06E-06
P024,16,Win,3.73E-07
P024,17,Win,1.93E-08
P024,18,Win,1.20E-06
P024,19,Win,5.96E-08
P024,20,Win,3.57E-06
P024,21,Win,1.70E-07
P024,22,Win,9.04E-09
P024,23,Win,5.79E-07
P024,24,Win,2.95E-08
P024,25,Win,1.67E-09
P024,26,Win,1.05E-10
P024,27,Win,7.26E-12
P024,28,Win,6.01E-10
P024,29,Win,3.91E-11
P024,30,Win,3.05E-09
P024,1,Win,0.5
P024,2,Win,0.970523126
P024,3,Win,0.46865864
P024,4,Win,0.026205026
P024,5,Win,0.502214313
P024,6,Win,0.970766434
P024,7,Win,0.470709158
P024,8,Win,0.967110059
P024,9,Win,0.998835045
P024,10,Win,0.999954851
P024,11,Win,0.999998036
P024,12,Win,0.999999904
P024,13,Win,0.999994371
P024,14,Win,0.999999736
P024,15,Win,0.999999986
P024,16,Win,0.999999129
P024,17,Win,0.999999956
P024,18,Win,0.999997356
P024,19,Win,0.999999873
P024,20,Win,0.999999993
P024,21,Win,1
P024,22,Win,0.999999971
P024,23,Win,0.999999998
P024,24,Win,1
P024,25,Win,0.999999992
P024,26,Win,1
P024,27,Win,1
P024,28,Win,1
P024,29,Win,1
P024,30,Win,1
P024,1,Win,0.5
P024,2,Win,0.029476874
P024,3,Win,0.53134136
P024,4,Win,0.033143328
P024,5,Win,0.001173892
P024,6,Win,4.55E-05
P024,7,Win,0.002140198
P024,8,Win,8.12E-05
P024,9,Win,3.46E-06
P024,10,Win,1.65E-07
P024,11,Win,8.79E-09
P024,12,Win,5.20E-10
P024,13,Win,3.69E-08
P024,14,Win,2.07E-09
P024,15,Win,1.29E-10
P024,16,Win,9.63E-09
P024,17,Win,5.68E-10
P024,18,Win,4.02E-08
P024,19,Win,2.25E-09
P024,20,Win,1.40E-10
P024,21,Win,9.59E-12
P024,22,Win,7.85E-10
P024,23,Win,5.06E-11
P024,24,Win,3.60E-12
P024,25,Win,3.06E-10
P024,26,Win,2.04E-11
P024,27,Win,1.50E-12
P024,28,Win,1.21E-13
P024,29,Win,1.07E-14
P024,30,Win,1.12E-12
P024,1,Loss,0.5
P024,2,Loss,0.780253465
P024,3,Loss,0.98542114
P024,4,Loss,0.994356691
P024,5,Loss,0.950212065
P024,6,Loss,0.9025694
P024,7,Loss,0.989285051
P024,8,Loss,0.939274661
P024,9,Loss,0.896391806
P024,10,Loss,0.877485344
P024,11,Loss,0.870725717
P024,12,Loss,0.868460079
P024,13,Loss,0.988052363
P024,14,Loss,0.937199325
P024,15,Loss,0.990809956
P024,16,Loss,0.9951478
P024,17,Loss,0.952496703
P024,18,Loss,0.991644542
P024,19,Loss,0.943768551
P024,20,Loss,0.898832181
P024,21,Loss,0.878410656
P024,22,Loss,0.871041477
P024,23,Loss,0.868564362
P024,24,Loss,0.867750168
P024,25,Loss,0.867484479
P024,26,Loss,0.867397982
P024,27,Loss,0.988016742
P024,28,Loss,0.93714163
P024,29,Loss,0.895275206
P024,30,Loss,0.989004649
P024,1,Loss,0.5
P024,2,Loss,0.97814936
P024,3,Loss,0.924375452
P024,4,Loss,0.889063236
P024,5,Loss,0.874783825
P024,6,Loss,0.988267415
P024,7,Loss,0.937550216
P024,8,Loss,0.990827638
P024,9,Loss,0.942122302
P024,10,Loss,0.991063657
P024,11,Loss,0.995191958
P024,12,Loss,0.952631693
P024,13,Loss,0.991652587
P024,14,Loss,0.995297787
P024,15,Loss,0.996099861
P024,16,Loss,0.95562235
P024,17,Loss,0.905967292
P024,18,Loss,0.989419525
P024,19,Loss,0.939511006
P024,20,Loss,0.990927551
P024,21,Loss,0.942317991
P024,22,Loss,0.991074003
P024,23,Loss,0.995193777
P024,24,Loss,0.95263727
P024,25,Loss,0.904060047
P024,26,Loss,0.989343726
P024,27,Loss,0.939377529
P024,28,Loss,0.990920689
P024,29,Loss,0.942304503
P024,30,Loss,0.991073289
P024,1,Loss,0.5
P024,2,Loss,0.97814936
P024,3,Loss,0.924375452
P024,4,Loss,0.889063236
P024,5,Loss,0.988773889
P024,6,Loss,0.99481977
P024,7,Loss,0.951519901
P024,8,Loss,0.903367026
P024,9,Loss,0.88016725
P024,10,Loss,0.98845475
P024,11,Loss,0.937859573
P024,12,Loss,0.895648205
P024,13,Loss,0.989018731
P024,14,Loss,0.938812652
P024,15,Loss,0.896147784
P024,16,Loss,0.877393555
P024,17,Loss,0.87069447
P024,18,Loss,0.98812776
P024,19,Loss,0.937321839
P024,20,Loss,0.990816123
P024,21,Loss,0.942099845
P024,22,Loss,0.991062471
P024,23,Loss,0.99519175
P024,24,Loss,0.952631054
P024,25,Loss,0.904056161
P024,26,Loss,0.880438617
P024,27,Loss,0.871738483
P024,28,Loss,0.86879508
P024,29,Loss,0.867825627
P024,30,Loss,0.988031068
P025,1,Win,0.5
P025,2,Win,0.127724541
P025,3,Win,0.031357916
P025,4,Win,0.009795756
P025,5,Win,0.003883049
P025,6,Win,0.001872136
P025,7,Win,0.001054674
P025,8,Win,0.000671792
P025,9,Win,0.000471321
P025,10,Win,0.0163732
P025,11,Win,0.005832382
P025,12,Win,0.107624054
P025,13,Win,0.027045049
P025,14,Win,0.008700103
P025,15,Win,0.003535747
P025,16,Win,0.075144911
P025,17,Win,0.487341861
P025,18,Win,0.123357605
P025,19,Win,0.59406115
P025,20,Win,0.902061801
P025,21,Win,0.975044681
P025,22,Win,0.722737137
P025,23,Win,0.935465087
P025,24,Win,0.982391893
P025,25,Win,0.77520096
P025,26,Win,0.9475321
P025,27,Win,0.985142907
P025,28,Win,0.994600419
P025,29,Win,0.997572861
P025,30,Win,0.943032541
P025,1,Win,0.5
P025,2,Win,0.872275459
P025,3,Win,0.398425405
P025,4,Win,0.831677621
P025,5,Win,0.95992786
P025,6,Win,0.98806458
P025,7,Win,0.824609372
P025,8,Win,0.958399773
P025,9,Win,0.98769767
P025,10,Win,0.995350227
P025,11,Win,0.997842498
P025,12,Win,0.99882087
P025,13,Win,0.966904771
P025,14,Win,0.989770463
P025,15,Win,0.995981669
P025,16,Win,0.91753636
P025,17,Win,0.978413281
P025,18,Win,0.745489446
P025,19,Win,0.94077979
P025,20,Win,0.983594435
P025,21,Win,0.994158466
P025,22,Win,0.892256907
P025,23,Win,0.972929332
P025,24,Win,0.991293302
P025,25,Win,0.85793329
P025,26,Win,0.965570569
P025,27,Win,0.989439965
P025,28,Win,0.838236289
P025,29,Win,0.961341686
P025,30,Win,0.646376917
P025,1,Win,0.5
P025,2,Win,0.127724541
P025,3,Win,0.601574595
P025,4,Win,0.904209265
P025,5,Win,0.97550963
P025,6,Win,0.72576238
P025,7,Win,0.936179747
P025,8,Win,0.546990829
P025,9,Win,0.887885164
P025,10,Win,0.4266089
P025,11,Win,0.84408542
P025,12,Win,0.962599758
P025,13,Win,0.652527511
P025,14,Win,0.918058102
P025,15,Win,0.978527719
P025,16,Win,0.992764002
P025,17,Win,0.996942808
P025,18,Win,0.932442903
P025,19,Win,0.981713518
P025,20,Win,0.769887727
P025,21,Win,0.946338579
P025,22,Win,0.98486732
P025,23,Win,0.795581442
P025,24,Win,0.952061014
P025,25,Win,0.986196963
P025,26,Win,0.994906414
P025,27,Win,0.997681888
P025,28,Win,0.944945821
P025,29,Win,0.984546797
P025,30,Win,0.79284875
P025,1,Loss,0.5
P025,2,Loss,0.52457531
P025,3,Loss,0.540308018
P025,4,Loss,0.598434516
P025,5,Loss,0.587750585
P025,6,Loss,0.627847469
P025,7,Loss,0.606915543
P025,8,Loss,0.593252622
P025,9,Loss,0.584397011
P025,10,Loss,0.625770054
P025,11,Loss,0.651450428
P025,12,Loss,0.622498617
P025,13,Loss,0.649413453
P025,14,Loss,0.666227768
P025,15,Loss,0.676814105
P025,16,Loss,0.683521534
P025,17,Loss,0.687790859
P025,18,Loss,0.690516921
P025,19,Loss,0.648841609
P025,20,Loss,0.665869003
P025,21,Loss,0.632131461
P025,22,Loss,0.655416137
P025,23,Loss,0.625138676
P025,24,Loss,0.605139951
P025,25,Loss,0.638627359
P025,26,Loss,0.65947293
P025,27,Loss,0.672552113
P025,28,Loss,0.63663002
P025,29,Loss,0.658224724
P025,30,Loss,0.67176595
P025,1,Loss,0.5
P025,2,Loss,0.573254397
P025,3,Loss,0.571503278
P025,4,Loss,0.617783762
P025,5,Loss,0.600330569
P025,6,Loss,0.635644146
P025,7,Loss,0.657608897
P025,8,Loss,0.671378236
P025,9,Loss,0.635838215
P025,10,Loss,0.657730107
P025,11,Loss,0.67145454
P025,12,Loss,0.635889662
P025,13,Loss,0.612201787
P025,14,Loss,0.596691239
P025,15,Loss,0.633387772
P025,16,Loss,0.656200123
P025,17,Loss,0.670491673
P025,18,Loss,0.679511384
P025,19,Loss,0.641339157
P025,20,Loss,0.615797042
P025,21,Loss,0.645245252
P025,22,Loss,0.663614425
P025,23,Loss,0.630618845
P025,24,Loss,0.654472568
P025,25,Loss,0.6694052
P025,26,Loss,0.634508952
P025,27,Loss,0.65690002
P025,28,Loss,0.626128306
P025,29,Loss,0.605788368
P025,30,Loss,0.592520356
P025,1,Loss,0.5
P025,2,Loss,0.52457531
P025,3,Loss,0.588639441
P025,4,Loss,0.628398132
P025,5,Loss,0.653087982
P025,6,Loss,0.668534971
P025,7,Loss,0.67827291
P025,8,Loss,0.640499206
P025,9,Loss,0.615242163
P025,10,Loss,0.598672399
P025,11,Loss,0.587904679
P025,12,Loss,0.58094186
P025,13,Loss,0.62362993
P025,14,Loss,0.650117694
P025,15,Loss,0.621612904
P025,16,Loss,0.648862223
P025,17,Loss,0.665881935
P025,18,Loss,0.676595578
P025,19,Loss,0.63936295
P025,20,Loss,0.659932822
P025,21,Loss,0.628154033
P025,22,Loss,0.652935838
P025,23,Loss,0.623486688
P025,24,Loss,0.604058251
P025,25,Loss,0.637956235
P025,26,Loss,0.613563887
P025,27,Loss,0.597578485
P025,28,Loss,0.58719618
P025,29,Loss,0.580484541
P025,30,Loss,0.623346675
P026,1,Win,0.5
P026,2,Win,0.816881285
P026,3,Win,0.949879988
P026,4,Win,0.987147247
P026,5,Win,0.996648325
P026,6,Win,0.982254474
P026,7,Win,0.995404553
P026,8,Win,0.976042005
P026,9,Win,0.993828197
P026,10,Win,0.998359461
P026,11,Win,0.999546115
P026,12,Win,0.999869155
P026,13,Win,0.999960726
P026,14,Win,0.99998774
P026,15,Win,0.999996025
P026,16,Win,0.999998663
P026,17,Win,0.999999534
P026,18,Win,0.999996654
P026,19,Win,0.999998868
P026,20,Win,0.999992106
P026,21,Win,0.999997403
P026,22,Win,0.999999114
P026,23,Win,0.999993774
P026,24,Win,0.999997936
P026,25,Win,0.999999291
P026,26,Win,0.999999748
P026,27,Win,0.999999907
P026,28,Win,0.999999297
P026,29,Win,0.99999975
P026,30,Win,0.999998167
P026,1,Win,0.5
P026,2,Win,0.816881285
P026,3,Win,0.48780168
P026,4,Win,0.809713385
P026,5,Win,0.947660542
P026,6,Win,0.986574491
P026,7,Win,0.934715181
P026,8,Win,0.983209031
P026,9,Win,0.995646927
P026,10,Win,0.998831159
P026,11,Win,0.999673129
P026,12,Win,0.999904763
P026,13,Win,0.999425543
P026,14,Win,0.999835651
P026,15,Win,0.999951034
P026,16,Win,0.999698093
P026,17,Win,0.99991181
P026,18,Win,0.999466693
P026,19,Win,0.999847057
P026,20,Win,0.999954326
P026,21,Win,0.999985812
P026,22,Win,0.999908899
P026,23,Win,0.999972331
P026,24,Win,0.999991264
P026,25,Win,0.999943006
P026,26,Win,0.999982423
P026,27,Win,0.999994368
P026,28,Win,0.999998127
P026,29,Win,0.999999354
P026,30,Win,0.999995413
P026,1,Win,0.5
P026,2,Win,0.816881285
P026,3,Win,0.48780168
P026,4,Win,0.809713385
P026,5,Win,0.947660542
P026,6,Win,0.986574491
P026,7,Win,0.934715181
P026,8,Win,0.983209031
P026,9,Win,0.995646927
P026,10,Win,0.977242823
P026,11,Win,0.994132874
P026,12,Win,0.998438209
P026,13,Win,0.991457802
P026,14,Win,0.997749521
P026,15,Win,0.999383491
P026,16,Win,0.996509637
P026,17,Win,0.999056602
P026,18,Win,0.994740285
P026,19,Win,0.998595504
P026,20,Win,0.99960951
P026,21,Win,0.999886881
P026,22,Win,0.999321559
P026,23,Win,0.999806939
P026,24,Win,0.99994278
P026,25,Win,0.999649004
P026,26,Win,0.99989797
P026,27,Win,0.999969126
P026,28,Win,0.999990286
P026,29,Win,0.999996826
P026,30,Win,0.9999786
P026,1,Loss,0.5
P026,2,Loss,0.591325577
P026,3,Loss,0.604006385
P026,4,Loss,0.605805645
P026,5,Loss,0.606062256
P026,6,Loss,0.763115938
P026,7,Loss,0.63098449
P026,8,Loss,0.765831474
P026,9,Loss,0.782022463
P026,10,Loss,0.784266643
P026,11,Loss,0.78458563
P026,12,Loss,0.784631137
P026,13,Loss,0.635064064
P026,14,Loss,0.766280746
P026,15,Loss,0.631568922
P026,16,Loss,0.765895744
P026,17,Loss,0.782031185
P026,18,Loss,0.784267879
P026,19,Loss,0.634992987
P026,20,Loss,0.766272905
P026,21,Loss,0.631567467
P026,22,Loss,0.765895584
P026,23,Loss,0.782031163
P026,24,Loss,0.634557108
P026,25,Loss,0.610215921
P026,26,Loss,0.606692754
P026,27,Loss,0.763184097
P026,28,Loss,0.630997023
P026,29,Loss,0.765832852
P026,30,Loss,0.78202265
P026,1,Loss,0.5
P026,2,Loss,0.591325577
P026,3,Loss,0.604006385
P026,4,Loss,0.605805645
P026,5,Loss,0.606062256
P026,6,Loss,0.763115938
P026,7,Loss,0.63098449
P026,8,Loss,0.609693772
P026,9,Loss,0.763508861
P026,10,Loss,0.781708223
P026,11,Loss,0.634494425
P026,12,Loss,0.766217922
P026,13,Loss,0.782074926
P026,14,Loss,0.634565608
P026,15,Loss,0.610217165
P026,16,Loss,0.763565561
P026,17,Loss,0.631067212
P026,18,Loss,0.609705841
P026,19,Loss,0.606619721
P026,20,Loss,0.7631762
P026,21,Loss,0.630995571
P026,22,Loss,0.765832692
P026,23,Loss,0.631485873
P026,24,Loss,0.765886609
P026,25,Loss,0.631495861
P026,26,Loss,0.609768395
P026,27,Loss,0.606628676
P026,28,Loss,0.763177168
P026,29,Loss,0.630995749
P026,30,Loss,0.609695414
P026,1,Loss,0.5
P026,2,Loss,0.751820225
P026,3,Loss,0.628938146
P026,4,Loss,0.609395528
P026,5,Loss,0.606575305
P026,6,Loss,0.763171398
P026,7,Loss,0.630994688
P026,8,Loss,0.765832595
P026,9,Loss,0.631485855
P026,10,Loss,0.609766935
P026,11,Loss,0.763516785
P026,12,Loss,0.631058234
P026,13,Loss,0.765839582
P026,14,Loss,0.631487149
P026,15,Loss,0.76588675
P026,16,Loss,0.631495887
P026,17,Loss,0.609768399
P026,18,Loss,0.763516944
P026,19,Loss,0.631058263
P026,20,Loss,0.609704535
P026,21,Loss,0.606619534
P026,22,Loss,0.606178449
P026,23,Loss,0.763128497
P026,24,Loss,0.630986799
P026,25,Loss,0.765831728
P026,26,Loss,0.631485694
P026,27,Loss,0.609766911
P026,28,Loss,0.606628463
P026,29,Loss,0.763177146
P026,30,Loss,0.781663492
P027,1,Win,0.5
P027,2,Win,0.670675121
P027,3,Win,0.747842271
P027,4,Win,0.783435875
P027,5,Win,0.800719767
P027,6,Win,0.505952321
P027,7,Win,0.673448562
P027,8,Win,0.418558875
P027,9,Win,0.631236057
P027,10,Win,0.394806136
P027,11,Win,0.619042275
P027,12,Win,0.724685491
P027,13,Win,0.450231324
P027,14,Win,0.306442813
P027,15,Win,0.241783176
P027,16,Win,0.211603238
P027,17,Win,0.50402432
P027,18,Win,0.331206707
P027,19,Win,0.584151502
P027,20,Win,0.370136384
P027,21,Win,0.60593758
P027,22,Win,0.718824996
P027,23,Win,0.446416661
P027,24,Win,0.645090142
P027,25,Win,0.736341328
P027,26,Win,0.777998369
P027,27,Win,0.798027585
P027,28,Win,0.503734516
P027,29,Win,0.672416546
P027,30,Win,0.417955893
P027,1,Win,0.5
P027,2,Win,0.670675121
P027,3,Win,0.416941175
P027,4,Win,0.291425244
P027,5,Win,0.560126181
P027,6,Win,0.698247654
P027,7,Win,0.433437953
P027,8,Win,0.638690534
P027,9,Win,0.733474746
P027,10,Win,0.776652312
P027,11,Win,0.797364323
P027,12,Win,0.807717447
P027,13,Win,0.813024172
P027,14,Win,0.516382487
P027,15,Win,0.337021797
P027,16,Win,0.587503254
P027,17,Win,0.371840087
P027,18,Win,0.606858546
P027,19,Win,0.381827111
P027,20,Win,0.612208262
P027,21,Win,0.38463506
P027,22,Win,0.613697797
P027,23,Win,0.722295754
P027,24,Win,0.771434816
P027,25,Win,0.794804884
P027,26,Win,0.806419954
P027,27,Win,0.812353774
P027,28,Win,0.515801203
P027,29,Win,0.678013064
P027,30,Win,0.751157967
P027,1,Win,0.5
P027,2,Win,0.670675121
P027,3,Win,0.416941175
P027,4,Win,0.630417469
P027,5,Win,0.729772475
P027,6,Win,0.774918916
P027,7,Win,0.796512009
P027,8,Win,0.807284762
P027,9,Win,0.812800433
P027,10,Win,0.516188316
P027,11,Win,0.336929987
P027,12,Win,0.255584945
P027,13,Win,0.218190936
P027,14,Win,0.509182744
P027,15,Win,0.674948983
P027,16,Win,0.419437727
P027,17,Win,0.631680085
P027,18,Win,0.395047102
P027,19,Win,0.619167952
P027,20,Win,0.724741685
P027,21,Win,0.772572261
P027,22,Win,0.483773322
P027,23,Win,0.663051875
P027,24,Win,0.744406891
P027,25,Win,0.781805195
P027,26,Win,0.799910188
P027,27,Win,0.505283066
P027,28,Win,0.673137303
P027,29,Win,0.748953782
P027,30,Win,0.783964718
P027,1,Loss,0.5
P027,2,Loss,0.667633382
P027,3,Loss,0.695711163
P027,4,Loss,0.802546909
P027,5,Loss,0.806531097
P027,6,Loss,0.809878217
P027,7,Loss,0.873539437
P027,8,Loss,0.867566513
P027,9,Loss,0.862288857
P027,10,Loss,0.857652388
P027,11,Loss,0.853598757
P027,12,Loss,0.850068901
P027,13,Loss,0.847005451
P027,14,Loss,0.89622719
P027,15,Loss,0.887950994
P027,16,Loss,0.921411207
P027,17,Loss,0.911372345
P027,18,Loss,0.936058915
P027,19,Loss,0.925514423
P027,20,Loss,0.915289134
P027,21,Loss,0.905586043
P027,22,Loss,0.93241465
P027,23,Loss,0.921952727
P027,24,Loss,0.911887422
P027,25,Loss,0.936384284
P027,26,Loss,0.925833943
P027,27,Loss,0.945264615
P027,28,Loss,0.934659568
P027,29,Loss,0.924143118
P027,30,Loss,0.944180018
P027,1,Loss,0.5
P027,2,Loss,0.557864619
P027,3,Loss,0.710055354
P027,4,Loss,0.730239098
P027,5,Loss,0.746724556
P027,6,Loss,0.834655532
P027,7,Loss,0.888678332
P027,8,Loss,0.88110385
P027,9,Loss,0.917171964
P027,10,Loss,0.939732473
P027,11,Loss,0.929137142
P027,12,Loss,0.918775053
P027,13,Loss,0.940751971
P027,14,Loss,0.930148617
P027,15,Loss,0.919753227
P027,16,Loss,0.909798697
P027,17,Loss,0.900450771
P027,18,Loss,0.929195772
P027,19,Loss,0.947428558
P027,20,Loss,0.959375014
P027,21,Loss,0.967462516
P027,22,Loss,0.973107148
P027,23,Loss,0.97715641
P027,24,Loss,0.980132388
P027,25,Loss,0.972216799
P027,26,Loss,0.976510611
P027,27,Loss,0.967993092
P027,28,Loss,0.958437767
P027,29,Loss,0.948191953
P027,30,Loss,0.937617156
P027,1,Loss,0.5
P027,2,Loss,0.667633382
P027,3,Loss,0.695711163
P027,4,Loss,0.7185517
P027,5,Loss,0.737171916
P027,6,Loss,0.752401476
P027,7,Loss,0.764905119
P027,8,Loss,0.845922735
P027,9,Loss,0.895564978
P027,10,Loss,0.92614515
P027,11,Loss,0.945464509
P027,12,Loss,0.934860716
P027,13,Loss,0.951099451
P027,14,Loss,0.940581074
P027,15,Loss,0.929978875
P027,16,Loss,0.91958892
P027,17,Loss,0.90964302
P027,18,Loss,0.934967711
P027,19,Loss,0.924444687
P027,20,Loss,0.944373285
P027,21,Loss,0.933764056
P027,22,Loss,0.923267968
P027,23,Loss,0.943619585
P027,24,Loss,0.933008589
P027,25,Loss,0.922531118
P027,26,Loss,0.912438177
P027,27,Loss,0.90291342
P027,28,Loss,0.930737715
P027,29,Loss,0.948424576
P027,30,Loss,0.960040009
P028,1,Win,0.5
P028,2,Win,0.460069733
P028,3,Win,0.430097628
P028,4,Win,0.407691781
P028,5,Win,0.390946325
P028,6,Win,0.378413416
P028,7,Win,0.446129235
P028,8,Win,0.419671756
P028,9,Win,0.399901579
P028,10,Win,0.385118715
P028,11,Win,0.374045519
P028,12,Win,0.442644029
P028,13,Win,0.417066798
P028,14,Win,0.476549671
P028,15,Win,0.522203089
P028,16,Win,0.556621462
P028,17,Win,0.503111167
P028,18,Win,0.542273857
P028,19,Win,0.571655985
P028,20,Win,0.59361844
P028,21,Win,0.610033523
P028,22,Win,0.622320731
P028,23,Win,0.631536606
P028,24,Win,0.561825699
P028,25,Win,0.507113819
P028,26,Win,0.545286515
P028,27,Win,0.573909652
P028,28,Win,0.516445347
P028,29,Win,0.472488979
P028,30,Win,0.519120708
P028,1,Win,0.5
P028,2,Win,0.539930267
P028,3,Win,0.569902372
P028,4,Win,0.51334479
P028,5,Win,0.549971187
P028,6,Win,0.577412951
P028,7,Win,0.519161071
P028,8,Win,0.554338893
P028,9,Win,0.501358522
P028,10,Win,0.461093634
P028,11,Win,0.510447613
P028,12,Win,0.547793735
P028,13,Win,0.496342345
P028,14,Win,0.537172751
P028,15,Win,0.567838478
P028,16,Win,0.590766166
P028,17,Win,0.607900582
P028,18,Win,0.543016711
P028,19,Win,0.572211748
P028,20,Win,0.515130873
P028,21,Win,0.471494219
P028,22,Win,0.51836497
P028,23,Win,0.473942405
P028,24,Win,0.440487969
P028,25,Win,0.494666811
P028,26,Win,0.535908711
P028,27,Win,0.566892178
P028,28,Win,0.511019703
P028,29,Win,0.548223806
P028,30,Win,0.496671529
P028,1,Win,0.5
P028,2,Win,0.539930267
P028,3,Win,0.569902372
P028,4,Win,0.592308219
P028,5,Win,0.530764159
P028,6,Win,0.563039278
P028,7,Win,0.587180271
P028,8,Win,0.605219665
P028,9,Win,0.618714924
P028,10,Win,0.551585131
P028,11,Win,0.578619611
P028,12,Win,0.520097592
P028,13,Win,0.555041736
P028,14,Win,0.501898007
P028,15,Win,0.541360209
P028,16,Win,0.570972389
P028,17,Win,0.593107687
P028,18,Win,0.531389636
P028,19,Win,0.483827403
P028,20,Win,0.447904693
P028,21,Win,0.50036251
P028,22,Win,0.540203429
P028,23,Win,0.57010679
P028,24,Win,0.513502806
P028,25,Win,0.550089912
P028,26,Win,0.57750172
P028,27,Win,0.519229947
P028,28,Win,0.554390588
P028,29,Win,0.501398195
P028,30,Win,0.461123541
P028,1,Loss,0.5
P028,2,Loss,0.599327221
P028,3,Loss,0.61061253
P028,4,Loss,0.680343635
P028,5,Loss,0.674009854
P028,6,Loss,0.725538932
P028,7,Loss,0.762193513
P028,8,Loss,0.740259869
P028,9,Loss,0.772715325
P028,10,Loss,0.796082337
P028,11,Loss,0.813116638
P028,12,Loss,0.825688361
P028,13,Loss,0.794709907
P028,14,Loss,0.81210993
P028,15,Loss,0.824941148
P028,16,Loss,0.794046235
P028,17,Loss,0.811623416
P028,18,Loss,0.824580244
P028,19,Loss,0.793725914
P028,20,Loss,0.811388671
P028,21,Loss,0.824406153
P028,22,Loss,0.793571453
P028,23,Loss,0.766719173
P028,24,Loss,0.7440305
P028,25,Loss,0.725261514
P028,26,Loss,0.70996409
P028,27,Loss,0.697626154
P028,28,Loss,0.742319388
P028,29,Loss,0.774190503
P028,30,Loss,0.797151648
P028,1,Loss,0.5
P028,2,Loss,0.533504936
P028,3,Loss,0.624310518
P028,4,Loss,0.690149496
P028,5,Loss,0.73700565
P028,6,Loss,0.719513741
P028,7,Loss,0.705315584
P028,8,Loss,0.693897537
P028,9,Loss,0.739669141
P028,10,Loss,0.721689759
P028,11,Loss,0.707073572
P028,12,Loss,0.695306573
P028,13,Loss,0.740670589
P028,14,Loss,0.722508943
P028,15,Loss,0.707735968
P028,16,Loss,0.749509376
P028,17,Loss,0.729764175
P028,18,Loss,0.765209833
P028,19,Loss,0.742771392
P028,20,Loss,0.724229245
P028,21,Loss,0.761259085
P028,22,Loss,0.787801727
P028,23,Loss,0.761795047
P028,24,Loss,0.739928552
P028,25,Loss,0.772478091
P028,26,Loss,0.748849561
P028,27,Loss,0.729220973
P028,28,Loss,0.764821899
P028,29,Loss,0.74244803
P028,30,Loss,0.774282675
P028,1,Loss,0.5
P028,2,Loss,0.599327221
P028,3,Loss,0.672239045
P028,4,Loss,0.66760091
P028,5,Loss,0.720984942
P028,6,Loss,0.758945365
P028,7,Loss,0.737562205
P028,8,Loss,0.719968111
P028,9,Loss,0.705682481
P028,10,Loss,0.694191502
P028,11,Loss,0.739878064
P028,12,Loss,0.721860612
P028,13,Loss,0.759569724
P028,14,Loss,0.786583953
P028,15,Loss,0.806166227
P028,16,Loss,0.777572237
P028,17,Loss,0.799605799
P028,18,Loss,0.81570516
P028,19,Loss,0.78589506
P028,20,Loss,0.760174038
P028,21,Loss,0.738581818
P028,22,Loss,0.720800964
P028,23,Loss,0.70635525
P028,24,Loss,0.69473068
P028,25,Loss,0.685439799
P028,26,Loss,0.678050446
P028,27,Loss,0.728409618
P028,28,Loss,0.764242546
P028,29,Loss,0.789954337
P028,30,Loss,0.808628072
P029,1,Win,0.5
P029,2,Win,0.471734047
P029,3,Win,0.506593739
P029,4,Win,0.533304167
P029,5,Win,0.497284752
P029,6,Win,0.469658695
P029,7,Win,0.504996755
P029,8,Win,0.47555582
P029,9,Win,0.509532295
P029,10,Win,0.479027967
P029,11,Win,0.455725981
P029,12,Win,0.494250795
P029,13,Win,0.523868362
P029,14,Win,0.49002521
P029,15,Win,0.520633116
P029,16,Win,0.544015662
P029,17,Win,0.561824002
P029,18,Win,0.519354643
P029,19,Win,0.486558779
P029,20,Win,0.517977004
P029,21,Win,0.541990578
P029,22,Win,0.503984931
P029,23,Win,0.474781643
P029,24,Win,0.508937267
P029,25,Win,0.478572269
P029,26,Win,0.511849613
P029,27,Win,0.537316489
P029,28,Win,0.500377458
P029,29,Win,0.528554514
P029,30,Win,0.493628255
P029,1,Win,0.5
P029,2,Win,0.528265953
P029,3,Win,0.493406261
P029,4,Win,0.466695833
P029,5,Win,0.502715248
P029,6,Win,0.473810376
P029,7,Win,0.451749694
P029,8,Win,0.491175455
P029,9,Win,0.521514053
P029,10,Win,0.488216677
P029,11,Win,0.519247593
P029,12,Win,0.542959379
P029,13,Win,0.561020019
P029,14,Win,0.518729479
P029,15,Win,0.486078967
P029,16,Win,0.517609197
P029,17,Win,0.485219328
P029,18,Win,0.4604472
P029,19,Win,0.497897194
P029,20,Win,0.470126722
P029,21,Win,0.448943515
P029,22,Win,0.432817366
P029,23,Win,0.476473609
P029,24,Win,0.453779077
P029,25,Win,0.436497548
P029,26,Win,0.479339605
P029,27,Win,0.512438826
P029,28,Win,0.481254721
P029,29,Win,0.45742361
P029,30,Win,0.495562569
P029,1,Win,0.5
P029,2,Win,0.471734047
P029,3,Win,0.450167861
P029,4,Win,0.489950903
P029,5,Win,0.464057684
P029,6,Win,0.500682165
P029,7,Win,0.528787444
P029,8,Win,0.55022939
P029,9,Win,0.510356726
P029,10,Win,0.536177126
P029,11,Win,0.55585699
P029,12,Win,0.514719276
P029,13,Win,0.539505965
P029,14,Win,0.558391273
P029,15,Win,0.516686735
P029,16,Win,0.484511651
P029,17,Win,0.51640748
P029,18,Win,0.54079365
P029,19,Win,0.5593715
P029,20,Win,0.517448215
P029,21,Win,0.485095817
P029,22,Win,0.460352984
P029,23,Win,0.441501352
P029,24,Win,0.427153419
P029,25,Win,0.416230284
P029,26,Win,0.407907479
P029,27,Win,0.456956265
P029,28,Win,0.495201518
P029,29,Win,0.468067043
P029,30,Win,0.447374811
P029,1,Loss,0.5
P029,2,Loss,0.535790026
P029,3,Loss,0.621764662
P029,4,Loss,0.659675018
P029,5,Loss,0.611075523
P029,6,Loss,0.654929296
P029,7,Loss,0.608739586
P029,8,Loss,0.653894536
P029,9,Loss,0.608231629
P029,10,Loss,0.653669624
P029,11,Loss,0.608121285
P029,12,Loss,0.586176743
P029,13,Loss,0.5758264
P029,14,Loss,0.570979588
P029,15,Loss,0.568716186
P029,16,Loss,0.636249541
P029,17,Loss,0.59963985
P029,18,Loss,0.582162932
P029,19,Loss,0.642165142
P029,20,Loss,0.668792602
P029,21,Loss,0.680853766
P029,22,Loss,0.686394013
P029,23,Loss,0.688957926
P029,24,Loss,0.690148812
P029,25,Loss,0.626351652
P029,26,Loss,0.594872921
P029,27,Loss,0.579914754
P029,28,Loss,0.641175572
P029,29,Loss,0.602025742
P029,30,Loss,0.583290203
P029,1,Loss,0.5
P029,2,Loss,0.535790026
P029,3,Loss,0.552365855
P029,4,Loss,0.629060475
P029,5,Loss,0.596174082
P029,6,Loss,0.648340241
P029,7,Loss,0.671571469
P029,8,Loss,0.682125466
P029,9,Loss,0.622279293
P029,10,Loss,0.659903986
P029,11,Loss,0.611188492
P029,12,Loss,0.654979358
P029,13,Loss,0.674570681
P029,14,Loss,0.683501126
P029,15,Loss,0.622974786
P029,16,Loss,0.593254323
P029,17,Loss,0.579152573
P029,18,Loss,0.572535073
P029,19,Loss,0.637928929
P029,20,Loss,0.666891782
P029,21,Loss,0.679985446
P029,22,Loss,0.685993302
P029,23,Loss,0.624237611
P029,24,Loss,0.66077572
P029,25,Loss,0.677199775
P029,26,Loss,0.684709775
P029,27,Loss,0.688177154
P029,28,Loss,0.625347283
P029,29,Loss,0.594391112
P029,30,Loss,0.647553527
P029,1,Loss,0.5
P029,2,Loss,0.605925267
P029,3,Loss,0.585135703
P029,4,Loss,0.575338012
P029,5,Loss,0.63916181
P029,6,Loss,0.601049258
P029,7,Loss,0.582828671
P029,8,Loss,0.642458232
P029,9,Loss,0.668924275
P029,10,Loss,0.615659331
P029,11,Loss,0.589760371
P029,12,Loss,0.577509255
P029,13,Loss,0.571766342
P029,14,Loss,0.637590843
P029,15,Loss,0.600288579
P029,16,Loss,0.650156942
P029,17,Loss,0.606400832
P029,18,Loss,0.65285928
P029,19,Loss,0.673611578
P029,20,Loss,0.683060851
P029,21,Loss,0.687413896
P029,22,Loss,0.624959121
P029,23,Loss,0.594204996
P029,24,Loss,0.647471424
P029,25,Loss,0.60508912
P029,26,Loss,0.652278962
P029,27,Loss,0.607439512
P029,28,Loss,0.585853405
P029,29,Loss,0.575674688
P029,30,Loss,0.639309917
P030,1,Win,0.5
P030,2,Win,0.544285288
P030,3,Win,0.491014511
P030,4,Win,0.537165279
P030,5,Win,0.573562041
P030,6,Win,0.514696857
P030,7,Win,0.5558928
P030,8,Win,0.500366105
P030,9,Win,0.544574991
P030,10,Win,0.57937273
P030,11,Win,0.519437011
P030,12,Win,0.5596275
P030,13,Win,0.503385191
P030,14,Win,0.458394889
P030,15,Win,0.511138242
P030,16,Win,0.464543416
P030,17,Win,0.516068036
P030,18,Win,0.46846073
P030,19,Win,0.430854797
P030,20,Win,0.401400573
P030,21,Win,0.464772348
P030,22,Win,0.51625136
P030,23,Win,0.557118025
P030,24,Win,0.501355996
P030,25,Win,0.545358155
P030,26,Win,0.57998649
P030,27,Win,0.607069264
P030,28,Win,0.628216797
P030,29,Win,0.644743446
P030,30,Win,0.573899405
P030,1,Win,0.5
P030,2,Win,0.455714712
P030,3,Win,0.420854327
P030,4,Win,0.393587445
P030,5,Win,0.372296068
P030,6,Win,0.355657708
P030,7,Win,0.426442146
P030,8,Win,0.397952469
P030,9,Win,0.461922132
P030,10,Win,0.425721924
P030,11,Win,0.484719789
P030,12,Win,0.443647361
P030,13,Win,0.499262443
P030,14,Win,0.54370156
P030,15,Win,0.49054545
P030,16,Win,0.448242486
P030,17,Win,0.502970896
P030,18,Win,0.458066736
P030,19,Win,0.422698115
P030,20,Win,0.48225394
P030,21,Win,0.441704306
P030,22,Win,0.497692015
P030,23,Win,0.453888872
P030,24,Win,0.419423479
P030,25,Win,0.392469914
P030,26,Win,0.45737806
P030,27,Win,0.51032179
P030,28,Win,0.552441992
P030,29,Win,0.58553493
P030,30,Win,0.611402255
P030,1,Win,0.5
P030,2,Win,0.544285288
P030,3,Win,0.491014511
P030,4,Win,0.537165279
P030,5,Win,0.485300764
P030,6,Win,0.444105325
P030,7,Win,0.499632381
P030,8,Win,0.543994356
P030,9,Win,0.578917644
P030,10,Win,0.606234451
P030,11,Win,0.627564842
P030,12,Win,0.644233502
P030,13,Win,0.573465245
P030,14,Win,0.601975176
P030,15,Win,0.62423881
P030,16,Win,0.556567678
P030,17,Win,0.500911289
P030,18,Win,0.456435956
P030,19,Win,0.509565035
P030,20,Win,0.463294609
P030,21,Win,0.515067732
P030,22,Win,0.467665362
P030,23,Win,0.51856663
P030,24,Win,0.558942045
P030,25,Win,0.590621689
P030,26,Win,0.528655103
P030,27,Win,0.478492305
P030,28,Win,0.527209391
P030,29,Win,0.565742735
P030,30,Win,0.508339996
P030,1,Loss,0.5
P030,2,Loss,0.53495652
P030,3,Loss,0.561066013
P030,4,Loss,0.580508802
P030,5,Loss,0.594985797
P030,6,Loss,0.605777731
P030,7,Loss,0.591481268
P030,8,Loss,0.603163758
P030,9,Loss,0.589490991
P030,10,Loss,0.579104692
P030,11,Loss,0.571238752
P030,12,Loss,0.588081992
P030,13,Loss,0.600629294
P030,14,Loss,0.609989632
P030,15,Loss,0.594691614
P030,16,Loss,0.605558261
P030,17,Loss,0.613671133
P030,18,Loss,0.597501283
P030,19,Loss,0.607654705
P030,20,Loss,0.615237892
P030,21,Loss,0.598698068
P030,22,Loss,0.586094388
P030,23,Loss,0.599147771
P030,24,Loss,0.586436234
P030,25,Loss,0.599402556
P030,26,Loss,0.586629931
P030,27,Loss,0.576936018
P030,28,Loss,0.569598591
P030,29,Loss,0.586860823
P030,30,Loss,0.577110978
P030,1,Loss,0.5
P030,2,Loss,0.53495652
P030,3,Loss,0.561066013
P030,4,Loss,0.557616108
P030,5,Loss,0.555015281
P030,6,Loss,0.576004594
P030,7,Loss,0.568894379
P030,8,Loss,0.586336529
P030,9,Loss,0.599328243
P030,10,Loss,0.586573434
P030,11,Loss,0.576893208
P030,12,Loss,0.592292665
P030,13,Loss,0.581229839
P030,14,Loss,0.572846715
P030,15,Loss,0.566507787
P030,16,Loss,0.561721238
P030,17,Loss,0.580996551
P030,18,Loss,0.572670166
P030,19,Loss,0.566374401
P030,20,Loss,0.561620573
P030,21,Loss,0.580921616
P030,22,Loss,0.572613457
P030,23,Loss,0.589105579
P030,24,Loss,0.601392373
P030,25,Loss,0.610559399
P030,26,Loss,0.595126228
P030,27,Loss,0.583380737
P030,28,Loss,0.59712551
P030,29,Loss,0.607374276
P030,30,Loss,0.615028283
P030,1,Loss,0.5
P030,2,Loss,0.511669094
P030,3,Loss,0.520446054
P030,4,Loss,0.527045445
P030,5,Loss,0.532007454
P030,6,Loss,0.558867992
P030,7,Loss,0.578872598
P030,8,Loss,0.593766964
P030,9,Loss,0.582348748
P030,10,Loss,0.573693619
P030,11,Loss,0.589909898
P030,12,Loss,0.579422349
P030,13,Loss,0.571479057
P030,14,Loss,0.565474609
P030,15,Loss,0.560941568
P030,16,Loss,0.55752227
P030,17,Loss,0.577870839
P030,18,Loss,0.593020805
P030,19,Loss,0.604311939
P030,20,Loss,0.59036502
P030,21,Loss,0.579767506
P030,22,Loss,0.594433577
P030,23,Loss,0.605365764
P030,24,Loss,0.6135273
P030,25,Loss,0.619629877
P030,26,Loss,0.62419928
P030,27,Loss,0.62762471
P030,28,Loss,0.608183683
P030,29,Loss,0.593314579
P030,30,Loss,0.582005368
P031,1,Win,0.5
P031,2,Win,0.117927515
P031,3,Win,0.596700774
P031,4,Win,0.154892742
P031,5,Win,0.032970548
P031,6,Win,0.008722679
P031,7,Win,0.141920761
P031,8,Win,0.637167217
P031,9,Win,0.921699947
P031,10,Win,0.981975904
P031,11,Win,0.994684277
P031,12,Win,0.998025452
P031,13,Win,0.952631162
P031,14,Win,0.988216246
P031,15,Win,0.996238274
P031,16,Win,0.922782018
P031,17,Win,0.982189724
P031,18,Win,0.771558813
P031,19,Win,0.952228957
P031,20,Win,0.988132704
P031,21,Win,0.996216637
P031,22,Win,0.922450995
P031,23,Win,0.98212429
P031,24,Win,0.994720001
P031,25,Win,0.900830832
P031,26,Win,0.97788495
P031,27,Win,0.993717389
P031,28,Win,0.997739878
P031,29,Win,0.999009846
P031,30,Win,0.972291486
P031,1,Win,0.5
P031,2,Win,0.117927515
P031,3,Win,0.025764106
P031,4,Win,0.286333882
P031,5,Win,0.060218519
P031,6,Win,0.014415169
P031,7,Win,0.004431209
P031,8,Win,0.087200012
P031,9,Win,0.53022871
P031,10,Win,0.891842211
P031,11,Win,0.97613493
P031,12,Win,0.993313087
P031,13,Win,0.882374712
P031,14,Win,0.974294624
P031,15,Win,0.99289306
P031,16,Win,0.877149861
P031,17,Win,0.973279252
P031,18,Win,0.707465269
P031,19,Win,0.938392566
P031,20,Win,0.985304359
P031,21,Win,0.995498775
P031,22,Win,0.911785264
P031,23,Win,0.980025708
P031,24,Win,0.994219223
P031,25,Win,0.89408018
P031,26,Win,0.976570283
P031,27,Win,0.9934132
P031,28,Win,0.997651788
P031,29,Win,0.998978842
P031,30,Win,0.971613973
P031,1,Win,0.5
P031,2,Win,0.117927515
P031,3,Win,0.025764106
P031,4,Win,0.007120263
P031,5,Win,0.002500897
P031,6,Win,0.056757623
P031,7,Win,0.013713296
P031,8,Win,0.192942195
P031,9,Win,0.04051906
P031,10,Win,0.369042674
P031,11,Win,0.079869769
P031,12,Win,0.018333895
P031,13,Win,0.005390147
P031,14,Win,0.100672555
P031,15,Win,0.022408059
P031,16,Win,0.263390969
P031,17,Win,0.765666117
P031,18,Win,0.257556731
P031,19,Win,0.76126133
P031,20,Win,0.253818417
P031,21,Win,0.758374434
P031,22,Win,0.949469139
P031,23,Win,0.586630817
P031,24,Win,0.908388043
P031,25,Win,0.979360546
P031,26,Win,0.994062382
P031,27,Win,0.997840757
P031,28,Win,0.949266534
P031,29,Win,0.987519988
P031,30,Win,0.818750123
P031,1,Loss,0.5
P031,2,Loss,0.701855778
P031,3,Loss,0.737496826
P031,4,Loss,0.766280627
P031,5,Loss,0.789560602
P031,6,Loss,0.881926577
P031,7,Loss,0.885062851
P031,8,Loss,0.933307889
P031,9,Loss,0.930184473
P031,10,Loss,0.957604752
P031,11,Loss,0.972836768
P031,12,Loss,0.968018771
P031,13,Loss,0.96314391
P031,14,Loss,0.976005744
P031,15,Loss,0.971286834
P031,16,Loss,0.966438993
P031,17,Loss,0.961567169
P031,18,Loss,0.975099283
P031,19,Loss,0.970346513
P031,20,Loss,0.965486069
P031,21,Loss,0.977359389
P031,22,Loss,0.972699868
P031,23,Loss,0.967878767
P031,24,Loss,0.978751851
P031,25,Loss,0.985235032
P031,26,Loss,0.981173558
P031,27,Loss,0.976744443
P031,28,Loss,0.984015151
P031,29,Loss,0.979828064
P031,30,Loss,0.985894308
P031,1,Loss,0.5
P031,2,Loss,0.701855778
P031,3,Loss,0.832544033
P031,4,Loss,0.843675949
P031,5,Loss,0.852896868
P031,6,Loss,0.916127192
P031,7,Loss,0.914756425
P031,8,Loss,0.94923496
P031,9,Loss,0.944934283
P031,10,Loss,0.965722237
P031,11,Loss,0.977496383
P031,12,Loss,0.984470665
P031,13,Loss,0.988788068
P031,14,Loss,0.99157239
P031,15,Loss,0.993435617
P031,16,Loss,0.990701528
P031,17,Loss,0.987409046
P031,18,Loss,0.990671101
P031,19,Loss,0.987373196
P031,20,Loss,0.990647833
P031,21,Loss,0.987345791
P031,22,Loss,0.983537432
P031,23,Loss,0.988199155
P031,24,Loss,0.984507548
P031,25,Loss,0.980369471
P031,26,Loss,0.975883418
P031,27,Loss,0.971159669
P031,28,Loss,0.980678898
P031,29,Loss,0.976214192
P031,30,Loss,0.983694917
P031,1,Loss,0.5
P031,2,Loss,0.570865572
P031,3,Loss,0.751262243
P031,4,Loss,0.860731466
P031,5,Loss,0.867135239
P031,6,Loss,0.87252162
P031,7,Loss,0.926610588
P031,8,Loss,0.924119094
P031,9,Loss,0.921880194
P031,10,Loss,0.91987584
P031,11,Loss,0.918087299
P031,12,Loss,0.916495834
P031,13,Loss,0.950174085
P031,14,Loss,0.945820853
P031,15,Loss,0.941728551
P031,16,Loss,0.963945405
P031,17,Loss,0.959097932
P031,18,Loss,0.973686896
P031,19,Loss,0.968890289
P031,20,Loss,0.96401811
P031,21,Loss,0.959169603
P031,22,Loss,0.954429464
P031,23,Loss,0.94986572
P031,24,Loss,0.945529511
P031,25,Loss,0.966053051
P031,26,Loss,0.961183465
P031,27,Loss,0.95638887
P031,28,Loss,0.95174437
P031,29,Loss,0.947308077
P031,30,Loss,0.967043318
P032,1,Win,0.5
P032,2,Win,0.178928795
P032,3,Win,0.047856017
P032,4,Win,0.012094881
P032,5,Win,0.062078522
P032,6,Win,0.251513787
P032,7,Win,0.070858537
P032,8,Win,0.278053097
P032,9,Win,0.646800532
P032,10,Win,0.280669877
P032,11,Win,0.649654149
P032,12,Win,0.892654883
P032,13,Win,0.626134805
P032,14,Win,0.882890719
P032,15,Win,0.969778314
P032,16,Win,0.86005579
P032,17,Win,0.963447727
P032,18,Win,0.835668309
P032,19,Win,0.956454132
P032,20,Win,0.988991532
P032,21,Win,0.99714032
P032,22,Win,0.983898475
P032,23,Win,0.995860855
P032,24,Win,0.998890354
P032,25,Win,0.993475994
P032,26,Win,0.998277468
P032,27,Win,0.999523703
P032,28,Win,0.999861962
P032,29,Win,0.999958116
P032,30,Win,0.999720338
P032,1,Win,0.5
P032,2,Win,0.178928795
P032,3,Win,0.514177299
P032,4,Win,0.828954328
P032,5,Win,0.498963734
P032,6,Win,0.820484159
P032,7,Win,0.484862983
P032,8,Win,0.812343515
P032,9,Win,0.949519966
P032,10,Win,0.987241963
P032,11,Win,0.996699817
P032,12,Win,0.999108304
P032,13,Win,0.994709095
P032,14,Win,0.99859334
P032,15,Win,0.999608186
P032,16,Win,0.997597082
P032,17,Win,0.999343441
P032,18,Win,0.996055196
P032,19,Win,0.998940704
P032,20,Win,0.999701882
P032,21,Win,0.999912091
P032,22,Win,0.999429145
P032,23,Win,0.999835659
P032,24,Win,0.999950457
P032,25,Win,0.999671273
P032,26,Win,0.999903415
P032,27,Win,0.999970303
P032,28,Win,0.999990459
P032,29,Win,0.999996803
P032,30,Win,0.9999765
P032,1,Win,0.5
P032,2,Win,0.178928795
P032,3,Win,0.047856017
P032,4,Win,0.204962777
P032,5,Win,0.55441583
P032,6,Win,0.211947036
P032,7,Win,0.057978311
P032,8,Win,0.238568858
P032,9,Win,0.600197256
P032,10,Win,0.871555531
P032,11,Win,0.96666092
P032,12,Win,0.991552335
P032,13,Win,0.955397807
P032,14,Win,0.988725589
P032,15,Win,0.997073276
P032,16,Win,0.983540127
P032,17,Win,0.995771101
P032,18,Win,0.9766748
P032,19,Win,0.994054761
P032,20,Win,0.99842549
P032,21,Win,0.999563219
P032,22,Win,0.99733271
P032,23,Win,0.999273897
P032,24,Win,0.999792806
P032,25,Win,0.998697617
P032,26,Win,0.999636216
P032,27,Win,0.999893515
P032,28,Win,0.999967377
P032,29,Win,0.999989556
P032,30,Win,0.999926552
P032,1,Loss,0.5
P032,2,Loss,0.832497799
P032,3,Loss,0.887187677
P032,4,Loss,0.92411355
P032,5,Loss,0.981750639
P032,6,Loss,0.995507264
P032,7,Loss,0.996600397
P032,8,Loss,0.999103714
P032,9,Loss,0.999268807
P032,10,Loss,0.999793128
P032,11,Loss,0.999819176
P032,12,Loss,0.99984094
P032,13,Loss,0.999951662
P032,14,Loss,0.999954752
P032,15,Loss,0.999957512
P032,16,Loss,0.999959986
P032,17,Loss,0.999962209
P032,18,Loss,0.999987711
P032,19,Loss,0.99998773
P032,20,Loss,0.999995793
P032,21,Loss,0.999995581
P032,22,Loss,0.99999537
P032,23,Loss,0.999998338
P032,24,Loss,0.999998176
P032,25,Loss,0.999998008
P032,26,Loss,0.999997833
P032,27,Loss,0.999997651
P032,28,Loss,0.999999129
P032,29,Loss,0.999999015
P032,30,Loss,0.99999962
P032,1,Loss,0.5
P032,2,Loss,0.630526934
P032,3,Loss,0.7395753
P032,4,Loss,0.93073253
P032,5,Loss,0.953024423
P032,6,Loss,0.988699726
P032,7,Loss,0.991799009
P032,8,Loss,0.99791867
P032,9,Loss,0.998367782
P032,10,Loss,0.999555082
P032,11,Loss,0.99962488
P032,12,Loss,0.999681177
P032,13,Loss,0.999906224
P032,14,Loss,0.999970784
P032,15,Loss,0.999971995
P032,16,Loss,0.999973102
P032,17,Loss,0.999974116
P032,18,Loss,0.999991432
P032,19,Loss,0.999991298
P032,20,Loss,0.999996968
P032,21,Loss,0.999996766
P032,22,Loss,0.999996561
P032,23,Loss,0.999998748
P032,24,Loss,0.999998608
P032,25,Loss,0.99999846
P032,26,Loss,0.999998304
P032,27,Loss,0.999998141
P032,28,Loss,0.999999303
P032,29,Loss,0.999999203
P032,30,Loss,0.999999689
P032,1,Loss,0.5
P032,2,Loss,0.832497799
P032,3,Loss,0.887187677
P032,4,Loss,0.92411355
P032,5,Loss,0.948643971
P032,6,Loss,0.987656701
P032,7,Loss,0.996918004
P032,8,Loss,0.999183866
P032,9,Loss,0.999331258
P032,10,Loss,0.999810007
P032,11,Loss,0.999833263
P032,12,Loss,0.999852769
P032,13,Loss,0.999955094
P032,14,Loss,0.999957818
P032,15,Loss,0.999960261
P032,16,Loss,0.999962456
P032,17,Loss,0.999964435
P032,18,Loss,0.999988402
P032,19,Loss,0.999988388
P032,20,Loss,0.999996008
P032,21,Loss,0.999995797
P032,22,Loss,0.999995586
P032,23,Loss,0.999998412
P032,24,Loss,0.999998254
P032,25,Loss,0.999998088
P032,26,Loss,0.999997916
P032,27,Loss,0.999997738
P032,28,Loss,0.99999916
P032,29,Loss,0.999999048
P032,30,Loss,0.999999632
P033,1,Win,0.5
P033,2,Win,0.119395793
P033,3,Win,0.030567481
P033,4,Win,0.37163847
P033,5,Win,0.834074763
P033,6,Win,0.959956338
P033,7,Win,0.579544975
P033,8,Win,0.903123073
P033,9,Win,0.974112664
P033,10,Win,0.990494631
P033,11,Win,0.995458209
P033,12,Win,0.997355546
P033,13,Win,0.911534449
P033,14,Win,0.426661342
P033,15,Win,0.856001216
P033,16,Win,0.3324759
P033,17,Win,0.815983071
P033,18,Win,0.286802496
P033,19,Win,0.791366653
P033,20,Win,0.951263111
P033,21,Win,0.98474054
P033,22,Win,0.739577078
P033,23,Win,0.940480749
P033,24,Win,0.982241306
P033,25,Win,0.71731811
P033,26,Win,0.935710807
P033,27,Win,0.981164099
P033,28,Win,0.992488177
P033,29,Win,0.996178068
P033,30,Win,0.887235634
P033,1,Win,0.5
P033,2,Win,0.119395793
P033,3,Win,0.631708767
P033,4,Win,0.16738106
P033,5,Win,0.040338846
P033,6,Win,0.013233936
P033,7,Win,0.240629568
P033,8,Win,0.05535333
P033,9,Win,0.016804566
P033,10,Win,0.006905229
P033,11,Win,0.003593319
P033,12,Win,0.002228199
P033,13,Win,0.001571467
P033,14,Win,0.00121773
P033,15,Win,0.052171459
P033,16,Win,0.016066414
P033,17,Win,0.267850348
P033,18,Win,0.061100101
P033,19,Win,0.500932549
P033,20,Win,0.880890202
P033,21,Win,0.969491366
P033,22,Win,0.6287003
P033,23,Win,0.915490964
P033,24,Win,0.976738153
P033,25,Win,0.674815576
P033,26,Win,0.926292143
P033,27,Win,0.979077577
P033,28,Win,0.991881789
P033,29,Win,0.995954331
P033,30,Win,0.88299651
P033,1,Win,0.5
P033,2,Win,0.880604207
P033,3,Win,0.368291233
P033,4,Win,0.83261894
P033,5,Win,0.959661154
P033,6,Win,0.986766064
P033,7,Win,0.759370432
P033,8,Win,0.94464667
P033,9,Win,0.983195434
P033,10,Win,0.993094771
P033,11,Win,0.996406681
P033,12,Win,0.997771801
P033,13,Win,0.9211332
P033,14,Win,0.977953947
P033,15,Win,0.991561441
P033,16,Win,0.814759631
P033,17,Win,0.956036298
P033,18,Win,0.562113369
P033,19,Win,0.898482023
P033,20,Win,0.973139047
P033,21,Win,0.990230449
P033,22,Win,0.797920369
P033,23,Win,0.952604529
P033,24,Win,0.985058824
P033,25,Win,0.742574803
P033,26,Win,0.941115927
P033,27,Win,0.982385938
P033,28,Win,0.992850962
P033,29,Win,0.996314184
P033,30,Win,0.889866859
P033,1,Loss,0.5
P033,2,Loss,0.670589195
P033,3,Loss,0.802348419
P033,4,Loss,0.831634831
P033,5,Loss,0.856654258
P033,6,Loss,0.920316411
P033,7,Loss,0.956327369
P033,8,Loss,0.97604908
P033,9,Loss,0.978890078
P033,10,Loss,0.988295309
P033,11,Loss,0.993425006
P033,12,Loss,0.996252314
P033,13,Loss,0.997831209
P033,14,Loss,0.99872562
P033,15,Loss,0.998779461
P033,16,Loss,0.998829563
P033,17,Loss,0.998876242
P033,18,Loss,0.999327216
P033,19,Loss,0.999343576
P033,20,Loss,0.999600887
P033,21,Loss,0.999604637
P033,22,Loss,0.999608245
P033,23,Loss,0.999758232
P033,24,Loss,0.999756988
P033,25,Loss,0.999755775
P033,26,Loss,0.999754591
P033,27,Loss,0.999753436
P033,28,Loss,0.999845781
P033,29,Loss,0.999842948
P033,30,Loss,0.999900475
P033,1,Loss,0.5
P033,2,Loss,0.558961979
P033,3,Loss,0.614676385
P033,4,Loss,0.76211082
P033,5,Loss,0.796958239
P033,6,Loss,0.827010968
P033,7,Loss,0.852715037
P033,8,Loss,0.918028533
P033,9,Loss,0.929731786
P033,10,Loss,0.961519011
P033,11,Loss,0.966487188
P033,12,Loss,0.970715127
P033,13,Loss,0.983857684
P033,14,Loss,0.990999251
P033,15,Loss,0.991851039
P033,16,Loss,0.99260144
P033,17,Loss,0.993264299
P033,18,Loss,0.996163147
P033,19,Loss,0.996440596
P033,20,Loss,0.997937239
P033,21,Loss,0.998786207
P033,22,Loss,0.998835844
P033,23,Loss,0.999303735
P033,24,Loss,0.999321343
P033,25,Loss,0.999338013
P033,26,Loss,0.999353807
P033,27,Loss,0.999368781
P033,28,Loss,0.999615778
P033,29,Loss,0.999618968
P033,30,Loss,0.99976466
P033,1,Loss,0.5
P033,2,Loss,0.670589195
P033,3,Loss,0.716493968
P033,4,Loss,0.757153078
P033,5,Loss,0.792658792
P033,6,Loss,0.882144167
P033,7,Loss,0.899467985
P033,8,Loss,0.944719853
P033,9,Loss,0.952252708
P033,10,Loss,0.973833308
P033,11,Loss,0.976990306
P033,12,Loss,0.979698252
P033,13,Loss,0.988734652
P033,14,Loss,0.989864879
P033,15,Loss,0.990854649
P033,16,Loss,0.991723846
P033,17,Loss,0.992489256
P033,18,Loss,0.99573379
P033,19,Loss,0.996054351
P033,20,Loss,0.997719877
P033,21,Loss,0.997852726
P033,22,Loss,0.997974318
P033,23,Loss,0.998807414
P033,24,Loss,0.998855599
P033,25,Loss,0.998900522
P033,26,Loss,0.998942452
P033,27,Loss,0.998981635
P033,28,Loss,0.999388591
P033,29,Loss,0.999401799
P033,30,Loss,0.999635311
P034,1,Win,0.5
P034,2,Win,0.322659089
P034,3,Win,0.188691869
P034,4,Win,0.338827559
P034,5,Win,0.523795368
P034,6,Win,0.343104954
P034,7,Win,0.202700654
P034,8,Win,0.358369715
P034,9,Win,0.544499833
P034,10,Win,0.713843272
P034,11,Win,0.83553144
P034,12,Win,0.909944462
P034,13,Win,0.816764191
P034,14,Win,0.899033116
P034,15,Win,0.797758748
P034,16,Win,0.642262501
P034,17,Win,0.787068446
P034,18,Win,0.627698392
P034,19,Win,0.77670884
P034,20,Win,0.875094475
P034,21,Win,0.932371993
P034,22,Win,0.857540494
P034,23,Win,0.92251258
P034,24,Win,0.958366101
P034,25,Win,0.908095114
P034,26,Win,0.950551649
P034,27,Win,0.973390939
P034,28,Win,0.985536947
P034,29,Win,0.992021459
P034,30,Win,0.98056899
P034,1,Win,0.5
P034,2,Win,0.322659089
P034,3,Win,0.188691869
P034,4,Win,0.338827559
P034,5,Win,0.199742685
P034,6,Win,0.110721127
P034,7,Win,0.218805946
P034,8,Win,0.122178671
P034,9,Win,0.066108817
P034,10,Win,0.139607921
P034,11,Win,0.265692815
P034,12,Win,0.439977755
P034,13,Win,0.624416518
P034,14,Win,0.437793737
P034,15,Win,0.622403581
P034,16,Win,0.435754529
P034,17,Win,0.620518279
P034,18,Win,0.433850457
P034,19,Win,0.269157964
P034,20,Win,0.153513114
P034,21,Win,0.083769755
P034,22,Win,0.172047659
P034,23,Win,0.094439809
P034,24,Win,0.190934505
P034,25,Win,0.105497424
P034,26,Win,0.20998362
P034,27,Win,0.368315969
P034,28,Win,0.220438288
P034,29,Win,0.38234805
P034,30,Win,0.230543084
P034,1,Win,0.5
P034,2,Win,0.677340911
P034,3,Win,0.811308131
P034,4,Win,0.895825678
P034,5,Win,0.94384317
P034,6,Win,0.969812986
P034,7,Win,0.931687291
P034,8,Win,0.963304592
P034,9,Win,0.980175078
P034,10,Win,0.989151744
P034,11,Win,0.993967675
P034,12,Win,0.996586686
P034,13,Win,0.991393382
P034,14,Win,0.995181908
P034,15,Win,0.997254723
P034,16,Win,0.993020662
P034,17,Win,0.996068329
P034,18,Win,0.990140299
P034,19,Win,0.994502306
P034,20,Win,0.996880302
P034,21,Win,0.99819787
P034,22,Win,0.995347317
P034,23,Win,0.997346077
P034,24,Win,0.99845897
P034,25,Win,0.995999078
P034,26,Win,0.997707002
P034,27,Win,0.998662262
P034,28,Win,0.999205775
P034,29,Win,0.999520329
P034,30,Win,0.998703255
P034,1,Loss,0.5
P034,2,Loss,0.643340105
P034,3,Loss,0.622337283
P034,4,Loss,0.699795578
P034,5,Loss,0.652746539
P034,6,Loss,0.627300896
P034,7,Loss,0.702074377
P034,8,Loss,0.736911174
P034,9,Loss,0.673799536
P034,10,Loss,0.638546643
P034,11,Loss,0.619820636
P034,12,Loss,0.698640933
P034,13,Loss,0.735279449
P034,14,Loss,0.752942668
P034,15,Loss,0.683249992
P034,16,Loss,0.643664759
P034,17,Loss,0.709605291
P034,18,Loss,0.740505565
P034,19,Loss,0.755514281
P034,20,Loss,0.684789417
P034,21,Loss,0.72873685
P034,22,Loss,0.749743626
P034,23,Loss,0.760098109
P034,24,Loss,0.765298875
P034,25,Loss,0.767938401
P034,26,Loss,0.692326895
P034,27,Loss,0.648626828
P034,28,Loss,0.625122755
P034,29,Loss,0.612814281
P034,30,Loss,0.695428564
P034,1,Loss,0.5
P034,2,Loss,0.643340105
P034,3,Loss,0.622337283
P034,4,Loss,0.611367488
P034,5,Loss,0.605690666
P034,6,Loss,0.602764957
P034,7,Loss,0.690824887
P034,8,Loss,0.731580073
P034,9,Loss,0.751131141
P034,10,Loss,0.682169631
P034,11,Loss,0.643077254
P034,12,Loss,0.709334325
P034,13,Loss,0.740375855
P034,14,Loss,0.755450272
P034,15,Loss,0.762955735
P034,16,Loss,0.766746831
P034,17,Loss,0.691596501
P034,18,Loss,0.648225773
P034,19,Loss,0.624911072
P034,20,Loss,0.700976946
P034,21,Loss,0.653401389
P034,22,Loss,0.627647753
P034,23,Loss,0.614127777
P034,24,Loss,0.607116108
P034,25,Loss,0.692817781
P034,26,Loss,0.64889655
P034,27,Loss,0.625265155
P034,28,Loss,0.612888305
P034,29,Loss,0.606475793
P034,30,Loss,0.603169141
P034,1,Loss,0.5
P034,2,Loss,0.548999799
P034,3,Loss,0.666153985
P034,4,Loss,0.634439133
P034,5,Loss,0.617670538
P034,6,Loss,0.697654813
P034,7,Loss,0.65156215
P034,8,Loss,0.626673999
P034,9,Loss,0.613621004
P034,10,Loss,0.695798301
P034,11,Loss,0.650537358
P034,12,Loss,0.626132032
P034,13,Loss,0.701537559
P034,14,Loss,0.736655775
P034,15,Loss,0.673650912
P034,16,Loss,0.638466522
P034,17,Loss,0.61977864
P034,18,Loss,0.69862167
P034,19,Loss,0.652096709
P034,20,Loss,0.62695687
P034,21,Loss,0.613768189
P034,22,Loss,0.695865763
P034,23,Loss,0.733963597
P034,24,Loss,0.752297497
P034,25,Loss,0.761374411
P034,26,Loss,0.688323458
P034,27,Loss,0.730400332
P034,28,Loss,0.750554924
P034,29,Loss,0.681826679
P034,30,Loss,0.727345113
P035,1,Win,0.5
P035,2,Win,0.865951541
P035,3,Win,0.468491439
P035,4,Win,0.851695702
P035,5,Win,0.970555134
P035,6,Win,0.801114749
P035,7,Win,0.959482292
P035,8,Win,0.747430004
P035,9,Win,0.946707148
P035,10,Win,0.693584479
P035,11,Win,0.932597825
P035,12,Win,0.986812352
P035,13,Win,0.896383107
P035,14,Win,0.979714173
P035,15,Win,0.995850797
P035,16,Win,0.999066434
P035,17,Win,0.999768182
P035,18,Win,0.997368459
P035,19,Win,0.999390053
P035,20,Win,0.993537276
P035,21,Win,0.998586452
P035,22,Win,0.999658593
P035,23,Win,0.996228535
P035,24,Win,0.999146161
P035,25,Win,0.999786707
P035,26,Win,0.999941503
P035,27,Win,0.999982491
P035,28,Win,0.999762774
P035,29,Win,0.999935404
P035,30,Win,0.999199182
P035,1,Win,0.5
P035,2,Win,0.134048459
P035,3,Win,0.026466468
P035,4,Win,0.005341913
P035,5,Win,0.04708296
P035,6,Win,0.009287157
P035,7,Win,0.076684326
P035,8,Win,0.014985391
P035,9,Win,0.11539124
P035,10,Win,0.022650488
P035,11,Win,0.161870974
P035,12,Win,0.582365019
P035,13,Win,0.174274694
P035,14,Win,0.602341183
P035,15,Win,0.904889096
P035,16,Win,0.98140343
P035,17,Win,0.996178758
P035,18,Win,0.965155283
P035,19,Win,0.99305206
P035,20,Win,0.940533267
P035,21,Win,0.98834027
P035,22,Win,0.997540108
P035,23,Win,0.976645265
P035,24,Win,0.995257365
P035,25,Win,0.998942062
P035,26,Win,0.999739489
P035,27,Win,0.999929511
P035,28,Win,0.999131316
P035,29,Win,0.999783249
P035,30,Win,0.997527929
P035,1,Win,0.5
P035,2,Win,0.865951541
P035,3,Win,0.973533532
P035,4,Win,0.994658087
P035,5,Win,0.998817418
P035,6,Win,0.988078154
P035,7,Win,0.997488098
P035,8,Win,0.976195022
P035,9,Win,0.99517052
P035,10,Win,0.956980113
P035,11,Win,0.99148946
P035,12,Win,0.998170131
P035,13,Win,0.982185562
P035,14,Win,0.996330981
P035,15,Win,0.999167868
P035,16,Win,0.99979177
P035,17,Win,0.999942799
P035,18,Win,0.999284941
P035,19,Win,0.999819236
P035,20,Win,0.997912154
P035,21,Win,0.999508628
P035,22,Win,0.999872611
P035,23,Win,0.998492587
P035,24,Win,0.999637478
P035,25,Win,0.99990407
P035,26,Win,0.999972232
P035,27,Win,0.999991259
P035,28,Win,0.999875859
P035,29,Win,0.999964686
P035,30,Win,0.999543799
P035,1,Loss,0.5
P035,2,Loss,0.563536764
P035,3,Loss,0.733694657
P035,4,Loss,0.85140598
P035,5,Loss,0.920785316
P035,6,Loss,0.932479536
P035,7,Loss,0.964530922
P035,8,Loss,0.969126993
P035,9,Loss,0.973016603
P035,10,Loss,0.976319629
P035,11,Loss,0.979134365
P035,12,Loss,0.98154149
P035,13,Loss,0.983607332
P035,14,Loss,0.991182388
P035,15,Loss,0.991978373
P035,16,Loss,0.99559585
P035,17,Loss,0.995899418
P035,18,Loss,0.997700738
P035,19,Loss,0.998686224
P035,20,Loss,0.998725769
P035,21,Loss,0.998762844
P035,22,Loss,0.999278402
P035,23,Loss,0.999285766
P035,24,Loss,0.99929281
P035,25,Loss,0.999579708
P035,26,Loss,0.999576303
P035,27,Loss,0.999572987
P035,28,Loss,0.999569759
P035,29,Loss,0.999566617
P035,30,Loss,0.999738151
P035,1,Loss,0.5
P035,2,Loss,0.563536764
P035,3,Loss,0.623021421
P035,4,Loss,0.677189595
P035,5,Loss,0.725377143
P035,6,Loss,0.846179374
P035,7,Loss,0.870192553
P035,8,Loss,0.890287033
P035,9,Loss,0.907056551
P035,10,Loss,0.92103502
P035,11,Loss,0.932687774
P035,12,Loss,0.942411742
P035,13,Loss,0.969732137
P035,14,Loss,0.973529751
P035,15,Loss,0.976756281
P035,16,Loss,0.98760555
P035,17,Loss,0.993281652
P035,18,Loss,0.996291269
P035,19,Loss,0.996526877
P035,20,Loss,0.996740318
P035,21,Loss,0.996934094
P035,22,Loss,0.998264625
P035,23,Loss,0.998332645
P035,24,Loss,0.998395831
P035,25,Loss,0.999072402
P035,26,Loss,0.999089651
P035,27,Loss,0.99910601
P035,28,Loss,0.999121535
P035,29,Loss,0.999136279
P035,30,Loss,0.999490117
P035,1,Loss,0.5
P035,2,Loss,0.563536764
P035,3,Loss,0.623021421
P035,4,Loss,0.777636017
P035,5,Loss,0.812299455
P035,6,Loss,0.841692382
P035,7,Loss,0.915351807
P035,8,Loss,0.955496489
P035,9,Loss,0.961513783
P035,10,Loss,0.966580206
P035,11,Loss,0.970859671
P035,12,Loss,0.974486571
P035,13,Loss,0.986423913
P035,14,Loss,0.987823365
P035,15,Loss,0.989039721
P035,16,Loss,0.994038034
P035,17,Loss,0.994505076
P035,18,Loss,0.99694751
P035,19,Loss,0.998271971
P035,20,Loss,0.998339466
P035,21,Loss,0.998402171
P035,22,Loss,0.999075946
P035,23,Loss,0.999093011
P035,24,Loss,0.999109199
P035,25,Loss,0.999474675
P035,26,Loss,0.99947441
P035,27,Loss,0.999474153
P035,28,Loss,0.999473905
P035,29,Loss,0.999473665
P035,30,Loss,0.999684067
P036,1,Win,0.5
P036,2,Win,0.920475783
P036,3,Win,0.989625058
P036,4,Win,0.998298328
P036,5,Win,0.954404852
P036,6,Win,0.542532083
P036,7,Win,0.930585005
P036,8,Win,0.446895793
P036,9,Win,0.905952612
P036,10,Win,0.378036658
P036,11,Win,0.053269683
P036,12,Win,0.492599934
P036,13,Win,0.077677824
P036,14,Win,0.578779932
P036,15,Win,0.938342044
P036,16,Win,0.991785841
P036,17,Win,0.998610547
P036,18,Win,0.961437043
P036,19,Win,0.994615287
P036,20,Win,0.885538856
P036,21,Win,0.985384571
P036,22,Win,0.997707
P036,23,Win,0.941799741
P036,24,Win,0.992205576
P036,25,Win,0.99867232
P036,26,Win,0.999712217
P036,27,Win,0.999922935
P036,28,Win,0.99669191
P036,29,Win,0.999367388
P036,30,Win,0.980051347
P036,1,Win,0.5
P036,2,Win,0.920475783
P036,3,Win,0.41587614
P036,4,Win,0.896249847
P036,5,Win,0.986691163
P036,6,Win,0.997886717
P036,7,Win,0.945543294
P036,8,Win,0.992661089
P036,9,Win,0.998739837
P036,10,Win,0.999724879
P036,11,Win,0.999925865
P036,12,Win,0.99997604
P036,13,Win,0.998788065
P036,14,Win,0.999733981
P036,15,Win,0.999927982
P036,16,Win,0.996878826
P036,17,Win,0.999398375
P036,18,Win,0.980880204
P036,19,Win,0.99710039
P036,20,Win,0.999435432
P036,21,Win,0.981881034
P036,22,Win,0.72904873
P036,23,Win,0.96447392
P036,24,Win,0.994994271
P036,25,Win,0.891788888
P036,26,Win,0.98614795
P036,27,Win,0.997811762
P036,28,Win,0.999557191
P036,29,Win,0.99988829
P036,30,Win,0.995451032
P036,1,Win,0.5
P036,2,Win,0.079524217
P036,3,Win,0.58412386
P036,4,Win,0.103750153
P036,5,Win,0.013308837
P036,6,Win,0.002113283
P036,7,Win,0.054456706
P036,8,Win,0.007338911
P036,9,Win,0.001260163
P036,10,Win,0.000275121
P036,11,Win,7.41E-05
P036,12,Win,2.40E-05
P036,13,Win,0.001211935
P036,14,Win,0.000266019
P036,15,Win,7.20E-05
P036,16,Win,0.003121174
P036,17,Win,0.000601625
P036,18,Win,0.019119796
P036,19,Win,0.00289961
P036,20,Win,0.000564568
P036,21,Win,0.000137717
P036,22,Win,0.005442775
P036,23,Win,0.000972826
P036,24,Win,0.00022011
P036,25,Win,0.00812971
P036,26,Win,0.15593757
P036,27,Win,0.729944537
P036,28,Win,0.964607643
P036,29,Win,0.995011015
P036,30,Win,0.89206845
P036,1,Loss,0.5
P036,2,Loss,0.654147444
P036,3,Loss,0.777978956
P036,4,Loss,0.864185142
P036,5,Loss,0.881089981
P036,6,Loss,0.895681973
P036,7,Loss,0.938056124
P036,8,Loss,0.963264301
P036,9,Loss,0.966845293
P036,10,Loss,0.969987663
P036,11,Loss,0.972752134
P036,12,Loss,0.975190357
P036,13,Loss,0.98507086
P036,14,Loss,0.990902006
P036,15,Loss,0.991427247
P036,16,Loss,0.994693393
P036,17,Loss,0.994912316
P036,18,Loss,0.996800913
P036,19,Loss,0.996882242
P036,20,Loss,0.996958966
P036,21,Loss,0.997031404
P036,22,Loss,0.998101837
P036,23,Loss,0.998768973
P036,24,Loss,0.998762477
P036,25,Loss,0.999186367
P036,26,Loss,0.999170988
P036,27,Loss,0.999155831
P036,28,Loss,0.999140904
P036,29,Loss,0.999126212
P036,30,Loss,0.999419046
P036,1,Loss,0.5
P036,2,Loss,0.552911175
P036,3,Loss,0.602998768
P036,4,Loss,0.73918013
P036,5,Loss,0.772115577
P036,6,Loss,0.86032066
P036,7,Loss,0.877751924
P036,8,Loss,0.927207432
P036,9,Loss,0.956859089
P036,10,Loss,0.974313809
P036,11,Loss,0.976570607
P036,12,Loss,0.985882857
P036,13,Loss,0.991383876
P036,14,Loss,0.994667335
P036,15,Loss,0.99488814
P036,16,Loss,0.996786179
P036,17,Loss,0.996868349
P036,18,Loss,0.99800094
P036,19,Loss,0.998021804
P036,20,Loss,0.998718755
P036,21,Loss,0.998713667
P036,22,Loss,0.998708725
P036,23,Loss,0.999152184
P036,24,Loss,0.999137313
P036,25,Loss,0.999122678
P036,26,Loss,0.999108283
P036,27,Loss,0.99909413
P036,28,Loss,0.999398415
P036,29,Loss,0.999380996
P036,30,Loss,0.999583841
P036,1,Loss,0.5
P036,2,Loss,0.654147444
P036,3,Loss,0.696153417
P036,4,Loss,0.733908255
P036,5,Loss,0.767457466
P036,6,Loss,0.857236491
P036,7,Loss,0.875087095
P036,8,Loss,0.925584294
P036,9,Loss,0.934089386
P036,10,Loss,0.96092545
P036,11,Loss,0.964796968
P036,12,Loss,0.968189263
P036,13,Loss,0.980958976
P036,14,Loss,0.988469256
P036,15,Loss,0.989216723
P036,16,Loss,0.989894219
P036,17,Loss,0.990509543
P036,18,Loss,0.994142708
P036,19,Loss,0.994402211
P036,20,Loss,0.996490429
P036,21,Loss,0.996589906
P036,22,Loss,0.996683474
P036,23,Loss,0.997886732
P036,24,Loss,0.997912558
P036,25,Loss,0.997937244
P036,26,Loss,0.997960852
P036,27,Loss,0.997983435
P036,28,Loss,0.998694702
P036,29,Loss,0.998690311
P036,30,Loss,0.999140484
P037,1,Win,0.5
P037,2,Win,0.90777256
P037,3,Win,0.484306932
P037,4,Win,0.902530901
P037,5,Win,0.988470932
P037,6,Win,0.998662738
P037,7,Win,0.984440314
P037,8,Win,0.998203722
P037,9,Win,0.999782572
P037,10,Win,0.999972148
P037,11,Win,0.999996226
P037,12,Win,0.99999946
P037,13,Win,0.999992096
P037,14,Win,0.999998891
P037,15,Win,0.999999836
P037,16,Win,0.999997519
P037,17,Win,0.999999641
P037,18,Win,0.999994684
P037,19,Win,0.999999246
P037,20,Win,0.999999887
P037,21,Win,0.999999982
P037,22,Win,0.999999714
P037,23,Win,0.999999956
P037,24,Win,0.999999993
P037,25,Win,0.999999883
P037,26,Win,0.999999982
P037,27,Win,0.999999997
P037,28,Win,0.999999999
P037,29,Win,1
P037,30,Win,0.999999998
P037,1,Win,0.5
P037,2,Win,0.90777256
P037,3,Win,0.989128499
P037,4,Win,0.890911124
P037,5,Win,0.986992682
P037,6,Win,0.872532392
P037,7,Win,0.984593723
P037,8,Win,0.852777775
P037,9,Win,0.981926286
P037,10,Win,0.831825243
P037,11,Win,0.978988653
P037,12,Win,0.99758276
P037,13,Win,0.972630932
P037,14,Win,0.996856532
P037,15,Win,0.999624872
P037,16,Win,0.999952655
P037,17,Win,0.999993677
P037,18,Win,0.999913548
P037,19,Win,0.999988643
P037,20,Win,0.999847208
P037,21,Win,0.999980238
P037,22,Win,0.999997297
P037,23,Win,0.999962166
P037,24,Win,0.999994916
P037,25,Win,0.999999278
P037,26,Win,0.999999892
P037,27,Win,0.999999983
P037,28,Win,0.999999725
P037,29,Win,0.999999958
P037,30,Win,0.999999337
P037,1,Win,0.5
P037,2,Win,0.09222744
P037,3,Win,0.010871501
P037,4,Win,0.109088876
P037,5,Win,0.560778426
P037,6,Win,0.925831247
P037,7,Win,0.541974779
P037,8,Win,0.920591433
P037,9,Win,0.990713456
P037,10,Win,0.998918541
P037,11,Win,0.999867341
P037,12,Win,0.999982776
P037,13,Win,0.999770926
P037,14,Win,0.999970698
P037,15,Win,0.999996035
P037,16,Win,0.999945085
P037,17,Win,0.999992696
P037,18,Win,0.999900528
P037,19,Win,0.999986983
P037,20,Win,0.999998199
P037,21,Win,0.999999737
P037,22,Win,0.999996074
P037,23,Win,0.999999439
P037,24,Win,0.999999915
P037,25,Win,0.999998696
P037,26,Win,0.999999808
P037,27,Win,0.99999997
P037,28,Win,0.999999995
P037,29,Win,0.999999999
P037,30,Win,0.999999985
P037,1,Loss,0.5
P037,2,Loss,0.592602291
P037,3,Loss,0.815294423
P037,4,Loss,0.927769988
P037,5,Loss,0.944342636
P037,6,Loss,0.979134649
P037,7,Loss,0.983341039
P037,8,Loss,0.98659688
P037,9,Loss,0.994835003
P037,10,Loss,0.997946704
P037,11,Loss,0.998216553
P037,12,Loss,0.998442727
P037,13,Loss,0.999353595
P037,14,Loss,0.999413596
P037,15,Loss,0.999466071
P037,16,Loss,0.999512128
P037,17,Loss,0.999552693
P037,18,Loss,0.999805495
P037,19,Loss,0.99981537
P037,20,Loss,0.999917
P037,21,Loss,0.999918641
P037,22,Loss,0.999920188
P037,23,Loss,0.999962969
P037,24,Loss,0.999962577
P037,25,Loss,0.999962197
P037,26,Loss,0.999961827
P037,27,Loss,0.999961468
P037,28,Loss,0.999981624
P037,29,Loss,0.999980932
P037,30,Loss,0.999990662
P037,1,Loss,0.5
P037,2,Loss,0.592602291
P037,3,Loss,0.815294423
P037,4,Loss,0.927769988
P037,5,Loss,0.972899851
P037,6,Loss,0.978548646
P037,7,Loss,0.991839427
P037,8,Loss,0.993265434
P037,9,Loss,0.994403139
P037,10,Loss,0.995316892
P037,11,Loss,0.996055564
P037,12,Loss,0.996656494
P037,13,Loss,0.998650242
P037,14,Loss,0.998809014
P037,15,Loss,0.998944151
P037,16,Loss,0.999555377
P037,17,Loss,0.999590917
P037,18,Loss,0.999821518
P037,19,Loss,0.99983003
P037,20,Loss,0.999837836
P037,21,Loss,0.999926743
P037,22,Loss,0.9999659
P037,23,Loss,0.999965432
P037,24,Loss,0.999964976
P037,25,Loss,0.999983236
P037,26,Loss,0.999982545
P037,27,Loss,0.999981852
P037,28,Loss,0.99998116
P037,29,Loss,0.999980469
P037,30,Loss,0.999990443
P037,1,Loss,0.5
P037,2,Loss,0.754767102
P037,3,Loss,0.810995195
P037,4,Loss,0.855231066
P037,5,Loss,0.88932884
P037,6,Loss,0.958090341
P037,7,Loss,0.967264322
P037,8,Loss,0.987658466
P037,9,Loss,0.989965508
P037,10,Loss,0.996098491
P037,11,Loss,0.996691535
P037,12,Loss,0.997177156
P037,13,Loss,0.998853467
P037,14,Loss,0.998982105
P037,15,Loss,0.999092252
P037,16,Loss,0.999186981
P037,17,Loss,0.999268796
P037,18,Loss,0.999687842
P037,19,Loss,0.999708935
P037,20,Loss,0.999871375
P037,21,Loss,0.999875985
P037,22,Loss,0.999880264
P037,23,Loss,0.999945288
P037,24,Loss,0.999945518
P037,25,Loss,0.999945739
P037,26,Loss,0.999945951
P037,27,Loss,0.999946154
P037,28,Loss,0.999974643
P037,29,Loss,0.999974006
P037,30,Loss,0.999987418
P038,1,Win,0.5
P038,2,Win,0.778679201
P038,3,Win,0.919530945
P038,4,Win,0.971780049
P038,5,Win,0.989769267
P038,6,Win,0.953620312
P038,7,Win,0.983522853
P038,8,Win,0.92898474
P038,9,Win,0.975052327
P038,10,Win,0.897951176
P038,11,Win,0.964235797
P038,12,Win,0.987168303
P038,13,Win,0.943150569
P038,14,Win,0.979929413
P038,15,Win,0.992601145
P038,16,Win,0.997115509
P038,17,Win,0.998809101
P038,18,Win,0.993605283
P038,19,Win,0.997485203
P038,20,Win,0.987190378
P038,21,Win,0.9951621
P038,22,Win,0.998065104
P038,23,Win,0.989955975
P038,24,Win,0.996153738
P038,25,Win,0.998439976
P038,26,Win,0.999330739
P038,27,Win,0.999697153
P038,28,Win,0.998219149
P038,29,Win,0.999242316
P038,30,Win,0.995805266
P038,1,Win,0.5
P038,2,Win,0.221320799
P038,3,Win,0.080469055
P038,4,Win,0.264418464
P038,5,Win,0.098317057
P038,6,Win,0.034451052
P038,7,Win,0.134324196
P038,8,Win,0.047300563
P038,9,Win,0.016793106
P038,10,Win,0.072217814
P038,11,Win,0.243644477
P038,12,Win,0.549142412
P038,13,Win,0.25477266
P038,14,Win,0.562892161
P038,15,Win,0.264802032
P038,16,Win,0.098480813
P038,17,Win,0.306728876
P038,18,Win,0.621136411
P038,19,Win,0.848248439
P038,20,Win,0.587473058
P038,21,Win,0.830480708
P038,22,Win,0.557253629
P038,23,Win,0.260651128
P038,24,Win,0.569959269
P038,25,Win,0.270081316
P038,26,Win,0.581025903
P038,27,Win,0.826952749
P038,28,Win,0.938354086
P038,29,Win,0.784422625
P038,30,Win,0.487882964
P038,1,Win,0.5
P038,2,Win,0.221320799
P038,3,Win,0.080469055
P038,4,Win,0.264418464
P038,5,Win,0.574419642
P038,6,Win,0.823293814
P038,7,Win,0.545623414
P038,8,Win,0.806800574
P038,9,Win,0.93063362
P038,10,Win,0.975621427
P038,11,Win,0.99110024
P038,12,Win,0.996567901
P038,13,Win,0.982919612
P038,14,Win,0.993649963
P038,15,Win,0.997501724
P038,16,Win,0.98726839
P038,17,Win,0.995189917
P038,18,Win,0.976688452
P038,19,Win,0.991471065
P038,20,Win,0.996702702
P038,21,Win,0.998649887
P038,22,Win,0.992812633
P038,23,Win,0.99719313
P038,24,Win,0.998839186
P038,25,Win,0.99375591
P038,26,Win,0.997540926
P038,27,Win,0.998974627
P038,28,Win,0.999548342
P038,29,Win,0.999790469
P038,30,Win,0.99873814
P038,1,Loss,0.5
P038,2,Loss,0.686884762
P038,3,Loss,0.791389514
P038,4,Loss,0.847509872
P038,5,Loss,0.811184396
P038,6,Loss,0.782144537
P038,7,Loss,0.760066936
P038,8,Loss,0.743794067
P038,9,Loss,0.732028981
P038,10,Loss,0.815515066
P038,11,Loss,0.785514621
P038,12,Loss,0.762586737
P038,13,Loss,0.745632193
P038,14,Loss,0.733349242
P038,15,Loss,0.724565405
P038,16,Loss,0.811525588
P038,17,Loss,0.858573493
P038,18,Loss,0.885239523
P038,19,Loss,0.901144513
P038,20,Loss,0.911043065
P038,21,Loss,0.868056709
P038,22,Loss,0.828542358
P038,23,Loss,0.868062457
P038,24,Loss,0.828547329
P038,25,Loss,0.868065251
P038,26,Loss,0.828549745
P038,27,Loss,0.868066609
P038,28,Loss,0.828550919
P038,29,Loss,0.795799818
P038,30,Loss,0.849920203
P038,1,Loss,0.5
P038,2,Loss,0.686884762
P038,3,Loss,0.692022408
P038,4,Loss,0.794138099
P038,5,Loss,0.769082379
P038,6,Loss,0.750392435
P038,7,Loss,0.82534958
P038,8,Loss,0.866270659
P038,9,Loss,0.827001159
P038,10,Loss,0.794565412
P038,11,Loss,0.849244909
P038,12,Loss,0.812620579
P038,13,Loss,0.85917984
P038,14,Loss,0.820945837
P038,15,Loss,0.789772951
P038,16,Loss,0.84662799
P038,17,Loss,0.878329826
P038,18,Loss,0.896949415
P038,19,Loss,0.854517049
P038,20,Loss,0.882880284
P038,21,Loss,0.899705631
P038,22,Loss,0.857113338
P038,23,Loss,0.884388696
P038,24,Loss,0.900624798
P038,25,Loss,0.857984465
P038,26,Loss,0.81993463
P038,27,Loss,0.788977264
P038,28,Loss,0.765186524
P038,29,Loss,0.747533573
P038,30,Loss,0.823816137
P038,1,Loss,0.5
P038,2,Loss,0.565094714
P038,3,Loss,0.72475472
P038,4,Loss,0.811626749
P038,5,Loss,0.782487759
P038,6,Loss,0.842663629
P038,7,Loss,0.807199237
P038,8,Loss,0.779062561
P038,9,Loss,0.840804972
P038,10,Loss,0.87500061
P038,11,Loss,0.834599254
P038,12,Loss,0.800649443
P038,13,Loss,0.774035397
P038,14,Loss,0.838082514
P038,15,Loss,0.873452063
P038,16,Loss,0.894021279
P038,17,Loss,0.851784091
P038,18,Loss,0.881298415
P038,19,Loss,0.898744698
P038,20,Loss,0.909525522
P038,21,Loss,0.866565719
P038,22,Loss,0.827255314
P038,23,Loss,0.867339479
P038,24,Loss,0.890387551
P038,25,Loss,0.848427247
P038,26,Loss,0.811943124
P038,27,Loss,0.782733375
P038,28,Loss,0.760506476
P038,29,Loss,0.744114367
P038,30,Loss,0.821983456
P039,1,Win,0.5
P039,2,Win,0.337581225
P039,3,Win,0.209151145
P039,4,Win,0.34974099
P039,5,Win,0.517642035
P039,6,Win,0.67760567
P039,7,Win,0.51217667
P039,8,Win,0.348262353
P039,9,Win,0.21688383
P039,10,Win,0.36001746
P039,11,Win,0.528538799
P039,12,Win,0.686820603
P039,13,Win,0.522504706
P039,14,Win,0.357453163
P039,15,Win,0.525835039
P039,16,Win,0.360442984
P039,17,Win,0.225812779
P039,18,Win,0.133188737
P039,19,Win,0.076085742
P039,20,Win,0.147354742
P039,21,Win,0.084527195
P039,22,Win,0.047771741
P039,23,Win,0.096408742
P039,24,Win,0.054594904
P039,25,Win,0.030797166
P039,26,Win,0.017457757
P039,27,Win,0.009990999
P039,28,Win,0.021917712
P039,29,Win,0.012490576
P039,30,Win,0.027157851
P039,1,Win,0.5
P039,2,Win,0.337581225
P039,3,Win,0.209151145
P039,4,Win,0.34974099
P039,5,Win,0.517642035
P039,6,Win,0.353110715
P039,7,Win,0.220423612
P039,8,Win,0.129734346
P039,9,Win,0.235409031
P039,10,Win,0.384087492
P039,11,Win,0.553435396
P039,12,Win,0.707418836
P039,13,Win,0.54612806
P039,14,Win,0.701437486
P039,15,Win,0.81835864
P039,16,Win,0.894623636
P039,17,Win,0.940218634
P039,18,Win,0.881551218
P039,19,Win,0.932597904
P039,20,Win,0.867901302
P039,21,Win,0.924559845
P039,22,Win,0.957411783
P039,23,Win,0.913317366
P039,24,Win,0.95099441
P039,25,Win,0.972344566
P039,26,Win,0.984299141
P039,27,Win,0.990995478
P039,28,Win,0.980168036
P039,29,Win,0.988677703
P039,30,Win,0.975283689
P039,1,Win,0.5
P039,2,Win,0.662418775
P039,3,Win,0.790848855
P039,4,Win,0.65025901
P039,5,Win,0.782038606
P039,6,Win,0.638561411
P039,7,Win,0.469967125
P039,8,Win,0.31192555
P039,9,Win,0.476078711
P039,10,Win,0.31706908
P039,11,Win,0.194547917
P039,12,Win,0.32994935
P039,13,Win,0.203680365
P039,14,Win,0.11911244
P039,15,Win,0.218753602
P039,16,Win,0.362481696
P039,17,Win,0.227318972
P039,18,Win,0.134157338
P039,19,Win,0.076659873
P039,20,Win,0.148352626
P039,21,Win,0.263767753
P039,22,Win,0.419513379
P039,23,Win,0.58857006
P039,24,Win,0.735462558
P039,25,Win,0.841456013
P039,26,Win,0.908735531
P039,27,Win,0.826693719
P039,28,Win,0.699780374
P039,29,Win,0.817213086
P039,30,Win,0.893916313
P039,1,Loss,0.5
P039,2,Loss,0.854167977
P039,3,Loss,0.937483187
P039,4,Loss,0.883836972
P039,5,Loss,0.841368144
P039,6,Loss,0.934317929
P039,7,Loss,0.960061654
P039,8,Loss,0.907227617
P039,9,Loss,0.951678995
P039,10,Loss,0.966193158
P039,11,Loss,0.972096949
P039,12,Loss,0.922555248
P039,13,Loss,0.870666231
P039,14,Loss,0.832484612
P039,15,Loss,0.808751612
P039,16,Loss,0.926526622
P039,17,Loss,0.87403792
P039,18,Loss,0.942561792
P039,19,Loss,0.888668348
P039,20,Loss,0.844740925
P039,21,Loss,0.816093215
P039,22,Loss,0.928252005
P039,23,Loss,0.875530595
P039,24,Loss,0.835715805
P039,25,Loss,0.810665091
P039,26,Loss,0.796194266
P039,27,Loss,0.923605646
P039,28,Loss,0.871549613
P039,29,Loss,0.833067314
P039,30,Loss,0.932301509
P039,1,Loss,0.5
P039,2,Loss,0.643187109
P039,3,Loss,0.711480999
P039,4,Loss,0.904451127
P039,5,Loss,0.856263961
P039,6,Loss,0.823220015
P039,7,Loss,0.929941224
P039,8,Loss,0.958626315
P039,9,Loss,0.968904991
P039,10,Loss,0.973316893
P039,11,Loss,0.924283648
P039,12,Loss,0.87212297
P039,13,Loss,0.942062186
P039,14,Loss,0.888183839
P039,15,Loss,0.844399689
P039,16,Loss,0.815885637
P039,17,Loss,0.928203023
P039,18,Loss,0.95806631
P039,19,Loss,0.90492707
P039,20,Loss,0.856624873
P039,21,Loss,0.823447096
P039,22,Loss,0.929995297
P039,23,Loss,0.877056826
P039,24,Loss,0.836741254
P039,25,Loss,0.811275547
P039,26,Loss,0.796537706
P039,27,Loss,0.923685078
P039,28,Loss,0.871616656
P039,29,Loss,0.941930485
P039,30,Loss,0.888056466
P039,1,Loss,0.5
P039,2,Loss,0.643187109
P039,3,Loss,0.889046275
P039,4,Loss,0.845007574
P039,5,Loss,0.816255553
P039,6,Loss,0.92829032
P039,7,Loss,0.875563942
P039,8,Loss,0.942961654
P039,9,Loss,0.889057647
P039,10,Loss,0.946570324
P039,11,Loss,0.892634798
P039,12,Loss,0.947551263
P039,13,Loss,0.964661195
P039,14,Loss,0.971427057
P039,15,Loss,0.921622496
P039,16,Loss,0.869886686
P039,17,Loss,0.831971874
P039,18,Loss,0.808449354
P039,19,Loss,0.794951196
P039,20,Loss,0.923318342
P039,21,Loss,0.871307404
P039,22,Loss,0.832907369
P039,23,Loss,0.932262908
P039,24,Loss,0.879070449
P039,25,Loss,0.83810301
P039,26,Loss,0.812088641
P039,27,Loss,0.796995803
P039,28,Loss,0.923791066
P039,29,Loss,0.871706167
P039,30,Loss,0.833170767
P040,1,Win,0.5
P040,2,Win,0.728662121
P040,3,Win,0.873748943
P040,4,Win,0.944890234
P040,5,Win,0.97613419
P040,6,Win,0.928815819
P040,7,Win,0.969214231
P040,8,Win,0.910342772
P040,9,Win,0.961174311
P040,10,Win,0.889680849
P040,11,Win,0.952044187
P040,12,Win,0.979196955
P040,13,Win,0.93721905
P040,14,Win,0.972839302
P040,15,Win,0.988075404
P040,16,Win,0.994626615
P040,17,Win,0.99750549
P040,18,Win,0.99145332
P040,19,Win,0.996101897
P040,20,Win,0.986932664
P040,21,Win,0.994130516
P040,22,Win,0.997284497
P040,23,Win,0.990733772
P040,24,Win,0.995786332
P040,25,Win,0.998025126
P040,26,Win,0.999045789
P040,27,Win,0.999524996
P040,28,Win,0.99824752
P040,29,Win,0.999149112
P040,30,Win,0.996938999
P040,1,Win,0.5
P040,2,Win,0.728662121
P040,3,Win,0.48970896
P040,4,Win,0.720791512
P040,5,Win,0.869518801
P040,6,Win,0.942972729
P040,7,Win,0.845631177
P040,8,Win,0.931992262
P040,9,Win,0.970586636
P040,10,Win,0.987113145
P040,11,Win,0.994208786
P040,12,Win,0.997319317
P040,13,Win,0.990846931
P040,14,Win,0.995835905
P040,15,Win,0.998047447
P040,16,Win,0.993232918
P040,17,Win,0.996886286
P040,18,Win,0.989445066
P040,19,Win,0.995223036
P040,20,Win,0.997772153
P040,21,Win,0.998928818
P040,22,Win,0.996185388
P040,23,Win,0.998205093
P040,24,Win,0.999129362
P040,25,Win,0.996871099
P040,26,Win,0.998516052
P040,27,Win,0.999274577
P040,28,Win,0.999634777
P040,29,Win,0.999810821
P040,30,Win,0.999274195
P040,1,Win,0.5
P040,2,Win,0.271337879
P040,3,Win,0.51029104
P040,4,Win,0.279208488
P040,5,Win,0.130481199
P040,6,Win,0.057027271
P040,7,Win,0.154368823
P040,8,Win,0.068007738
P040,9,Win,0.029413364
P040,10,Win,0.012886855
P040,11,Win,0.040313717
P040,12,Win,0.114056599
P040,13,Win,0.273551481
P040,14,Win,0.127436354
P040,15,Win,0.298218611
P040,16,Win,0.54183118
P040,17,Win,0.304254712
P040,18,Win,0.548645224
P040,19,Win,0.309858231
P040,20,Win,0.147385784
P040,21,Win,0.064770236
P040,22,Win,0.028017261
P040,23,Win,0.012290573
P040,24,Win,0.038571957
P040,25,Win,0.0167954
P040,26,Win,0.007480508
P040,27,Win,0.024212212
P040,28,Win,0.072125421
P040,29,Win,0.188439431
P040,30,Win,0.084156114
P040,1,Loss,0.5
P040,2,Loss,0.666327472
P040,3,Loss,0.674373882
P040,4,Loss,0.680099208
P040,5,Loss,0.774544019
P040,6,Loss,0.753670344
P040,7,Loss,0.816980336
P040,8,Loss,0.786952555
P040,9,Loss,0.763224055
P040,10,Loss,0.82252307
P040,11,Loss,0.791441742
P040,12,Loss,0.839016529
P040,13,Loss,0.867514753
P040,14,Loss,0.829523191
P040,15,Loss,0.797166803
P040,16,Loss,0.842392076
P040,17,Loss,0.869584793
P040,18,Loss,0.831359626
P040,19,Loss,0.862847231
P040,20,Loss,0.825413694
P040,21,Loss,0.793798129
P040,22,Loss,0.768553212
P040,23,Loss,0.749103185
P040,24,Loss,0.734456829
P040,25,Loss,0.723589991
P040,26,Loss,0.71560557
P040,27,Loss,0.795008225
P040,28,Loss,0.841117986
P040,29,Loss,0.806797135
P040,30,Loss,0.848098271
P040,1,Loss,0.5
P040,2,Loss,0.666327472
P040,3,Loss,0.766582858
P040,4,Loss,0.747607128
P040,5,Loss,0.73334085
P040,6,Loss,0.805230212
P040,7,Loss,0.777554782
P040,8,Loss,0.830872904
P040,9,Loss,0.798278119
P040,10,Loss,0.843048696
P040,11,Loss,0.808419854
P040,12,Loss,0.849063546
P040,13,Loss,0.873700154
P040,14,Loss,0.889223647
P040,15,Loss,0.849253486
P040,16,Loss,0.813674354
P040,17,Loss,0.784292541
P040,18,Loss,0.834816802
P040,19,Loss,0.864950013
P040,20,Loss,0.827259805
P040,21,Loss,0.795308685
P040,22,Loss,0.769735121
P040,23,Loss,0.826310846
P040,24,Loss,0.859789369
P040,25,Loss,0.82274407
P040,26,Loss,0.791621523
P040,27,Loss,0.766854011
P040,28,Loss,0.824633648
P040,29,Loss,0.793161196
P040,30,Loss,0.768055513
P040,1,Loss,0.5
P040,2,Loss,0.557381179
P040,3,Loss,0.597815653
P040,4,Loss,0.726460478
P040,5,Loss,0.717708646
P040,6,Loss,0.796219674
P040,7,Loss,0.770448982
P040,8,Loss,0.826726701
P040,9,Loss,0.860040676
P040,10,Loss,0.880548229
P040,11,Loss,0.89364733
P040,12,Loss,0.902271516
P040,13,Loss,0.908084002
P040,14,Loss,0.912070972
P040,15,Loss,0.871373344
P040,16,Loss,0.832953434
P040,17,Loss,0.79999605
P040,18,Loss,0.844064657
P040,19,Loss,0.809276047
P040,20,Loss,0.849573319
P040,21,Loss,0.813946885
P040,22,Loss,0.85236018
P040,23,Loss,0.875746273
P040,24,Loss,0.890539796
P040,25,Loss,0.850486182
P040,26,Loss,0.814725671
P040,27,Loss,0.785137048
P040,28,Loss,0.83531206
P040,29,Loss,0.80195091
P040,30,Loss,0.774959028
P041,1,Win,0.5
P041,2,Win,0.260327167
P041,3,Win,0.521613124
P041,4,Win,0.27589251
P041,5,Win,0.126832133
P041,6,Win,0.056587605
P041,7,Win,0.177065202
P041,8,Win,0.079193407
P041,9,Win,0.035764092
P041,10,Win,0.016860861
P041,11,Win,0.008382258
P041,12,Win,0.004398518
P041,13,Win,0.019290759
P041,14,Win,0.009494786
P041,15,Win,0.004933562
P041,16,Win,0.021397057
P041,17,Win,0.010451972
P041,18,Win,0.041917418
P041,19,Win,0.019564538
P041,20,Win,0.009619554
P041,21,Win,0.004993267
P041,22,Win,0.021630462
P041,23,Win,0.010557675
P041,24,Win,0.005440422
P041,25,Win,0.023368712
P041,26,Win,0.011342793
P041,27,Win,0.045071335
P041,28,Win,0.020944371
P041,29,Win,0.07713283
P041,30,Win,0.225816849
P041,1,Win,0.5
P041,2,Win,0.260327167
P041,3,Win,0.521613124
P041,4,Win,0.754657549
P041,5,Win,0.496565402
P041,6,Win,0.257908188
P041,7,Win,0.51872866
P041,8,Win,0.752689792
P041,9,Win,0.887462291
P041,10,Win,0.949706496
P041,11,Win,0.976777592
P041,12,Win,0.915685955
P041,13,Win,0.962014022
P041,14,Win,0.872118626
P041,15,Win,0.67183958
P041,16,Win,0.845721423
P041,17,Win,0.626262559
P041,18,Win,0.820202794
P041,19,Win,0.586066116
P041,20,Win,0.79627763
P041,21,Win,0.908423251
P041,22,Win,0.742726261
P041,23,Win,0.882532162
P041,24,Win,0.69110829
P041,25,Win,0.856050111
P041,26,Win,0.935802576
P041,27,Win,0.804271725
P041,28,Win,0.912168894
P041,29,Win,0.750683879
P041,30,Win,0.491671667
P041,1,Win,0.5
P041,2,Win,0.739672833
P041,3,Win,0.881010175
P041,4,Win,0.946871672
P041,5,Win,0.975543712
P041,6,Win,0.911853938
P041,7,Win,0.960349771
P041,8,Win,0.867485514
P041,9,Win,0.940895693
P041,10,Win,0.816677863
P041,11,Win,0.917926855
P041,12,Win,0.962986611
P041,13,Win,0.982588774
P041,14,Win,0.991364901
P041,15,Win,0.995479444
P041,16,Win,0.997507503
P041,17,Win,0.998557412
P041,18,Win,0.992993225
P041,19,Win,0.996270492
P041,20,Win,0.983383278
P041,21,Win,0.991730074
P041,22,Win,0.995655789
P041,23,Win,0.980924564
P041,24,Win,0.990603422
P041,25,Win,0.995113473
P041,26,Win,0.99732263
P041,27,Win,0.99845946
P041,28,Win,0.992560644
P041,29,Win,0.996059105
P041,30,Win,0.982533167
P041,1,Loss,0.5
P041,2,Loss,0.548311342
P041,3,Loss,0.548423385
P041,4,Loss,0.54849834
P041,5,Loss,0.548548483
P041,6,Loss,0.548582029
P041,7,Loss,0.580363845
P041,8,Loss,0.569926581
P041,9,Loss,0.594405606
P041,10,Loss,0.610531681
P041,11,Loss,0.590338359
P041,12,Loss,0.576652287
P041,13,Loss,0.598832238
P041,14,Loss,0.613453648
P041,15,Loss,0.62312415
P041,16,Loss,0.598930344
P041,17,Loss,0.582463052
P041,18,Loss,0.602658722
P041,19,Loss,0.615981445
P041,20,Loss,0.594050799
P041,21,Loss,0.579160914
P041,22,Loss,0.600483939
P041,23,Loss,0.583515632
P041,24,Loss,0.603352116
P041,25,Loss,0.616439716
P041,26,Loss,0.594363385
P041,27,Loss,0.579372282
P041,28,Loss,0.600623124
P041,29,Loss,0.614636476
P041,30,Loss,0.593133769
P041,1,Loss,0.5
P041,2,Loss,0.51614856
P041,3,Loss,0.558993627
P041,4,Loss,0.55557505
P041,5,Loss,0.553285059
P041,6,Loss,0.583457854
P041,7,Loss,0.603314052
P041,8,Loss,0.616414558
P041,9,Loss,0.594346223
P041,10,Loss,0.610492499
P041,11,Loss,0.590311699
P041,12,Loss,0.576634283
P041,13,Loss,0.567416696
P041,14,Loss,0.592754155
P041,15,Loss,0.609442155
P041,16,Loss,0.620467714
P041,17,Loss,0.627775756
P041,18,Loss,0.632632663
P041,19,Loss,0.635867039
P041,20,Loss,0.638024025
P041,21,Loss,0.609165289
P041,22,Loss,0.589408914
P041,23,Loss,0.607236047
P041,24,Loss,0.588097504
P041,25,Loss,0.606371504
P041,26,Loss,0.618436065
P041,27,Loss,0.626427455
P041,28,Loss,0.601192644
P041,29,Loss,0.58399599
P041,30,Loss,0.572373389
P041,1,Loss,0.5
P041,2,Loss,0.51614856
P041,3,Loss,0.558993627
P041,4,Loss,0.587213008
P041,5,Loss,0.574542715
P041,6,Loss,0.5660102
P041,7,Loss,0.591828794
P041,8,Loss,0.577659056
P041,9,Loss,0.599495057
P041,10,Loss,0.613891373
P041,11,Loss,0.592625976
P041,12,Loss,0.578197744
P041,13,Loss,0.568468555
P041,14,Loss,0.561929613
P041,15,Loss,0.589144338
P041,16,Loss,0.575846092
P041,17,Loss,0.59830151
P041,18,Loss,0.613103196
P041,19,Loss,0.62289197
P041,20,Loss,0.629385678
P041,21,Loss,0.603221794
P041,22,Loss,0.61635358
P041,23,Loss,0.625046232
P041,24,Loss,0.600246252
P041,25,Loss,0.583354557
P041,26,Loss,0.5719411
P041,27,Loss,0.59573128
P041,28,Loss,0.580297508
P041,29,Loss,0.601232413
P041,30,Loss,0.61503899
P042,1,Win,0.5
P042,2,Win,0.748358534
P042,3,Win,0.895727387
P042,4,Win,0.960190644
P042,5,Win,0.985047951
P042,6,Win,0.994323914
P042,7,Win,0.997801161
P042,8,Win,0.992341549
P042,9,Win,0.997053363
P042,10,Win,0.989835284
P042,11,Win,0.996112647
P042,12,Win,0.998480406
P042,13,Win,0.994645941
P042,14,Win,0.997923071
P042,15,Win,0.999175283
P042,16,Win,0.999664579
P042,17,Win,0.998765829
P042,18,Win,0.995624258
P042,19,Win,0.998294396
P042,20,Win,0.994011814
P042,21,Win,0.99768314
P042,22,Win,0.999082564
P042,23,Win,0.996718766
P042,24,Win,0.998711982
P042,25,Win,0.999482214
P042,26,Win,0.999786813
P042,27,Win,0.999910134
P042,28,Win,0.999657271
P042,29,Win,0.999857338
P042,30,Win,0.999462675
P042,1,Win,0.5
P042,2,Win,0.251641466
P042,3,Win,0.507281077
P042,4,Win,0.257017391
P042,5,Win,0.514175391
P042,6,Win,0.262178602
P042,7,Win,0.520701206
P042,8,Win,0.267128834
P042,9,Win,0.526876412
P042,10,Win,0.271872434
P042,11,Win,0.532718426
P042,12,Win,0.771611898
P042,13,Win,0.52373793
P042,14,Win,0.269454267
P042,15,Win,0.529749445
P042,16,Win,0.769560542
P042,17,Win,0.905807234
P042,18,Win,0.752709557
P042,19,Win,0.897821075
P042,20,Win,0.736001686
P042,21,Win,0.889708424
P042,22,Win,0.957785039
P042,23,Win,0.875287588
P042,24,Win,0.951953425
P042,25,Win,0.981950336
P042,26,Win,0.993169399
P042,27,Win,0.997365152
P042,28,Win,0.990876806
P042,29,Win,0.996503078
P042,30,Win,0.988007818
P042,1,Win,0.5
P042,2,Win,0.251641466
P042,3,Win,0.507281077
P042,4,Win,0.753659295
P042,5,Win,0.898276334
P042,6,Win,0.736940945
P042,7,Win,0.478194515
P042,8,Win,0.235984541
P042,9,Win,0.486616101
P042,10,Win,0.241954411
P042,11,Win,0.494600669
P042,12,Win,0.744379279
P042,13,Win,0.48760615
P042,14,Win,0.739161782
P042,15,Win,0.891258082
P042,16,Win,0.958405956
P042,17,Win,0.984378285
P042,18,Win,0.949919366
P042,19,Win,0.981182596
P042,20,Win,0.992883416
P042,21,Win,0.997257371
P042,22,Win,0.998918581
P042,23,Win,0.996150813
P042,24,Win,0.998494963
P042,25,Win,0.999397408
P042,26,Win,0.999752887
P042,27,Win,0.999896241
P042,28,Win,0.99960582
P042,29,Win,0.999836529
P042,30,Win,0.99938657
P042,1,Loss,0.5
P042,2,Loss,0.644135512
P042,3,Loss,0.762604092
P042,4,Loss,0.848335656
P042,5,Loss,0.905319717
P042,6,Loss,0.981346052
P042,7,Loss,0.996357071
P042,8,Loss,0.9992577
P042,9,Loss,0.999478906
P042,10,Loss,0.999629891
P042,11,Loss,0.999734136
P042,12,Loss,0.999806914
P042,13,Loss,0.999956738
P042,14,Loss,0.99996663
P042,15,Loss,0.999974036
P042,16,Loss,0.999993783
P042,17,Loss,0.999994885
P042,18,Loss,0.999998707
P042,19,Loss,0.99999888
P042,20,Loss,0.999999024
P042,21,Loss,0.999999146
P042,22,Loss,0.999999771
P042,23,Loss,0.99999979
P042,24,Loss,0.999999806
P042,25,Loss,0.999999945
P042,26,Loss,0.999999947
P042,27,Loss,0.999999949
P042,28,Loss,0.999999951
P042,29,Loss,0.999999953
P042,30,Loss,0.999999986
P042,1,Loss,0.5
P042,2,Loss,0.855706417
P042,3,Loss,0.970717042
P042,4,Loss,0.981622892
P042,5,Loss,0.988333834
P042,6,Loss,0.997698643
P042,7,Loss,0.999524349
P042,8,Loss,0.999661146
P042,9,Loss,0.999755875
P042,10,Loss,0.9998222
P042,11,Loss,0.999869138
P042,12,Loss,0.999902699
P042,13,Loss,0.999977699
P042,14,Loss,0.999982415
P042,15,Loss,0.999986024
P042,16,Loss,0.999996584
P042,17,Loss,0.999997133
P042,18,Loss,0.999999261
P042,19,Loss,0.999999348
P042,20,Loss,0.999999422
P042,21,Loss,0.999999485
P042,22,Loss,0.99999986
P042,23,Loss,0.999999869
P042,24,Loss,0.999999877
P042,25,Loss,0.999999965
P042,26,Loss,0.999999966
P042,27,Loss,0.999999967
P042,28,Loss,0.999999967
P042,29,Loss,0.999999968
P042,30,Loss,0.99999999
P042,1,Loss,0.5
P042,2,Loss,0.855706417
P042,3,Loss,0.970717042
P042,4,Loss,0.981622892
P042,5,Loss,0.988333834
P042,6,Loss,0.992499331
P042,7,Loss,0.99850338
P042,8,Loss,0.99897333
P042,9,Loss,0.999286942
P042,10,Loss,0.999498769
P042,11,Loss,0.999643541
P042,12,Loss,0.999743622
P042,13,Loss,0.999943093
P042,14,Loss,0.999956502
P042,15,Loss,0.999966453
P042,16,Loss,0.999992035
P042,17,Loss,0.999993501
P042,18,Loss,0.99999837
P042,19,Loss,0.999998598
P042,20,Loss,0.999998788
P042,21,Loss,0.999998948
P042,22,Loss,0.99999972
P042,23,Loss,0.999999744
P042,24,Loss,0.999999766
P042,25,Loss,0.999999935
P042,26,Loss,0.999999937
P042,27,Loss,0.99999994
P042,28,Loss,0.999999942
P042,29,Loss,0.999999945
P042,30,Loss,0.999999984
P043,1,Win,0.5
P043,2,Win,0.815188002
P043,3,Win,0.943230539
P043,4,Win,0.736397323
P043,5,Win,0.916990324
P043,6,Win,0.659836961
P043,7,Win,0.888566008
P043,8,Win,0.591766803
P043,9,Win,0.860069211
P043,10,Win,0.534606904
P043,11,Win,0.833131053
P043,12,Win,0.48822144
P043,13,Win,0.808759337
P043,14,Win,0.451285231
P043,15,Win,0.787411352
P043,16,Win,0.934269636
P043,17,Win,0.979285349
P043,18,Win,0.876725325
P043,19,Win,0.96221054
P043,20,Win,0.803578729
P043,21,Win,0.939519713
P043,22,Win,0.980836141
P043,23,Win,0.884191061
P043,24,Win,0.964449703
P043,25,Win,0.988268015
P043,26,Win,0.995705652
P043,27,Win,0.998257999
P043,28,Win,0.985100349
P043,29,Win,0.90564019
P043,30,Win,0.631093423
P043,1,Win,0.5
P043,2,Win,0.184811998
P043,3,Win,0.056769461
P043,4,Win,0.263602677
P043,5,Win,0.083009676
P043,6,Win,0.340163039
P043,7,Win,0.111433992
P043,8,Win,0.408233197
P043,9,Win,0.139930789
P043,10,Win,0.465393096
P043,11,Win,0.166868947
P043,12,Win,0.051123401
P043,13,Win,0.016392004
P043,14,Win,0.005806071
P043,15,Win,0.042617644
P043,16,Win,0.214692512
P043,17,Win,0.580577978
P043,18,Win,0.232630715
P043,19,Win,0.60288643
P043,20,Win,0.247688366
P043,21,Win,0.620404271
P043,22,Win,0.872482962
P043,23,Win,0.558351083
P043,24,Win,0.844698816
P043,25,Win,0.952463783
P043,26,Win,0.984674884
P043,27,Win,0.994536241
P043,28,Win,0.959555751
P043,29,Win,0.986794532
P043,30,Win,0.914583604
P043,1,Win,0.5
P043,2,Win,0.184811998
P043,3,Win,0.53938006
P043,4,Win,0.207013664
P043,5,Win,0.063908747
P043,6,Win,0.286043389
P043,7,Win,0.091001052
P043,8,Win,0.3606353
P043,9,Win,0.725592553
P043,10,Win,0.913174943
P043,11,Win,0.973060239
P043,12,Win,0.99089175
P043,13,Win,0.937413587
P043,14,Win,0.980213757
P043,15,Win,0.993116783
P043,16,Win,0.950681712
P043,17,Win,0.984144499
P043,18,Win,0.900706016
P043,19,Win,0.969369189
P043,20,Win,0.989761231
P043,21,Win,0.996200803
P043,22,Win,0.970480548
P043,23,Win,0.990100601
P043,24,Win,0.996314246
P043,25,Win,0.971249664
P043,26,Win,0.990335961
P043,27,Win,0.996393136
P043,28,Win,0.998510017
P043,29,Win,0.999324539
P043,30,Win,0.993561428
P043,1,Loss,0.5
P043,2,Loss,0.622015178
P043,3,Loss,0.878528812
P043,4,Loss,0.968256478
P043,5,Loss,0.991973666
P043,6,Loss,0.994408761
P043,7,Loss,0.998544591
P043,8,Loss,0.999607854
P043,9,Loss,0.999703506
P043,10,Loss,0.99977408
P043,11,Loss,0.99982655
P043,12,Loss,0.999865851
P043,13,Loss,0.99996141
P043,14,Loss,0.999968879
P043,15,Loss,0.999974752
P043,16,Loss,0.999992392
P043,17,Loss,0.999993581
P043,18,Loss,0.99999799
P043,19,Loss,0.99999824
P043,20,Loss,0.999998454
P043,21,Loss,0.999998636
P043,22,Loss,0.999999554
P043,23,Loss,0.999999593
P043,24,Loss,0.999999627
P043,25,Loss,0.999999874
P043,26,Loss,0.999999881
P043,27,Loss,0.999999887
P043,28,Loss,0.999999893
P043,29,Loss,0.999999898
P043,30,Loss,0.999999964
P043,1,Loss,0.5
P043,2,Loss,0.622015178
P043,3,Loss,0.878528812
P043,4,Loss,0.968256478
P043,5,Loss,0.978558404
P043,6,Loss,0.985406341
P043,7,Loss,0.996277014
P043,8,Loss,0.997353762
P043,9,Loss,0.998101702
P043,10,Loss,0.998625868
P043,11,Loss,0.998996448
P043,12,Loss,0.999260718
P043,13,Loss,0.999797118
P043,14,Loss,0.999843771
P043,15,Loss,0.999878818
P043,16,Loss,0.999965042
P043,17,Loss,0.99997173
P043,18,Loss,0.999991508
P043,19,Loss,0.999992857
P043,20,Loss,0.999993962
P043,21,Loss,0.999994873
P043,22,Loss,0.999998385
P043,23,Loss,0.999998577
P043,24,Loss,0.999998742
P043,25,Loss,0.999999588
P043,26,Loss,0.999999623
P043,27,Loss,0.999999654
P043,28,Loss,0.999999682
P043,29,Loss,0.999999707
P043,30,Loss,0.9999999
P043,1,Loss,0.5
P043,2,Loss,0.622015178
P043,3,Loss,0.727574397
P043,4,Loss,0.810476137
P043,5,Loss,0.871103911
P043,6,Loss,0.96616634
P043,7,Loss,0.977171558
P043,8,Loss,0.994213244
P043,9,Loss,0.995934667
P043,10,Loss,0.998933529
P043,11,Loss,0.999215684
P043,12,Loss,0.999418275
P043,13,Loss,0.999839305
P043,14,Loss,0.999875452
P043,15,Loss,0.999902782
P043,16,Loss,0.99992359
P043,17,Loss,0.99993954
P043,18,Loss,0.999982218
P043,19,Loss,0.999985347
P043,20,Loss,0.999995517
P043,21,Loss,0.999996162
P043,22,Loss,0.999996699
P043,23,Loss,0.999998947
P043,24,Loss,0.999999062
P043,25,Loss,0.999999161
P043,26,Loss,0.999999247
P043,27,Loss,0.999999322
P043,28,Loss,0.999999774
P043,29,Loss,0.99999979
P043,30,Loss,0.999999928
P044,1,Win,0.5
P044,2,Win,0.637300596
P044,3,Win,0.751857238
P044,4,Win,0.836887851
P044,5,Win,0.895144523
P044,6,Win,0.933178897
P044,7,Win,0.957399116
P044,8,Win,0.920188965
P044,9,Win,0.858117313
P044,10,Win,0.764240894
P044,11,Win,0.845604073
P044,12,Win,0.900921423
P044,13,Win,0.936883508
P044,14,Win,0.885337564
P044,15,Win,0.804107401
P044,16,Win,0.873111417
P044,17,Win,0.918946536
P044,18,Win,0.856128751
P044,19,Win,0.761400955
P044,20,Win,0.635995054
P044,21,Win,0.49393845
P044,22,Win,0.631865459
P044,23,Win,0.74760598
P044,24,Win,0.619167407
P044,25,Win,0.737589965
P044,26,Win,0.607152387
P044,27,Win,0.728002352
P044,28,Win,0.81985357
P044,29,Win,0.883757381
P044,30,Win,0.80174057
P044,1,Win,0.5
P044,2,Win,0.637300596
P044,3,Win,0.495302179
P044,4,Win,0.63309132
P044,5,Win,0.748566686
P044,6,Win,0.834557475
P044,7,Win,0.731188265
P044,8,Win,0.822147637
P044,9,Win,0.88529863
P044,10,Win,0.926839834
P044,11,Win,0.953387195
P044,12,Win,0.970147869
P044,13,Win,0.942755066
P044,14,Win,0.963446414
P044,15,Win,0.976485201
P044,16,Win,0.954280476
P044,17,Win,0.97071059
P044,18,Win,0.943769554
P044,19,Win,0.964086297
P044,20,Win,0.976888519
P044,21,Win,0.984974828
P044,22,Win,0.970106671
P044,23,Win,0.980686097
P044,24,Win,0.987384827
P044,25,Win,0.974695212
P044,26,Win,0.983586071
P044,27,Win,0.989231303
P044,28,Win,0.992848472
P044,29,Win,0.995191029
P044,30,Win,0.989959215
P044,1,Win,0.5
P044,2,Win,0.637300596
P044,3,Win,0.751857238
P044,4,Win,0.624318282
P044,5,Win,0.741667172
P044,6,Win,0.612023098
P044,7,Win,0.469278913
P044,8,Win,0.335680272
P044,9,Win,0.227318571
P044,10,Win,0.349995909
P044,11,Win,0.491312951
P044,12,Win,0.62950035
P044,13,Win,0.487186552
P044,14,Win,0.351324351
P044,15,Win,0.492722525
P044,16,Win,0.356220022
P044,17,Win,0.243102359
P044,18,Win,0.159554255
P044,19,Win,0.260670268
P044,20,Win,0.390772625
P044,21,Win,0.533550969
P044,22,Win,0.393233112
P044,23,Win,0.536033742
P044,24,Win,0.668905446
P044,25,Win,0.776165842
P044,26,Win,0.853918699
P044,27,Win,0.906402071
P044,28,Win,0.940388661
P044,29,Win,0.961953312
P044,30,Win,0.975544255
P044,1,Loss,0.5
P044,2,Loss,0.70601026
P044,3,Loss,0.837899163
P044,4,Loss,0.909986217
P044,5,Loss,0.910223293
P044,6,Loss,0.910430278
P044,7,Loss,0.948101678
P044,8,Loss,0.944492151
P044,9,Loss,0.941141128
P044,10,Loss,0.938054219
P044,11,Loss,0.935229701
P044,12,Loss,0.932660301
P044,13,Loss,0.959917194
P044,14,Loss,0.955681092
P044,15,Loss,0.95162715
P044,16,Loss,0.970199691
P044,17,Loss,0.965766521
P044,18,Loss,0.978084766
P044,19,Loss,0.973807168
P044,20,Loss,0.969405785
P044,21,Loss,0.96497349
P044,22,Loss,0.97763538
P044,23,Loss,0.973339866
P044,24,Loss,0.968930879
P044,25,Loss,0.979888458
P044,26,Loss,0.975695611
P044,27,Loss,0.971336391
P044,28,Loss,0.966906747
P044,29,Loss,0.962494159
P044,30,Loss,0.976236668
P044,1,Loss,0.5
P044,2,Loss,0.572492622
P044,3,Loss,0.633569243
P044,4,Loss,0.683770809
P044,5,Loss,0.724482607
P044,6,Loss,0.848394383
P044,7,Loss,0.858011664
P044,8,Loss,0.92057166
P044,9,Loss,0.919528382
P044,10,Loss,0.952916393
P044,11,Loss,0.949008021
P044,12,Loss,0.945338079
P044,13,Loss,0.966761028
P044,14,Loss,0.962350351
P044,15,Loss,0.958034073
P044,16,Loss,0.953872548
P044,17,Loss,0.949911576
P044,18,Loss,0.969258227
P044,19,Loss,0.964826389
P044,20,Loss,0.977552133
P044,21,Loss,0.973253433
P044,22,Loss,0.968843159
P044,23,Loss,0.979838217
P044,24,Loss,0.97564272
P044,25,Loss,0.971282061
P044,26,Loss,0.966852117
P044,27,Loss,0.962440236
P044,28,Loss,0.976206348
P044,29,Loss,0.971861821
P044,30,Loss,0.981575746
P044,1,Loss,0.5
P044,2,Loss,0.572492622
P044,3,Loss,0.633569243
P044,4,Loss,0.683770809
P044,5,Loss,0.724482607
P044,6,Loss,0.757313438
P044,7,Loss,0.866674103
P044,8,Loss,0.925118212
P044,9,Loss,0.923568151
P044,10,Loss,0.922187725
P044,11,Loss,0.954328554
P044,12,Loss,0.971687948
P044,13,Loss,0.981475162
P044,14,Loss,0.987256099
P044,15,Loss,0.990827461
P044,16,Loss,0.993126791
P044,17,Loss,0.990469818
P044,18,Loss,0.992892289
P044,19,Loss,0.990186678
P044,20,Loss,0.992707385
P044,21,Loss,0.994378805
P044,22,Loss,0.995525296
P044,23,Loss,0.996335655
P044,24,Loss,0.996923766
P044,25,Loss,0.997360608
P044,26,Loss,0.995868222
P044,27,Loss,0.996582776
P044,28,Loss,0.997106181
P044,29,Loss,0.997498134
P044,30,Loss,0.997797392
P045,1,Win,0.5
P045,2,Win,0.892459352
P045,3,Win,0.484293037
P045,4,Win,0.886464966
P045,5,Win,0.983860348
P045,6,Win,0.997771607
P045,7,Win,0.978264553
P045,8,Win,0.997011184
P045,9,Win,0.999570922
P045,10,Win,0.999934884
P045,11,Win,0.999989552
P045,12,Win,0.99999823
P045,13,Win,0.999978233
P045,14,Win,0.999996392
P045,15,Win,0.999999369
P045,16,Win,0.999992001
P045,17,Win,0.999998634
P045,18,Win,0.999983072
P045,19,Win,0.999997173
P045,20,Win,0.999999502
P045,21,Win,0.999999908
P045,22,Win,0.999998761
P045,23,Win,0.999999776
P045,24,Win,0.999999958
P045,25,Win,0.999999416
P045,26,Win,0.999999892
P045,27,Win,0.999999979
P045,28,Win,0.999999996
P045,29,Win,0.999999999
P045,30,Win,0.999999986
P045,1,Win,0.5
P045,2,Win,0.892459352
P045,3,Win,0.984773519
P045,4,Win,0.997895682
P045,5,Win,0.999694962
P045,6,Win,0.996789911
P045,7,Win,0.999540048
P045,8,Win,0.995225133
P045,9,Win,0.999322977
P045,10,Win,0.99306553
P045,11,Win,0.93707032
P045,12,Win,0.991308157
P045,13,Win,0.922717115
P045,14,Win,0.989252864
P045,15,Win,0.998504966
P045,16,Win,0.999781182
P045,17,Win,0.999966128
P045,18,Win,0.999618519
P045,19,Win,0.999941907
P045,20,Win,0.999356292
P045,21,Win,0.999903465
P045,22,Win,0.999984691
P045,23,Win,0.999823433
P045,24,Win,0.999972494
P045,25,Win,0.999995472
P045,26,Win,0.999999214
P045,27,Win,0.999999856
P045,28,Win,0.999998094
P045,29,Win,0.99999966
P045,30,Win,0.999995614
P045,1,Win,0.5
P045,2,Win,0.892459352
P045,3,Win,0.484293037
P045,4,Win,0.886464966
P045,5,Win,0.983860348
P045,6,Win,0.997771607
P045,7,Win,0.978264553
P045,8,Win,0.997011184
P045,9,Win,0.999570922
P045,10,Win,0.999934884
P045,11,Win,0.999280964
P045,12,Win,0.999892515
P045,13,Win,0.998831125
P045,14,Win,0.999827711
P045,15,Win,0.999973141
P045,16,Win,0.999695395
P045,17,Win,0.999953306
P045,18,Win,0.999479172
P045,19,Win,0.999921408
P045,20,Win,0.99998746
P045,21,Win,0.999997887
P045,22,Win,0.999974152
P045,23,Win,0.999995737
P045,24,Win,0.999999258
P045,25,Win,0.999990641
P045,26,Win,0.999998409
P045,27,Win,0.999999715
P045,28,Win,0.999999946
P045,29,Win,0.999999989
P045,30,Win,0.999999848
P045,1,Loss,0.5
P045,2,Loss,0.824488567
P045,3,Loss,0.872918383
P045,4,Loss,0.90666944
P045,5,Loss,0.930204651
P045,6,Loss,0.946763315
P045,7,Loss,0.958570774
P045,8,Loss,0.988025117
P045,9,Loss,0.989454064
P045,10,Loss,0.990609793
P045,11,Loss,0.991554228
P045,12,Loss,0.992333341
P045,13,Loss,0.997486496
P045,14,Loss,0.997463102
P045,15,Loss,0.999086372
P045,16,Loss,0.998992177
P045,17,Loss,0.99889781
P045,18,Loss,0.999573293
P045,19,Loss,0.999496755
P045,20,Loss,0.999791367
P045,21,Loss,0.999737992
P045,22,Loss,0.999677476
P045,23,Loss,0.999860981
P045,24,Loss,0.999819081
P045,25,Loss,0.999769936
P045,26,Loss,0.999713547
P045,27,Loss,0.999650136
P045,28,Loss,0.999850267
P045,29,Loss,0.999930971
P045,30,Loss,0.999965941
P045,1,Loss,0.5
P045,2,Loss,0.626138542
P045,3,Loss,0.882622375
P045,4,Loss,0.967313249
P045,5,Loss,0.973558632
P045,6,Loss,0.978232638
P045,7,Loss,0.993429216
P045,8,Loss,0.993903406
P045,9,Loss,0.994306251
P045,10,Loss,0.994650613
P045,11,Loss,0.994946656
P045,12,Loss,0.995202481
P045,13,Loss,0.998363974
P045,14,Loss,0.998285312
P045,15,Loss,0.998210263
P045,16,Loss,0.999335706
P045,17,Loss,0.999246418
P045,18,Loss,0.999698417
P045,19,Loss,0.999633317
P045,20,Loss,0.99956175
P045,21,Loss,0.999484351
P045,22,Loss,0.99978668
P045,23,Loss,0.999732628
P045,24,Loss,0.999671458
P045,25,Loss,0.999858616
P045,26,Loss,0.999816276
P045,27,Loss,0.999766683
P045,28,Loss,0.999709855
P045,29,Loss,0.999646025
P045,30,Loss,0.999848662
P045,1,Loss,0.5
P045,2,Loss,0.626138542
P045,3,Loss,0.728322534
P045,4,Loss,0.804599875
P045,5,Loss,0.858975839
P045,6,Loss,0.960658772
P045,7,Loss,0.968649888
P045,8,Loss,0.990776638
P045,9,Loss,0.991691361
P045,10,Loss,0.9972941
P045,11,Loss,0.99903091
P045,12,Loss,0.998936516
P045,13,Loss,0.999586994
P045,14,Loss,0.999511515
P045,15,Loss,0.999430695
P045,16,Loss,0.999345364
P045,17,Loss,0.999256419
P045,18,Loss,0.999702072
P045,19,Loss,0.999637373
P045,20,Loss,0.99984529
P045,21,Loss,0.999800543
P045,22,Loss,0.999748524
P045,23,Loss,0.999889217
P045,24,Loss,0.999852926
P045,25,Loss,0.999809542
P045,26,Loss,0.999758896
P045,27,Loss,0.999701034
P045,28,Loss,0.999870276
P045,29,Loss,0.99983015
P045,30,Loss,0.999922557
P046,1,Win,0.5
P046,2,Win,0.226514927
P046,3,Win,0.08470425
P046,4,Win,0.03045211
P046,5,Win,0.117314739
P046,6,Win,0.339630074
P046,7,Win,0.135658211
P046,8,Win,0.375435135
P046,9,Win,0.679324402
P046,10,Win,0.873497432
P046,11,Win,0.954374524
P046,12,Win,0.983377713
P046,13,Win,0.93081557
P046,14,Win,0.975066504
P046,15,Win,0.901231579
P046,16,Win,0.699699213
P046,17,Win,0.88304016
P046,18,Win,0.661091532
P046,19,Win,0.864695461
P046,20,Win,0.95110703
P046,21,Win,0.982227158
P046,22,Win,0.926587057
P046,23,Win,0.973567548
P046,24,Win,0.990155703
P046,25,Win,0.95677361
P046,26,Win,0.984222568
P046,27,Win,0.993971516
P046,28,Win,0.99756876
P046,29,Win,0.9989648
P046,30,Win,0.994611784
P046,1,Win,0.5
P046,2,Win,0.226514927
P046,3,Win,0.519018221
P046,4,Win,0.239266935
P046,5,Win,0.535708588
P046,6,Win,0.250887478
P046,7,Win,0.550329706
P046,8,Win,0.261418002
P046,9,Win,0.099540516
P046,10,Win,0.035779366
P046,11,Win,0.134503265
P046,12,Win,0.373263344
P046,13,Win,0.152617111
P046,14,Win,0.406153832
P046,15,Win,0.705109764
P046,16,Win,0.885524595
P046,17,Win,0.958795437
P046,18,Win,0.848642582
P046,19,Win,0.945072491
P046,20,Win,0.808581809
P046,21,Win,0.929538638
P046,22,Win,0.974614172
P046,23,Win,0.899680927
P046,24,Win,0.963939456
P046,25,Win,0.986748308
P046,26,Win,0.994889125
P046,27,Win,0.997918695
P046,28,Win,0.989667122
P046,29,Win,0.995959777
P046,30,Win,0.980885288
P046,1,Win,0.5
P046,2,Win,0.773485073
P046,3,Win,0.480981779
P046,4,Win,0.760733065
P046,5,Win,0.909957255
P046,6,Win,0.967637479
P046,7,Win,0.87644454
P046,8,Win,0.955462374
P046,9,Win,0.983760786
P046,10,Win,0.993804469
P046,11,Win,0.997505385
P046,12,Win,0.998939471
P046,13,Win,0.994488765
P046,14,Win,0.997765621
P046,15,Win,0.999043731
P046,16,Win,0.994996533
P046,17,Win,0.997959874
P046,18,Win,0.989857448
P046,19,Win,0.99603006
P046,20,Win,0.99835885
P046,21,Win,0.999284287
P046,22,Win,0.99967156
P046,23,Win,0.999841855
P046,24,Win,0.999920331
P046,25,Win,0.999511938
P046,26,Win,0.999770677
P046,27,Win,0.9998871
P046,28,Win,0.999941925
P046,29,Win,0.999968871
P046,30,Win,0.999797815
P046,1,Loss,0.5
P046,2,Loss,0.573049571
P046,3,Loss,0.641566751
P046,4,Loss,0.810359665
P046,5,Loss,0.847468616
P046,6,Loss,0.928261355
P046,7,Loss,0.967301819
P046,8,Loss,0.98516778
P046,9,Loss,0.987853914
P046,10,Loss,0.994432489
P046,11,Loss,0.997413118
P046,12,Loss,0.997803647
P046,13,Loss,0.998960344
P046,14,Loss,0.999099714
P046,15,Loss,0.999217957
P046,16,Loss,0.999318584
P046,17,Loss,0.99940448
P046,18,Loss,0.99971018
P046,19,Loss,0.999741944
P046,20,Loss,0.999872116
P046,21,Loss,0.999884077
P046,22,Loss,0.999894694
P046,23,Loss,0.999946785
P046,24,Loss,0.999950828
P046,25,Loss,0.999954486
P046,26,Loss,0.9999578
P046,27,Loss,0.999960809
P046,28,Loss,0.999979763
P046,29,Loss,0.999980901
P046,30,Loss,0.999989982
P046,1,Loss,0.5
P046,2,Loss,0.707425487
P046,3,Loss,0.851512369
P046,4,Loss,0.930294423
P046,5,Loss,0.968245507
P046,6,Loss,0.985594125
P046,7,Loss,0.993413254
P046,8,Loss,0.996949135
P046,9,Loss,0.997418861
P046,10,Loss,0.997808419
P046,11,Loss,0.998132617
P046,12,Loss,0.99840335
P046,13,Loss,0.999239161
P046,14,Loss,0.999336663
P046,15,Loss,0.99941994
P046,16,Loss,0.999717544
P046,17,Loss,0.999748359
P046,18,Loss,0.999875227
P046,19,Loss,0.999886836
P046,20,Loss,0.999897146
P046,21,Loss,0.999906322
P046,22,Loss,0.999952539
P046,23,Loss,0.999956036
P046,24,Loss,0.999959206
P046,25,Loss,0.999978954
P046,26,Loss,0.999980154
P046,27,Loss,0.999981263
P046,28,Loss,0.999982286
P046,29,Loss,0.999983234
P046,30,Loss,0.99999118
P046,1,Loss,0.5
P046,2,Loss,0.573049571
P046,3,Loss,0.641566751
P046,4,Loss,0.703441509
P046,5,Loss,0.757523632
P046,6,Loss,0.880496973
P046,7,Loss,0.904457321
P046,8,Loss,0.956123398
P046,9,Loss,0.96471596
P046,10,Loss,0.983998556
P046,11,Loss,0.986915407
P046,12,Loss,0.989258973
P046,13,Loss,0.995066994
P046,14,Loss,0.995868931
P046,15,Loss,0.99652749
P046,16,Loss,0.997070254
P046,17,Loss,0.99751918
P046,18,Loss,0.998828642
P046,19,Loss,0.998988293
P046,20,Loss,0.999513209
P046,21,Loss,0.999571439
P046,22,Loss,0.999621654
P046,23,Loss,0.999814056
P046,24,Loss,0.999832821
P046,25,Loss,0.999849343
P046,26,Loss,0.999863923
P046,27,Loss,0.999876818
P046,28,Loss,0.999937964
P046,29,Loss,0.99994287
P046,30,Loss,0.999970742
P047,1,Win,0.5
P047,2,Win,0.119422971
P047,3,Win,0.574482117
P047,4,Win,0.904906585
P047,5,Win,0.980399309
P047,6,Win,0.790293866
P047,7,Win,0.957923668
P047,8,Win,0.658774934
P047,9,Win,0.928036551
P047,10,Win,0.543604127
P047,11,Win,0.895340864
P047,12,Win,0.978582897
P047,13,Win,0.777267267
P047,14,Win,0.95521007
P047,15,Win,0.99002978
P047,16,Win,0.997282231
P047,17,Win,0.999103341
P047,18,Win,0.981366214
P047,19,Win,0.995350499
P047,20,Win,0.928388869
P047,21,Win,0.984860091
P047,22,Win,0.996111367
P047,23,Win,0.937888724
P047,24,Win,0.986675767
P047,25,Win,0.996515442
P047,26,Win,0.998892003
P047,27,Win,0.999582064
P047,28,Win,0.990175851
P047,29,Win,0.997316349
P047,30,Win,0.953950291
P047,1,Win,0.5
P047,2,Win,0.119422971
P047,3,Win,0.024229662
P047,4,Win,0.005833269
P047,5,Win,0.001719056
P047,6,Win,0.000607221
P047,7,Win,0.000250638
P047,8,Win,0.006383212
P047,9,Win,0.00185645
P047,10,Win,0.034067758
P047,11,Win,0.300624037
P047,12,Win,0.782522661
P047,13,Win,0.287031151
P047,14,Win,0.77289886
P047,15,Win,0.954290143
P047,16,Win,0.642039169
P047,17,Win,0.923745382
P047,18,Win,0.530388614
P047,19,Win,0.891031955
P047,20,Win,0.977763481
P047,21,Win,0.994584211
P047,22,Win,0.91922825
P047,23,Win,0.983117439
P047,24,Win,0.995729384
P047,25,Win,0.933065125
P047,26,Win,0.98575244
P047,27,Win,0.996309121
P047,28,Win,0.998836357
P047,29,Win,0.999564281
P047,30,Win,0.989825207
P047,1,Win,0.5
P047,2,Win,0.119422971
P047,3,Win,0.574482117
P047,4,Win,0.904906585
P047,5,Win,0.980399309
P047,6,Win,0.790293866
P047,7,Win,0.957923668
P047,8,Win,0.658774934
P047,9,Win,0.928036551
P047,10,Win,0.543604127
P047,11,Win,0.895340864
P047,12,Win,0.978582897
P047,13,Win,0.777267267
P047,14,Win,0.95521007
P047,15,Win,0.99002978
P047,16,Win,0.997282231
P047,17,Win,0.999103341
P047,18,Win,0.981366214
P047,19,Win,0.995350499
P047,20,Win,0.928388869
P047,21,Win,0.984860091
P047,22,Win,0.996111367
P047,23,Win,0.937888724
P047,24,Win,0.986675767
P047,25,Win,0.996515442
P047,26,Win,0.998892003
P047,27,Win,0.999582064
P047,28,Win,0.990175851
P047,29,Win,0.997316349
P047,30,Win,0.953950291
P047,1,Loss,0.5
P047,2,Loss,0.54826222
P047,3,Loss,0.593834151
P047,4,Loss,0.720340551
P047,5,Loss,0.750883533
P047,6,Loss,0.778069141
P047,7,Loss,0.856564856
P047,8,Loss,0.908803591
P047,9,Loss,0.917142199
P047,10,Loss,0.924499362
P047,11,Loss,0.931002609
P047,12,Loss,0.956179198
P047,13,Loss,0.971940072
P047,14,Loss,0.981822974
P047,15,Loss,0.982521015
P047,16,Loss,0.988510424
P047,17,Loss,0.988756791
P047,18,Loss,0.992498091
P047,19,Loss,0.994921805
P047,20,Loss,0.994872056
P047,21,Loss,0.994823768
P047,22,Loss,0.996448169
P047,23,Loss,0.996363516
P047,24,Loss,0.996280232
P047,25,Loss,0.997415974
P047,26,Loss,0.99732167
P047,27,Loss,0.997227767
P047,28,Loss,0.997134389
P047,29,Loss,0.997041656
P047,30,Loss,0.997927151
P047,1,Loss,0.5
P047,2,Loss,0.641287212
P047,3,Loss,0.679660472
P047,4,Loss,0.714403234
P047,5,Loss,0.745579642
P047,6,Loss,0.834060483
P047,7,Loss,0.894106732
P047,8,Loss,0.932899662
P047,9,Loss,0.957368652
P047,10,Loss,0.972684485
P047,11,Loss,0.9741319
P047,12,Loss,0.975452976
P047,13,Loss,0.984035856
P047,14,Loss,0.989474776
P047,15,Loss,0.989665792
P047,16,Loss,0.989846207
P047,17,Loss,0.990016728
P047,18,Loss,0.993310895
P047,19,Loss,0.993316771
P047,20,Loss,0.995456947
P047,21,Loss,0.996867524
P047,22,Loss,0.996777261
P047,23,Loss,0.997749162
P047,24,Loss,0.99765454
P047,25,Loss,0.997559826
P047,26,Loss,0.997465168
P047,27,Loss,0.997370707
P047,28,Loss,0.998149492
P047,29,Loss,0.998057052
P047,30,Loss,0.998616773
P047,1,Loss,0.5
P047,2,Loss,0.54826222
P047,3,Loss,0.593834151
P047,4,Loss,0.720340551
P047,5,Loss,0.750883533
P047,6,Loss,0.778069141
P047,7,Loss,0.856564856
P047,8,Loss,0.871222343
P047,9,Loss,0.884091884
P047,10,Loss,0.895396768
P047,11,Loss,0.933719448
P047,12,Loss,0.939172563
P047,13,Loss,0.961298497
P047,14,Loss,0.963813898
P047,15,Loss,0.966083489
P047,16,Loss,0.978144173
P047,17,Loss,0.979129129
P047,18,Loss,0.986358669
P047,19,Loss,0.986738531
P047,20,Loss,0.987093904
P047,21,Loss,0.991429579
P047,22,Loss,0.994226269
P047,23,Loss,0.996054107
P047,24,Loss,0.995976448
P047,25,Loss,0.997213139
P047,26,Loss,0.997119854
P047,27,Loss,0.997027231
P047,28,Loss,0.99693538
P047,29,Loss,0.996844404
P047,30,Loss,0.99779431
P048,1,Win,0.5
P048,2,Win,0.206761999
P048,3,Win,0.539449354
P048,4,Win,0.23058246
P048,5,Win,0.08257503
P048,6,Win,0.030200169
P048,7,Win,0.152298288
P048,8,Win,0.054199906
P048,9,Win,0.020479605
P048,10,Win,0.008515322
P048,11,Win,0.003901808
P048,12,Win,0.001955509
P048,13,Win,0.015408472
P048,14,Win,0.00660734
P048,15,Win,0.003116406
P048,16,Win,0.023088537
P048,17,Win,0.00947876
P048,18,Win,0.059644425
P048,19,Win,0.022355469
P048,20,Win,0.009209109
P048,21,Win,0.004182421
P048,22,Win,0.029756305
P048,23,Win,0.011899752
P048,24,Win,0.005250881
P048,25,Win,0.036165666
P048,26,Win,0.014184909
P048,27,Win,0.006138307
P048,28,Win,0.002919722
P048,29,Win,0.00151342
P048,30,Win,0.012323599
P048,1,Win,0.5
P048,2,Win,0.793238001
P048,3,Win,0.460550646
P048,4,Win,0.76941754
P048,5,Win,0.91742497
P048,6,Win,0.969799831
P048,7,Win,0.847701712
P048,8,Win,0.945800094
P048,9,Win,0.979520395
P048,10,Win,0.991484678
P048,11,Win,0.996098192
P048,12,Win,0.998044491
P048,13,Win,0.984591528
P048,14,Win,0.99339266
P048,15,Win,0.996883594
P048,16,Win,0.976911463
P048,17,Win,0.99052124
P048,18,Win,0.940355575
P048,19,Win,0.977644531
P048,20,Win,0.990790891
P048,21,Win,0.995817579
P048,22,Win,0.970243695
P048,23,Win,0.988100248
P048,24,Win,0.994749119
P048,25,Win,0.963834334
P048,26,Win,0.985815091
P048,27,Win,0.993861693
P048,28,Win,0.997080278
P048,29,Win,0.99848658
P048,30,Win,0.987676401
P048,1,Win,0.5
P048,2,Win,0.206761999
P048,3,Win,0.073714444
P048,4,Win,0.027175629
P048,5,Win,0.140329986
P048,6,Win,0.050023607
P048,7,Win,0.019034664
P048,8,Win,0.007976873
P048,9,Win,0.05159222
P048,10,Win,0.019578079
P048,11,Win,0.008179812
P048,12,Win,0.052696776
P048,13,Win,0.019960216
P048,14,Win,0.109939272
P048,15,Win,0.377340344
P048,16,Win,0.143501778
P048,17,Win,0.051127193
P048,18,Win,0.019417071
P048,19,Win,0.107532751
P048,20,Win,0.372205943
P048,21,Win,0.707499328
P048,22,Win,0.893209093
P048,23,Win,0.961532567
P048,24,Win,0.985002121
P048,25,Win,0.912777931
P048,26,Win,0.968214703
P048,27,Win,0.987373045
P048,28,Win,0.994464952
P048,29,Win,0.99733574
P048,30,Win,0.979841777
P048,1,Loss,0.5
P048,2,Loss,0.733201452
P048,3,Loss,0.874591483
P048,4,Loss,0.893413177
P048,5,Loss,0.908503996
P048,6,Loss,0.957933148
P048,7,Loss,0.961438118
P048,8,Loss,0.981541891
P048,9,Loss,0.990727436
P048,10,Loss,0.995102625
P048,11,Loss,0.994687177
P048,12,Loss,0.994273531
P048,13,Loss,0.996863213
P048,14,Loss,0.996474927
P048,15,Loss,0.996075013
P048,16,Loss,0.99566676
P048,17,Loss,0.995253384
P048,18,Loss,0.994837958
P048,19,Loss,0.994423351
P048,20,Loss,0.996939083
P048,21,Loss,0.996553514
P048,22,Loss,0.998036874
P048,23,Loss,0.998831754
P048,24,Loss,0.998580449
P048,25,Loss,0.99830145
P048,26,Loss,0.997996251
P048,27,Loss,0.997666912
P048,28,Loss,0.998630165
P048,29,Loss,0.99835631
P048,30,Loss,0.999008179
P048,1,Loss,0.5
P048,2,Loss,0.583455659
P048,3,Loss,0.789405315
P048,4,Loss,0.825517009
P048,5,Loss,0.854292231
P048,6,Loss,0.933404703
P048,7,Loss,0.940983097
P048,8,Loss,0.972395671
P048,9,Loss,0.986507087
P048,10,Loss,0.993068146
P048,11,Loss,0.992684177
P048,12,Loss,0.992311822
P048,13,Loss,0.995881861
P048,14,Loss,0.99547078
P048,15,Loss,0.995056058
P048,16,Loss,0.994640677
P048,17,Loss,0.994227397
P048,18,Loss,0.99683988
P048,19,Loss,0.996450789
P048,20,Loss,0.997982953
P048,21,Loss,0.997652657
P048,22,Loss,0.997300858
P048,23,Loss,0.99843312
P048,24,Loss,0.998139747
P048,25,Loss,0.997821223
P048,26,Loss,0.997479869
P048,27,Loss,0.997118417
P048,28,Loss,0.998335694
P048,29,Loss,0.998033484
P048,30,Loss,0.998829894
P048,1,Loss,0.5
P048,2,Loss,0.733201452
P048,3,Loss,0.780439478
P048,4,Loss,0.818356702
P048,5,Loss,0.848591615
P048,6,Loss,0.930776851
P048,7,Loss,0.938822843
P048,8,Loss,0.971434003
P048,9,Loss,0.973027584
P048,10,Loss,0.974418864
P048,11,Loss,0.975638495
P048,12,Loss,0.976711717
P048,13,Loss,0.988487107
P048,14,Loss,0.994016267
P048,15,Loss,0.993610841
P048,16,Loss,0.993213268
P048,17,Loss,0.99282533
P048,18,Loss,0.996136777
P048,19,Loss,0.995729588
P048,20,Loss,0.997607518
P048,21,Loss,0.998598041
P048,22,Loss,0.999143445
P048,23,Loss,0.999456053
P048,24,Loss,0.999297899
P048,25,Loss,0.999111845
P048,26,Loss,0.998897158
P048,27,Loss,0.998653806
P048,28,Loss,0.999174897
P048,29,Loss,0.998969472
P048,30,Loss,0.999355002
P049,1,Win,0.5
P049,2,Win,0.089084629
P049,3,Win,0.514862051
P049,4,Win,0.915506889
P049,5,Win,0.990498166
P049,6,Win,0.900519074
P049,7,Win,0.988699235
P049,8,Win,0.884145172
P049,9,Win,0.986681122
P049,10,Win,0.866479461
P049,11,Win,0.984437564
P049,12,Win,0.998283921
P049,13,Win,0.979733314
P049,14,Win,0.997770988
P049,15,Win,0.99974467
P049,16,Win,0.999969138
P049,17,Win,0.999996063
P049,18,Win,0.999944661
P049,19,Win,0.999993046
P049,20,Win,0.999903657
P049,21,Win,0.999988063
P049,22,Win,0.99999844
P049,23,Win,0.999977543
P049,24,Win,0.999997112
P049,25,Win,0.999999609
P049,26,Win,0.999999944
P049,27,Win,0.999999992
P049,28,Win,0.999999862
P049,29,Win,0.99999998
P049,30,Win,0.999999675
P049,1,Win,0.5
P049,2,Win,0.910915371
P049,3,Win,0.989951779
P049,4,Win,0.895480524
P049,5,Win,0.988084271
P049,6,Win,0.878685801
P049,7,Win,0.985995331
P049,8,Win,0.860635885
P049,9,Win,0.98367949
P049,10,Win,0.841465477
P049,11,Win,0.981133884
P049,12,Win,0.997923798
P049,13,Win,0.975691604
P049,14,Win,0.997329312
P049,15,Win,0.999695372
P049,16,Win,0.999963344
P049,17,Win,0.999995345
P049,18,Win,0.99993484
P049,19,Win,0.999991845
P049,20,Win,0.999887492
P049,21,Win,0.999986115
P049,22,Win,0.999998192
P049,23,Win,0.999974077
P049,24,Win,0.999996679
P049,25,Win,0.999999551
P049,26,Win,0.999999936
P049,27,Win,0.99999999
P049,28,Win,0.999999844
P049,29,Win,0.999999977
P049,30,Win,0.999999634
P049,1,Win,0.5
P049,2,Win,0.089084629
P049,3,Win,0.010048221
P049,4,Win,0.104519476
P049,5,Win,0.557696276
P049,6,Win,0.927623979
P049,7,Win,0.540075029
P049,8,Win,0.922827482
P049,9,Win,0.991361005
P049,10,Win,0.999038778
P049,11,Win,0.999887622
P049,12,Win,0.99998613
P049,13,Win,0.999811236
P049,14,Win,0.999977008
P049,15,Win,0.999997045
P049,16,Win,0.999958156
P049,17,Win,0.999994704
P049,18,Win,0.999926114
P049,19,Win,0.999990783
P049,20,Win,0.999998787
P049,21,Win,0.999999832
P049,22,Win,0.99999744
P049,23,Win,0.999999652
P049,24,Win,0.99999995
P049,25,Win,0.999999217
P049,26,Win,0.99999989
P049,27,Win,0.999999984
P049,28,Win,0.999999997
P049,29,Win,1
P049,30,Win,0.999999993
P049,1,Loss,0.5
P049,2,Loss,0.581084068
P049,3,Loss,0.656109131
P049,4,Loss,0.722430693
P049,5,Loss,0.778868011
P049,6,Loss,0.825462288
P049,7,Loss,0.923816288
P049,8,Loss,0.968096656
P049,9,Loss,0.974710385
P049,10,Loss,0.97985994
P049,11,Loss,0.991558245
P049,12,Loss,0.99310659
P049,13,Loss,0.997051882
P049,14,Loss,0.997528656
P049,15,Loss,0.997919025
P049,16,Loss,0.999084527
P049,17,Loss,0.999209294
P049,18,Loss,0.999643599
P049,19,Loss,0.999684605
P049,20,Loss,0.999720011
P049,21,Loss,0.999750679
P049,22,Loss,0.999884256
P049,23,Loss,0.999894558
P049,24,Loss,0.999903712
P049,25,Loss,0.999954192
P049,26,Loss,0.999957258
P049,27,Loss,0.999960049
P049,28,Loss,0.999962591
P049,29,Loss,0.999964913
P049,30,Loss,0.999982867
P049,1,Loss,0.5
P049,2,Loss,0.727440555
P049,3,Loss,0.874133171
P049,4,Loss,0.9463257
P049,5,Loss,0.957823291
P049,6,Loss,0.966734488
P049,7,Loss,0.986130469
P049,8,Loss,0.988807305
P049,9,Loss,0.995261226
P049,10,Loss,0.996074814
P049,11,Loss,0.996733312
P049,12,Loss,0.997268712
P049,13,Loss,0.998806419
P049,14,Loss,0.998976085
P049,15,Loss,0.99911817
P049,16,Loss,0.999603624
P049,17,Loss,0.999650189
P049,18,Loss,0.99983901
P049,19,Loss,0.999854582
P049,20,Loss,0.999868303
P049,21,Loss,0.999880424
P049,22,Loss,0.999943429
P049,23,Loss,0.999947503
P049,24,Loss,0.99995119
P049,25,Loss,0.999976369
P049,26,Loss,0.999977571
P049,27,Loss,0.999978683
P049,28,Loss,0.999979714
P049,29,Loss,0.99998067
P049,30,Loss,0.999990415
P049,1,Loss,0.5
P049,2,Loss,0.727440555
P049,3,Loss,0.783054807
P049,4,Loss,0.828871013
P049,5,Loss,0.865779216
P049,6,Loss,0.942551135
P049,7,Loss,0.97604065
P049,8,Loss,0.989980162
P049,9,Loss,0.991851729
P049,10,Loss,0.996527776
P049,11,Loss,0.998491384
P049,12,Loss,0.998713577
P049,13,Loss,0.999427248
P049,14,Loss,0.999499302
P049,15,Loss,0.999560774
P049,16,Loss,0.999613397
P049,17,Loss,0.999658594
P049,18,Loss,0.99984278
P049,19,Loss,0.999857901
P049,20,Loss,0.999933072
P049,21,Loss,0.999938161
P049,22,Loss,0.999942746
P049,23,Loss,0.999972394
P049,24,Loss,0.999973904
P049,25,Loss,0.999975294
P049,26,Loss,0.999976578
P049,27,Loss,0.999977765
P049,28,Loss,0.999989014
P049,29,Loss,0.999989365
P049,30,Loss,0.999994644
P050,1,Win,0.5
P050,2,Win,0.436679916
P050,3,Win,0.378619764
P050,4,Win,0.446764633
P050,5,Win,0.513134583
P050,6,Win,0.575501341
P050,7,Win,0.508272209
P050,8,Win,0.571000688
P050,9,Win,0.628314415
P050,10,Win,0.679399918
P050,11,Win,0.724064808
P050,12,Win,0.762559349
P050,13,Win,0.700252171
P050,14,Win,0.63357585
P050,15,Win,0.68403534
P050,16,Win,0.616712776
P050,17,Win,0.669147935
P050,18,Win,0.601395586
P050,19,Win,0.655545636
P050,20,Win,0.703301151
P050,21,Win,0.74472193
P050,22,Win,0.680839788
P050,23,Win,0.725313272
P050,24,Win,0.76362891
P050,25,Win,0.701424977
P050,26,Win,0.743105399
P050,27,Win,0.778837732
P050,28,Win,0.809214373
P050,29,Win,0.834902539
P050,30,Win,0.782068362
P050,1,Win,0.5
P050,2,Win,0.563320084
P050,3,Win,0.621380236
P050,4,Win,0.673277564
P050,5,Win,0.718750291
P050,6,Win,0.75800275
P050,7,Win,0.695267046
P050,8,Win,0.628371831
P050,9,Win,0.679450549
P050,10,Win,0.611979259
P050,11,Win,0.664952656
P050,12,Win,0.711507861
P050,13,Win,0.751783429
P050,14,Win,0.688492055
P050,15,Win,0.621328265
P050,16,Win,0.673231621
P050,17,Win,0.718710372
P050,18,Win,0.653006015
P050,19,Win,0.584957245
P050,20,Win,0.517442796
P050,21,Win,0.579480538
P050,22,Win,0.512125436
P050,23,Win,0.574568109
P050,24,Win,0.507369751
P050,25,Win,0.570164234
P050,26,Win,0.627560318
P050,27,Win,0.678734841
P050,28,Win,0.61124166
P050,29,Win,0.664298268
P050,30,Win,0.59643864
P050,1,Win,0.5
P050,2,Win,0.563320084
P050,3,Win,0.496528978
P050,4,Win,0.560088255
P050,5,Win,0.493426416
P050,6,Win,0.557194914
P050,7,Win,0.61583436
P050,8,Win,0.668369953
P050,9,Win,0.714483072
P050,10,Win,0.75433973
P050,11,Win,0.788410547
P050,12,Win,0.728891297
P050,13,Win,0.66383535
P050,14,Win,0.595966308
P050,15,Win,0.65070529
P050,16,Win,0.69906869
P050,17,Win,0.741074029
P050,18,Win,0.777104377
P050,19,Win,0.807745281
P050,20,Win,0.833662323
P050,21,Win,0.855520741
P050,22,Win,0.806426035
P050,23,Win,0.74922859
P050,24,Win,0.685718593
P050,25,Win,0.729539589
P050,26,Win,0.664527712
P050,27,Win,0.711137667
P050,28,Win,0.751465221
P050,29,Win,0.688146314
P050,30,Win,0.620969702
P050,1,Loss,0.5
P050,2,Loss,0.669935717
P050,3,Loss,0.640838853
P050,4,Loss,0.626340367
P050,5,Loss,0.619230101
P050,6,Loss,0.719814977
P050,7,Loss,0.666678745
P050,8,Loss,0.739585703
P050,9,Loss,0.77095695
P050,10,Loss,0.785170848
P050,11,Loss,0.791824407
P050,12,Loss,0.794993594
P050,13,Loss,0.796516434
P050,14,Loss,0.710388877
P050,15,Loss,0.661677579
P050,16,Loss,0.636688742
P050,17,Loss,0.624298286
P050,18,Loss,0.721916403
P050,19,Loss,0.667802416
P050,20,Loss,0.639763838
P050,21,Loss,0.728339923
P050,22,Loss,0.765990823
P050,23,Loss,0.782880455
P050,24,Loss,0.790741856
P050,25,Loss,0.794475418
P050,26,Loss,0.709136445
P050,27,Loss,0.661017721
P050,28,Loss,0.63635842
P050,29,Loss,0.624135994
P050,30,Loss,0.72184909
P050,1,Loss,0.5
P050,2,Loss,0.558718994
P050,3,Loss,0.694711982
P050,4,Loss,0.751447747
P050,5,Loss,0.683974085
P050,6,Loss,0.746881378
P050,7,Loss,0.774212045
P050,8,Loss,0.697011439
P050,9,Loss,0.75242984
P050,10,Loss,0.776706733
P050,11,Loss,0.787844173
P050,12,Loss,0.705108341
P050,13,Loss,0.658902525
P050,14,Loss,0.635300804
P050,15,Loss,0.726484138
P050,16,Loss,0.67025638
P050,17,Loss,0.741089571
P050,18,Loss,0.771625682
P050,19,Loss,0.695501244
P050,20,Loss,0.751784662
P050,21,Loss,0.68416309
P050,22,Loss,0.746961488
P050,23,Loss,0.681467773
P050,24,Loss,0.646687803
P050,25,Loss,0.731223237
P050,26,Loss,0.672819643
P050,27,Loss,0.642295487
P050,28,Loss,0.627058489
P050,29,Loss,0.61958077
P050,30,Loss,0.719960334
P050,1,Loss,0.5
P050,2,Loss,0.558718994
P050,3,Loss,0.586693269
P050,4,Loss,0.600062205
P050,5,Loss,0.711874671
P050,6,Loss,0.662461765
P050,7,Loss,0.637081543
P050,8,Loss,0.624491321
P050,9,Loss,0.721996469
P050,10,Loss,0.667845294
P050,11,Loss,0.740075789
P050,12,Loss,0.677657392
P050,13,Loss,0.744209049
P050,14,Loss,0.679939461
P050,15,Loss,0.745173394
P050,16,Loss,0.7734475
P050,17,Loss,0.696564191
P050,18,Loss,0.654450115
P050,19,Loss,0.633080578
P050,20,Loss,0.725561637
P050,21,Loss,0.764772811
P050,22,Loss,0.782321226
P050,23,Loss,0.790478169
P050,24,Loss,0.706700973
P050,25,Loss,0.75658636
P050,26,Loss,0.686868998
P050,27,Loss,0.748109402
P050,28,Loss,0.774762718
P050,29,Loss,0.786937654
P050,30,Loss,0.792662374
P051,1,Win,0.5
P051,2,Win,0.746250414
P051,3,Win,0.889423979
P051,4,Win,0.953618039
P051,5,Win,0.850850099
P051,6,Win,0.633079187
P051,7,Win,0.830260562
P051,8,Win,0.928203311
P051,9,Win,0.787270292
P051,10,Win,0.908814707
P051,11,Win,0.743813282
P051,12,Win,0.478881889
P051,13,Win,0.731034143
P051,14,Win,0.463542138
P051,15,Win,0.228821478
P051,16,Win,0.098680728
P051,17,Win,0.041411517
P051,18,Win,0.135654603
P051,19,Win,0.057000005
P051,20,Win,0.176743994
P051,21,Win,0.074896944
P051,22,Win,0.031571373
P051,23,Win,0.107700643
P051,24,Win,0.045176966
P051,25,Win,0.01937054
P051,26,Win,0.070321301
P051,27,Win,0.029689453
P051,28,Win,0.102148043
P051,29,Win,0.042856459
P051,30,Win,0.139618402
P051,1,Win,0.5
P051,2,Win,0.746250414
P051,3,Win,0.48186899
P051,4,Win,0.733223176
P051,5,Win,0.883061543
P051,6,Win,0.950943163
P051,7,Win,0.843745715
P051,8,Win,0.934112754
P051,9,Win,0.972131973
P051,10,Win,0.98777306
P051,11,Win,0.994376294
P051,12,Win,0.976984998
P051,13,Win,0.918151604
P051,14,Win,0.965563769
P051,15,Win,0.98505165
P051,16,Win,0.944153532
P051,17,Win,0.97625152
P051,18,Win,0.915871538
P051,19,Win,0.964622323
P051,20,Win,0.984662916
P051,21,Win,0.993041406
P051,22,Win,0.99668454
P051,23,Win,0.99834247
P051,24,Win,0.999132439
P051,25,Win,0.995914103
P051,26,Win,0.982837707
P051,27,Win,0.992264629
P051,28,Win,0.969200506
P051,29,Win,0.986556217
P051,30,Win,0.94921599
P051,1,Win,0.5
P051,2,Win,0.746250414
P051,3,Win,0.889423979
P051,4,Win,0.953618039
P051,5,Win,0.980134607
P051,6,Win,0.928093405
P051,7,Win,0.969658828
P051,8,Win,0.895921008
P051,9,Win,0.956337509
P051,10,Win,0.858185138
P051,11,Win,0.645769192
P051,12,Win,0.83737386
P051,13,Win,0.610609309
P051,14,Win,0.817325009
P051,15,Win,0.922460838
P051,16,Win,0.967340605
P051,17,Win,0.985786133
P051,18,Win,0.946615461
P051,19,Win,0.977261246
P051,20,Win,0.91901369
P051,21,Win,0.965919485
P051,22,Win,0.985198604
P051,23,Win,0.944644704
P051,24,Win,0.976452963
P051,25,Win,0.989575279
P051,26,Win,0.99515794
P051,27,Win,0.997638442
P051,28,Win,0.989653315
P051,29,Win,0.995191946
P051,30,Win,0.98006708
P051,1,Loss,0.5
P051,2,Loss,0.850378262
P051,3,Loss,0.893015332
P051,4,Loss,0.740497226
P051,5,Loss,0.692349933
P051,6,Loss,0.87180251
P051,7,Loss,0.896748305
P051,8,Loss,0.742180599
P051,9,Loss,0.692763395
P051,10,Loss,0.681145247
P051,11,Loss,0.678543957
P051,12,Loss,0.67796705
P051,13,Loss,0.677839366
P051,14,Loss,0.677811118
P051,15,Loss,0.870127063
P051,16,Loss,0.896442571
P051,17,Loss,0.90158707
P051,18,Loss,0.744433439
P051,19,Loss,0.693319006
P051,20,Loss,0.681270705
P051,21,Loss,0.67857183
P051,22,Loss,0.870214166
P051,23,Loss,0.731077816
P051,24,Loss,0.690062178
P051,25,Loss,0.680536719
P051,26,Loss,0.678408825
P051,27,Loss,0.870195497
P051,28,Loss,0.731070627
P051,29,Loss,0.690060448
P051,30,Loss,0.680536331
P051,1,Loss,0.5
P051,2,Loss,0.850378262
P051,3,Loss,0.893015332
P051,4,Loss,0.740497226
P051,5,Loss,0.692349933
P051,6,Loss,0.87180251
P051,7,Loss,0.896748305
P051,8,Loss,0.901651773
P051,9,Loss,0.744464136
P051,10,Loss,0.878050642
P051,11,Loss,0.734164816
P051,12,Loss,0.690807236
P051,13,Loss,0.680704333
P051,14,Loss,0.870458654
P051,15,Loss,0.896502875
P051,16,Loss,0.901599822
P051,17,Loss,0.902696633
P051,18,Loss,0.902937768
P051,19,Loss,0.902991034
P051,20,Loss,0.745103033
P051,21,Loss,0.87813023
P051,22,Loss,0.734196911
P051,23,Loss,0.690815006
P051,24,Loss,0.871624502
P051,25,Loss,0.731623046
P051,26,Loss,0.690193447
P051,27,Loss,0.680566238
P051,28,Loss,0.870442808
P051,29,Loss,0.731165911
P051,30,Loss,0.876412746
P051,1,Loss,0.5
P051,2,Loss,0.640881073
P051,3,Loss,0.8659584
P051,4,Loss,0.729458421
P051,5,Loss,0.689673103
P051,6,Loss,0.871492253
P051,7,Loss,0.896691495
P051,8,Loss,0.742154634
P051,9,Loss,0.877763656
P051,10,Loss,0.734049213
P051,11,Loss,0.690779254
P051,12,Loss,0.871620359
P051,13,Loss,0.896714941
P051,14,Loss,0.742165349
P051,15,Loss,0.877764985
P051,16,Loss,0.897858019
P051,17,Loss,0.742689982
P051,18,Loss,0.692888792
P051,19,Loss,0.681173553
P051,20,Loss,0.678550245
P051,21,Loss,0.677968442
P051,22,Loss,0.870145072
P051,23,Loss,0.731051216
P051,24,Loss,0.690055778
P051,25,Loss,0.871536555
P051,26,Loss,0.731588918
P051,27,Loss,0.690185226
P051,28,Loss,0.871551545
P051,29,Loss,0.896702345
P051,30,Loss,0.901642038
P052,1,Win,0.5
P052,2,Win,0.785119134
P052,3,Win,0.928398806
P052,4,Win,0.770112462
P052,5,Win,0.471529314
P052,6,Win,0.196677221
P052,7,Win,0.480065611
P052,8,Win,0.771670321
P052,9,Win,0.473678358
P052,10,Win,0.198012223
P052,11,Win,0.065189538
P052,12,Win,0.212926281
P052,13,Win,0.50444766
P052,14,Win,0.217829366
P052,15,Win,0.511536278
P052,16,Win,0.222589921
P052,17,Win,0.074588662
P052,18,Win,0.237607975
P052,19,Win,0.538956821
P052,20,Win,0.241747783
P052,21,Win,0.544469749
P052,22,Win,0.813070939
P052,23,Win,0.535256688
P052,24,Win,0.23909113
P052,25,Win,0.540940598
P052,26,Win,0.243181628
P052,27,Win,0.546361702
P052,28,Win,0.814201974
P052,29,Win,0.939349279
P052,30,Win,0.981551613
P052,1,Win,0.5
P052,2,Win,0.214880866
P052,3,Win,0.507287927
P052,4,Win,0.219727705
P052,5,Win,0.073475192
P052,6,Win,0.234743713
P052,7,Win,0.079374211
P052,8,Win,0.249742737
P052,9,Win,0.55490668
P052,10,Win,0.819254704
P052,11,Win,0.941202239
P052,12,Win,0.982126722
P052,13,Win,0.932170566
P052,14,Win,0.979312292
P052,15,Win,0.993733649
P052,16,Win,0.974828144
P052,17,Win,0.992385189
P052,18,Win,0.969666264
P052,19,Win,0.990828943
P052,20,Win,0.997193166
P052,21,Win,0.999121576
P052,22,Win,0.99625071
P052,23,Win,0.998833502
P052,24,Win,0.999628059
P052,25,Win,0.998378834
P052,26,Win,0.999486745
P052,27,Win,0.999833369
P052,28,Win,0.999944528
P052,29,Win,0.999981072
P052,30,Win,0.999911676
P052,1,Win,0.5
P052,2,Win,0.785119134
P052,3,Win,0.928398806
P052,4,Win,0.770112462
P052,5,Win,0.922549167
P052,6,Win,0.755100545
P052,7,Win,0.916553931
P052,8,Win,0.740150397
P052,9,Win,0.910434416
P052,10,Win,0.725323512
P052,11,Win,0.90421213
P052,12,Win,0.970406774
P052,13,Win,0.892438139
P052,14,Win,0.966561477
P052,15,Win,0.989890301
P052,16,Win,0.996910681
P052,17,Win,0.99903507
P052,18,Win,0.995891314
P052,19,Win,0.998724005
P052,20,Win,0.994606174
P052,21,Win,0.998333666
P052,22,Win,0.999472755
P052,23,Win,0.997721043
P052,24,Win,0.999283683
P052,25,Win,0.99976915
P052,26,Win,0.999923708
P052,27,Win,0.999974153
P052,28,Win,0.999880237
P052,29,Win,0.999959835
P052,30,Win,0.999815737
P052,1,Loss,0.5
P052,2,Loss,0.616938009
P052,3,Loss,0.629254882
P052,4,Loss,0.630600548
P052,5,Loss,0.815863955
P052,6,Loss,0.654843643
P052,7,Loss,0.8176036
P052,8,Loss,0.655132701
P052,9,Loss,0.633484014
P052,10,Loss,0.631066277
P052,11,Loss,0.630799784
P052,12,Loss,0.63077045
P052,13,Loss,0.630767221
P052,14,Loss,0.815875786
P052,15,Loss,0.654845602
P052,16,Loss,0.817603742
P052,17,Loss,0.831293394
P052,18,Loss,0.657481817
P052,19,Loss,0.63375009
P052,20,Loss,0.816087796
P052,21,Loss,0.654880724
P052,22,Loss,0.817606292
P052,23,Loss,0.831293658
P052,24,Loss,0.657481864
P052,25,Loss,0.633750096
P052,26,Loss,0.631095646
P052,27,Loss,0.815899103
P052,28,Loss,0.654849464
P052,29,Loss,0.817604022
P052,30,Loss,0.831293423
P052,1,Loss,0.5
P052,2,Loss,0.806856928
P052,3,Loss,0.653378073
P052,4,Loss,0.633285781
P052,5,Loss,0.631044402
P052,6,Loss,0.630797376
P052,7,Loss,0.815877926
P052,8,Loss,0.831115348
P052,9,Loss,0.657450364
P052,10,Loss,0.817793149
P052,11,Loss,0.831313004
P052,12,Loss,0.657485283
P052,13,Loss,0.817795692
P052,14,Loss,0.831313268
P052,15,Loss,0.83275106
P052,16,Loss,0.657740268
P052,17,Loss,0.817814262
P052,18,Loss,0.831315191
P052,19,Loss,0.657485669
P052,20,Loss,0.81779572
P052,21,Loss,0.655164747
P052,22,Loss,0.81762692
P052,23,Loss,0.655136589
P052,24,Loss,0.817624875
P052,25,Loss,0.831295581
P052,26,Loss,0.657482204
P052,27,Loss,0.633750134
P052,28,Loss,0.816087799
P052,29,Loss,0.654880724
P052,30,Loss,0.63345552
P052,1,Loss,0.5
P052,2,Loss,0.806856928
P052,3,Loss,0.830202731
P052,4,Loss,0.657289539
P052,5,Loss,0.633728282
P052,6,Loss,0.631093238
P052,7,Loss,0.815898932
P052,8,Loss,0.654849435
P052,9,Loss,0.81760402
P052,10,Loss,0.655132771
P052,11,Loss,0.633484022
P052,12,Loss,0.816068863
P052,13,Loss,0.831134989
P052,14,Loss,0.657453833
P052,15,Loss,0.817793401
P052,16,Loss,0.65516436
P052,17,Loss,0.817626892
P052,18,Loss,0.655136585
P052,19,Loss,0.633484453
P052,20,Loss,0.631066325
P052,21,Loss,0.630799789
P052,22,Loss,0.815878098
P052,23,Loss,0.654845985
P052,24,Loss,0.81760377
P052,25,Loss,0.831293396
P052,26,Loss,0.657481818
P052,27,Loss,0.817795439
P052,28,Loss,0.6551647
P052,29,Loss,0.817626917
P052,30,Loss,0.831295792
P054,1,Win,0.5
P054,2,Win,0.768038163
P054,3,Win,0.493392372
P054,4,Win,0.76340124
P054,5,Win,0.912362086
P054,6,Win,0.749103031
P054,7,Win,0.906102796
P054,8,Win,0.734902098
P054,9,Win,0.899744969
P054,10,Win,0.720850023
P054,11,Win,0.893309828
P054,12,Win,0.963573677
P054,13,Win,0.987875324
P054,14,Win,0.957135521
P054,15,Win,0.985721221
P054,16,Win,0.949971793
P054,17,Win,0.983310097
P054,18,Win,0.942071165
P054,19,Win,0.822010587
P054,20,Win,0.574194175
P054,21,Win,0.816025746
P054,22,Win,0.934258922
P054,23,Win,0.801893347
P054,24,Win,0.928546213
P054,25,Win,0.975995527
P054,26,Win,0.992003195
P054,27,Win,0.997299259
P054,28,Win,0.989886803
P054,29,Win,0.996597446
P054,30,Win,0.987347417
P054,1,Win,0.5
P054,2,Win,0.231961837
P054,3,Win,0.085637716
P054,4,Win,0.028942149
P054,5,Win,0.096366772
P054,6,Win,0.270599827
P054,7,Win,0.102757267
P054,8,Win,0.284581013
P054,9,Win,0.573407609
P054,10,Win,0.815553075
P054,11,Win,0.93406975
P054,12,Win,0.977897091
P054,13,Win,0.9247539
P054,14,Win,0.974683197
P054,15,Win,0.991568518
P054,16,Win,0.969669483
P054,17,Win,0.989905063
P054,18,Win,0.963982659
P054,19,Win,0.988011786
P054,20,Win,0.995976769
P054,21,Win,0.998624037
P054,22,Win,0.994751403
P054,23,Win,0.998214046
P054,24,Win,0.99937904
P054,25,Win,0.9975843
P054,26,Win,0.999165328
P054,27,Win,0.999705056
P054,28,Win,0.999893392
P054,29,Win,0.999960595
P054,30,Win,0.999836809
P054,1,Win,0.5
P054,2,Win,0.231961837
P054,3,Win,0.085637716
P054,4,Win,0.028942149
P054,5,Win,0.009633817
P054,6,Win,0.003243726
P054,7,Win,0.01207983
P054,8,Win,0.00405354
P054,9,Win,0.001386126
P054,10,Win,0.000484524
P054,11,Win,0.000173244
P054,12,Win,6.34E-05
P054,13,Win,0.000259622
P054,14,Win,9.41E-05
P054,15,Win,3.49E-05
P054,16,Win,0.000144837
P054,17,Win,5.32E-05
P054,18,Win,0.000218759
P054,19,Win,7.96E-05
P054,20,Win,2.96E-05
P054,21,Win,1.13E-05
P054,22,Win,4.79E-05
P054,23,Win,1.80E-05
P054,24,Win,6.93E-06
P054,25,Win,2.98E-05
P054,26,Win,1.13E-05
P054,27,Win,4.40E-06
P054,28,Win,1.75E-06
P054,29,Win,7.07E-07
P054,30,Win,3.20E-06
P054,1,Loss,0.5
P054,2,Loss,0.688217028
P054,3,Loss,0.767703491
P054,4,Loss,0.951878134
P054,5,Loss,0.909960146
P054,6,Loss,0.972197715
P054,7,Loss,0.985037733
P054,8,Loss,0.949119562
P054,9,Loss,0.907480826
P054,10,Loss,0.876057155
P054,11,Loss,0.966824268
P054,12,Loss,0.924885926
P054,13,Loss,0.974793338
P054,14,Loss,0.93431058
P054,15,Loss,0.895203332
P054,16,Loss,0.969785344
P054,17,Loss,0.984380143
P054,18,Loss,0.988875142
P054,19,Loss,0.956022038
P054,20,Loss,0.913825204
P054,21,Loss,0.880310233
P054,22,Loss,0.967468206
P054,23,Loss,0.925600443
P054,24,Loss,0.888626627
P054,25,Loss,0.968749315
P054,26,Loss,0.927044092
P054,27,Loss,0.889689265
P054,28,Loss,0.864814442
P054,29,Loss,0.850402708
P054,30,Loss,0.963071977
P054,1,Loss,0.5
P054,2,Loss,0.914931367
P054,3,Loss,0.881066974
P054,4,Loss,0.967583544
P054,5,Loss,0.925729194
P054,6,Loss,0.974945702
P054,7,Loss,0.934504872
P054,8,Loss,0.976574789
P054,9,Loss,0.93662192
P054,10,Loss,0.976980838
P054,11,Loss,0.937161421
P054,12,Loss,0.977085204
P054,13,Loss,0.986457012
P054,14,Loss,0.951551379
P054,15,Loss,0.90966275
P054,16,Loss,0.972147737
P054,17,Loss,0.931029562
P054,18,Loss,0.975919693
P054,19,Loss,0.935761674
P054,20,Loss,0.97681518
P054,21,Loss,0.936940724
P054,22,Loss,0.897273461
P054,23,Loss,0.970116063
P054,24,Loss,0.92861849
P054,25,Loss,0.890860027
P054,26,Loss,0.969098736
P054,27,Loss,0.927443146
P054,28,Loss,0.975257518
P054,29,Loss,0.934904417
P054,30,Loss,0.976651004
P054,1,Loss,0.5
P054,2,Loss,0.914931367
P054,3,Loss,0.881066974
P054,4,Loss,0.859668791
P054,5,Loss,0.84757151
P054,6,Loss,0.841082881
P054,7,Loss,0.837690208
P054,8,Loss,0.835938555
P054,9,Loss,0.835039878
P054,10,Loss,0.83458029
P054,11,Loss,0.834345635
P054,12,Loss,0.834225925
P054,13,Loss,0.960797789
P054,14,Loss,0.982119285
P054,15,Loss,0.944470853
P054,16,Loss,0.978538161
P054,17,Loss,0.939277926
P054,18,Loss,0.97749828
P054,19,Loss,0.937856153
P054,20,Loss,0.977220148
P054,21,Loss,0.937481704
P054,22,Loss,0.897704574
P054,23,Loss,0.869765764
P054,24,Loss,0.965884295
P054,25,Loss,0.923855695
P054,26,Loss,0.974608108
P054,27,Loss,0.98572174
P054,28,Loss,0.950275844
P054,29,Loss,0.908511505
P054,30,Loss,0.971954842
P055,1,Win,0.5
P055,2,Win,0.938860015
P055,3,Win,0.417996427
P055,4,Win,0.919871892
P055,5,Win,0.992432939
P055,6,Win,0.999104236
P055,7,Win,0.96878438
P055,8,Win,0.996828439
P055,9,Win,0.999584256
P055,10,Win,0.999930432
P055,11,Win,0.999985547
P055,12,Win,0.999996367
P055,13,Win,0.999745565
P055,14,Win,0.999954819
P055,15,Win,0.999990109
P055,16,Win,0.99938664
P055,17,Win,0.999902074
P055,18,Win,0.995418171
P055,19,Win,0.999424955
P055,20,Win,0.999907474
P055,21,Win,0.999981429
P055,22,Win,0.998933478
P055,23,Win,0.999840712
P055,24,Win,0.999970065
P055,25,Win,0.998378355
P055,26,Win,0.999769698
P055,27,Win,0.999958609
P055,28,Win,0.999990842
P055,29,Win,0.999997568
P055,30,Win,0.999821126
P055,1,Win,0.5
P055,2,Win,0.938860015
P055,3,Win,0.994129904
P055,4,Win,0.999284348
P055,5,Win,0.99988785
P055,6,Win,0.994841104
P055,7,Win,0.999361486
P055,8,Win,0.97663466
P055,9,Win,0.997556825
P055,10,Win,0.927706008
P055,11,Win,0.993133602
P055,12,Win,0.999178
P055,13,Win,0.97099101
P055,14,Win,0.99703167
P055,15,Win,0.999607823
P055,16,Win,0.999933911
P055,17,Win,0.999986184
P055,18,Win,0.999177373
P055,19,Win,0.999873234
P055,20,Win,0.994257982
P055,21,Win,0.999298159
P055,22,Win,0.97465987
P055,23,Win,0.997372072
P055,24,Win,0.923278408
P055,25,Win,0.992737789
P055,26,Win,0.999136234
P055,27,Win,0.999867675
P055,28,Win,0.994038571
P055,29,Win,0.99927452
P055,30,Win,0.973930325
P055,1,Win,0.5
P055,2,Win,0.938860015
P055,3,Win,0.417996427
P055,4,Win,0.919871892
P055,5,Win,0.992432939
P055,6,Win,0.999104236
P055,7,Win,0.96878438
P055,8,Win,0.996828439
P055,9,Win,0.91068483
P055,10,Win,0.991608777
P055,11,Win,0.999018409
P055,12,Win,0.999851924
P055,13,Win,0.993423243
P055,14,Win,0.99920873
P055,15,Win,0.999877493
P055,16,Win,0.994426958
P055,17,Win,0.999316432
P055,18,Win,0.975226606
P055,19,Win,0.997424974
P055,20,Win,0.99965398
P055,21,Win,0.9999408
P055,22,Win,0.997051162
P055,23,Win,0.999610093
P055,24,Win,0.999934247
P055,25,Win,0.996767085
P055,26,Win,0.999577177
P055,27,Win,0.999929392
P055,28,Win,0.999985357
P055,29,Win,0.999996326
P055,30,Win,0.999742989
P055,1,Loss,0.5
P055,2,Loss,0.984264916
P055,3,Loss,0.911522301
P055,4,Loss,0.871744814
P055,5,Loss,0.86063533
P055,6,Loss,0.989603129
P055,7,Loss,0.994439543
P055,8,Loss,0.995188526
P055,9,Loss,0.931382834
P055,10,Loss,0.878687696
P055,11,Loss,0.989974762
P055,12,Loss,0.919653161
P055,13,Loss,0.990969582
P055,14,Loss,0.921432628
P055,15,Loss,0.991019647
P055,16,Loss,0.921526224
P055,17,Loss,0.87508184
P055,18,Loss,0.989898031
P055,19,Loss,0.919521833
P055,20,Loss,0.990965917
P055,21,Loss,0.921425792
P055,22,Loss,0.875046849
P055,23,Loss,0.989897293
P055,24,Loss,0.919520574
P055,25,Loss,0.874389154
P055,26,Loss,0.989883444
P055,27,Loss,0.919496956
P055,28,Loss,0.874381072
P055,29,Loss,0.861291944
P055,30,Loss,0.858115953
P055,1,Loss,0.5
P055,2,Loss,0.984264916
P055,3,Loss,0.993877846
P055,4,Loss,0.927726106
P055,5,Loss,0.991203073
P055,6,Loss,0.994650577
P055,7,Loss,0.99523129
P055,8,Loss,0.93151491
P055,9,Loss,0.878738529
P055,10,Loss,0.862397699
P055,11,Loss,0.858376473
P055,12,Loss,0.857435431
P055,13,Loss,0.989540248
P055,14,Loss,0.918919731
P055,15,Loss,0.874184082
P055,16,Loss,0.989879135
P055,17,Loss,0.919489613
P055,18,Loss,0.990965018
P055,19,Loss,0.921424116
P055,20,Loss,0.875046266
P055,21,Loss,0.86145907
P055,22,Loss,0.858155242
P055,23,Loss,0.857384161
P055,24,Loss,0.857205867
P055,25,Loss,0.857164728
P055,26,Loss,0.857155241
P055,27,Loss,0.98953478
P055,28,Loss,0.994431094
P055,29,Loss,0.929185313
P055,30,Loss,0.991247133
P055,1,Loss,0.5
P055,2,Loss,0.798776895
P055,3,Loss,0.845085805
P055,4,Loss,0.854441436
P055,5,Loss,0.989482138
P055,6,Loss,0.994424615
P055,7,Loss,0.929167571
P055,8,Loss,0.877845671
P055,9,Loss,0.862168985
P055,10,Loss,0.858322476
P055,11,Loss,0.989557597
P055,12,Loss,0.918948548
P055,13,Loss,0.990949962
P055,14,Loss,0.921396061
P055,15,Loss,0.875036498
P055,16,Loss,0.861456611
P055,17,Loss,0.858154664
P055,18,Loss,0.98955431
P055,19,Loss,0.918943086
P055,20,Loss,0.990949811
P055,21,Loss,0.921395779
P055,22,Loss,0.8750364
P055,23,Loss,0.989897073
P055,24,Loss,0.919520198
P055,25,Loss,0.874389025
P055,26,Loss,0.861293939
P055,27,Loss,0.858116422
P055,28,Loss,0.989553562
P055,29,Loss,0.918941842
P055,30,Loss,0.990949776
P057,1,Win,0.5
P057,2,Win,0.931448599
P057,3,Win,0.363028288
P057,4,Win,0.89734533
P057,5,Win,0.986744939
P057,6,Win,0.997503647
P057,7,Win,0.889966372
P057,8,Win,0.275036585
P057,9,Win,0.863985635
P057,10,Win,0.983036092
P057,11,Win,0.996963247
P057,12,Win,0.999219313
P057,13,Win,0.952739691
P057,14,Win,0.993074327
P057,15,Win,0.998505849
P057,16,Win,0.923709805
P057,17,Win,0.989703617
P057,18,Win,0.725640747
P057,19,Win,0.96682387
P057,20,Win,0.994804091
P057,21,Win,0.998808687
P057,22,Win,0.935341054
P057,23,Win,0.991033046
P057,24,Win,0.998167866
P057,25,Win,0.911622442
P057,26,Win,0.988340412
P057,27,Win,0.997744907
P057,28,Win,0.999382145
P057,29,Win,0.999776444
P057,30,Win,0.981749608
P057,1,Win,0.5
P057,2,Win,0.068551401
P057,3,Win,0.00941427
P057,4,Win,0.260459598
P057,5,Win,0.856983197
P057,6,Win,0.982255744
P057,7,Win,0.631743886
P057,8,Win,0.954023681
P057,9,Win,0.993228483
P057,10,Win,0.998532144
P057,11,Win,0.999559041
P057,12,Win,0.999828436
P057,13,Win,0.985121582
P057,14,Win,0.997263941
P057,15,Win,0.999280758
P057,16,Win,0.9555546
P057,17,Win,0.993413082
P057,18,Win,0.790177922
P057,19,Win,0.974652909
P057,20,Win,0.995815461
P057,21,Win,0.998995371
P057,22,Win,0.942979918
P057,23,Win,0.991919706
P057,24,Win,0.998312508
P057,25,Win,0.916692868
P057,26,Win,0.988910462
P057,27,Win,0.997832658
P057,28,Win,0.999401117
P057,29,Win,0.99978185
P057,30,Win,0.982090559
P057,1,Win,0.5
P057,2,Win,0.068551401
P057,3,Win,0.636971712
P057,4,Win,0.10265467
P057,5,Win,0.013255061
P057,6,Win,0.002496353
P057,7,Win,0.110033628
P057,8,Win,0.01407615
P057,9,Win,0.002618267
P057,10,Win,0.000694788
P057,11,Win,0.000245124
P057,12,Win,0.000108225
P057,13,Win,0.010411656
P057,14,Win,0.276119789
P057,15,Win,0.033398931
P057,16,Win,0.005224061
P057,17,Win,0.18109718
P057,18,Win,0.022033084
P057,19,Win,0.40940177
P057,20,Win,0.910656862
P057,21,Win,0.988232101
P057,22,Win,0.704048616
P057,23,Win,0.964051433
P057,24,Win,0.994455878
P057,25,Win,0.811842919
P057,26,Win,0.97715997
P057,27,Win,0.99615024
P057,28,Win,0.999059175
P057,29,Win,0.999689024
P057,30,Win,0.976481043
P057,1,Loss,0.5
P057,2,Loss,0.619516541
P057,3,Loss,0.652591704
P057,4,Loss,0.683017492
P057,5,Loss,0.772835727
P057,6,Loss,0.840613722
P057,7,Loss,0.853038701
P057,8,Loss,0.898039203
P057,9,Loss,0.904728081
P057,10,Loss,0.933897076
P057,11,Loss,0.953888329
P057,12,Loss,0.955660291
P057,13,Loss,0.968778093
P057,14,Loss,0.96951917
P057,15,Loss,0.970214492
P057,16,Loss,0.970867462
P057,17,Loss,0.971481179
P057,18,Loss,0.979653696
P057,19,Loss,0.979796139
P057,20,Loss,0.985419064
P057,21,Loss,0.985326498
P057,22,Loss,0.989289504
P057,23,Loss,0.992090997
P057,24,Loss,0.991842249
P057,25,Loss,0.99159618
P057,26,Loss,0.991353058
P057,27,Loss,0.991113129
P057,28,Loss,0.993391362
P057,29,Loss,0.993133943
P057,30,Loss,0.994843586
P057,1,Loss,0.5
P057,2,Loss,0.540535566
P057,3,Loss,0.655539855
P057,4,Loss,0.685719178
P057,5,Loss,0.713286812
P057,6,Loss,0.79614269
P057,7,Loss,0.857567946
P057,8,Loss,0.901211404
P057,9,Loss,0.907595504
P057,10,Loss,0.935867643
P057,11,Loss,0.955236012
P057,12,Loss,0.956907179
P057,13,Loss,0.969632608
P057,14,Loss,0.970320982
P057,15,Loss,0.970967516
P057,16,Loss,0.971575264
P057,17,Loss,0.972147019
P057,18,Loss,0.980113644
P057,19,Loss,0.980234815
P057,20,Loss,0.980350447
P057,21,Loss,0.980460819
P057,22,Loss,0.985882387
P057,23,Loss,0.989680797
P057,24,Loss,0.989469785
P057,25,Loss,0.98926322
P057,26,Loss,0.989061168
P057,27,Loss,0.98886368
P057,28,Loss,0.991788509
P057,29,Loss,0.991543059
P057,30,Loss,0.993699231
P057,1,Loss,0.5
P057,2,Loss,0.540535566
P057,3,Loss,0.578954482
P057,4,Loss,0.688520385
P057,5,Loss,0.715837843
P057,6,Loss,0.798084321
P057,7,Loss,0.858969828
P057,8,Loss,0.902191935
P057,9,Loss,0.908482233
P057,10,Loss,0.914175695
P057,11,Loss,0.940384379
P057,12,Loss,0.943228905
P057,13,Loss,0.960270038
P057,14,Loss,0.971938899
P057,15,Loss,0.979969852
P057,16,Loss,0.980097631
P057,17,Loss,0.980219536
P057,18,Loss,0.985714146
P057,19,Loss,0.98956232
P057,20,Loss,0.989353785
P057,21,Loss,0.992136695
P057,22,Loss,0.991887489
P057,23,Loss,0.993946274
P057,24,Loss,0.993688178
P057,25,Loss,0.993430153
P057,26,Loss,0.993172624
P057,27,Loss,0.992915997
P057,28,Loss,0.994686291
P057,29,Loss,0.994430528
P057,30,Loss,0.995783378
P056,1,Win,0.5
P056,2,Win,0.931448599
P056,3,Win,0.5
P056,4,Win,0.259497664
P056,5,Win,0.50539064
P056,6,Win,0.744540059
P056,7,Win,0.89054152
P056,8,Win,0.956965152
P056,9,Win,0.983480434
P056,10,Win,0.993638416
P056,11,Win,0.997517007
P056,12,Win,0.992028851
P056,13,Win,0.996900171
P056,14,Win,0.998774476
P056,15,Win,0.995997132
P056,16,Win,0.987316693
P056,17,Win,0.995100612
P056,18,Win,0.998079105
P056,19,Win,0.999233595
P056,20,Win,0.997469848
P056,21,Win,0.998995852
P056,22,Win,0.996705112
P056,23,Win,0.998698842
P056,24,Win,0.999476875
P056,25,Win,0.998258418
P056,26,Win,0.999303809
P056,27,Win,0.999716577
P056,28,Win,0.999882493
P056,29,Win,0.999950396
P056,30,Win,0.99982647
P056,1,Win,0.999927329
P056,2,Win,0.999747779
P056,3,Win,0.5
P056,4,Win,0.259497664
P056,5,Win,0.50539064
P056,6,Win,0.744540059
P056,7,Win,0.499780561
P056,8,Win,0.259332498
P056,9,Win,0.111407826
P056,10,Win,0.271869316
P056,11,Win,0.117794756
P056,12,Win,0.284246514
P056,13,Win,0.124217471
P056,14,Win,0.049195741
P056,15,Win,0.135636053
P056,16,Win,0.054038035
P056,17,Win,0.020790906
P056,18,Win,0.007989607
P056,19,Win,0.003106894
P056,20,Win,0.009914806
P056,21,Win,0.003842932
P056,22,Win,0.012190915
P056,23,Win,0.004711608
P056,24,Win,0.00184855
P056,25,Win,0.005978783
P056,26,Win,0.002336025
P056,27,Win,0.00092852
P056,28,Win,0.000375825
P056,29,Win,0.000154924
P056,30,Win,0.000529292
P056,1,Win,0.000216675
P056,2,Win,0.000735065
P056,3,Win,0.5
P056,4,Win,0.259497664
P056,5,Win,0.50539064
P056,6,Win,0.263576613
P056,7,Win,0.510560688
P056,8,Win,0.267528
P056,9,Win,0.515518177
P056,10,Win,0.271353692
P056,11,Win,0.117529741
P056,12,Win,0.283738123
P056,13,Win,0.123951319
P056,14,Win,0.295933636
P056,15,Win,0.54975172
P056,16,Win,0.298799826
P056,17,Win,0.553075132
P056,18,Win,0.301564256
P056,19,Win,0.556258815
P056,20,Win,0.780730065
P056,21,Win,0.908244967
P056,22,Win,0.964216581
P056,23,Win,0.898212074
P056,24,Win,0.747279364
P056,25,Win,0.891913814
P056,26,Win,0.734672446
P056,27,Win,0.487236418
P056,28,Win,0.730776503
P056,29,Win,0.883562977
P056,30,Win,0.954065556
P056,1,Loss,0.982358737
P056,2,Loss,0.947273613
P056,3,Loss,0.5
P056,4,Loss,0.560325415
P056,5,Loss,0.616653678
P056,6,Loss,0.667974354
P056,7,Loss,0.713788178
P056,8,Loss,0.832734752
P056,9,Loss,0.906281574
P056,10,Loss,0.918469684
P056,11,Loss,0.954926321
P056,12,Loss,0.959881583
P056,13,Loss,0.964146391
P056,14,Loss,0.967829305
P056,15,Loss,0.981955865
P056,16,Loss,0.983390429
P056,17,Loss,0.990500374
P056,18,Loss,0.994461569
P056,19,Loss,0.994661964
P056,20,Loss,0.9968213
P056,21,Loss,0.996868433
P056,22,Loss,0.996913044
P056,23,Loss,0.996955293
P056,24,Loss,0.99814783
P056,25,Loss,0.998851404
P056,26,Loss,0.998821912
P056,27,Loss,0.999256407
P056,28,Loss,0.999224065
P056,29,Loss,0.999191681
P056,30,Loss,0.999159309
P056,1,Loss,0.999126998
P056,2,Loss,0.999442457
P056,3,Loss,0.5
P056,4,Loss,0.560325415
P056,5,Loss,0.616653678
P056,6,Loss,0.765666834
P056,7,Loss,0.865831237
P056,8,Loss,0.92541092
P056,9,Loss,0.958751844
P056,10,Loss,0.963172799
P056,11,Loss,0.966987437
P056,12,Loss,0.970290088
P056,13,Loss,0.973159202
P056,14,Loss,0.975660132
P056,15,Loss,0.986243146
P056,16,Loss,0.987204176
P056,17,Loss,0.988064673
P056,18,Loss,0.993097252
P056,19,Loss,0.993404391
P056,20,Loss,0.996103259
P056,21,Loss,0.997651791
P056,22,Loss,0.997658734
P056,23,Loss,0.997665383
P056,24,Loss,0.998565171
P056,25,Loss,0.998541241
P056,26,Loss,0.998517883
P056,27,Loss,0.999072868
P056,28,Loss,0.999040961
P056,29,Loss,0.999009284
P056,30,Loss,0.998977877
P056,1,Loss,0.998946777
P056,2,Loss,0.999332295
P056,3,Loss,0.5
P056,4,Loss,0.674245117
P056,5,Loss,0.719329992
P056,6,Loss,0.836353242
P056,7,Loss,0.859272284
P056,8,Loss,0.921658771
P056,9,Loss,0.93150372
P056,10,Loss,0.962100118
P056,11,Loss,0.966060672
P056,12,Loss,0.980989468
P056,13,Loss,0.989174214
P056,14,Loss,0.989836443
P056,15,Loss,0.994088719
P056,16,Loss,0.9943172
P056,17,Loss,0.994528366
P056,18,Loss,0.994723823
P056,19,Loss,0.994905002
P056,20,Loss,0.996960712
P056,21,Loss,0.997000464
P056,22,Loss,0.998174259
P056,23,Loss,0.998867161
P056,24,Loss,0.998837438
P056,25,Loss,0.999265825
P056,26,Loss,0.999233506
P056,27,Loss,0.999201129
P056,28,Loss,0.999168748
P056,29,Loss,0.999136414
P056,30,Loss,0.999448236
P056,1,Win,0.5
P056,2,Win,0.138251183
P058,3,Win,0.513391259
P058,4,Win,0.144564798
P058,5,Win,0.525992595
P058,6,Win,0.150731617
P058,7,Win,0.537836879
P058,8,Win,0.156739061
P058,9,Win,0.548959021
P058,10,Win,0.162576888
P058,11,Win,0.55939502
P058,12,Win,0.88711546
P058,13,Win,0.542734384
P058,14,Win,0.880400691
P058,15,Win,0.977416065
P058,16,Win,0.995877854
P058,17,Win,0.999220813
P058,18,Win,0.994042042
P058,19,Win,0.998884259
P058,20,Win,0.991576024
P058,21,Win,0.998435301
P058,22,Win,0.999696337
P058,23,Win,0.99760567
P058,24,Win,0.999540782
P058,25,Win,0.999907702
P058,26,Win,0.999980562
P058,27,Win,0.999995716
P058,28,Win,0.999961651
P058,29,Win,0.999991714
P058,30,Win,0.99992725
P058,1,Win,0.5
P058,2,Win,0.138251183
P058,3,Win,0.026436809
P058,4,Win,0.004818272
P058,5,Win,0.034074246
P058,6,Win,0.195175086
P058,7,Win,0.611742969
P058,8,Win,0.199637959
P058,9,Win,0.618217423
P058,10,Win,0.908692042
P058,11,Win,0.983049848
P058,12,Win,0.996894251
P058,13,Win,0.977522711
P058,14,Win,0.995897106
P058,15,Win,0.999224357
P058,16,Win,0.994068218
P058,17,Win,0.998889041
P058,18,Win,0.991610817
P058,19,Win,0.998441618
P058,20,Win,0.999697528
P058,21,Win,0.999938466
P058,22,Win,0.999490758
P058,23,Win,0.999897953
P058,24,Win,0.999978572
P058,25,Win,0.999817051
P058,26,Win,0.999962233
P058,27,Win,0.999991836
P058,28,Win,0.999998154
P058,29,Win,0.999999564
P058,30,Win,0.999995828
P058,1,Win,0.5
P058,2,Win,0.138251183
P058,3,Win,0.513391259
P058,4,Win,0.8678293
P058,5,Win,0.974831999
P058,6,Win,0.848094693
P058,7,Win,0.970667107
P058,8,Win,0.827344986
P058,9,Win,0.966135588
P058,10,Win,0.805798102
P058,11,Win,0.961252246
P058,12,Win,0.992945676
P058,13,Win,0.951306842
P058,14,Win,0.991121136
P058,15,Win,0.998352748
P058,16,Win,0.999680776
P058,17,Win,0.999935159
P058,18,Win,0.999464228
P058,19,Win,0.999892794
P058,20,Win,0.999127369
P058,21,Win,0.99982782
P058,22,Win,0.999964393
P058,23,Win,0.999700512
P058,24,Win,0.999939055
P058,25,Win,0.999987009
P058,26,Win,0.999997103
P058,27,Win,0.999999325
P058,28,Win,0.99999362
P058,29,Win,0.999998547
P058,30,Win,0.999986576
P058,1,Loss,0.5
P058,2,Loss,0.557392151
P058,3,Loss,0.709494913
P058,4,Loss,0.813180211
P058,5,Loss,0.878145642
P058,6,Loss,0.917953767
P058,7,Loss,0.942602463
P058,8,Loss,0.95825274
P058,9,Loss,0.950941541
P058,10,Loss,0.963670868
P058,11,Loss,0.972126618
P058,12,Loss,0.977916511
P058,13,Loss,0.981994737
P058,14,Loss,0.984942112
P058,15,Loss,0.979729103
P058,16,Loss,0.983295951
P058,17,Loss,0.977819527
P058,18,Loss,0.981925478
P058,19,Loss,0.984891437
P058,20,Loss,0.979669913
P058,21,Loss,0.973698936
P058,22,Loss,0.967121086
P058,23,Loss,0.96010625
P058,24,Loss,0.952833139
P058,25,Loss,0.964911738
P058,26,Loss,0.957794711
P058,27,Loss,0.968190765
P058,28,Loss,0.961232926
P058,29,Loss,0.953988764
P058,30,Loss,0.96567223
P058,1,Loss,0.5
P058,2,Loss,0.557392151
P058,3,Loss,0.606294458
P058,4,Loss,0.647320835
P058,5,Loss,0.772343077
P058,6,Loss,0.852902605
P058,7,Loss,0.853708572
P058,8,Loss,0.902979406
P058,9,Loss,0.898152488
P058,10,Loss,0.930279799
P058,11,Loss,0.923518509
P058,12,Loss,0.917133599
P058,13,Loss,0.942088602
P058,14,Loss,0.934872064
P058,15,Loss,0.927901022
P058,16,Loss,0.921263352
P058,17,Loss,0.915020508
P058,18,Loss,0.909210577
P058,19,Loss,0.903852076
P058,20,Loss,0.933810936
P058,21,Loss,0.926884855
P058,22,Loss,0.948222831
P058,23,Loss,0.961895521
P058,24,Loss,0.954670503
P058,25,Loss,0.96612176
P058,26,Loss,0.959058171
P058,27,Loss,0.951762096
P058,28,Loss,0.964208556
P058,29,Loss,0.957063202
P058,30,Loss,0.967704963
P058,1,Loss,0.5
P058,2,Loss,0.557392151
P058,3,Loss,0.606294458
P058,4,Loss,0.744302613
P058,5,Loss,0.761836508
P058,6,Loss,0.776444772
P058,7,Loss,0.855453956
P058,8,Loss,0.855926453
P058,9,Loss,0.856337641
P058,10,Loss,0.85669559
P058,11,Loss,0.857007282
P058,12,Loss,0.857278762
P058,13,Loss,0.905164585
P058,14,Loss,0.900145926
P058,15,Loss,0.895575832
P058,16,Loss,0.928686836
P058,17,Loss,0.92200724
P058,18,Loss,0.945147465
P058,19,Loss,0.959897936
P058,20,Loss,0.952619961
P058,21,Loss,0.945260276
P058,22,Loss,0.959971023
P058,23,Loss,0.952694737
P058,24,Loss,0.945335075
P058,25,Loss,0.938045126
P058,26,Loss,0.930952836
P058,27,Loss,0.950799807
P058,28,Loss,0.943444393
P058,29,Loss,0.936194234
P058,30,Loss,0.954138476
P059,1,Win,0.5
P059,2,Win,0.359866912
P059,3,Win,0.25301911
P059,4,Win,0.40700626
P059,5,Win,0.560915232
P059,6,Win,0.410830508
P059,7,Win,0.564340146
P059,8,Win,0.413797154
P059,9,Win,0.566986158
P059,10,Win,0.692762772
P059,11,Win,0.534764003
P059,12,Win,0.388547417
P059,13,Win,0.273924991
P059,14,Win,0.430073945
P059,15,Win,0.304997998
P059,16,Win,0.462929605
P059,17,Win,0.330346362
P059,18,Win,0.231915629
P059,19,Win,0.382848934
P059,20,Win,0.269737294
P059,21,Win,0.425518305
P059,22,Win,0.577349687
P059,23,Win,0.4251729
P059,24,Win,0.30127711
P059,25,Win,0.459079553
P059,26,Win,0.606263979
P059,27,Win,0.722246714
P059,28,Win,0.565788936
P059,29,Win,0.691849308
P059,30,Win,0.533825402
P059,1,Win,0.5
P059,2,Win,0.359866912
P059,3,Win,0.25301911
P059,4,Win,0.40700626
P059,5,Win,0.560915232
P059,6,Win,0.410830508
P059,7,Win,0.564340146
P059,8,Win,0.413797154
P059,9,Win,0.566986158
P059,10,Win,0.41609706
P059,11,Win,0.569031035
P059,12,Win,0.694320872
P059,13,Win,0.536368
P059,14,Win,0.669103708
P059,15,Win,0.767694777
P059,16,Win,0.835817848
P059,17,Win,0.881585409
P059,18,Win,0.766741264
P059,19,Win,0.835172349
P059,20,Win,0.700884843
P059,21,Win,0.790009906
P059,22,Win,0.850874663
P059,23,Win,0.722313348
P059,24,Win,0.804846671
P059,25,Win,0.860842096
P059,26,Win,0.898342956
P059,27,Win,0.923626607
P059,28,Win,0.83434813
P059,29,Win,0.880601893
P059,30,Win,0.76526109
P059,1,Win,0.5
P059,2,Win,0.359866912
P059,3,Win,0.517320337
P059,4,Win,0.374028362
P059,5,Win,0.263289048
P059,6,Win,0.185267134
P059,7,Win,0.325877974
P059,8,Win,0.484137252
P059,9,Win,0.34710798
P059,10,Win,0.243849443
P059,11,Win,0.172010728
P059,12,Win,0.123653632
P059,13,Win,0.24109687
P059,14,Win,0.170141356
P059,15,Win,0.306190615
P059,16,Win,0.464158975
P059,17,Win,0.331309109
P059,18,Win,0.232597765
P059,19,Win,0.164380173
P059,20,Win,0.118547104
P059,21,Win,0.087802327
P059,22,Win,0.184953941
P059,23,Win,0.132320177
P059,24,Win,0.097068649
P059,25,Win,0.073251511
P059,26,Win,0.160239979
P059,27,Win,0.115776492
P059,28,Win,0.085933289
P059,29,Win,0.181849673
P059,30,Win,0.321486666
P059,1,Loss,0.5
P059,2,Loss,0.512884562
P059,3,Loss,0.522017102
P059,4,Loss,0.528488305
P059,5,Loss,0.533074108
P059,6,Loss,0.561845123
P059,7,Loss,0.582020888
P059,8,Loss,0.596175485
P059,9,Loss,0.581260044
P059,10,Loss,0.570584632
P059,11,Loss,0.588149783
P059,12,Loss,0.600480605
P059,13,Loss,0.58435038
P059,14,Loss,0.597811401
P059,15,Loss,0.60727495
P059,16,Loss,0.613941488
P059,17,Loss,0.618645937
P059,18,Loss,0.597442709
P059,19,Loss,0.607015474
P059,20,Loss,0.589049996
P059,21,Loss,0.576154397
P059,22,Loss,0.592057493
P059,23,Loss,0.603227374
P059,24,Loss,0.586324428
P059,25,Loss,0.574204279
P059,26,Loss,0.59068911
P059,27,Loss,0.602265342
P059,28,Loss,0.610410925
P059,29,Loss,0.616153564
P059,30,Loss,0.595640899
P059,1,Loss,0.5
P059,2,Loss,0.512884562
P059,3,Loss,0.522017102
P059,4,Loss,0.528488305
P059,5,Loss,0.533074108
P059,6,Loss,0.536324507
P059,7,Loss,0.538628889
P059,8,Loss,0.565742273
P059,9,Loss,0.584753594
P059,10,Loss,0.59809461
P059,11,Loss,0.582637106
P059,12,Loss,0.596608188
P059,13,Loss,0.606428224
P059,14,Loss,0.58862722
P059,15,Loss,0.600816117
P059,16,Loss,0.584591406
P059,17,Loss,0.597980691
P059,18,Loss,0.607394098
P059,19,Loss,0.614025504
P059,20,Loss,0.618705274
P059,21,Loss,0.597485628
P059,22,Loss,0.607045678
P059,23,Loss,0.613779824
P059,24,Loss,0.59392656
P059,25,Loss,0.60454174
P059,26,Loss,0.612014773
P059,27,Loss,0.592652872
P059,28,Loss,0.578734591
P059,29,Loss,0.593868365
P059,30,Loss,0.579605697
P059,1,Loss,0.5
P059,2,Loss,0.512884562
P059,3,Loss,0.522017102
P059,4,Loss,0.554081624
P059,5,Loss,0.576577848
P059,6,Loss,0.592354657
P059,7,Loss,0.578520919
P059,8,Loss,0.593718385
P059,9,Loss,0.579498193
P059,10,Loss,0.569326511
P059,11,Loss,0.562073277
P059,12,Loss,0.582180861
P059,13,Loss,0.596287814
P059,14,Loss,0.581340622
P059,15,Loss,0.595697842
P059,16,Loss,0.580917446
P059,17,Loss,0.595400731
P059,18,Loss,0.60557869
P059,19,Loss,0.612745615
P059,20,Loss,0.593180151
P059,21,Loss,0.579112435
P059,22,Loss,0.594133587
P059,23,Loss,0.579795817
P059,24,Loss,0.569539002
P059,25,Loss,0.58741635
P059,26,Loss,0.574985358
P059,27,Loss,0.59123716
P059,28,Loss,0.577720401
P059,29,Loss,0.593156518
P059,30,Loss,0.604000183
