"","rt","response","subj_idx","condition","correct","stim","Allocation"
"1",0.477451407889021,"0","P001","3-back",1,"0","ACTIVE"
"2",0.326539841265912,"0","P001","0-back",1,"0","ACTIVE"
"3",0.332365855796525,"1","P001","0-back",1,"1","ACTIVE"
"4",0.389916254927812,"0","P001","0-back",1,"0","ACTIVE"
"5",0.401807146852661,"0","P001","0-back",1,"0","ACTIVE"
"6",0.32146213930173,"0","P001","0-back",1,"0","ACTIVE"
"7",0.375167406167748,"1","P001","1-back",1,"1","ACTIVE"
"8",0.370779234111978,"0","P001","1-back",1,"0","ACTIVE"
"9",0.313287306616985,"0","P001","1-back",1,"0","ACTIVE"
"10",0.44649098634909,"0","P001","1-back",1,"0","ACTIVE"
"11",0.481840201988234,"0","P001","1-back",1,"0","ACTIVE"
"12",0.335745392094395,"0","P001","1-back",1,"0","ACTIVE"
"13",0.355467440316716,"1","P001","1-back",1,"1","ACTIVE"
"14",0.337026480810891,"0","P001","1-back",1,"0","ACTIVE"
"15",0.319036188342579,"1","P001","1-back",1,"1","ACTIVE"
"16",0.352404521723656,"0","P001","0-back",1,"0","ACTIVE"
"17",0.308672401450167,"0","P001","0-back",1,"0","ACTIVE"
"18",0.337640744033706,"0","P001","0-back",1,"0","ACTIVE"
"19",0.424678266030242,"1","P001","0-back",0,"0","ACTIVE"
"20",0.368390916493809,"0","P001","0-back",1,"0","ACTIVE"
"21",0.353939091211942,"0","P001","0-back",1,"0","ACTIVE"
"22",0.449820448528044,"1","P001","0-back",1,"1","ACTIVE"
"23",0.30166669051323,"0","P001","1-back",1,"0","ACTIVE"
"24",0.430260130367969,"0","P001","1-back",1,"0","ACTIVE"
"25",0.457978175152675,"0","P001","1-back",1,"0","ACTIVE"
"26",0.362684955434815,"0","P001","1-back",1,"0","ACTIVE"
"27",0.40351682023902,"0","P001","1-back",1,"0","ACTIVE"
"28",0.49239091151685,"1","P001","1-back",1,"1","ACTIVE"
"29",0.268677800744626,"0","P001","1-back",0,"1","ACTIVE"
"30",0.439905151539278,"0","P001","1-back",1,"0","ACTIVE"
"31",0.45774024534694,"0","P001","1-back",1,"0","ACTIVE"
"32",0.441708130729239,"1","P001","1-back",1,"1","ACTIVE"
"33",0.254070154765941,"0","P001","3-back",1,"0","ACTIVE"
"34",0.277479959466291,"0","P001","3-back",1,"0","ACTIVE"
"35",0.419409909198293,"1","P001","3-back",0,"0","ACTIVE"
"36",0.395083530467673,"0","P001","3-back",0,"1","ACTIVE"
"37",0.589051372309768,"0","P001","3-back",1,"0","ACTIVE"
"38",0.621070814751874,"0","P001","3-back",1,"0","ACTIVE"
"39",0.647908363745955,"0","P001","3-back",0,"1","ACTIVE"
"40",0.47048053112303,"1","P001","3-back",1,"1","ACTIVE"
"41",0.400894616068399,"0","P001","3-back",1,"0","ACTIVE"
"42",0.531995182929677,"1","P001","3-back",0,"0","ACTIVE"
"43",0.429422866265668,"1","P001","3-back",0,"0","ACTIVE"
"44",0.531782134676178,"0","P001","3-back",1,"0","ACTIVE"
"45",0.568995600318885,"1","P001","3-back",1,"1","ACTIVE"
"46",0.328165539431211,"0","P001","1-back",1,"0","ACTIVE"
"47",0.468074796423025,"0","P001","0-back",1,"0","ACTIVE"
"48",0.430835827188275,"0","P001","0-back",1,"0","ACTIVE"
"49",0.47430886834627,"0","P001","0-back",1,"0","ACTIVE"
"50",0.56581387233382,"1","P001","0-back",1,"1","ACTIVE"
"51",0.402910643519135,"0","P001","0-back",1,"0","ACTIVE"
"52",0.595874203867425,"0","P001","0-back",1,"0","ACTIVE"
"53",0.431626749403222,"1","P001","0-back",1,"1","ACTIVE"
"54",0.424071156252467,"0","P001","0-back",1,"0","ACTIVE"
"55",0.367849120779283,"1","P001","0-back",0,"0","ACTIVE"
"56",0.365000494519336,"0","P001","0-back",0,"1","ACTIVE"
"57",0.365167511914478,"0","P001","1-back",1,"0","ACTIVE"
"58",0.426888680576667,"0","P001","1-back",1,"0","ACTIVE"
"59",0.425485050232965,"0","P001","1-back",1,"0","ACTIVE"
"60",0.409020929735561,"1","P001","1-back",1,"1","ACTIVE"
"61",0.332746543484973,"0","P001","1-back",1,"0","ACTIVE"
"62",0.407129621049535,"0","P001","1-back",1,"0","ACTIVE"
"63",0.457090836935095,"0","P001","1-back",1,"0","ACTIVE"
"64",0.629740790249343,"0","P001","1-back",1,"0","ACTIVE"
"65",0.429040001443354,"0","P001","1-back",1,"0","ACTIVE"
"66",0.304132140925503,"1","P001","1-back",1,"1","ACTIVE"
"67",0.351594938347262,"0","P001","2-back",1,"0","ACTIVE"
"68",0.363587844618451,"0","P001","2-back",1,"0","ACTIVE"
"69",0.44059530348386,"0","P001","2-back",1,"0","ACTIVE"
"70",0.486767370584857,"1","P001","2-back",1,"1","ACTIVE"
"71",0.353487180091179,"0","P001","2-back",1,"0","ACTIVE"
"72",0.437951327956398,"0","P001","2-back",1,"0","ACTIVE"
"73",0.511234641086048,"0","P001","2-back",1,"0","ACTIVE"
"74",0.43597915423743,"0","P001","2-back",1,"0","ACTIVE"
"75",0.525943368353182,"0","P001","2-back",1,"0","ACTIVE"
"76",0.485054275985021,"1","P001","2-back",1,"1","ACTIVE"
"77",0.338951379588252,"0","P001","3-back",1,"0","ACTIVE"
"78",0.359416764069465,"0","P001","3-back",1,"0","ACTIVE"
"79",0.383918246698158,"0","P001","3-back",1,"0","ACTIVE"
"80",0.337316039825964,"1","P001","3-back",1,"1","ACTIVE"
"81",0.415115976007655,"0","P001","2-back",1,"0","ACTIVE"
"82",0.502058015063085,"0","P001","3-back",1,"0","ACTIVE"
"83",0.540276695257489,"0","P001","3-back",1,"0","ACTIVE"
"84",0.556680166981096,"0","P001","1-back",1,"0","ACTIVE"
"85",0.388186987322115,"1","P001","1-back",1,"1","ACTIVE"
"86",0.321935199739528,"0","P001","1-back",1,"0","ACTIVE"
"87",0.37347732699709,"0","P001","2-back",1,"0","ACTIVE"
"88",0.442872587187594,"0","P001","2-back",1,"0","ACTIVE"
"89",0.418764855061454,"0","P001","2-back",1,"0","ACTIVE"
"90",0.409337547436735,"0","P001","2-back",1,"0","ACTIVE"
"91",0.395107789976464,"0","P001","2-back",1,"0","ACTIVE"
"92",0.378776474743063,"0","P001","2-back",1,"0","ACTIVE"
"93",0.427991866221419,"1","P001","2-back",1,"1","ACTIVE"
"94",0.467591783366515,"0","P001","2-back",0,"1","ACTIVE"
"95",0.624091434714501,"0","P001","2-back",1,"0","ACTIVE"
"96",0.518598335300339,"0","P001","2-back",1,"0","ACTIVE"
"97",0.388168948200473,"0","P001","0-back",1,"0","ACTIVE"
"98",0.354255086876947,"1","P001","0-back",1,"1","ACTIVE"
"99",0.366471616060153,"0","P001","0-back",1,"0","ACTIVE"
"100",0.326348564365617,"0","P001","0-back",1,"0","ACTIVE"
"101",0.359200916635018,"0","P001","0-back",1,"0","ACTIVE"
"102",0.417279115612473,"0","P001","0-back",1,"0","ACTIVE"
"103",0.364152033722348,"0","P001","0-back",1,"0","ACTIVE"
"104",0.401395357228466,"1","P001","0-back",1,"1","ACTIVE"
"105",0.336601317354507,"0","P001","0-back",1,"0","ACTIVE"
"106",0.5932302283436,"0","P001","0-back",1,"0","ACTIVE"
"107",0.307642927386041,"0","P001","3-back",1,"0","ACTIVE"
"108",0.305507157489046,"0","P001","3-back",1,"0","ACTIVE"
"109",0.312435735624604,"0","P001","3-back",1,"0","ACTIVE"
"110",0.404341021527216,"0","P001","3-back",1,"0","ACTIVE"
"111",0.48183989097015,"1","P001","3-back",1,"1","ACTIVE"
"112",0.365020088738675,"0","P001","3-back",1,"0","ACTIVE"
"113",0.419927134385944,"1","P001","3-back",1,"1","ACTIVE"
"114",0.396705185376049,"0","P001","3-back",1,"0","ACTIVE"
"115",0.568774154540733,"1","P001","3-back",1,"1","ACTIVE"
"116",0.353254848636425,"0","P001","3-back",1,"0","ACTIVE"
"117",0.313485736962321,"0","P001","2-back",1,"0","ACTIVE"
"118",0.364925227837375,"0","P001","2-back",1,"0","ACTIVE"
"119",0.337267520808382,"1","P001","2-back",1,"1","ACTIVE"
"120",0.361115240757499,"0","P001","2-back",1,"0","ACTIVE"
"121",0.514625063060521,"0","P001","1-back",1,"0","ACTIVE"
"122",0.481329197191371,"1","P001","1-back",0,"0","ACTIVE"
"123",0.393616141158418,"0","P001","1-back",1,"0","ACTIVE"
"124",0.570271401706123,"1","P001","2-back",0,"0","ACTIVE"
"125",0.502922959884017,"0","P001","2-back",1,"0","ACTIVE"
"126",0.467292582747177,"1","P001","2-back",1,"1","ACTIVE"
"127",0.605246772087412,"1","P001","2-back",1,"1","ACTIVE"
"128",0.287855565100472,"0","P001","3-back",1,"0","ACTIVE"
"129",0.383546267548809,"0","P001","3-back",1,"0","ACTIVE"
"130",0.32038507928155,"0","P001","3-back",1,"0","ACTIVE"
"131",0.462402425455366,"0","P001","3-back",1,"0","ACTIVE"
"132",0.70815685576963,"0","P001","3-back",1,"0","ACTIVE"
"133",0.56798167722809,"0","P001","3-back",1,"0","ACTIVE"
"134",0.52365333284979,"0","P001","3-back",1,"0","ACTIVE"
"135",0.520882772452751,"1","P001","3-back",1,"1","ACTIVE"
"136",0.488517476489505,"0","P001","3-back",1,"0","ACTIVE"
"137",0.791878289419401,"1","P001","3-back",1,"1","ACTIVE"
"138",0.375168650243722,"0","P001","0-back",0,"1","ACTIVE"
"139",0.359826065538073,"0","P001","0-back",1,"0","ACTIVE"
"140",0.451395450534619,"0","P001","0-back",1,"0","ACTIVE"
"141",0.426438946589769,"0","P001","0-back",1,"0","ACTIVE"
"142",0.360863004061684,"0","P001","2-back",1,"0","ACTIVE"
"143",0.623139093455393,"1","P001","2-back",0,"0","ACTIVE"
"144",0.341097413125681,"0","P001","0-back",1,"0","ACTIVE"
"145",0.436515973644418,"1","P001","0-back",1,"1","ACTIVE"
"146",0.392876226113003,"0","P001","0-back",1,"0","ACTIVE"
"147",0.523025384776702,"1","P001","0-back",1,"1","ACTIVE"
"148",0.327830882604758,"0","P001","2-back",1,"0","ACTIVE"
"149",0.343282635105425,"0","P001","2-back",1,"0","ACTIVE"
"150",0.369340458579245,"0","P001","2-back",1,"0","ACTIVE"
"151",0.442771816920867,"0","P001","2-back",1,"0","ACTIVE"
"152",0.411696629231301,"0","P001","2-back",1,"0","ACTIVE"
"153",0.345752439792705,"1","P001","2-back",1,"1","ACTIVE"
"154",0.470454716516542,"0","P001","2-back",0,"1","ACTIVE"
"155",0.335945066519344,"1","P001","1-back",1,"1","ACTIVE"
"156",0.312643807574204,"0","P001","1-back",1,"0","ACTIVE"
"157",0.760414638560178,"1","P001","2-back",1,"1","ACTIVE"
"158",0.674236463037232,"0","P001","1-back",1,"0","ACTIVE"
"159",0.453829176974978,"0","P001","2-back",1,"0","ACTIVE"
"160",0.487418023076316,"0","P001","1-back",1,"0","ACTIVE"
"161",0.381504794037482,"1","P002","1-back",1,"1","PLACEBO"
"162",0.583629111818937,"0","P002","1-back",1,"0","PLACEBO"
"163",0.598754557974644,"0","P002","1-back",1,"0","PLACEBO"
"164",0.293698083256004,"0","P002","0-back",1,"0","PLACEBO"
"165",0.373967574467315,"0","P002","0-back",1,"0","PLACEBO"
"166",0.362459272142587,"0","P002","0-back",1,"0","PLACEBO"
"167",0.525381899476088,"1","P002","0-back",1,"1","PLACEBO"
"168",0.380536282782941,"0","P002","0-back",1,"0","PLACEBO"
"169",0.301116804821049,"0","P002","0-back",1,"0","PLACEBO"
"170",0.460286684307448,"1","P002","0-back",1,"1","PLACEBO"
"171",0.304130572983013,"0","P002","0-back",1,"0","PLACEBO"
"172",0.277669128688558,"0","P002","0-back",1,"0","PLACEBO"
"173",0.372607180046089,"1","P002","0-back",1,"1","PLACEBO"
"174",0.287532454768552,"0","P002","1-back",1,"0","PLACEBO"
"175",0.647357712198755,"0","P002","1-back",1,"0","PLACEBO"
"176",NA,NA,"P002","1-back",0,"0","PLACEBO"
"177",0.412771472398163,"1","P002","1-back",1,"1","PLACEBO"
"178",0.312355143186778,"0","P002","1-back",1,"0","PLACEBO"
"179",0.681139596248158,"1","P002","1-back",0,"0","PLACEBO"
"180",0.724388568954964,"0","P002","1-back",1,"0","PLACEBO"
"181",0.430525023917198,"0","P002","1-back",1,"0","PLACEBO"
"182",0.266275281129765,"0","P002","0-back",1,"0","PLACEBO"
"183",0.358305932613348,"1","P002","0-back",1,"1","PLACEBO"
"184",0.283620776525822,"0","P002","0-back",1,"0","PLACEBO"
"185",0.390068374282237,"1","P002","0-back",1,"1","PLACEBO"
"186",0.349209266855269,"0","P002","2-back",1,"0","PLACEBO"
"187",1.31091886027934,"0","P002","2-back",1,"0","PLACEBO"
"188",0.522077329123022,"0","P002","2-back",1,"0","PLACEBO"
"189",0.681247519628414,"0","P002","2-back",1,"0","PLACEBO"
"190",0.973467021476608,"0","P002","2-back",1,"0","PLACEBO"
"191",0.920718925220172,"0","P002","2-back",0,"1","PLACEBO"
"192",0.746251606410169,"1","P002","2-back",1,"1","PLACEBO"
"193",0.39213198127436,"0","P002","2-back",1,"0","PLACEBO"
"194",0.673098837910857,"1","P002","2-back",0,"0","PLACEBO"
"195",0.864952395525961,"1","P002","2-back",1,"1","PLACEBO"
"196",0.280833429748782,"0","P002","1-back",1,"0","PLACEBO"
"197",0.522655512303118,"1","P002","1-back",1,"1","PLACEBO"
"198",0.643908829314569,"0","P002","1-back",1,"0","PLACEBO"
"199",0.556692431429838,"0","P002","1-back",1,"0","PLACEBO"
"200",0.397433911703047,"0","P002","1-back",1,"0","PLACEBO"
"201",0.747171598796285,"0","P002","1-back",1,"0","PLACEBO"
"202",1.65701949836466,"0","P002","3-back",1,"0","PLACEBO"
"203",0.42196579793017,"0","P002","1-back",1,"0","PLACEBO"
"204",0.26210981188342,"1","P002","1-back",1,"1","PLACEBO"
"205",0.451138078478834,"0","P002","1-back",1,"0","PLACEBO"
"206",0.380163993774659,"0","P002","2-back",1,"0","PLACEBO"
"207",0.762316017073317,"0","P002","2-back",1,"0","PLACEBO"
"208",0.731436245585428,"0","P002","2-back",1,"0","PLACEBO"
"209",1.07199298093701,"0","P002","2-back",1,"0","PLACEBO"
"210",0.707331387602608,"0","P002","2-back",1,"0","PLACEBO"
"211",0.647620522734996,"1","P002","2-back",0,"0","PLACEBO"
"212",1.01565355537559,"1","P002","2-back",1,"1","PLACEBO"
"213",1.01790657256515,"1","P002","2-back",1,"1","PLACEBO"
"214",0.431017988059466,"0","P002","2-back",1,"0","PLACEBO"
"215",0.760984236344029,"0","P002","2-back",1,"0","PLACEBO"
"216",0.420103730852134,"0","P002","0-back",1,"0","PLACEBO"
"217",0.392800359786179,"1","P002","0-back",1,"1","PLACEBO"
"218",0.303167660059444,"0","P002","0-back",1,"0","PLACEBO"
"219",0.344948003946229,"0","P002","0-back",1,"0","PLACEBO"
"220",0.287575375305551,"0","P002","0-back",1,"0","PLACEBO"
"221",0.32293101238929,"0","P002","0-back",1,"0","PLACEBO"
"222",0.297129860128734,"0","P002","0-back",1,"0","PLACEBO"
"223",0.300056232124007,"0","P002","0-back",1,"0","PLACEBO"
"224",0.323279664000438,"0","P002","0-back",1,"0","PLACEBO"
"225",0.257693972836933,"1","P002","0-back",1,"1","PLACEBO"
"226",NA,NA,"P002","2-back",0,"0","PLACEBO"
"227",0.856054159497489,"0","P002","2-back",1,"0","PLACEBO"
"228",1.12939764447128,"0","P002","2-back",1,"0","PLACEBO"
"229",0.736896173354125,"1","P002","2-back",1,"1","PLACEBO"
"230",0.674594214311583,"0","P002","2-back",1,"0","PLACEBO"
"231",0.648478622462335,"0","P002","2-back",1,"0","PLACEBO"
"232",0.873137777412921,"0","P002","2-back",1,"0","PLACEBO"
"233",0.887862320868862,"0","P002","2-back",1,"0","PLACEBO"
"234",0.782126333180258,"1","P002","2-back",0,"0","PLACEBO"
"235",0.784421337852109,"1","P002","2-back",1,"1","PLACEBO"
"236",0.662178671354013,"0","P002","3-back",1,"0","PLACEBO"
"237",0.691150656062291,"0","P002","3-back",1,"0","PLACEBO"
"238",1.15866012035167,"0","P002","3-back",1,"0","PLACEBO"
"239",0.612716173329318,"1","P002","3-back",1,"1","PLACEBO"
"240",NA,NA,"P002","3-back",0,"0","PLACEBO"
"241",0.239259913088972,"0","P002","3-back",1,"0","PLACEBO"
"242",0.83958418085831,"0","P002","2-back",1,"0","PLACEBO"
"243",1.1815202827529,"0","P002","2-back",1,"0","PLACEBO"
"244",1.06329068649211,"0","P002","2-back",1,"0","PLACEBO"
"245",1.06472883550987,"1","P002","2-back",1,"1","PLACEBO"
"246",0.96798407834649,"0","P002","2-back",0,"1","PLACEBO"
"247",0.882010509933025,"0","P002","3-back",1,"0","PLACEBO"
"248",0.690342319276624,"0","P002","3-back",1,"0","PLACEBO"
"249",0.842996674591632,"0","P002","3-back",1,"0","PLACEBO"
"250",0.804306920407726,"0","P002","3-back",1,"0","PLACEBO"
"251",1.05953669457131,"0","P002","3-back",1,"0","PLACEBO"
"252",0.794848851284769,"0","P002","3-back",1,"0","PLACEBO"
"253",1.41345384673741,"0","P002","3-back",1,"0","PLACEBO"
"254",1.30018841493802,"1","P002","3-back",1,"1","PLACEBO"
"255",1.33204509517782,"0","P002","3-back",1,"0","PLACEBO"
"256",1.0909172056613,"0","P002","3-back",0,"1","PLACEBO"
"257",0.299056930049574,"1","P002","0-back",1,"1","PLACEBO"
"258",0.33745028371095,"0","P002","0-back",1,"0","PLACEBO"
"259",0.261258865579293,"0","P002","0-back",1,"0","PLACEBO"
"260",0.284836236378851,"0","P002","0-back",1,"0","PLACEBO"
"261",0.327602508550171,"0","P002","0-back",1,"0","PLACEBO"
"262",0.270285863219215,"0","P002","0-back",1,"0","PLACEBO"
"263",0.327991592550916,"0","P002","0-back",1,"0","PLACEBO"
"264",0.294982900209106,"1","P002","0-back",1,"1","PLACEBO"
"265",0.418856858142135,"1","P002","0-back",1,"1","PLACEBO"
"266",0.322142580781019,"0","P002","0-back",1,"0","PLACEBO"
"267",0.763984008678563,"0","P002","1-back",1,"0","PLACEBO"
"268",0.547188020567319,"0","P002","1-back",1,"0","PLACEBO"
"269",0.388369902875183,"0","P002","1-back",1,"0","PLACEBO"
"270",0.368736245211949,"0","P002","1-back",1,"0","PLACEBO"
"271",0.353541752974252,"0","P002","1-back",1,"0","PLACEBO"
"272",0.273475667787352,"1","P002","1-back",1,"1","PLACEBO"
"273",0.414267781854051,"1","P002","1-back",1,"1","PLACEBO"
"274",0.325013280485109,"0","P002","1-back",1,"0","PLACEBO"
"275",0.40976361358571,"0","P002","1-back",1,"0","PLACEBO"
"276",0.5064859774252,"1","P002","1-back",1,"1","PLACEBO"
"277",0.297699334793833,"0","P002","3-back",1,"0","PLACEBO"
"278",0.772213244158138,"0","P002","3-back",1,"0","PLACEBO"
"279",0.435332435112286,"0","P002","3-back",1,"0","PLACEBO"
"280",0.3804096982999,"1","P002","3-back",1,"1","PLACEBO"
"281",0.580485960007991,"0","P002","3-back",1,"0","PLACEBO"
"282",1.2291235128655,"0","P002","3-back",1,"0","PLACEBO"
"283",0.746499488063819,"1","P002","3-back",1,"1","PLACEBO"
"284",1.0237885522838,"1","P002","3-back",1,"1","PLACEBO"
"285",1.94010128002719,"1","P002","3-back",0,"0","PLACEBO"
"286",1.23228688087102,"0","P002","3-back",1,"0","PLACEBO"
"287",1.41860928750657,"1","P002","3-back",1,"1","PLACEBO"
"288",0.336339637054152,"0","P002","1-back",1,"0","PLACEBO"
"289",0.330415669852755,"1","P002","1-back",1,"1","PLACEBO"
"290",0.395905256335482,"0","P002","1-back",1,"0","PLACEBO"
"291",0.622094310727334,"0","P002","1-back",1,"0","PLACEBO"
"292",0.516752072315739,"0","P002","1-back",1,"0","PLACEBO"
"293",0.496001236609118,"0","P002","1-back",1,"0","PLACEBO"
"294",0.385957644271912,"0","P002","1-back",1,"0","PLACEBO"
"295",0.715689073675094,"1","P002","1-back",1,"1","PLACEBO"
"296",0.407132709056896,"0","P002","1-back",1,"0","PLACEBO"
"297",0.341253105518717,"1","P002","1-back",1,"1","PLACEBO"
"298",0.354034717116065,"0","P002","0-back",1,"0","PLACEBO"
"299",0.521458713553329,"0","P002","0-back",1,"0","PLACEBO"
"300",0.312156091419638,"0","P002","0-back",1,"0","PLACEBO"
"301",0.380710453079246,"0","P002","0-back",1,"0","PLACEBO"
"302",0.316676121625278,"0","P002","0-back",1,"0","PLACEBO"
"303",1.24443370394283,"0","P002","3-back",0,"1","PLACEBO"
"304",0.690034411074066,"0","P002","3-back",1,"0","PLACEBO"
"305",1.2284719293466,"0","P002","2-back",1,"0","PLACEBO"
"306",1.25229065041412,"0","P002","2-back",1,"0","PLACEBO"
"307",0.276337347958361,"0","P002","0-back",1,"0","PLACEBO"
"308",1.13227052130424,"0","P002","3-back",1,"0","PLACEBO"
"309",0.585800020153783,"0","P002","3-back",1,"0","PLACEBO"
"310",0.732796951024284,"0","P002","3-back",1,"0","PLACEBO"
"311",0.457589532862585,"1","P002","3-back",0,"0","PLACEBO"
"312",1.09390733642613,"1","P002","3-back",1,"1","PLACEBO"
"313",1.14883038425705,"0","P002","3-back",1,"0","PLACEBO"
"314",1.29089611861491,"1","P002","3-back",1,"1","PLACEBO"
"315",0.703085364594244,"0","P002","3-back",1,"0","PLACEBO"
"316",0.369649395193392,"1","P002","2-back",1,"1","PLACEBO"
"317",0.458098047924068,"0","P002","2-back",1,"0","PLACEBO"
"318",0.642659157438629,"0","P002","2-back",1,"0","PLACEBO"
"319",0.718491038316188,"0","P002","3-back",1,"0","PLACEBO"
"320",0.754675850417243,"0","P002","3-back",1,"0","PLACEBO"
"321",0.378325438156025,"0","P003","0-back",1,"0","ACTIVE"
"322",0.47389241219571,"0","P003","0-back",1,"0","ACTIVE"
"323",0.352049745382828,"0","P003","3-back",1,"0","ACTIVE"
"324",0.664089575533581,"1","P003","2-back",1,"1","ACTIVE"
"325",0.601622640584537,"0","P003","3-back",1,"0","ACTIVE"
"326",0.708805185782694,"0","P003","3-back",1,"0","ACTIVE"
"327",1.05930824106326,"0","P003","2-back",0,"1","ACTIVE"
"328",0.552498046032269,"0","P003","3-back",1,"0","ACTIVE"
"329",0.657452461753564,"0","P003","3-back",1,"0","ACTIVE"
"330",0.63192072288075,"0","P003","3-back",1,"0","ACTIVE"
"331",0.550571914558532,"0","P003","3-back",1,"0","ACTIVE"
"332",0.929564796300838,"1","P003","3-back",1,"1","ACTIVE"
"333",0.773262010796316,"1","P003","3-back",0,"0","ACTIVE"
"334",1.49991213755493,"0","P003","3-back",0,"1","ACTIVE"
"335",0.419467768166214,"1","P003","0-back",1,"1","ACTIVE"
"336",0.416458051666268,"0","P003","0-back",1,"0","ACTIVE"
"337",0.453695556774619,"0","P003","0-back",1,"0","ACTIVE"
"338",0.40453488419007,"0","P003","0-back",1,"0","ACTIVE"
"339",0.371734043947072,"0","P003","0-back",1,"0","ACTIVE"
"340",0.370194507242559,"0","P003","0-back",1,"0","ACTIVE"
"341",0.354631812802836,"0","P003","0-back",1,"0","ACTIVE"
"342",0.48695141564167,"1","P003","0-back",1,"1","ACTIVE"
"343",0.325410473142256,"0","P003","0-back",1,"0","ACTIVE"
"344",0.567157234592742,"1","P003","0-back",1,"1","ACTIVE"
"345",0.631429937238863,"0","P003","2-back",1,"0","ACTIVE"
"346",0.65535806979824,"0","P003","2-back",1,"0","ACTIVE"
"347",0.33986905540587,"0","P003","3-back",1,"0","ACTIVE"
"348",0.349403919382894,"0","P003","3-back",1,"0","ACTIVE"
"349",0.535978972726298,"1","P003","3-back",1,"1","ACTIVE"
"350",0.647922263040527,"0","P003","3-back",1,"0","ACTIVE"
"351",0.479958186806471,"1","P003","3-back",1,"1","ACTIVE"
"352",0.544070093394112,"0","P003","3-back",1,"0","ACTIVE"
"353",0.763016160781262,"1","P003","3-back",1,"1","ACTIVE"
"354",1.38530404917037,"0","P003","3-back",1,"0","ACTIVE"
"355",0.666032812969206,"0","P003","2-back",1,"0","ACTIVE"
"356",0.691492395777459,"0","P003","2-back",1,"0","ACTIVE"
"357",0.446728453407559,"1","P003","2-back",1,"1","ACTIVE"
"358",0.396951966144115,"0","P003","2-back",1,"0","ACTIVE"
"359",0.482243854527042,"0","P003","2-back",1,"0","ACTIVE"
"360",0.505571101250098,"0","P003","2-back",1,"0","ACTIVE"
"361",0.581242595839285,"1","P003","2-back",0,"0","ACTIVE"
"362",0.873847874489002,"0","P003","2-back",1,"0","ACTIVE"
"363",0.550630385852855,"0","P003","3-back",1,"0","ACTIVE"
"364",0.494837886784808,"0","P003","3-back",1,"0","ACTIVE"
"365",0.612146229239443,"1","P003","3-back",1,"1","ACTIVE"
"366",0.577243843643373,"0","P003","3-back",1,"0","ACTIVE"
"367",0.651526334011578,"0","P003","3-back",1,"0","ACTIVE"
"368",0.438907606960129,"0","P003","1-back",1,"0","ACTIVE"
"369",0.354496520179964,"0","P003","1-back",1,"0","ACTIVE"
"370",0.403559844282427,"0","P003","1-back",1,"0","ACTIVE"
"371",0.425394828958815,"0","P003","1-back",1,"0","ACTIVE"
"372",0.362662285049737,"0","P003","1-back",1,"0","ACTIVE"
"373",0.536701777433336,"1","P003","1-back",1,"1","ACTIVE"
"374",0.40854669912369,"0","P003","1-back",1,"0","ACTIVE"
"375",0.342518302604731,"1","P003","1-back",1,"1","ACTIVE"
"376",0.410725998855924,"0","P003","0-back",1,"0","ACTIVE"
"377",0.357205793759931,"0","P003","0-back",1,"0","ACTIVE"
"378",0.331939352829068,"0","P003","0-back",1,"0","ACTIVE"
"379",0.359066922574129,"0","P003","0-back",1,"0","ACTIVE"
"380",0.396571280703938,"0","P003","0-back",1,"0","ACTIVE"
"381",0.332855610431579,"0","P003","0-back",1,"0","ACTIVE"
"382",0.371806822044164,"1","P003","0-back",1,"1","ACTIVE"
"383",0.398493368949858,"1","P003","0-back",1,"1","ACTIVE"
"384",0.325421358753374,"0","P003","0-back",1,"0","ACTIVE"
"385",0.496551282278233,"1","P003","0-back",1,"1","ACTIVE"
"386",0.481211587390135,"0","P003","1-back",1,"0","ACTIVE"
"387",0.422102086526138,"0","P003","1-back",1,"0","ACTIVE"
"388",0.59936403138272,"0","P003","2-back",1,"0","ACTIVE"
"389",0.575461091240868,"0","P003","2-back",1,"0","ACTIVE"
"390",0.524625900357933,"0","P003","2-back",1,"0","ACTIVE"
"391",0.729245256905415,"1","P003","2-back",1,"1","ACTIVE"
"392",0.375475273642223,"1","P003","2-back",1,"1","ACTIVE"
"393",0.428538905023743,"0","P003","2-back",1,"0","ACTIVE"
"394",0.788041874155169,"0","P003","2-back",1,"0","ACTIVE"
"395",0.47929478644437,"1","P003","2-back",1,"1","ACTIVE"
"396",0.634958119935618,"0","P003","1-back",1,"0","ACTIVE"
"397",0.392702844848827,"1","P003","1-back",1,"1","ACTIVE"
"398",0.36056727106552,"0","P003","1-back",1,"0","ACTIVE"
"399",0.430205647891853,"0","P003","1-back",1,"0","ACTIVE"
"400",0.412877929047681,"0","P003","1-back",1,"0","ACTIVE"
"401",0.588823958798457,"0","P003","1-back",1,"0","ACTIVE"
"402",0.563857960787573,"0","P003","1-back",1,"0","ACTIVE"
"403",0.404206138675363,"0","P003","1-back",1,"0","ACTIVE"
"404",0.361089469475701,"1","P003","1-back",1,"1","ACTIVE"
"405",0.43631589800134,"0","P003","1-back",1,"0","ACTIVE"
"406",0.633694455769728,"0","P003","1-back",1,"0","ACTIVE"
"407",0.411095176645176,"1","P003","1-back",1,"1","ACTIVE"
"408",0.406141600673436,"0","P003","2-back",1,"0","ACTIVE"
"409",0.765573657809,"0","P003","2-back",1,"0","ACTIVE"
"410",0.598136445249111,"0","P003","2-back",1,"0","ACTIVE"
"411",0.49618894687228,"0","P003","2-back",1,"0","ACTIVE"
"412",0.531898111905321,"1","P003","2-back",1,"1","ACTIVE"
"413",0.641289814517222,"0","P003","2-back",0,"1","ACTIVE"
"414",0.517903878793732,"0","P003","2-back",1,"0","ACTIVE"
"415",0.76855538273594,"0","P003","2-back",1,"0","ACTIVE"
"416",0.544387953297701,"0","P003","0-back",1,"0","ACTIVE"
"417",0.35754418081342,"1","P003","0-back",1,"1","ACTIVE"
"418",0.392460251187003,"0","P003","0-back",1,"0","ACTIVE"
"419",0.394109888089588,"0","P003","0-back",1,"0","ACTIVE"
"420",0.35808846146756,"0","P003","0-back",1,"0","ACTIVE"
"421",0.462543383055163,"0","P003","0-back",1,"0","ACTIVE"
"422",0.350278811649332,"0","P003","0-back",1,"0","ACTIVE"
"423",0.368265887631424,"0","P003","0-back",1,"0","ACTIVE"
"424",0.423312566694221,"0","P003","1-back",1,"0","ACTIVE"
"425",0.567305900967767,"0","P003","1-back",1,"0","ACTIVE"
"426",0.376294182759011,"0","P003","1-back",1,"0","ACTIVE"
"427",0.308522222043393,"0","P003","1-back",1,"0","ACTIVE"
"428",0.534977807343239,"0","P003","1-back",1,"0","ACTIVE"
"429",0.395544611885271,"0","P003","1-back",1,"0","ACTIVE"
"430",0.407131569427293,"0","P003","1-back",1,"0","ACTIVE"
"431",0.422562392446707,"1","P003","1-back",1,"1","ACTIVE"
"432",0.444104087608139,"1","P003","1-back",1,"1","ACTIVE"
"433",0.496998214450286,"0","P003","1-back",1,"0","ACTIVE"
"434",0.516784526753327,"0","P003","1-back",1,"0","ACTIVE"
"435",0.439608018405124,"1","P003","1-back",1,"1","ACTIVE"
"436",0.708217984712974,"0","P003","3-back",1,"0","ACTIVE"
"437",0.542912797220197,"0","P003","3-back",1,"0","ACTIVE"
"438",0.479350458579574,"0","P003","3-back",1,"0","ACTIVE"
"439",0.626049645237799,"1","P003","3-back",1,"1","ACTIVE"
"440",0.796776801078522,"0","P003","3-back",1,"0","ACTIVE"
"441",0.568576096498873,"0","P003","3-back",1,"0","ACTIVE"
"442",0.614297537395032,"0","P003","3-back",0,"1","ACTIVE"
"443",0.438050753702555,"1","P003","3-back",1,"1","ACTIVE"
"444",0.55819868607432,"0","P003","3-back",1,"0","ACTIVE"
"445",0.583328590313613,"0","P003","3-back",1,"0","ACTIVE"
"446",0.695539044674661,"0","P003","1-back",1,"0","ACTIVE"
"447",0.734365849282767,"0","P003","2-back",1,"0","ACTIVE"
"448",0.449168074796034,"0","P003","2-back",1,"0","ACTIVE"
"449",1.12461912017534,"0","P003","0-back",1,"0","ACTIVE"
"450",0.586945101989841,"0","P003","0-back",1,"0","ACTIVE"
"451",0.48140099705779,"0","P003","0-back",1,"0","ACTIVE"
"452",0.433858548614808,"1","P003","0-back",1,"1","ACTIVE"
"453",0.429085362800834,"0","P003","0-back",1,"0","ACTIVE"
"454",0.441434935291909,"0","P003","0-back",1,"0","ACTIVE"
"455",0.453873147773265,"1","P003","0-back",1,"1","ACTIVE"
"456",0.387320686739258,"0","P003","0-back",1,"0","ACTIVE"
"457",0.388720265560551,"0","P003","0-back",1,"0","ACTIVE"
"458",0.337481995971757,"1","P003","0-back",1,"1","ACTIVE"
"459",0.565678035287419,"1","P003","2-back",1,"1","ACTIVE"
"460",0.438631112388975,"0","P003","1-back",1,"0","ACTIVE"
"461",0.476187410447892,"0","P003","1-back",1,"0","ACTIVE"
"462",0.310931363721465,"1","P003","1-back",1,"1","ACTIVE"
"463",0.392754162738129,"0","P003","1-back",1,"0","ACTIVE"
"464",0.676647529759066,"0","P003","2-back",1,"0","ACTIVE"
"465",0.564990064543963,"1","P003","2-back",1,"1","ACTIVE"
"466",0.67076090124101,"0","P003","3-back",1,"0","ACTIVE"
"467",0.442144055228709,"0","P003","3-back",1,"0","ACTIVE"
"468",0.737513657557429,"1","P003","1-back",1,"1","ACTIVE"
"469",0.718331963300443,"0","P003","2-back",1,"0","ACTIVE"
"470",0.46537022125267,"0","P003","2-back",1,"0","ACTIVE"
"471",0.438966389272537,"0","P003","2-back",1,"0","ACTIVE"
"472",0.757122689876269,"0","P003","3-back",1,"0","ACTIVE"
"473",0.427640997459093,"0","P003","2-back",1,"0","ACTIVE"
"474",0.412328983133193,"0","P003","2-back",1,"0","ACTIVE"
"475",0.759346776132588,"0","P003","2-back",1,"0","ACTIVE"
"476",0.63473325427185,"0","P003","2-back",1,"0","ACTIVE"
"477",0.485372379716864,"0","P003","3-back",1,"0","ACTIVE"
"478",0.787297298222256,"1","P003","3-back",1,"1","ACTIVE"
"479",0.489670952796587,"0","P003","3-back",1,"0","ACTIVE"
"480",0.523698446126218,"0","P003","3-back",1,"0","ACTIVE"
"481",0.548863343372432,"0","P004","2-back",1,"0","PLACEBO"
"482",0.448931860318226,"0","P004","2-back",1,"0","PLACEBO"
"483",0.454412904947276,"0","P004","2-back",1,"0","PLACEBO"
"484",0.954495790857436,"1","P004","2-back",1,"1","PLACEBO"
"485",0.382841776861824,"0","P004","1-back",1,"0","PLACEBO"
"486",1.93256725810534,"0","P004","0-back",1,"0","PLACEBO"
"487",0.301519035923775,"0","P004","1-back",1,"0","PLACEBO"
"488",0.557385507810068,"0","P004","1-back",1,"0","PLACEBO"
"489",0.39292306725747,"0","P004","1-back",1,"0","PLACEBO"
"490",0.435223805952774,"0","P004","1-back",1,"0","PLACEBO"
"491",0.473960917038312,"1","P004","1-back",1,"1","PLACEBO"
"492",0.612691714488392,"0","P004","1-back",1,"0","PLACEBO"
"493",0.575675768980545,"1","P004","1-back",1,"1","PLACEBO"
"494",0.606324894729369,"0","P004","0-back",1,"0","PLACEBO"
"495",0.483571639396359,"0","P004","0-back",1,"0","PLACEBO"
"496",NA,NA,"P004","0-back",0,"0","PLACEBO"
"497",0.513746464907854,"0","P004","0-back",1,"0","PLACEBO"
"498",0.443080394979006,"0","P004","0-back",1,"0","PLACEBO"
"499",0.497404722413194,"0","P004","0-back",1,"0","PLACEBO"
"500",0.507440915408552,"1","P004","0-back",1,"1","PLACEBO"
"501",0.669436061683882,"1","P004","0-back",1,"1","PLACEBO"
"502",0.409352516418949,"0","P004","0-back",1,"0","PLACEBO"
"503",0.40084870195642,"0","P004","0-back",1,"0","PLACEBO"
"504",0.755087841958812,"0","P004","3-back",1,"0","PLACEBO"
"505",0.389923312649444,"0","P004","3-back",1,"0","PLACEBO"
"506",0.498304804304098,"0","P004","3-back",1,"0","PLACEBO"
"507",0.563126562274192,"0","P004","3-back",1,"0","PLACEBO"
"508",0.855803708747771,"0","P004","2-back",1,"0","PLACEBO"
"509",0.569327299197539,"1","P004","2-back",0,"0","PLACEBO"
"510",NA,NA,"P004","2-back",0,"0","PLACEBO"
"511",0.305584955258382,"0","P004","2-back",1,"0","PLACEBO"
"512",0.39413945297747,"0","P004","2-back",1,"0","PLACEBO"
"513",0.940298507463012,"1","P004","2-back",1,"1","PLACEBO"
"514",0.693043150747144,"0","P004","3-back",1,"0","PLACEBO"
"515",0.779009057734584,"0","P004","3-back",1,"0","PLACEBO"
"516",0.375317353510582,"0","P004","3-back",1,"0","PLACEBO"
"517",1.10557239018999,"1","P004","3-back",1,"1","PLACEBO"
"518",1.01976758977435,"1","P004","3-back",0,"0","PLACEBO"
"519",0.307364902964764,"0","P004","3-back",1,"0","PLACEBO"
"520",0.4455122333693,"0","P004","3-back",1,"0","PLACEBO"
"521",1.26312964133831,"1","P004","3-back",0,"0","PLACEBO"
"522",1.0207920782841,"0","P004","3-back",1,"0","PLACEBO"
"523",1.35413899267405,"0","P004","3-back",0,"1","PLACEBO"
"524",0.558912910079925,"0","P004","1-back",1,"0","PLACEBO"
"525",0.457158248019368,"1","P004","1-back",1,"1","PLACEBO"
"526",1.27349675594178,"0","P004","3-back",1,"0","PLACEBO"
"527",0.724897776636681,"0","P004","0-back",1,"0","PLACEBO"
"528",0.491234776128294,"0","P004","0-back",1,"0","PLACEBO"
"529",0.436985714699404,"1","P004","0-back",1,"1","PLACEBO"
"530",0.466883113449512,"0","P004","0-back",1,"0","PLACEBO"
"531",0.472147068529011,"0","P004","0-back",1,"0","PLACEBO"
"532",0.474024053398352,"1","P004","0-back",1,"1","PLACEBO"
"533",0.364528189451448,"0","P004","0-back",1,"0","PLACEBO"
"534",0.403636654295042,"0","P004","0-back",1,"0","PLACEBO"
"535",0.511667008266159,"1","P004","0-back",1,"1","PLACEBO"
"536",0.65850662916273,"0","P004","1-back",1,"0","PLACEBO"
"537",0.725902982119806,"0","P004","1-back",1,"0","PLACEBO"
"538",0.806414902917822,"0","P004","1-back",1,"0","PLACEBO"
"539",0.645336011393738,"1","P004","1-back",1,"1","PLACEBO"
"540",0.500882198439285,"0","P004","1-back",1,"0","PLACEBO"
"541",0.36859815200205,"0","P004","1-back",1,"0","PLACEBO"
"542",0.538199829998121,"0","P004","1-back",1,"0","PLACEBO"
"543",0.482948673249666,"0","P004","1-back",1,"0","PLACEBO"
"544",0.52047033166491,"0","P004","1-back",1,"0","PLACEBO"
"545",0.416219761805223,"1","P004","1-back",1,"1","PLACEBO"
"546",0.402896745927137,"1","P004","0-back",1,"1","PLACEBO"
"547",0.686067982618624,"0","P004","1-back",1,"0","PLACEBO"
"548",0.564734206813228,"0","P004","1-back",1,"0","PLACEBO"
"549",0.552798635756517,"0","P004","1-back",1,"0","PLACEBO"
"550",0.537495377516279,"0","P004","1-back",1,"0","PLACEBO"
"551",0.406883045026916,"0","P004","1-back",1,"0","PLACEBO"
"552",0.471875862099296,"1","P004","1-back",1,"1","PLACEBO"
"553",0.72089157247774,"1","P004","1-back",1,"1","PLACEBO"
"554",0.395856886357251,"0","P004","1-back",1,"0","PLACEBO"
"555",0.539657875577177,"0","P004","1-back",1,"0","PLACEBO"
"556",0.661158045236334,"1","P004","1-back",1,"1","PLACEBO"
"557",0.536280546879425,"0","P004","3-back",1,"0","PLACEBO"
"558",0.645547813662233,"0","P004","3-back",1,"0","PLACEBO"
"559",0.7412320547337,"0","P004","3-back",1,"0","PLACEBO"
"560",0.463867496997409,"1","P004","3-back",1,"1","PLACEBO"
"561",0.591070466085512,"0","P004","3-back",1,"0","PLACEBO"
"562",0.546620292026091,"0","P004","3-back",1,"0","PLACEBO"
"563",0.367345688362548,"1","P004","3-back",1,"1","PLACEBO"
"564",0.559186915658756,"1","P004","3-back",1,"1","PLACEBO"
"565",0.57843852897895,"0","P004","3-back",1,"0","PLACEBO"
"566",0.930824321369982,"0","P004","3-back",1,"0","PLACEBO"
"567",0.493700515323326,"0","P004","1-back",1,"0","PLACEBO"
"568",0.602195839034721,"0","P004","2-back",1,"0","PLACEBO"
"569",0.763022185121372,"0","P004","2-back",1,"0","PLACEBO"
"570",0.575182185718404,"0","P004","2-back",1,"0","PLACEBO"
"571",0.591601682351211,"0","P004","2-back",1,"0","PLACEBO"
"572",0.618141968479904,"0","P004","2-back",1,"0","PLACEBO"
"573",0.562480269887601,"0","P004","2-back",1,"0","PLACEBO"
"574",0.495788991444897,"1","P004","2-back",1,"1","PLACEBO"
"575",0.604375754021021,"0","P004","2-back",0,"1","PLACEBO"
"576",0.778585453195774,"0","P004","2-back",1,"0","PLACEBO"
"577",0.544906279828865,"0","P004","2-back",1,"0","PLACEBO"
"578",0.529464308207025,"0","P004","0-back",1,"0","PLACEBO"
"579",0.40479176975532,"1","P004","0-back",1,"1","PLACEBO"
"580",0.529297914354174,"0","P004","0-back",1,"0","PLACEBO"
"581",0.34191821944296,"0","P004","0-back",1,"0","PLACEBO"
"582",0.416885959251886,"0","P004","0-back",1,"0","PLACEBO"
"583",0.666742347360014,"0","P004","0-back",1,"0","PLACEBO"
"584",0.458892476292021,"0","P004","0-back",1,"0","PLACEBO"
"585",0.461277351183526,"0","P004","0-back",1,"0","PLACEBO"
"586",0.419171619864755,"0","P004","0-back",1,"0","PLACEBO"
"587",0.409745330319311,"0","P004","0-back",1,"0","PLACEBO"
"588",0.577306428743213,"1","P004","0-back",1,"1","PLACEBO"
"589",0.963959402388355,"0","P004","2-back",1,"0","PLACEBO"
"590",0.534773049669639,"1","P004","3-back",1,"1","PLACEBO"
"591",0.703247292678498,"0","P004","3-back",1,"0","PLACEBO"
"592",0.960650497330789,"0","P004","3-back",0,"1","PLACEBO"
"593",0.777373110691769,"0","P004","3-back",1,"0","PLACEBO"
"594",1.14213984983508,"0","P004","3-back",0,"1","PLACEBO"
"595",0.619467209991853,"0","P004","3-back",1,"0","PLACEBO"
"596",0.56140912889532,"0","P004","2-back",1,"0","PLACEBO"
"597",0.742648113077848,"0","P004","2-back",1,"0","PLACEBO"
"598",0.494496406669896,"1","P004","2-back",1,"1","PLACEBO"
"599",0.547084950749195,"0","P004","2-back",1,"0","PLACEBO"
"600",0.674743248063351,"0","P004","2-back",1,"0","PLACEBO"
"601",0.492223497735722,"0","P004","2-back",1,"0","PLACEBO"
"602",1.07393734198376,"0","P004","2-back",1,"0","PLACEBO"
"603",0.637275395512006,"1","P004","2-back",0,"0","PLACEBO"
"604",0.714054184681117,"0","P004","2-back",0,"1","PLACEBO"
"605",0.849247479911355,"1","P004","2-back",1,"1","PLACEBO"
"606",0.389422576006837,"1","P004","1-back",1,"1","PLACEBO"
"607",0.471300792501097,"0","P004","0-back",1,"0","PLACEBO"
"608",0.483983114289003,"0","P004","0-back",1,"0","PLACEBO"
"609",0.363082273518557,"0","P004","0-back",1,"0","PLACEBO"
"610",0.5014062613227,"0","P004","3-back",1,"0","PLACEBO"
"611",0.398854774865868,"0","P004","3-back",1,"0","PLACEBO"
"612",0.492377450927052,"0","P004","3-back",1,"0","PLACEBO"
"613",0.406441401528355,"0","P004","3-back",1,"0","PLACEBO"
"614",0.857530161607428,"0","P004","3-back",1,"0","PLACEBO"
"615",1.32775421481892,"0","P004","3-back",1,"0","PLACEBO"
"616",0.8386517681447,"1","P004","3-back",1,"1","PLACEBO"
"617",0.642666245342298,"0","P004","3-back",1,"0","PLACEBO"
"618",0.563917166340616,"0","P004","3-back",0,"1","PLACEBO"
"619",0.56283576180158,"1","P004","0-back",1,"1","PLACEBO"
"620",0.978553231881961,"0","P004","2-back",1,"0","PLACEBO"
"621",0.757640354770047,"1","P004","2-back",1,"1","PLACEBO"
"622",1.09577879010158,"1","P004","2-back",1,"1","PLACEBO"
"623",0.628431017928961,"0","P004","0-back",1,"0","PLACEBO"
"624",0.396250011273878,"0","P004","0-back",1,"0","PLACEBO"
"625",0.497323236077136,"0","P004","0-back",1,"0","PLACEBO"
"626",0.431900594134277,"1","P004","0-back",1,"1","PLACEBO"
"627",0.480456808665622,"1","P004","1-back",1,"1","PLACEBO"
"628",0.441310399803115,"0","P004","1-back",1,"0","PLACEBO"
"629",0.425592245486769,"0","P004","1-back",1,"0","PLACEBO"
"630",0.716123999809497,"0","P004","2-back",1,"0","PLACEBO"
"631",0.782894898488848,"0","P004","2-back",1,"0","PLACEBO"
"632",0.470975780208391,"0","P004","2-back",1,"0","PLACEBO"
"633",0.6080398399763,"0","P004","1-back",1,"0","PLACEBO"
"634",0.544248790844904,"1","P004","2-back",1,"1","PLACEBO"
"635",0.6538696834441,"0","P004","1-back",1,"0","PLACEBO"
"636",0.458662635062865,"0","P004","2-back",1,"0","PLACEBO"
"637",0.804418798710685,"0","P004","2-back",1,"0","PLACEBO"
"638",0.649494924677128,"0","P004","1-back",1,"0","PLACEBO"
"639",0.425073780900675,"0","P004","1-back",1,"0","PLACEBO"
"640",0.601457796764407,"0","P004","1-back",1,"0","PLACEBO"
"641",1.16537714022343,"0","P005","2-back",1,"0","ACTIVE"
"642",0.429213722174609,"1","P005","1-back",1,"1","ACTIVE"
"643",1.19626979192981,"0","P005","2-back",1,"0","ACTIVE"
"644",0.625653951170534,"0","P005","1-back",1,"0","ACTIVE"
"645",0.48033862237935,"0","P005","1-back",1,"0","ACTIVE"
"646",0.980552757271653,"0","P005","2-back",1,"0","ACTIVE"
"647",0.950102993130713,"0","P005","2-back",1,"0","ACTIVE"
"648",NA,NA,"P005","0-back",0,"0","ACTIVE"
"649",0.419473305915744,"0","P005","0-back",1,"0","ACTIVE"
"650",0.842249918590824,"1","P005","2-back",1,"1","ACTIVE"
"651",0.798745545853308,"1","P005","2-back",1,"1","ACTIVE"
"652",0.872648987035063,"0","P005","2-back",1,"0","ACTIVE"
"653",1.21952170009172,"0","P005","2-back",1,"0","ACTIVE"
"654",0.509480250919296,"0","P005","0-back",1,"0","ACTIVE"
"655",0.624457470508787,"1","P005","0-back",1,"1","ACTIVE"
"656",0.591160660886089,"0","P005","0-back",1,"0","ACTIVE"
"657",0.54419778412921,"0","P005","0-back",1,"0","ACTIVE"
"658",0.369223295263509,"0","P005","0-back",1,"0","ACTIVE"
"659",0.503849296310364,"0","P005","0-back",1,"0","ACTIVE"
"660",0.455376123198221,"0","P005","0-back",1,"0","ACTIVE"
"661",0.393170947445469,"0","P005","0-back",1,"0","ACTIVE"
"662",0.427403605866857,"0","P005","0-back",1,"0","ACTIVE"
"663",0.454892492463841,"1","P005","0-back",1,"1","ACTIVE"
"664",0.354757293571311,"0","P005","1-back",1,"0","ACTIVE"
"665",0.69402565202472,"0","P005","1-back",1,"0","ACTIVE"
"666",0.771643252825015,"0","P005","1-back",1,"0","ACTIVE"
"667",0.905584084412112,"0","P005","2-back",1,"0","ACTIVE"
"668",0.932586230115703,"0","P005","2-back",1,"0","ACTIVE"
"669",0.910583053395385,"0","P005","2-back",1,"0","ACTIVE"
"670",0.819191151706036,"1","P005","2-back",1,"1","ACTIVE"
"671",1.15183330259242,"1","P005","2-back",1,"1","ACTIVE"
"672",0.899020080159971,"0","P005","2-back",1,"0","ACTIVE"
"673",NA,NA,"P005","2-back",0,"0","ACTIVE"
"674",1.28141057201356,"0","P005","2-back",0,"1","ACTIVE"
"675",1.01978376263287,"0","P005","1-back",1,"0","ACTIVE"
"676",1.10333524815724,"1","P005","1-back",1,"1","ACTIVE"
"677",1.20071670653124,"0","P005","1-back",1,"0","ACTIVE"
"678",1.28875958202843,"0","P005","1-back",1,"0","ACTIVE"
"679",1.44812477237429,"0","P005","1-back",1,"0","ACTIVE"
"680",1.11225022649523,"0","P005","1-back",1,"0","ACTIVE"
"681",0.791720926095877,"0","P005","1-back",1,"0","ACTIVE"
"682",0.773462388613552,"0","P005","1-back",1,"0","ACTIVE"
"683",0.526665781308111,"1","P005","1-back",1,"1","ACTIVE"
"684",0.75246255127422,"0","P005","1-back",1,"0","ACTIVE"
"685",0.389775579791603,"0","P005","2-back",1,"0","ACTIVE"
"686",0.624306938501832,"0","P005","2-back",1,"0","ACTIVE"
"687",0.423021382699517,"0","P005","3-back",0,"1","ACTIVE"
"688",0.357200328555336,"0","P005","1-back",1,"0","ACTIVE"
"689",0.810732434638339,"1","P005","1-back",1,"1","ACTIVE"
"690",0.400301623849373,"0","P005","0-back",1,"0","ACTIVE"
"691",0.381914014498761,"1","P005","0-back",1,"1","ACTIVE"
"692",0.429690510543878,"0","P005","0-back",1,"0","ACTIVE"
"693",0.421483716883813,"0","P005","0-back",1,"0","ACTIVE"
"694",0.530636529576441,"1","P005","0-back",1,"1","ACTIVE"
"695",0.503095703214058,"0","P005","0-back",1,"0","ACTIVE"
"696",0.416907730410458,"0","P005","0-back",1,"0","ACTIVE"
"697",0.442627865901159,"1","P005","0-back",1,"1","ACTIVE"
"698",0.941680042968073,"0","P005","1-back",1,"0","ACTIVE"
"699",1.13452958591733,"0","P005","1-back",1,"0","ACTIVE"
"700",1.13008453740622,"0","P005","1-back",1,"0","ACTIVE"
"701",1.12415003065325,"1","P005","1-back",1,"1","ACTIVE"
"702",0.841778106485435,"0","P005","1-back",1,"0","ACTIVE"
"703",1.11550594772416,"0","P005","1-back",1,"0","ACTIVE"
"704",1.28856706278748,"0","P005","1-back",1,"0","ACTIVE"
"705",1.26680025863971,"0","P005","1-back",1,"0","ACTIVE"
"706",1.35053866510862,"0","P005","1-back",1,"0","ACTIVE"
"707",0.828451980447426,"1","P005","1-back",1,"1","ACTIVE"
"708",0.828882116333261,"0","P005","2-back",1,"0","ACTIVE"
"709",1.53249360938935,"0","P005","2-back",1,"0","ACTIVE"
"710",1.36887806689629,"0","P005","2-back",1,"0","ACTIVE"
"711",0.764778184551687,"1","P005","1-back",1,"1","ACTIVE"
"712",0.622530100958102,"0","P005","1-back",1,"0","ACTIVE"
"713",0.74127839619905,"0","P005","1-back",1,"0","ACTIVE"
"714",0.646933703403192,"1","P005","1-back",1,"1","ACTIVE"
"715",0.361553316164645,"0","P005","3-back",1,"0","ACTIVE"
"716",0.639050366953597,"0","P005","3-back",1,"0","ACTIVE"
"717",0.747525474587746,"0","P005","3-back",1,"0","ACTIVE"
"718",0.708851810879423,"1","P005","3-back",1,"1","ACTIVE"
"719",0.776925868893159,"0","P005","3-back",1,"0","ACTIVE"
"720",1.22440154973447,"0","P005","3-back",1,"0","ACTIVE"
"721",1.52038791228188,"0","P005","3-back",0,"1","ACTIVE"
"722",1.10240126546341,"0","P005","3-back",0,"1","ACTIVE"
"723",1.57631241985291,"1","P005","3-back",0,"0","ACTIVE"
"724",0.935032375269657,"0","P005","3-back",1,"0","ACTIVE"
"725",0.971176230370475,"1","P005","3-back",0,"0","ACTIVE"
"726",0.356123278252198,"0","P005","3-back",1,"0","ACTIVE"
"727",0.378404503768252,"0","P005","3-back",1,"0","ACTIVE"
"728",0.84216003480833,"0","P005","3-back",1,"0","ACTIVE"
"729",0.68868736398872,"0","P005","3-back",1,"0","ACTIVE"
"730",0.762675401671004,"0","P005","3-back",1,"0","ACTIVE"
"731",0.866604691436805,"0","P005","3-back",1,"0","ACTIVE"
"732",1.56542435253505,"1","P005","3-back",0,"0","ACTIVE"
"733",1.30792131157068,"0","P005","3-back",0,"1","ACTIVE"
"734",1.26901842866573,"0","P005","3-back",1,"0","ACTIVE"
"735",1.17880279156088,"1","P005","3-back",1,"1","ACTIVE"
"736",0.628220459726435,"1","P005","0-back",1,"1","ACTIVE"
"737",0.533620733356656,"0","P005","0-back",1,"0","ACTIVE"
"738",0.865597308835277,"0","P005","0-back",1,"0","ACTIVE"
"739",0.72741047933232,"0","P005","0-back",1,"0","ACTIVE"
"740",0.718987840187765,"0","P005","0-back",1,"0","ACTIVE"
"741",0.414829828849179,"0","P005","0-back",1,"0","ACTIVE"
"742",0.395727814491693,"0","P005","0-back",1,"0","ACTIVE"
"743",0.495387158061931,"1","P005","0-back",1,"1","ACTIVE"
"744",0.572055225340591,"0","P005","0-back",1,"0","ACTIVE"
"745",0.60592990371515,"1","P005","0-back",1,"1","ACTIVE"
"746",NA,NA,"P005","2-back",0,"0","ACTIVE"
"747",1.04379766134298,"0","P005","2-back",1,"0","ACTIVE"
"748",0.694359994809929,"0","P005","0-back",1,"0","ACTIVE"
"749",0.344799165730365,"0","P005","3-back",1,"0","ACTIVE"
"750",0.427089168133534,"0","P005","3-back",1,"0","ACTIVE"
"751",0.300813650392229,"0","P005","3-back",1,"0","ACTIVE"
"752",1.60541641539021,"0","P005","2-back",0,"1","ACTIVE"
"753",1.80837772835366,"0","P005","2-back",1,"0","ACTIVE"
"754",NA,NA,"P005","2-back",0,"0","ACTIVE"
"755",0.0621961562719662,"0","P005","2-back",1,"0","ACTIVE"
"756",1.29165234694665,"0","P005","2-back",1,"0","ACTIVE"
"757",1.14832441389444,"0","P005","2-back",1,"0","ACTIVE"
"758",0.756037064464181,"1","P005","2-back",1,"1","ACTIVE"
"759",0.387428959933459,"0","P005","3-back",1,"0","ACTIVE"
"760",0.410825179773383,"0","P005","3-back",1,"0","ACTIVE"
"761",0.396631006544339,"0","P005","3-back",1,"0","ACTIVE"
"762",0.750633151939837,"1","P005","3-back",1,"1","ACTIVE"
"763",0.559229213911749,"0","P005","3-back",1,"0","ACTIVE"
"764",0.992241692205425,"0","P005","3-back",1,"0","ACTIVE"
"765",0.884167484899081,"0","P005","3-back",1,"0","ACTIVE"
"766",1.24777568739955,"0","P005","2-back",1,"0","ACTIVE"
"767",1.02747426882343,"1","P005","2-back",1,"1","ACTIVE"
"768",0.996530921420344,"0","P005","2-back",0,"1","ACTIVE"
"769",0.431210137394373,"0","P005","3-back",1,"0","ACTIVE"
"770",0.506490137820947,"0","P005","0-back",1,"0","ACTIVE"
"771",1.33228976914324,"0","P005","1-back",1,"0","ACTIVE"
"772",1.01724991081937,"0","P005","1-back",1,"0","ACTIVE"
"773",1.13190491726709,"0","P005","1-back",1,"0","ACTIVE"
"774",1.13702580473182,"0","P005","1-back",1,"0","ACTIVE"
"775",1.39350902243677,"0","P005","1-back",1,"0","ACTIVE"
"776",0.84184030979668,"1","P005","1-back",1,"1","ACTIVE"
"777",0.875499764715642,"0","P005","1-back",1,"0","ACTIVE"
"778",0.723366642167093,"1","P005","1-back",1,"1","ACTIVE"
"779",0.595996657193609,"0","P005","0-back",1,"0","ACTIVE"
"780",0.57715465266665,"0","P005","0-back",1,"0","ACTIVE"
"781",0.569967060237104,"0","P005","0-back",1,"0","ACTIVE"
"782",0.758715538977413,"1","P005","0-back",0,"0","ACTIVE"
"783",0.844632927386556,"0","P005","3-back",1,"0","ACTIVE"
"784",0.395406223378814,"0","P005","0-back",1,"0","ACTIVE"
"785",0.355202980284957,"1","P005","0-back",1,"1","ACTIVE"
"786",0.333788557887601,"1","P005","0-back",1,"1","ACTIVE"
"787",0.338550843272969,"0","P005","0-back",1,"0","ACTIVE"
"788",0.993844982509472,"1","P005","2-back",1,"1","ACTIVE"
"789",0.882302940692171,"0","P005","2-back",1,"0","ACTIVE"
"790",0.847349656931328,"0","P005","2-back",1,"0","ACTIVE"
"791",0.8450126785865,"0","P005","2-back",1,"0","ACTIVE"
"792",0.488478236460651,"0","P005","3-back",1,"0","ACTIVE"
"793",0.696254396611039,"1","P005","3-back",1,"1","ACTIVE"
"794",0.670337076622673,"0","P005","3-back",1,"0","ACTIVE"
"795",0.839148150556866,"0","P005","3-back",0,"1","ACTIVE"
"796",0.970162316425558,"0","P005","2-back",1,"0","ACTIVE"
"797",1.34630261972416,"0","P005","3-back",0,"1","ACTIVE"
"798",1.04219406002085,"0","P005","3-back",1,"0","ACTIVE"
"799",1.09401501525645,"0","P005","2-back",1,"0","ACTIVE"
"800",0.868146089451329,"0","P005","2-back",1,"0","ACTIVE"
"801",0.66147627202372,"0","P006","3-back",1,"0","PLACEBO"
"802",0.743183233320451,"0","P006","3-back",1,"0","PLACEBO"
"803",1.03599675793339,"1","P006","3-back",1,"1","PLACEBO"
"804",0.770219212661686,"0","P006","3-back",1,"0","PLACEBO"
"805",1.3696841349647,"1","P006","3-back",1,"1","PLACEBO"
"806",0.941886655838971,"0","P006","3-back",1,"0","PLACEBO"
"807",0.889858716349408,"0","P006","3-back",1,"0","PLACEBO"
"808",0.752253179705804,"0","P006","3-back",1,"0","PLACEBO"
"809",0.707308394970823,"0","P006","3-back",1,"0","PLACEBO"
"810",0.439892088725173,"0","P006","0-back",1,"0","PLACEBO"
"811",1.36326500652831,"1","P006","3-back",1,"1","PLACEBO"
"812",1.28222518174516,"0","P006","3-back",1,"0","PLACEBO"
"813",1.08870645184834,"0","P006","3-back",0,"1","PLACEBO"
"814",0.597111127837707,"1","P006","0-back",1,"1","PLACEBO"
"815",0.640613093790307,"0","P006","0-back",1,"0","PLACEBO"
"816",NA,NA,"P006","0-back",0,"0","PLACEBO"
"817",0.92059986924869,"0","P006","0-back",1,"0","PLACEBO"
"818",0.532022241615778,"0","P006","0-back",1,"0","PLACEBO"
"819",0.365713661898553,"0","P006","0-back",1,"0","PLACEBO"
"820",0.407667684530679,"0","P006","0-back",1,"0","PLACEBO"
"821",0.407693810155251,"1","P006","0-back",1,"1","PLACEBO"
"822",0.331193001815336,"0","P006","0-back",1,"0","PLACEBO"
"823",0.556738327597486,"1","P006","0-back",1,"1","PLACEBO"
"824",0.653132866846136,"0","P006","2-back",1,"0","PLACEBO"
"825",1.1409169596991,"0","P006","2-back",1,"0","PLACEBO"
"826",0.859327812531774,"0","P006","2-back",1,"0","PLACEBO"
"827",0.636118864133095,"0","P006","2-back",1,"0","PLACEBO"
"828",0.684093288387885,"0","P006","2-back",1,"0","PLACEBO"
"829",0.976025073136043,"1","P006","2-back",1,"1","PLACEBO"
"830",0.953604309981529,"1","P006","2-back",1,"1","PLACEBO"
"831",0.822250573364727,"0","P006","2-back",1,"0","PLACEBO"
"832",0.688525625195325,"0","P006","3-back",0,"1","PLACEBO"
"833",0.725760240156887,"0","P006","3-back",1,"0","PLACEBO"
"834",0.75243481500911,"0","P006","2-back",1,"0","PLACEBO"
"835",1.33770014872971,"0","P006","2-back",1,"0","PLACEBO"
"836",0.949611443522372,"1","P006","2-back",1,"1","PLACEBO"
"837",1.17414751150318,"0","P006","2-back",1,"0","PLACEBO"
"838",0.986730981321671,"0","P006","2-back",1,"0","PLACEBO"
"839",1.05398207408871,"0","P006","2-back",1,"0","PLACEBO"
"840",0.846611164226488,"0","P006","2-back",1,"0","PLACEBO"
"841",1.47241102824773,"0","P006","2-back",1,"0","PLACEBO"
"842",1.93911018607105,"1","P006","2-back",1,"1","PLACEBO"
"843",NA,NA,"P006","2-back",0,"1","PLACEBO"
"844",0.563895193941789,"0","P006","3-back",1,"0","PLACEBO"
"845",0.518479525906514,"0","P006","3-back",1,"0","PLACEBO"
"846",0.668795179448352,"0","P006","0-back",1,"0","PLACEBO"
"847",0.511139158144942,"0","P006","0-back",1,"0","PLACEBO"
"848",0.461713828604843,"0","P006","0-back",1,"0","PLACEBO"
"849",0.522600221320317,"1","P006","0-back",1,"1","PLACEBO"
"850",0.666316355202071,"0","P006","1-back",1,"0","PLACEBO"
"851",0.591172835322141,"0","P006","1-back",1,"0","PLACEBO"
"852",0.553137656545005,"0","P006","1-back",1,"0","PLACEBO"
"853",0.75041225615314,"1","P006","1-back",1,"1","PLACEBO"
"854",0.708529767973232,"0","P006","1-back",1,"0","PLACEBO"
"855",0.824512928140393,"1","P006","1-back",1,"1","PLACEBO"
"856",1.01069004619967,"0","P006","0-back",1,"0","PLACEBO"
"857",0.939995036131222,"0","P006","0-back",1,"0","PLACEBO"
"858",0.871194755964098,"0","P006","0-back",1,"0","PLACEBO"
"859",0.63531270196836,"0","P006","0-back",1,"0","PLACEBO"
"860",0.790111077451002,"0","P006","0-back",1,"0","PLACEBO"
"861",0.485928240370413,"0","P006","0-back",1,"0","PLACEBO"
"862",0.625748234810089,"1","P006","0-back",1,"1","PLACEBO"
"863",0.687715730800846,"1","P006","0-back",1,"1","PLACEBO"
"864",0.798339716488044,"0","P006","0-back",1,"0","PLACEBO"
"865",0.792121506552576,"0","P006","0-back",1,"0","PLACEBO"
"866",0.913518269588167,"0","P006","3-back",1,"0","PLACEBO"
"867",0.488331175894928,"0","P006","3-back",1,"0","PLACEBO"
"868",0.584986038340503,"0","P006","3-back",1,"0","PLACEBO"
"869",0.858441407373903,"0","P006","3-back",1,"0","PLACEBO"
"870",0.783610150925597,"1","P006","2-back",1,"1","PLACEBO"
"871",0.798479364177183,"0","P006","2-back",1,"0","PLACEBO"
"872",0.833003756491962,"0","P006","2-back",1,"0","PLACEBO"
"873",NA,NA,"P006","2-back",0,"0","PLACEBO"
"874",1.08040223510943,"0","P006","2-back",1,"0","PLACEBO"
"875",1.15645424252034,"0","P006","2-back",1,"0","PLACEBO"
"876",0.817063392585624,"1","P006","2-back",1,"1","PLACEBO"
"877",0.510107195930686,"0","P006","1-back",1,"0","PLACEBO"
"878",0.804055319147665,"1","P006","1-back",1,"1","PLACEBO"
"879",0.525804964740018,"0","P006","1-back",1,"0","PLACEBO"
"880",0.695696798429708,"0","P006","1-back",1,"0","PLACEBO"
"881",0.741138903109459,"0","P006","1-back",1,"0","PLACEBO"
"882",0.532259860403428,"0","P006","1-back",1,"0","PLACEBO"
"883",0.599101962718123,"0","P006","1-back",1,"0","PLACEBO"
"884",0.475818556284139,"0","P006","1-back",1,"0","PLACEBO"
"885",0.646931451956334,"1","P006","1-back",1,"1","PLACEBO"
"886",0.601584830217689,"0","P006","1-back",1,"0","PLACEBO"
"887",1.09410201559149,"0","P006","2-back",1,"0","PLACEBO"
"888",0.70932722159705,"0","P006","2-back",1,"0","PLACEBO"
"889",0.619444494554045,"0","P006","2-back",1,"0","PLACEBO"
"890",0.668291017076626,"0","P006","2-back",1,"0","PLACEBO"
"891",1.13220530760736,"0","P006","2-back",1,"0","PLACEBO"
"892",0.587366269452104,"0","P006","0-back",1,"0","PLACEBO"
"893",0.505232900623014,"1","P006","0-back",1,"1","PLACEBO"
"894",0.380128786893692,"0","P006","0-back",1,"0","PLACEBO"
"895",0.453906620792623,"0","P006","0-back",1,"0","PLACEBO"
"896",0.435592868203457,"1","P006","0-back",1,"1","PLACEBO"
"897",0.817965348713187,"0","P006","1-back",1,"0","PLACEBO"
"898",0.903062731982573,"0","P006","1-back",1,"0","PLACEBO"
"899",0.960889938338369,"0","P006","1-back",1,"0","PLACEBO"
"900",0.753101018464804,"1","P006","1-back",1,"1","PLACEBO"
"901",0.863792806372658,"0","P006","1-back",1,"0","PLACEBO"
"902",1.0153009081132,"0","P006","1-back",1,"0","PLACEBO"
"903",0.946938232178582,"0","P006","1-back",1,"0","PLACEBO"
"904",0.751138175324741,"0","P006","1-back",1,"0","PLACEBO"
"905",0.776525130053415,"0","P006","1-back",1,"0","PLACEBO"
"906",0.711519908038099,"1","P006","1-back",1,"1","PLACEBO"
"907",0.611029243904341,"0","P006","2-back",1,"0","PLACEBO"
"908",0.825229827751173,"0","P006","2-back",1,"0","PLACEBO"
"909",0.849874379282483,"0","P006","2-back",1,"0","PLACEBO"
"910",0.756595942939384,"0","P006","1-back",1,"0","PLACEBO"
"911",0.654362637369559,"0","P006","1-back",1,"0","PLACEBO"
"912",0.647084784499384,"0","P006","1-back",1,"0","PLACEBO"
"913",0.528787329320039,"0","P006","1-back",1,"0","PLACEBO"
"914",0.98307650391871,"0","P006","1-back",0,"1","PLACEBO"
"915",1.06400747192856,"0","P006","2-back",1,"0","PLACEBO"
"916",0.906223310652422,"1","P006","2-back",1,"1","PLACEBO"
"917",0.889212418131137,"0","P006","3-back",1,"0","PLACEBO"
"918",0.855749845890386,"0","P006","3-back",1,"0","PLACEBO"
"919",0.723860533946208,"0","P006","3-back",1,"0","PLACEBO"
"920",0.898331816595601,"1","P006","3-back",1,"1","PLACEBO"
"921",1.41255504265064,"1","P006","3-back",0,"0","PLACEBO"
"922",0.863898863970462,"0","P006","3-back",1,"0","PLACEBO"
"923",1.20255850740432,"0","P006","3-back",1,"0","PLACEBO"
"924",1.32628511641815,"1","P006","3-back",0,"0","PLACEBO"
"925",1.48510341704605,"1","P006","3-back",0,"0","PLACEBO"
"926",1.0821000897613,"1","P006","3-back",1,"1","PLACEBO"
"927",0.519944738081904,"0","P006","1-back",1,"0","PLACEBO"
"928",0.622965233635114,"1","P006","1-back",1,"1","PLACEBO"
"929",0.624823885291335,"0","P006","1-back",1,"0","PLACEBO"
"930",0.881246901470149,"0","P006","1-back",1,"0","PLACEBO"
"931",0.691810611606343,"0","P006","0-back",1,"0","PLACEBO"
"932",0.542151830939474,"0","P006","0-back",1,"0","PLACEBO"
"933",0.404044931099634,"0","P006","0-back",1,"0","PLACEBO"
"934",0.90799207771488,"0","P006","2-back",1,"0","PLACEBO"
"935",0.791256250709921,"1","P006","2-back",1,"1","PLACEBO"
"936",0.62001210487324,"1","P006","2-back",1,"1","PLACEBO"
"937",0.778486729113865,"0","P006","2-back",1,"0","PLACEBO"
"938",0.711725802848377,"0","P006","2-back",1,"0","PLACEBO"
"939",0.567777648531774,"0","P006","0-back",1,"0","PLACEBO"
"940",0.621134884739149,"1","P006","0-back",1,"1","PLACEBO"
"941",0.604346371057545,"0","P006","0-back",1,"0","PLACEBO"
"942",0.972114626803886,"0","P006","0-back",1,"0","PLACEBO"
"943",0.792903098188617,"0","P006","0-back",1,"0","PLACEBO"
"944",0.779154798687159,"0","P006","1-back",1,"0","PLACEBO"
"945",0.596087252124562,"0","P006","1-back",0,"1","PLACEBO"
"946",0.526997101920642,"0","P006","3-back",1,"0","PLACEBO"
"947",0.374067330712933,"0","P006","0-back",1,"0","PLACEBO"
"948",0.521955478201562,"1","P006","0-back",1,"1","PLACEBO"
"949",0.789352190229692,"0","P006","1-back",1,"0","PLACEBO"
"950",0.712381431645554,"0","P006","3-back",1,"0","PLACEBO"
"951",0.503787904706769,"0","P006","3-back",1,"0","PLACEBO"
"952",0.929948799994236,"1","P006","3-back",1,"1","PLACEBO"
"953",0.991662504189662,"1","P006","3-back",1,"1","PLACEBO"
"954",0.997064910359768,"0","P006","3-back",1,"0","PLACEBO"
"955",0.994629939843435,"1","P006","1-back",1,"1","PLACEBO"
"956",0.693565071778721,"0","P006","1-back",1,"0","PLACEBO"
"957",0.700794716651217,"0","P006","3-back",1,"0","PLACEBO"
"958",0.710465241409111,"1","P006","3-back",1,"1","PLACEBO"
"959",0.434791371328174,"0","P006","3-back",1,"0","PLACEBO"
"960",1.00326694728756,"0","P006","3-back",1,"0","PLACEBO"
"961",0.285181466786526,"0","P007","1-back",1,"0","PLACEBO"
"962",0.335000702902107,"0","P007","1-back",1,"0","PLACEBO"
"963",0.312512829508705,"0","P007","1-back",1,"0","PLACEBO"
"964",0.556833011740309,"1","P007","1-back",1,"1","PLACEBO"
"965",0.372995330992126,"0","P007","1-back",1,"0","PLACEBO"
"966",0.50573517904013,"0","P007","1-back",1,"0","PLACEBO"
"967",0.557830447703964,"1","P007","1-back",1,"1","PLACEBO"
"968",0.482286569851567,"1","P007","1-back",1,"1","PLACEBO"
"969",0.360560815912322,"0","P007","1-back",1,"0","PLACEBO"
"970",0.376676233592661,"0","P007","1-back",1,"0","PLACEBO"
"971",0.519408791369642,"0","P007","2-back",1,"0","PLACEBO"
"972",0.644499142212226,"0","P007","2-back",0,"1","PLACEBO"
"973",0.826177111286597,"0","P007","2-back",0,"1","PLACEBO"
"974",0.362770912564883,"0","P007","1-back",0,"1","PLACEBO"
"975",0.516942415568337,"0","P007","1-back",1,"0","PLACEBO"
"976",0.324840354262051,"1","P007","1-back",1,"1","PLACEBO"
"977",0.3697218624784,"0","P007","0-back",1,"0","PLACEBO"
"978",0.352249160561769,"0","P007","0-back",1,"0","PLACEBO"
"979",0.371554071789433,"0","P007","0-back",1,"0","PLACEBO"
"980",0.472255293843773,"0","P007","0-back",1,"0","PLACEBO"
"981",NA,NA,"P007","0-back",0,"0","PLACEBO"
"982",0.359354375592375,"0","P007","0-back",1,"0","PLACEBO"
"983",0.406321573105743,"1","P007","0-back",1,"1","PLACEBO"
"984",0.405771381581872,"1","P007","0-back",1,"1","PLACEBO"
"985",0.377030172516243,"0","P007","0-back",1,"0","PLACEBO"
"986",0.395527057977233,"1","P007","0-back",0,"0","PLACEBO"
"987",0.453222212683613,"0","P007","3-back",1,"0","PLACEBO"
"988",0.355305538243556,"0","P007","3-back",1,"0","PLACEBO"
"989",0.391785506792075,"0","P007","3-back",1,"0","PLACEBO"
"990",0.616366285110416,"0","P007","3-back",1,"0","PLACEBO"
"991",0.504775687319125,"1","P007","3-back",1,"1","PLACEBO"
"992",0.442440138291204,"0","P007","3-back",1,"0","PLACEBO"
"993",0.474402564781485,"1","P007","3-back",1,"1","PLACEBO"
"994",0.391343860683264,"0","P007","3-back",1,"0","PLACEBO"
"995",0.774572007598181,"0","P007","3-back",1,"0","PLACEBO"
"996",0.488387195497126,"0","P007","3-back",1,"0","PLACEBO"
"997",0.527465722663692,"0","P007","3-back",1,"0","PLACEBO"
"998",0.333267397434611,"1","P007","3-back",1,"1","PLACEBO"
"999",0.469218821339382,"0","P007","3-back",1,"0","PLACEBO"
"1000",0.376749322913383,"0","P007","3-back",1,"0","PLACEBO"
"1001",0.31454626771847,"1","P007","3-back",1,"1","PLACEBO"
"1002",0.561419910898621,"1","P007","3-back",1,"1","PLACEBO"
"1003",0.425153114352725,"0","P007","3-back",1,"0","PLACEBO"
"1004",0.370394284229405,"0","P007","3-back",1,"0","PLACEBO"
"1005",0.432858594867866,"0","P007","3-back",1,"0","PLACEBO"
"1006",0.512285848290048,"1","P007","3-back",1,"1","PLACEBO"
"1007",0.277451415817268,"0","P007","1-back",1,"0","PLACEBO"
"1008",0.350982693693368,"1","P007","1-back",1,"1","PLACEBO"
"1009",0.497020443859583,"0","P007","3-back",1,"0","PLACEBO"
"1010",0.571715241518177,"0","P007","3-back",1,"0","PLACEBO"
"1011",0.461550663028902,"0","P007","3-back",1,"0","PLACEBO"
"1012",0.424549427663806,"0","P007","3-back",1,"0","PLACEBO"
"1013",0.703285038398462,"0","P007","3-back",1,"0","PLACEBO"
"1014",0.794588839913558,"0","P007","2-back",1,"0","PLACEBO"
"1015",0.711193302902757,"0","P007","2-back",1,"0","PLACEBO"
"1016",0.462441730705905,"0","P007","0-back",1,"0","PLACEBO"
"1017",0.463037330913721,"1","P007","0-back",1,"1","PLACEBO"
"1018",0.378936404204069,"0","P007","0-back",1,"0","PLACEBO"
"1019",0.539650800996242,"0","P007","0-back",1,"0","PLACEBO"
"1020",0.361745484946368,"0","P007","0-back",1,"0","PLACEBO"
"1021",0.49180186635931,"0","P007","0-back",1,"0","PLACEBO"
"1022",0.454586339325033,"0","P007","0-back",1,"0","PLACEBO"
"1023",0.337262428605754,"0","P007","0-back",1,"0","PLACEBO"
"1024",0.545027064819806,"0","P007","0-back",1,"0","PLACEBO"
"1025",0.682640259961772,"1","P007","0-back",1,"1","PLACEBO"
"1026",0.375856389127875,"0","P007","1-back",1,"0","PLACEBO"
"1027",0.396307403108949,"0","P007","1-back",1,"0","PLACEBO"
"1028",0.389999950237325,"0","P007","1-back",1,"0","PLACEBO"
"1029",0.440237195061854,"0","P007","1-back",1,"0","PLACEBO"
"1030",0.441630557432291,"0","P007","1-back",1,"0","PLACEBO"
"1031",0.352729994985566,"1","P007","2-back",1,"1","PLACEBO"
"1032",0.384922264065608,"0","P007","2-back",1,"0","PLACEBO"
"1033",0.391655190087477,"0","P007","2-back",1,"0","PLACEBO"
"1034",0.44440079819833,"0","P007","2-back",1,"0","PLACEBO"
"1035",0.791007774216268,"0","P007","2-back",1,"0","PLACEBO"
"1036",0.736731333608986,"0","P007","2-back",1,"0","PLACEBO"
"1037",0.421228684353991,"1","P007","2-back",1,"1","PLACEBO"
"1038",0.365276165664909,"0","P007","3-back",1,"0","PLACEBO"
"1039",0.355913268169388,"0","P007","3-back",1,"0","PLACEBO"
"1040",0.381908806921274,"0","P007","3-back",1,"0","PLACEBO"
"1041",0.414620165685847,"1","P007","3-back",1,"1","PLACEBO"
"1042",0.515717625163234,"0","P007","3-back",1,"0","PLACEBO"
"1043",0.354437796944694,"0","P007","3-back",1,"0","PLACEBO"
"1044",0.455158924174611,"0","P007","3-back",1,"0","PLACEBO"
"1045",0.4340190044677,"0","P007","3-back",1,"0","PLACEBO"
"1046",0.643528453827457,"1","P007","2-back",1,"1","PLACEBO"
"1047",0.762370756308883,"0","P007","2-back",0,"1","PLACEBO"
"1048",0.776968093245159,"0","P007","3-back",1,"0","PLACEBO"
"1049",0.429347197288735,"0","P007","0-back",1,"0","PLACEBO"
"1050",0.38817520536395,"0","P007","0-back",1,"0","PLACEBO"
"1051",0.406591226046658,"0","P007","0-back",1,"0","PLACEBO"
"1052",0.343576101844519,"1","P007","0-back",1,"1","PLACEBO"
"1053",0.382154822464145,"0","P007","0-back",1,"0","PLACEBO"
"1054",0.451061878973633,"0","P007","0-back",1,"0","PLACEBO"
"1055",0.394833486976495,"1","P007","0-back",1,"1","PLACEBO"
"1056",0.287585949930872,"0","P007","0-back",1,"0","PLACEBO"
"1057",0.353378468320443,"0","P007","0-back",1,"0","PLACEBO"
"1058",0.340208705778423,"1","P007","0-back",1,"1","PLACEBO"
"1059",0.273229652244481,"0","P007","1-back",1,"0","PLACEBO"
"1060",0.436551316166515,"0","P007","1-back",1,"0","PLACEBO"
"1061",0.386535516432559,"0","P007","1-back",1,"0","PLACEBO"
"1062",0.350308405832038,"1","P007","1-back",1,"1","PLACEBO"
"1063",0.387562810163217,"0","P007","1-back",1,"0","PLACEBO"
"1064",0.407496600568265,"0","P007","1-back",1,"0","PLACEBO"
"1065",0.365393730615324,"0","P007","1-back",1,"0","PLACEBO"
"1066",0.372995953028294,"0","P007","1-back",1,"0","PLACEBO"
"1067",0.348876166162881,"0","P007","1-back",1,"0","PLACEBO"
"1068",0.353882629126019,"0","P007","1-back",0,"1","PLACEBO"
"1069",0.346622837954783,"0","P007","2-back",1,"0","PLACEBO"
"1070",0.471013708445753,"0","P007","2-back",1,"0","PLACEBO"
"1071",0.42475469979945,"0","P007","2-back",1,"0","PLACEBO"
"1072",0.530772159127082,"0","P007","2-back",1,"0","PLACEBO"
"1073",0.451562307556742,"0","P007","2-back",1,"0","PLACEBO"
"1074",0.596867298407233,"1","P007","2-back",1,"1","PLACEBO"
"1075",0.891350703086573,"0","P007","2-back",0,"1","PLACEBO"
"1076",0.648963811145222,"1","P007","3-back",1,"1","PLACEBO"
"1077",0.464593044882349,"0","P007","3-back",1,"0","PLACEBO"
"1078",0.731234705670431,"0","P007","2-back",1,"0","PLACEBO"
"1079",0.718982758386119,"0","P007","2-back",1,"0","PLACEBO"
"1080",0.296733933722862,"1","P007","2-back",1,"1","PLACEBO"
"1081",0.349458392582164,"0","P007","2-back",1,"0","PLACEBO"
"1082",0.57130656335903,"0","P007","2-back",1,"0","PLACEBO"
"1083",0.417540006295894,"0","P007","2-back",1,"0","PLACEBO"
"1084",0.317296914323379,"0","P007","2-back",1,"0","PLACEBO"
"1085",0.623184741189107,"0","P007","2-back",1,"0","PLACEBO"
"1086",0.744380830816226,"0","P007","1-back",1,"0","PLACEBO"
"1087",0.694979914433134,"1","P007","1-back",1,"1","PLACEBO"
"1088",0.458928778032714,"0","P007","1-back",1,"0","PLACEBO"
"1089",0.688915988957888,"0","P007","2-back",1,"0","PLACEBO"
"1090",0.542814480020752,"0","P007","2-back",1,"0","PLACEBO"
"1091",0.501099138977224,"0","P007","2-back",1,"0","PLACEBO"
"1092",0.51738095149085,"0","P007","2-back",1,"0","PLACEBO"
"1093",0.475077474680802,"0","P007","2-back",1,"0","PLACEBO"
"1094",0.396229959531411,"0","P007","0-back",1,"0","PLACEBO"
"1095",0.674185225132533,"1","P007","3-back",0,"0","PLACEBO"
"1096",0.549597791023189,"1","P007","3-back",1,"1","PLACEBO"
"1097",0.740344745219772,"0","P007","3-back",1,"0","PLACEBO"
"1098",0.687877809585189,"1","P007","3-back",1,"1","PLACEBO"
"1099",0.633806641111732,"1","P007","0-back",1,"1","PLACEBO"
"1100",0.354537944866024,"0","P007","0-back",1,"0","PLACEBO"
"1101",0.457459838196883,"0","P007","0-back",1,"0","PLACEBO"
"1102",0.37364598145723,"0","P007","0-back",1,"0","PLACEBO"
"1103",0.348116348246549,"0","P007","0-back",1,"0","PLACEBO"
"1104",0.367547221921996,"0","P007","0-back",1,"0","PLACEBO"
"1105",0.457137312128907,"0","P007","0-back",1,"0","PLACEBO"
"1106",0.363984506308043,"1","P007","0-back",1,"1","PLACEBO"
"1107",0.752616908699565,"1","P007","1-back",1,"1","PLACEBO"
"1108",0.445546278913753,"1","P007","0-back",1,"1","PLACEBO"
"1109",0.339399746955678,"0","P007","2-back",1,"0","PLACEBO"
"1110",0.536444823472266,"0","P007","2-back",1,"0","PLACEBO"
"1111",0.393904786074927,"0","P007","2-back",1,"0","PLACEBO"
"1112",0.434660324379365,"0","P007","1-back",1,"0","PLACEBO"
"1113",0.500898221100215,"1","P007","2-back",0,"0","PLACEBO"
"1114",0.822036212492094,"1","P007","2-back",1,"1","PLACEBO"
"1115",0.898684205616519,"0","P007","1-back",1,"0","PLACEBO"
"1116",0.501411712455592,"0","P007","2-back",1,"0","PLACEBO"
"1117",0.39416573050039,"0","P007","1-back",1,"0","PLACEBO"
"1118",0.371870688506533,"0","P007","1-back",1,"0","PLACEBO"
"1119",0.355483129740605,"0","P007","1-back",1,"0","PLACEBO"
"1120",0.402203067635128,"0","P007","1-back",1,"0","PLACEBO"
"1121",0.31754359610386,"0","P008","3-back",1,"0","ACTIVE"
"1122",NA,NA,"P008","3-back",0,"0","ACTIVE"
"1123",1.14481037728547,"0","P008","3-back",1,"0","ACTIVE"
"1124",0.568569254115573,"1","P008","0-back",1,"1","ACTIVE"
"1125",0.462289281746052,"1","P008","1-back",1,"1","ACTIVE"
"1126",0.759720308167743,"0","P008","2-back",1,"0","ACTIVE"
"1127",0.573640394704853,"0","P008","2-back",1,"0","ACTIVE"
"1128",0.895120539504205,"0","P008","2-back",1,"0","ACTIVE"
"1129",0.569858732735156,"1","P008","2-back",1,"1","ACTIVE"
"1130",1.32884535058474,"1","P008","2-back",1,"1","ACTIVE"
"1131",1.02396452160974,"0","P008","2-back",1,"0","ACTIVE"
"1132",0.771090797519719,"0","P008","2-back",1,"0","ACTIVE"
"1133",1.21244891148672,"0","P008","0-back",1,"0","ACTIVE"
"1134",0.422919751572408,"0","P008","0-back",1,"0","ACTIVE"
"1135",0.377172807242459,"0","P008","0-back",1,"0","ACTIVE"
"1136",0.496679732512348,"0","P008","0-back",1,"0","ACTIVE"
"1137",0.313059656580663,"0","P008","0-back",1,"0","ACTIVE"
"1138",0.539945690121385,"0","P008","0-back",1,"0","ACTIVE"
"1139",0.357779310057595,"0","P008","0-back",1,"0","ACTIVE"
"1140",0.295989149220986,"0","P008","0-back",1,"0","ACTIVE"
"1141",0.358489985081178,"0","P008","0-back",1,"0","ACTIVE"
"1142",0.378624014969319,"1","P008","0-back",1,"1","ACTIVE"
"1143",0.284292713513423,"0","P008","1-back",1,"0","ACTIVE"
"1144",0.39889240442244,"0","P008","1-back",1,"0","ACTIVE"
"1145",0.489918833758566,"0","P008","1-back",1,"0","ACTIVE"
"1146",0.401502774431719,"0","P008","1-back",1,"0","ACTIVE"
"1147",0.435730874056389,"0","P008","1-back",1,"0","ACTIVE"
"1148",0.514534315028868,"1","P008","1-back",1,"1","ACTIVE"
"1149",0.426219647411926,"1","P008","1-back",1,"1","ACTIVE"
"1150",0.475994579586768,"0","P008","1-back",1,"0","ACTIVE"
"1151",0.4214346429344,"0","P008","1-back",1,"0","ACTIVE"
"1152",1.21425934444414,"0","P008","2-back",1,"0","ACTIVE"
"1153",0.777735997759009,"1","P008","2-back",1,"1","ACTIVE"
"1154",0.323872180510079,"0","P008","1-back",1,"0","ACTIVE"
"1155",0.897747393439204,"1","P008","1-back",1,"1","ACTIVE"
"1156",0.788685369392624,"0","P008","1-back",1,"0","ACTIVE"
"1157",0.828605711587443,"0","P008","1-back",1,"0","ACTIVE"
"1158",0.708214563519505,"0","P008","1-back",1,"0","ACTIVE"
"1159",0.70012064369439,"0","P008","1-back",1,"0","ACTIVE"
"1160",0.770623027177862,"0","P008","1-back",1,"0","ACTIVE"
"1161",0.437994770551086,"0","P008","1-back",1,"0","ACTIVE"
"1162",0.564536601008513,"1","P008","1-back",1,"1","ACTIVE"
"1163",0.531075159560714,"0","P008","1-back",1,"0","ACTIVE"
"1164",0.317728651523794,"0","P008","2-back",1,"0","ACTIVE"
"1165",0.764762835149668,"0","P008","2-back",1,"0","ACTIVE"
"1166",0.999006610054494,"0","P008","2-back",1,"0","ACTIVE"
"1167",0.559254590541968,"0","P008","0-back",1,"0","ACTIVE"
"1168",0.487929565730155,"0","P008","0-back",1,"0","ACTIVE"
"1169",0.392129328547526,"0","P008","0-back",1,"0","ACTIVE"
"1170",0.367344964766744,"1","P008","0-back",1,"1","ACTIVE"
"1171",0.383551465467463,"0","P008","0-back",1,"0","ACTIVE"
"1172",0.384200870041241,"0","P008","0-back",1,"0","ACTIVE"
"1173",0.487812623143327,"1","P008","0-back",1,"1","ACTIVE"
"1174",0.315889915971638,"1","P008","1-back",1,"1","ACTIVE"
"1175",0.345707165190106,"0","P008","0-back",1,"0","ACTIVE"
"1176",0.551361277011893,"1","P008","0-back",1,"1","ACTIVE"
"1177",0.435017088857421,"0","P008","1-back",1,"0","ACTIVE"
"1178",0.840648309791504,"0","P008","1-back",1,"0","ACTIVE"
"1179",0.946506231390231,"0","P008","1-back",1,"0","ACTIVE"
"1180",0.483257149591736,"1","P008","1-back",1,"1","ACTIVE"
"1181",0.733377435617513,"0","P008","1-back",1,"0","ACTIVE"
"1182",0.980276513231729,"0","P008","1-back",1,"0","ACTIVE"
"1183",0.912699249483921,"0","P008","1-back",1,"0","ACTIVE"
"1184",0.969060599585646,"0","P008","1-back",1,"0","ACTIVE"
"1185",0.713508392653239,"0","P008","1-back",1,"0","ACTIVE"
"1186",0.627010067324591,"1","P008","1-back",1,"1","ACTIVE"
"1187",0.774766402519163,"0","P008","2-back",1,"0","ACTIVE"
"1188",0.970806651917883,"0","P008","2-back",1,"0","ACTIVE"
"1189",1.12286560342181,"0","P008","2-back",1,"0","ACTIVE"
"1190",1.1352064674229,"1","P008","2-back",1,"1","ACTIVE"
"1191",1.29973006789805,"0","P008","2-back",1,"0","ACTIVE"
"1192",0.833727859051578,"0","P008","2-back",1,"0","ACTIVE"
"1193",1.14641709377247,"0","P008","2-back",1,"0","ACTIVE"
"1194",1.12064680446747,"0","P008","2-back",1,"0","ACTIVE"
"1195",1.13969818238184,"0","P008","2-back",1,"0","ACTIVE"
"1196",0.949023296145242,"1","P008","2-back",1,"1","ACTIVE"
"1197",0.891984549894914,"0","P008","3-back",1,"0","ACTIVE"
"1198",0.69825671572471,"0","P008","3-back",1,"0","ACTIVE"
"1199",0.859312781918561,"0","P008","3-back",1,"0","ACTIVE"
"1200",1.48600374527268,"0","P008","3-back",0,"1","ACTIVE"
"1201",1.10370505835817,"1","P008","3-back",0,"0","ACTIVE"
"1202",1.64246919293873,"1","P008","3-back",0,"0","ACTIVE"
"1203",0.8750415597151,"0","P008","3-back",1,"0","ACTIVE"
"1204",1.27160599803574,"0","P008","3-back",1,"0","ACTIVE"
"1205",1.60507431297083,"0","P008","3-back",1,"0","ACTIVE"
"1206",0.942533293646193,"1","P008","3-back",1,"1","ACTIVE"
"1207",0.420783994291924,"0","P008","1-back",1,"0","ACTIVE"
"1208",0.733056465540358,"1","P008","1-back",1,"1","ACTIVE"
"1209",0.739156452073075,"0","P008","1-back",1,"0","ACTIVE"
"1210",0.712119077408715,"0","P008","1-back",1,"0","ACTIVE"
"1211",0.755492647078427,"0","P008","1-back",1,"0","ACTIVE"
"1212",0.688861498612823,"0","P008","1-back",1,"0","ACTIVE"
"1213",0.481894270840712,"0","P008","1-back",1,"0","ACTIVE"
"1214",1.22385081360517,"1","P008","3-back",1,"1","ACTIVE"
"1215",1.43771205563098,"0","P008","3-back",1,"0","ACTIVE"
"1216",1.22132597341442,"0","P008","3-back",0,"1","ACTIVE"
"1217",0.565611788559181,"1","P008","0-back",1,"1","ACTIVE"
"1218",0.447455301338778,"0","P008","0-back",1,"0","ACTIVE"
"1219",0.641100404851386,"0","P008","0-back",1,"0","ACTIVE"
"1220",0.399659062599312,"0","P008","0-back",1,"0","ACTIVE"
"1221",0.370895851741807,"0","P008","0-back",1,"0","ACTIVE"
"1222",0.342660126590999,"0","P008","0-back",1,"0","ACTIVE"
"1223",0.328709746947425,"0","P008","0-back",1,"0","ACTIVE"
"1224",0.405136392066197,"1","P008","0-back",1,"1","ACTIVE"
"1225",0.414406269117535,"0","P008","0-back",1,"0","ACTIVE"
"1226",0.519349799224074,"1","P008","0-back",1,"1","ACTIVE"
"1227",0.645001808565212,"0","P008","2-back",1,"0","ACTIVE"
"1228",1.66604680875753,"0","P008","2-back",1,"0","ACTIVE"
"1229",1.46227341985286,"0","P008","2-back",1,"0","ACTIVE"
"1230",1.40721398907044,"0","P008","2-back",1,"0","ACTIVE"
"1231",1.13884879354737,"0","P008","2-back",1,"0","ACTIVE"
"1232",1.110804033151,"1","P008","2-back",1,"1","ACTIVE"
"1233",1.9552327608435,"1","P008","2-back",1,"1","ACTIVE"
"1234",0.87574570336983,"0","P008","2-back",1,"0","ACTIVE"
"1235",1.39090702971043,"0","P008","3-back",1,"0","ACTIVE"
"1236",1.68287316736678,"1","P008","3-back",1,"1","ACTIVE"
"1237",1.48339772951113,"0","P008","3-back",1,"0","ACTIVE"
"1238",0.774474979107254,"0","P008","2-back",1,"0","ACTIVE"
"1239",0.724644374797208,"1","P008","3-back",1,"1","ACTIVE"
"1240",0.366318917982426,"0","P008","3-back",1,"0","ACTIVE"
"1241",1.08300590964427,"0","P008","3-back",1,"0","ACTIVE"
"1242",1.59502689212968,"0","P008","3-back",0,"1","ACTIVE"
"1243",0.676167940748201,"1","P008","3-back",1,"1","ACTIVE"
"1244",1.58354599155791,"1","P008","3-back",0,"0","ACTIVE"
"1245",1.06535566563434,"0","P008","3-back",1,"0","ACTIVE"
"1246",1.71010275085609,"1","P008","2-back",1,"1","ACTIVE"
"1247",1.18046293713087,"0","P008","2-back",0,"1","ACTIVE"
"1248",0.542784658004166,"0","P008","3-back",1,"0","ACTIVE"
"1249",0.354998502451053,"0","P008","3-back",1,"0","ACTIVE"
"1250",1.43740663643075,"0","P008","3-back",1,"0","ACTIVE"
"1251",1.32916445455521,"0","P008","3-back",1,"0","ACTIVE"
"1252",1.64830947984592,"0","P008","3-back",1,"0","ACTIVE"
"1253",1.35338898680857,"0","P008","3-back",1,"0","ACTIVE"
"1254",1.66567825300262,"0","P008","3-back",1,"0","ACTIVE"
"1255",0.833185444504124,"0","P008","3-back",1,"0","ACTIVE"
"1256",0.69148897458399,"0","P008","1-back",1,"0","ACTIVE"
"1257",0.782772615406429,"1","P008","1-back",1,"1","ACTIVE"
"1258",0.449444569369007,"0","P008","0-back",1,"0","ACTIVE"
"1259",0.375244187627686,"0","P008","0-back",1,"0","ACTIVE"
"1260",0.371137201333113,"0","P008","0-back",1,"0","ACTIVE"
"1261",0.531534532430669,"0","P008","0-back",1,"0","ACTIVE"
"1262",0.40382514222074,"0","P008","0-back",1,"0","ACTIVE"
"1263",0.358875957817872,"0","P008","0-back",1,"0","ACTIVE"
"1264",0.463602086678293,"1","P008","0-back",1,"1","ACTIVE"
"1265",0.630665767204846,"1","P008","0-back",1,"1","ACTIVE"
"1266",0.429487819465066,"0","P008","0-back",1,"0","ACTIVE"
"1267",0.346617202441848,"0","P008","0-back",1,"0","ACTIVE"
"1268",0.975171160713217,"0","P008","2-back",1,"0","ACTIVE"
"1269",1.03416682917305,"0","P008","3-back",1,"0","ACTIVE"
"1270",1.32062857884011,"0","P008","3-back",1,"0","ACTIVE"
"1271",1.03590759420877,"0","P008","3-back",1,"0","ACTIVE"
"1272",1.48835814786617,"1","P008","3-back",1,"1","ACTIVE"
"1273",1.3040787148002,"0","P008","3-back",1,"0","ACTIVE"
"1274",1.15767343969492,"0","P008","3-back",0,"1","ACTIVE"
"1275",1.56141118599407,"0","P008","2-back",1,"0","ACTIVE"
"1276",0.895727334676849,"1","P008","2-back",1,"1","ACTIVE"
"1277",1.10709452724223,"0","P008","2-back",1,"0","ACTIVE"
"1278",1.79302406373608,"0","P008","2-back",1,"0","ACTIVE"
"1279",0.890644686436644,"0","P008","2-back",1,"0","ACTIVE"
"1280",0.816337625685264,"0","P008","2-back",1,"0","ACTIVE"
"1281",0.362796416073252,"0","P009","2-back",1,"0","ACTIVE"
"1282",0.383029095148231,"1","P009","2-back",1,"1","ACTIVE"
"1283",0.568700540301506,"0","P009","3-back",1,"0","ACTIVE"
"1284",0.512072489676939,"0","P009","2-back",1,"0","ACTIVE"
"1285",0.80913610288917,"0","P009","3-back",0,"1","ACTIVE"
"1286",0.63897918789371,"0","P009","3-back",1,"0","ACTIVE"
"1287",0.499515433353736,"0","P009","3-back",1,"0","ACTIVE"
"1288",0.673250303865643,"0","P009","3-back",1,"0","ACTIVE"
"1289",0.587180941789484,"0","P009","3-back",1,"0","ACTIVE"
"1290",0.569856906660789,"0","P009","3-back",1,"0","ACTIVE"
"1291",NA,NA,"P009","3-back",0,"0","ACTIVE"
"1292",0.520119157363297,"0","P009","3-back",1,"0","ACTIVE"
"1293",0.522676661554215,"0","P009","3-back",0,"1","ACTIVE"
"1294",0.519881539315975,"0","P009","3-back",1,"0","ACTIVE"
"1295",0.676676793425941,"0","P009","0-back",0,"1","ACTIVE"
"1296",0.587354801067704,"1","P009","0-back",1,"1","ACTIVE"
"1297",0.398519365871834,"0","P009","0-back",1,"0","ACTIVE"
"1298",0.460900634601785,"0","P009","0-back",1,"0","ACTIVE"
"1299",0.343068519840017,"0","P009","0-back",1,"0","ACTIVE"
"1300",0.407221971334366,"0","P009","0-back",1,"0","ACTIVE"
"1301",0.429048619638706,"0","P009","0-back",1,"0","ACTIVE"
"1302",0.398482354683438,"0","P009","0-back",1,"0","ACTIVE"
"1303",0.441197308820847,"1","P009","0-back",1,"1","ACTIVE"
"1304",0.540853820115444,"0","P009","0-back",1,"0","ACTIVE"
"1305",0.447896022822533,"1","P009","0-back",1,"1","ACTIVE"
"1306",0.928757817448059,"0","P009","2-back",1,"0","ACTIVE"
"1307",0.605440520221237,"0","P009","2-back",1,"0","ACTIVE"
"1308",0.470928178388931,"0","P009","2-back",1,"0","ACTIVE"
"1309",0.467257228378003,"0","P009","2-back",1,"0","ACTIVE"
"1310",0.440631255356493,"0","P009","2-back",1,"0","ACTIVE"
"1311",0.471709145558634,"1","P009","2-back",1,"1","ACTIVE"
"1312",0.469353803318882,"0","P009","2-back",0,"1","ACTIVE"
"1313",0.658118948358606,"0","P009","2-back",1,"0","ACTIVE"
"1314",0.535140412361216,"0","P009","2-back",1,"0","ACTIVE"
"1315",0.922609294970243,"0","P009","2-back",0,"1","ACTIVE"
"1316",1.05491651644479,"0","P009","1-back",1,"0","ACTIVE"
"1317",0.704373913767995,"0","P009","1-back",0,"1","ACTIVE"
"1318",0.774730937993809,"0","P009","1-back",1,"0","ACTIVE"
"1319",0.533685157332002,"0","P009","2-back",1,"0","ACTIVE"
"1320",0.414407118090821,"0","P009","2-back",1,"0","ACTIVE"
"1321",0.463111353292334,"0","P009","2-back",1,"0","ACTIVE"
"1322",0.422476490120971,"0","P009","2-back",1,"0","ACTIVE"
"1323",0.753327896733026,"0","P009","2-back",1,"0","ACTIVE"
"1324",0.524973532335935,"1","P009","2-back",1,"1","ACTIVE"
"1325",0.446889567323524,"0","P009","2-back",0,"1","ACTIVE"
"1326",0.473014178705853,"0","P009","0-back",1,"0","ACTIVE"
"1327",0.420826226561985,"0","P009","0-back",1,"0","ACTIVE"
"1328",0.596028170801219,"0","P009","0-back",1,"0","ACTIVE"
"1329",0.460591482325981,"0","P009","0-back",0,"1","ACTIVE"
"1330",0.519357162318556,"1","P009","0-back",0,"0","ACTIVE"
"1331",0.808621056441552,"0","P009","0-back",1,"0","ACTIVE"
"1332",0.672244159384718,"0","P009","0-back",0,"1","ACTIVE"
"1333",0.444811342465982,"0","P009","0-back",1,"0","ACTIVE"
"1334",0.790879634641897,"0","P009","0-back",1,"0","ACTIVE"
"1335",0.678996368547814,"0","P009","1-back",1,"0","ACTIVE"
"1336",0.764272944757977,"1","P009","1-back",1,"1","ACTIVE"
"1337",0.8885717538069,"0","P009","0-back",1,"0","ACTIVE"
"1338",0.597619651884088,"0","P009","0-back",1,"0","ACTIVE"
"1339",0.369885769167013,"0","P009","0-back",1,"0","ACTIVE"
"1340",0.45445664466024,"0","P009","0-back",1,"0","ACTIVE"
"1341",0.460341423544378,"0","P009","0-back",1,"0","ACTIVE"
"1342",0.433993500959332,"0","P009","0-back",1,"0","ACTIVE"
"1343",0.385515998164919,"1","P009","0-back",1,"1","ACTIVE"
"1344",0.35108221957671,"0","P009","0-back",0,"1","ACTIVE"
"1345",0.443044447016291,"0","P009","0-back",1,"0","ACTIVE"
"1346",0.425754001873429,"0","P009","0-back",1,"0","ACTIVE"
"1347",0.503684012785016,"0","P009","3-back",1,"0","ACTIVE"
"1348",0.446176091145389,"0","P009","3-back",1,"0","ACTIVE"
"1349",0.445350026311644,"0","P009","3-back",1,"0","ACTIVE"
"1350",0.532257582939565,"0","P009","3-back",1,"0","ACTIVE"
"1351",0.77917974498996,"1","P009","3-back",1,"1","ACTIVE"
"1352",0.512618948981981,"0","P009","3-back",1,"0","ACTIVE"
"1353",0.6249426171089,"0","P009","3-back",0,"1","ACTIVE"
"1354",0.52971905087179,"0","P009","3-back",1,"0","ACTIVE"
"1355",0.699030617894095,"0","P009","3-back",0,"1","ACTIVE"
"1356",0.545591252172017,"0","P009","2-back",1,"0","ACTIVE"
"1357",0.575416982350362,"1","P009","2-back",1,"1","ACTIVE"
"1358",0.791152708783557,"0","P009","3-back",1,"0","ACTIVE"
"1359",0.503914788425391,"0","P009","3-back",1,"0","ACTIVE"
"1360",0.513823523191604,"0","P009","1-back",1,"0","ACTIVE"
"1361",0.626722575330859,"0","P009","1-back",1,"0","ACTIVE"
"1362",0.473485371559946,"0","P009","1-back",1,"0","ACTIVE"
"1363",0.662438060688146,"0","P009","1-back",1,"0","ACTIVE"
"1364",0.602240452046317,"0","P009","1-back",1,"0","ACTIVE"
"1365",1.00210777160464,"1","P009","1-back",1,"1","ACTIVE"
"1366",0.798915105664491,"0","P009","1-back",1,"0","ACTIVE"
"1367",0.717038893471909,"0","P009","2-back",1,"0","ACTIVE"
"1368",0.469682549752179,"0","P009","2-back",1,"0","ACTIVE"
"1369",0.659179521057013,"0","P009","2-back",1,"0","ACTIVE"
"1370",0.553940851767038,"0","P009","2-back",1,"0","ACTIVE"
"1371",0.643865908778025,"0","P009","2-back",1,"0","ACTIVE"
"1372",0.384415304095455,"1","P009","2-back",0,"0","ACTIVE"
"1373",0.644971890156739,"0","P009","2-back",0,"1","ACTIVE"
"1374",0.720510480698067,"1","P009","2-back",1,"1","ACTIVE"
"1375",0.672089272229641,"0","P009","2-back",1,"0","ACTIVE"
"1376",0.760836813627975,"0","P009","2-back",1,"0","ACTIVE"
"1377",0.815404056425905,"0","P009","0-back",1,"0","ACTIVE"
"1378",0.890182829049081,"0","P009","1-back",1,"0","ACTIVE"
"1379",0.456912134817685,"0","P009","1-back",1,"0","ACTIVE"
"1380",0.454557725635823,"0","P009","1-back",1,"0","ACTIVE"
"1381",0.394822601332635,"0","P009","1-back",0,"1","ACTIVE"
"1382",NA,NA,"P009","1-back",0,"0","ACTIVE"
"1383",0.463447564166927,"1","P009","1-back",0,"0","ACTIVE"
"1384",0.380485897803737,"0","P009","1-back",1,"0","ACTIVE"
"1385",0.401216206297249,"0","P009","1-back",1,"0","ACTIVE"
"1386",0.508705093610843,"0","P009","1-back",1,"0","ACTIVE"
"1387",0.92931422933907,"0","P009","1-back",0,"1","ACTIVE"
"1388",0.807119459674141,"0","P009","2-back",1,"0","ACTIVE"
"1389",0.417720707977423,"0","P009","2-back",1,"0","ACTIVE"
"1390",0.476397436710613,"0","P009","2-back",1,"0","ACTIVE"
"1391",1.03988157663844,"0","P009","2-back",0,"1","ACTIVE"
"1392",1.14076785463294,"0","P009","2-back",1,"0","ACTIVE"
"1393",0.695538503454372,"0","P009","2-back",1,"0","ACTIVE"
"1394",0.839217801199993,"0","P009","2-back",1,"0","ACTIVE"
"1395",0.545792170050845,"0","P009","2-back",1,"0","ACTIVE"
"1396",0.444143274973612,"0","P009","1-back",1,"0","ACTIVE"
"1397",0.453165607337723,"0","P009","1-back",0,"1","ACTIVE"
"1398",0.94639193790681,"0","P009","3-back",1,"0","ACTIVE"
"1399",0.386714040987499,"0","P009","3-back",1,"0","ACTIVE"
"1400",0.435533975027283,"0","P009","3-back",1,"0","ACTIVE"
"1401",0.400597901743822,"1","P009","3-back",1,"1","ACTIVE"
"1402",0.800895048711027,"0","P009","3-back",1,"0","ACTIVE"
"1403",0.597382966891018,"0","P009","3-back",1,"0","ACTIVE"
"1404",1.21245914773499,"1","P009","3-back",0,"0","ACTIVE"
"1405",1.1759291052258,"1","P009","3-back",0,"0","ACTIVE"
"1406",1.12538861747453,"1","P009","3-back",0,"0","ACTIVE"
"1407",0.434799038581332,"0","P009","3-back",0,"1","ACTIVE"
"1408",0.546310637701026,"0","P009","1-back",1,"0","ACTIVE"
"1409",0.443818882797132,"0","P009","1-back",0,"1","ACTIVE"
"1410",0.511384205989089,"0","P009","1-back",1,"0","ACTIVE"
"1411",0.46420271680654,"0","P009","1-back",1,"0","ACTIVE"
"1412",NA,NA,"P009","1-back",0,"0","ACTIVE"
"1413",0.538012045120922,"0","P009","1-back",1,"0","ACTIVE"
"1414",0.606410586569837,"1","P009","1-back",0,"0","ACTIVE"
"1415",0.656118167080422,"0","P009","1-back",0,"1","ACTIVE"
"1416",0.612611982169255,"0","P009","1-back",1,"0","ACTIVE"
"1417",0.42932511498293,"0","P009","1-back",1,"0","ACTIVE"
"1418",0.473263615451287,"0","P009","1-back",1,"0","ACTIVE"
"1419",0.411658959632405,"1","P009","0-back",1,"1","ACTIVE"
"1420",0.622140030429364,"0","P009","0-back",1,"0","ACTIVE"
"1421",0.505917435813899,"0","P009","0-back",1,"0","ACTIVE"
"1422",0.574024553035997,"0","P009","0-back",1,"0","ACTIVE"
"1423",0.424187713280844,"0","P009","0-back",1,"0","ACTIVE"
"1424",0.373817663605223,"0","P009","0-back",1,"0","ACTIVE"
"1425",0.565358025705791,"0","P009","0-back",1,"0","ACTIVE"
"1426",0.532370171595176,"0","P009","0-back",1,"0","ACTIVE"
"1427",0.483562367273407,"1","P009","0-back",1,"1","ACTIVE"
"1428",0.51272593930662,"0","P009","1-back",1,"0","ACTIVE"
"1429",0.462299906321277,"0","P009","3-back",1,"0","ACTIVE"
"1430",0.436059907118761,"0","P009","3-back",1,"0","ACTIVE"
"1431",0.429135704785949,"0","P009","3-back",0,"1","ACTIVE"
"1432",0.759828181002376,"0","P009","1-back",1,"0","ACTIVE"
"1433",0.757902044137154,"0","P009","1-back",0,"1","ACTIVE"
"1434",0.457944404841328,"1","P009","1-back",1,"1","ACTIVE"
"1435",0.480471777569619,"0","P009","1-back",1,"0","ACTIVE"
"1436",0.750104191158243,"0","P009","3-back",1,"0","ACTIVE"
"1437",0.701416750953285,"1","P009","3-back",1,"1","ACTIVE"
"1438",0.523819343103241,"0","P009","3-back",1,"0","ACTIVE"
"1439",0.732253912921806,"0","P009","3-back",1,"0","ACTIVE"
"1440",0.405569219630706,"1","P009","3-back",1,"1","ACTIVE"
"1441",0.375067568955274,"1","P010","3-back",1,"1","PLACEBO"
"1442",0.674939055756113,"0","P010","3-back",1,"0","PLACEBO"
"1443",0.580597555264831,"1","P010","3-back",1,"1","PLACEBO"
"1444",0.550886498462205,"0","P010","0-back",1,"0","PLACEBO"
"1445",0.550111438235035,"0","P010","3-back",1,"0","PLACEBO"
"1446",0.707341674042254,"0","P010","0-back",1,"0","PLACEBO"
"1447",0.668189935786359,"0","P010","0-back",1,"0","PLACEBO"
"1448",1.06173049924473,"0","P010","1-back",1,"0","PLACEBO"
"1449",0.9082573772248,"0","P010","1-back",1,"0","PLACEBO"
"1450",0.788246516429354,"0","P010","1-back",1,"0","PLACEBO"
"1451",0.697082700669853,"0","P010","1-back",1,"0","PLACEBO"
"1452",0.404779558812152,"1","P010","1-back",1,"1","PLACEBO"
"1453",0.579280699319497,"0","P010","1-back",1,"0","PLACEBO"
"1454",0.513672410779691,"1","P010","1-back",1,"1","PLACEBO"
"1455",0.569737381480081,"0","P010","0-back",1,"0","PLACEBO"
"1456",0.620728693464116,"0","P010","1-back",1,"0","PLACEBO"
"1457",0.891096262355859,"0","P010","1-back",1,"0","PLACEBO"
"1458",0.489288804485113,"0","P010","1-back",1,"0","PLACEBO"
"1459",0.432871137836628,"0","P010","0-back",1,"0","PLACEBO"
"1460",0.44450046248312,"0","P010","0-back",1,"0","PLACEBO"
"1461",0.450957846300298,"1","P010","0-back",1,"1","PLACEBO"
"1462",0.391049298432335,"1","P010","0-back",1,"1","PLACEBO"
"1463",0.395871653508948,"0","P010","0-back",1,"0","PLACEBO"
"1464",0.412637462781277,"0","P010","0-back",1,"0","PLACEBO"
"1465",0.496498855136451,"0","P010","3-back",1,"0","PLACEBO"
"1466",0.84931765463989,"0","P010","3-back",1,"0","PLACEBO"
"1467",0.542929068302328,"0","P010","3-back",1,"0","PLACEBO"
"1468",0.705814569017093,"0","P010","3-back",1,"0","PLACEBO"
"1469",0.874338539590099,"1","P010","3-back",1,"1","PLACEBO"
"1470",0.656908952816593,"0","P010","3-back",1,"0","PLACEBO"
"1471",1.0069954472965,"1","P010","3-back",1,"1","PLACEBO"
"1472",0.574608877614082,"0","P010","3-back",1,"0","PLACEBO"
"1473",NA,NA,"P010","3-back",0,"1","PLACEBO"
"1474",1.07354114816917,"0","P010","3-back",1,"0","PLACEBO"
"1475",0.994935982886091,"0","P010","2-back",1,"0","PLACEBO"
"1476",0.807818342305836,"0","P010","2-back",1,"0","PLACEBO"
"1477",0.421372441320273,"1","P010","2-back",1,"1","PLACEBO"
"1478",0.475685751021956,"0","P010","2-back",1,"0","PLACEBO"
"1479",0.398478928749682,"0","P010","2-back",1,"0","PLACEBO"
"1480",0.792495662833971,"1","P010","3-back",1,"1","PLACEBO"
"1481",1.17646149549546,"0","P010","3-back",1,"0","PLACEBO"
"1482",0.945156091285753,"0","P010","3-back",1,"0","PLACEBO"
"1483",1.34147592368026,"0","P010","3-back",1,"0","PLACEBO"
"1484",0.916292873240309,"1","P010","3-back",1,"1","PLACEBO"
"1485",0.512872780022008,"0","P010","1-back",1,"0","PLACEBO"
"1486",0.505171318789507,"1","P010","1-back",1,"1","PLACEBO"
"1487",0.761861811610288,"0","P010","1-back",1,"0","PLACEBO"
"1488",0.394095110961644,"0","P010","3-back",1,"0","PLACEBO"
"1489",0.583713658164925,"0","P010","3-back",1,"0","PLACEBO"
"1490",1.18118401335596,"1","P010","3-back",0,"0","PLACEBO"
"1491",1.24278201835477,"0","P010","3-back",1,"0","PLACEBO"
"1492",1.05731589053903,"1","P010","3-back",0,"0","PLACEBO"
"1493",1.07786462820513,"0","P010","3-back",0,"1","PLACEBO"
"1494",1.18682434932998,"0","P010","3-back",1,"0","PLACEBO"
"1495",1.21746379890465,"0","P010","3-back",0,"1","PLACEBO"
"1496",0.646356999208365,"1","P010","0-back",1,"1","PLACEBO"
"1497",0.44802679991335,"0","P010","0-back",1,"0","PLACEBO"
"1498",0.477851067760639,"0","P010","0-back",1,"0","PLACEBO"
"1499",0.769228616019973,"1","P010","1-back",1,"1","PLACEBO"
"1500",0.456276277247525,"0","P010","1-back",1,"0","PLACEBO"
"1501",0.621088853875335,"1","P010","1-back",0,"0","PLACEBO"
"1502",0.416057742608245,"0","P010","1-back",1,"0","PLACEBO"
"1503",0.281218101077684,"0","P010","1-back",1,"0","PLACEBO"
"1504",0.32752639465798,"0","P010","1-back",1,"0","PLACEBO"
"1505",0.336254841793561,"0","P010","1-back",0,"1","PLACEBO"
"1506",0.411526812667944,"0","P010","2-back",1,"0","PLACEBO"
"1507",0.339972145106003,"0","P010","2-back",1,"0","PLACEBO"
"1508",0.530430444565354,"0","P010","2-back",1,"0","PLACEBO"
"1509",0.428708143794211,"1","P010","2-back",1,"1","PLACEBO"
"1510",0.761239150868278,"0","P010","2-back",1,"0","PLACEBO"
"1511",0.890942618794725,"0","P010","2-back",1,"0","PLACEBO"
"1512",0.979687948061837,"0","P010","2-back",1,"0","PLACEBO"
"1513",0.685655227582174,"0","P010","2-back",1,"0","PLACEBO"
"1514",1.11199340390158,"0","P010","2-back",1,"0","PLACEBO"
"1515",0.960686220660136,"0","P010","2-back",0,"1","PLACEBO"
"1516",0.758909615909943,"0","P010","3-back",1,"0","PLACEBO"
"1517",0.748793089398532,"0","P010","3-back",1,"0","PLACEBO"
"1518",0.613258008590492,"0","P010","3-back",1,"0","PLACEBO"
"1519",0.595170056050847,"1","P010","3-back",1,"1","PLACEBO"
"1520",1.18413154377049,"1","P010","3-back",0,"0","PLACEBO"
"1521",0.653600017914869,"0","P010","3-back",1,"0","PLACEBO"
"1522",0.768339411690249,"0","P010","3-back",1,"0","PLACEBO"
"1523",1.01999543423517,"1","P010","3-back",0,"0","PLACEBO"
"1524",1.04095844967742,"0","P010","2-back",0,"1","PLACEBO"
"1525",1.24144992246511,"1","P010","2-back",1,"1","PLACEBO"
"1526",0.75082249067782,"0","P010","3-back",1,"0","PLACEBO"
"1527",0.49550048301171,"0","P010","3-back",1,"0","PLACEBO"
"1528",0.539817630691687,"0","P010","2-back",1,"0","PLACEBO"
"1529",0.784032515206491,"0","P010","2-back",1,"0","PLACEBO"
"1530",0.537404742546642,"0","P010","2-back",1,"0","PLACEBO"
"1531",0.448761427629506,"0","P010","2-back",1,"0","PLACEBO"
"1532",0.65284921719649,"1","P010","2-back",1,"1","PLACEBO"
"1533",0.350713509498746,"1","P010","2-back",1,"1","PLACEBO"
"1534",0.409126987335185,"0","P010","2-back",1,"0","PLACEBO"
"1535",0.704703918905579,"0","P010","2-back",1,"0","PLACEBO"
"1536",0.560875818056957,"0","P010","0-back",1,"0","PLACEBO"
"1537",0.49701048197312,"1","P010","0-back",1,"1","PLACEBO"
"1538",0.421597930351709,"0","P010","0-back",1,"0","PLACEBO"
"1539",0.375292746964988,"0","P010","0-back",1,"0","PLACEBO"
"1540",0.377491964816727,"0","P010","0-back",1,"0","PLACEBO"
"1541",0.422816193160543,"0","P010","0-back",1,"0","PLACEBO"
"1542",0.401551799961453,"0","P010","0-back",1,"0","PLACEBO"
"1543",0.398603958528838,"0","P010","0-back",1,"0","PLACEBO"
"1544",0.378512108294672,"0","P010","0-back",1,"0","PLACEBO"
"1545",0.434107439770742,"1","P010","0-back",1,"1","PLACEBO"
"1546",0.849831769632146,"0","P010","1-back",1,"0","PLACEBO"
"1547",0.515900864447758,"0","P010","1-back",1,"0","PLACEBO"
"1548",0.460903934210364,"0","P010","1-back",1,"0","PLACEBO"
"1549",0.44057633130069,"0","P010","1-back",1,"0","PLACEBO"
"1550",0.429492534603924,"0","P010","1-back",1,"0","PLACEBO"
"1551",0.431583517714898,"1","P010","1-back",1,"1","PLACEBO"
"1552",0.412831227833522,"1","P010","1-back",1,"1","PLACEBO"
"1553",0.37256883946975,"0","P010","1-back",1,"0","PLACEBO"
"1554",0.413445180038252,"0","P010","1-back",1,"0","PLACEBO"
"1555",0.443945603958127,"1","P010","1-back",1,"1","PLACEBO"
"1556",0.422721332255605,"0","P010","3-back",1,"0","PLACEBO"
"1557",0.575006049326475,"0","P010","3-back",1,"0","PLACEBO"
"1558",0.362561169731634,"0","P010","3-back",1,"0","PLACEBO"
"1559",0.436739285538351,"0","P010","1-back",1,"0","PLACEBO"
"1560",0.412492838779144,"0","P010","1-back",1,"0","PLACEBO"
"1561",0.532246175549517,"0","P010","2-back",1,"0","PLACEBO"
"1562",0.811247019657458,"0","P010","2-back",1,"0","PLACEBO"
"1563",0.916873546375427,"0","P010","2-back",1,"0","PLACEBO"
"1564",0.384907910280162,"0","P010","1-back",1,"0","PLACEBO"
"1565",0.367583510251279,"1","P010","1-back",1,"1","PLACEBO"
"1566",0.409566457681649,"0","P010","1-back",1,"0","PLACEBO"
"1567",0.464467904977937,"0","P010","2-back",1,"0","PLACEBO"
"1568",0.35257340523458,"0","P010","2-back",1,"0","PLACEBO"
"1569",0.718055979752535,"0","P010","0-back",1,"0","PLACEBO"
"1570",0.484771870414988,"0","P010","0-back",1,"0","PLACEBO"
"1571",0.359190652998223,"0","P010","0-back",1,"0","PLACEBO"
"1572",0.346376344614328,"1","P010","0-back",1,"1","PLACEBO"
"1573",0.360808264655134,"0","P010","0-back",1,"0","PLACEBO"
"1574",0.354488662411313,"0","P010","0-back",1,"0","PLACEBO"
"1575",0.422233031873475,"1","P010","0-back",1,"1","PLACEBO"
"1576",0.331945357631412,"0","P010","0-back",1,"0","PLACEBO"
"1577",0.344025971360679,"0","P010","0-back",1,"0","PLACEBO"
"1578",0.343813856161432,"1","P010","0-back",1,"1","PLACEBO"
"1579",0.484708733485604,"1","P010","2-back",1,"1","PLACEBO"
"1580",0.354775422252715,"0","P010","0-back",1,"0","PLACEBO"
"1581",0.368104156648769,"0","P010","0-back",1,"0","PLACEBO"
"1582",0.347821651550476,"0","P010","0-back",1,"0","PLACEBO"
"1583",0.405837024612993,"0","P010","0-back",1,"0","PLACEBO"
"1584",0.447440528434527,"1","P010","0-back",1,"1","PLACEBO"
"1585",0.396205377273873,"0","P010","0-back",1,"0","PLACEBO"
"1586",0.387972383967281,"1","P010","0-back",1,"1","PLACEBO"
"1587",0.647685051852022,"0","P010","2-back",1,"0","PLACEBO"
"1588",0.396848876320291,"0","P010","2-back",1,"0","PLACEBO"
"1589",0.770672678874689,"0","P010","2-back",1,"0","PLACEBO"
"1590",0.689419183796417,"0","P010","2-back",1,"0","PLACEBO"
"1591",0.719975280182553,"0","P010","2-back",1,"0","PLACEBO"
"1592",0.978134406388563,"1","P010","2-back",1,"1","PLACEBO"
"1593",0.795245073921251,"0","P010","2-back",0,"1","PLACEBO"
"1594",0.817946065511933,"0","P010","2-back",1,"0","PLACEBO"
"1595",0.52627460396252,"1","P010","2-back",0,"0","PLACEBO"
"1596",0.900033403479028,"0","P010","1-back",1,"0","PLACEBO"
"1597",0.658649728138698,"1","P010","1-back",1,"1","PLACEBO"
"1598",0.517065631924197,"0","P010","1-back",1,"0","PLACEBO"
"1599",0.41167610195771,"0","P010","1-back",1,"0","PLACEBO"
"1600",0.400539742986439,"0","P010","1-back",1,"0","PLACEBO"
"1601",0.35812218160936,"0","P011","1-back",1,"0","ACTIVE"
"1602",0.290509050115361,"0","P011","3-back",1,"0","ACTIVE"
"1603",0.255026727205404,"0","P011","3-back",1,"0","ACTIVE"
"1604",0.553097833675565,"0","P011","0-back",1,"0","ACTIVE"
"1605",0.516298666701914,"0","P011","0-back",1,"0","ACTIVE"
"1606",0.334196611602238,"0","P011","0-back",1,"0","ACTIVE"
"1607",0.452470917622122,"1","P011","0-back",1,"1","ACTIVE"
"1608",0.287949383920932,"0","P011","0-back",1,"0","ACTIVE"
"1609",0.330318546260969,"0","P011","0-back",1,"0","ACTIVE"
"1610",0.325122392787307,"1","P011","0-back",1,"1","ACTIVE"
"1611",0.324543902010191,"0","P011","0-back",1,"0","ACTIVE"
"1612",0.290499408602045,"0","P011","0-back",1,"0","ACTIVE"
"1613",0.39681730545999,"1","P011","0-back",1,"1","ACTIVE"
"1614",0.348225324021769,"0","P011","1-back",1,"0","ACTIVE"
"1615",0.467833580019942,"0","P011","1-back",1,"0","ACTIVE"
"1616",0.401340730135416,"0","P011","1-back",1,"0","ACTIVE"
"1617",0.375821511333925,"0","P011","1-back",0,"1","ACTIVE"
"1618",0.35740155626263,"0","P011","1-back",1,"0","ACTIVE"
"1619",0.451784193082858,"0","P011","0-back",1,"0","ACTIVE"
"1620",0.410410594715358,"0","P011","1-back",1,"0","ACTIVE"
"1621",0.371467279659555,"0","P011","1-back",1,"0","ACTIVE"
"1622",0.307600653508416,"0","P011","1-back",1,"0","ACTIVE"
"1623",0.326942150608375,"1","P011","1-back",1,"1","ACTIVE"
"1624",0.376193176110974,"0","P011","2-back",1,"0","ACTIVE"
"1625",0.373939239183528,"0","P011","2-back",1,"0","ACTIVE"
"1626",0.409986990180187,"0","P011","2-back",1,"0","ACTIVE"
"1627",0.879512811239692,"1","P011","2-back",1,"1","ACTIVE"
"1628",NA,NA,"P011","2-back",0,"0","ACTIVE"
"1629",0.339054068048426,"0","P011","2-back",1,"0","ACTIVE"
"1630",NA,NA,"P011","2-back",0,"0","ACTIVE"
"1631",0.491715918731643,"0","P011","2-back",1,"0","ACTIVE"
"1632",0.350417679674138,"0","P011","2-back",1,"0","ACTIVE"
"1633",0.787892623400694,"1","P011","2-back",1,"1","ACTIVE"
"1634",0.288914157255931,"0","P011","3-back",1,"0","ACTIVE"
"1635",0.266354571929696,"0","P011","3-back",1,"0","ACTIVE"
"1636",0.326084677984909,"0","P011","3-back",1,"0","ACTIVE"
"1637",0.398726636049105,"1","P011","3-back",1,"1","ACTIVE"
"1638",0.248560382151481,"0","P011","3-back",1,"0","ACTIVE"
"1639",0.295248942307808,"0","P011","1-back",1,"0","ACTIVE"
"1640",0.356554969221179,"0","P011","1-back",1,"0","ACTIVE"
"1641",0.369939255357167,"0","P011","1-back",1,"0","ACTIVE"
"1642",0.370990491290286,"0","P011","1-back",1,"0","ACTIVE"
"1643",0.442983668832312,"0","P011","1-back",1,"0","ACTIVE"
"1644",0.381974351708777,"0","P011","1-back",1,"0","ACTIVE"
"1645",0.362993011767685,"1","P011","1-back",1,"1","ACTIVE"
"1646",0.446658640365058,"0","P011","1-back",1,"0","ACTIVE"
"1647",0.328454313068505,"0","P011","2-back",1,"0","ACTIVE"
"1648",0.328268325174577,"0","P011","2-back",1,"0","ACTIVE"
"1649",0.379794125703484,"0","P011","2-back",1,"0","ACTIVE"
"1650",0.394658539597003,"0","P011","2-back",1,"0","ACTIVE"
"1651",0.358817925625772,"0","P011","2-back",1,"0","ACTIVE"
"1652",0.353328172532201,"0","P011","2-back",1,"0","ACTIVE"
"1653",0.733960487836157,"1","P011","2-back",1,"1","ACTIVE"
"1654",0.51919578585148,"0","P011","2-back",0,"1","ACTIVE"
"1655",NA,NA,"P011","2-back",0,"0","ACTIVE"
"1656",0.549262377604464,"0","P011","2-back",1,"0","ACTIVE"
"1657",0.395022428958328,"0","P011","0-back",1,"0","ACTIVE"
"1658",0.314595104660839,"1","P011","0-back",1,"1","ACTIVE"
"1659",0.397422232646932,"0","P011","0-back",1,"0","ACTIVE"
"1660",0.327997429758398,"0","P011","0-back",1,"0","ACTIVE"
"1661",0.30231026202091,"0","P011","0-back",1,"0","ACTIVE"
"1662",0.448301118758536,"0","P011","0-back",1,"0","ACTIVE"
"1663",0.316988065984333,"0","P011","0-back",1,"0","ACTIVE"
"1664",0.331181617177208,"0","P011","0-back",1,"0","ACTIVE"
"1665",0.309046569440397,"0","P011","0-back",1,"0","ACTIVE"
"1666",0.368567361365422,"1","P011","0-back",1,"1","ACTIVE"
"1667",0.382789215065714,"0","P011","1-back",1,"0","ACTIVE"
"1668",0.40330573268875,"0","P011","1-back",1,"0","ACTIVE"
"1669",0.424428110545705,"0","P011","1-back",1,"0","ACTIVE"
"1670",0.342630447335978,"0","P011","1-back",1,"0","ACTIVE"
"1671",0.380270914072753,"0","P011","1-back",1,"0","ACTIVE"
"1672",0.325804452077136,"1","P011","1-back",1,"1","ACTIVE"
"1673",0.2415214556313,"0","P011","1-back",0,"1","ACTIVE"
"1674",0.432644234701002,"0","P011","1-back",1,"0","ACTIVE"
"1675",0.348907694329682,"0","P011","1-back",1,"0","ACTIVE"
"1676",0.48055882209519,"1","P011","1-back",1,"1","ACTIVE"
"1677",0.346510689792922,"0","P011","3-back",1,"0","ACTIVE"
"1678",0.324920543047483,"0","P011","3-back",1,"0","ACTIVE"
"1679",0.306610998850374,"0","P011","3-back",1,"0","ACTIVE"
"1680",0.33644588327661,"1","P011","3-back",1,"1","ACTIVE"
"1681",0.340505893294903,"0","P011","3-back",1,"0","ACTIVE"
"1682",0.377080817339447,"0","P011","3-back",1,"0","ACTIVE"
"1683",0.365907547842653,"1","P011","3-back",0,"0","ACTIVE"
"1684",0.326084055956017,"0","P011","3-back",1,"0","ACTIVE"
"1685",0.266137171362061,"0","P011","3-back",0,"1","ACTIVE"
"1686",0.303273791290849,"0","P011","1-back",1,"0","ACTIVE"
"1687",0.359086332904553,"1","P011","1-back",1,"1","ACTIVE"
"1688",0.295695562072069,"0","P011","1-back",1,"0","ACTIVE"
"1689",0.405337292781041,"0","P011","1-back",1,"0","ACTIVE"
"1690",0.368968261693226,"0","P011","1-back",1,"0","ACTIVE"
"1691",0.367514259331074,"0","P011","1-back",1,"0","ACTIVE"
"1692",0.373846867270913,"0","P011","1-back",1,"0","ACTIVE"
"1693",0.334709788905457,"1","P011","1-back",1,"1","ACTIVE"
"1694",0.277031147998059,"0","P011","1-back",1,"0","ACTIVE"
"1695",0.389830629716016,"1","P011","1-back",1,"1","ACTIVE"
"1696",0.474171475241747,"0","P011","0-back",1,"0","ACTIVE"
"1697",0.352053315698868,"0","P011","0-back",1,"0","ACTIVE"
"1698",0.347877607524424,"0","P011","0-back",1,"0","ACTIVE"
"1699",0.355147619338823,"0","P011","0-back",1,"0","ACTIVE"
"1700",0.396809530044266,"0","P011","0-back",1,"0","ACTIVE"
"1701",0.324248125270969,"0","P011","0-back",1,"0","ACTIVE"
"1702",0.387199429718748,"0","P011","0-back",1,"0","ACTIVE"
"1703",0.335523719211778,"0","P011","0-back",1,"0","ACTIVE"
"1704",0.403939273397555,"0","P011","0-back",1,"0","ACTIVE"
"1705",0.404730810514593,"1","P011","0-back",1,"1","ACTIVE"
"1706",0.347236602417979,"0","P011","0-back",1,"0","ACTIVE"
"1707",0.386766805699153,"1","P011","0-back",1,"1","ACTIVE"
"1708",0.33787873651454,"0","P011","2-back",1,"0","ACTIVE"
"1709",0.41438849637052,"0","P011","2-back",1,"0","ACTIVE"
"1710",0.399282733636937,"0","P011","2-back",1,"0","ACTIVE"
"1711",0.40170772966303,"0","P011","2-back",1,"0","ACTIVE"
"1712",0.476364141904924,"0","P011","2-back",1,"0","ACTIVE"
"1713",0.362050009593077,"1","P011","2-back",1,"1","ACTIVE"
"1714",0.458875370382884,"0","P011","2-back",0,"1","ACTIVE"
"1715",0.500291889031359,"0","P011","2-back",1,"0","ACTIVE"
"1716",0.554056386677985,"0","P011","2-back",1,"0","ACTIVE"
"1717",0.579071136638959,"1","P011","2-back",1,"1","ACTIVE"
"1718",0.318557144470105,"0","P011","1-back",1,"0","ACTIVE"
"1719",0.499652439008059,"1","P011","1-back",1,"1","ACTIVE"
"1720",0.664592911994987,"0","P011","2-back",1,"0","ACTIVE"
"1721",0.336268603845383,"0","P011","2-back",0,"1","ACTIVE"
"1722",0.389182471233653,"0","P011","2-back",1,"0","ACTIVE"
"1723",0.366635015547217,"0","P011","2-back",1,"0","ACTIVE"
"1724",NA,NA,"P011","3-back",0,"1","ACTIVE"
"1725",0.35528726577104,"1","P011","3-back",1,"1","ACTIVE"
"1726",0.322102111087588,"0","P011","3-back",1,"0","ACTIVE"
"1727",0.765272700864443,"0","P011","3-back",1,"0","ACTIVE"
"1728",0.415923985066911,"0","P011","2-back",0,"1","ACTIVE"
"1729",0.306751889347652,"0","P011","3-back",1,"0","ACTIVE"
"1730",0.372836996535625,"0","P011","3-back",1,"0","ACTIVE"
"1731",0.297326843869087,"0","P011","3-back",1,"0","ACTIVE"
"1732",0.508434613282589,"0","P011","3-back",1,"0","ACTIVE"
"1733",0.430499775600765,"0","P011","3-back",1,"0","ACTIVE"
"1734",0.413309268948069,"0","P011","3-back",1,"0","ACTIVE"
"1735",0.760977251316945,"0","P011","3-back",1,"0","ACTIVE"
"1736",0.362241284772608,"1","P011","3-back",1,"1","ACTIVE"
"1737",0.39414131907688,"0","P011","3-back",1,"0","ACTIVE"
"1738",0.579548547040758,"0","P011","3-back",0,"1","ACTIVE"
"1739",0.398421528814652,"1","P011","0-back",1,"1","ACTIVE"
"1740",0.429191017967241,"0","P011","3-back",0,"1","ACTIVE"
"1741",0.508244582171756,"0","P011","3-back",1,"0","ACTIVE"
"1742",0.327885774819151,"0","P011","3-back",0,"1","ACTIVE"
"1743",0.378055854220293,"0","P011","0-back",1,"0","ACTIVE"
"1744",0.329780176612985,"0","P011","0-back",1,"0","ACTIVE"
"1745",0.483981870223943,"1","P011","0-back",1,"1","ACTIVE"
"1746",0.423706863170082,"1","P011","0-back",1,"1","ACTIVE"
"1747",0.35303923815809,"0","P011","0-back",1,"0","ACTIVE"
"1748",0.326617760350928,"0","P011","0-back",1,"0","ACTIVE"
"1749",0.643044130447379,"0","P011","3-back",1,"0","ACTIVE"
"1750",0.461956300307065,"0","P011","3-back",1,"0","ACTIVE"
"1751",0.369383468787419,"0","P011","3-back",1,"0","ACTIVE"
"1752",0.366161648362322,"0","P011","3-back",1,"0","ACTIVE"
"1753",0.425895175601909,"0","P011","2-back",1,"0","ACTIVE"
"1754",0.327408364413714,"1","P011","2-back",1,"1","ACTIVE"
"1755",0.37094383881049,"0","P011","2-back",1,"0","ACTIVE"
"1756",0.412216045777313,"0","P011","3-back",1,"0","ACTIVE"
"1757",0.363467934039363,"0","P011","3-back",0,"1","ACTIVE"
"1758",0.406119188384764,"0","P011","3-back",1,"0","ACTIVE"
"1759",0.481094392587693,"0","P011","2-back",1,"0","ACTIVE"
"1760",0.504336037207395,"0","P011","2-back",1,"0","ACTIVE"
"1761",0.37178100759229,"1","P012","0-back",1,"1","PLACEBO"
"1762",0.538325288865963,"0","P012","2-back",1,"0","PLACEBO"
"1763",0.314067042314491,"1","P012","2-back",1,"1","PLACEBO"
"1764",0.690701167217412,"0","P012","2-back",1,"0","PLACEBO"
"1765",0.624193492705672,"0","P012","2-back",1,"0","PLACEBO"
"1766",0.349719602159894,"0","P012","0-back",1,"0","PLACEBO"
"1767",0.291416880723773,"0","P012","0-back",1,"0","PLACEBO"
"1768",0.632288345581401,"0","P012","3-back",1,"0","PLACEBO"
"1769",0.420974959046362,"0","P012","3-back",1,"0","PLACEBO"
"1770",0.399648799020724,"0","P012","3-back",1,"0","PLACEBO"
"1771",0.422045481334862,"0","P012","3-back",1,"0","PLACEBO"
"1772",0.726677807313536,"0","P012","3-back",0,"1","PLACEBO"
"1773",0.872839866722643,"1","P012","3-back",0,"0","PLACEBO"
"1774",0.44595370877505,"0","P012","3-back",0,"1","PLACEBO"
"1775",0.497059173882008,"1","P012","0-back",1,"1","PLACEBO"
"1776",0.545033625658107,"0","P012","0-back",1,"0","PLACEBO"
"1777",0.3171224783855,"0","P012","0-back",1,"0","PLACEBO"
"1778",0.410654153811265,"0","P012","0-back",1,"0","PLACEBO"
"1779",0.376779370084478,"0","P012","0-back",1,"0","PLACEBO"
"1780",0.392964721593671,"0","P012","0-back",1,"0","PLACEBO"
"1781",0.331568308933129,"0","P012","0-back",1,"0","PLACEBO"
"1782",0.270036914667799,"0","P012","0-back",1,"0","PLACEBO"
"1783",0.298431880788485,"0","P012","0-back",1,"0","PLACEBO"
"1784",0.443820439635601,"1","P012","0-back",1,"1","PLACEBO"
"1785",0.319020618284412,"0","P012","2-back",1,"0","PLACEBO"
"1786",0.688614239688832,"0","P012","2-back",1,"0","PLACEBO"
"1787",0.947404760994687,"0","P012","2-back",1,"0","PLACEBO"
"1788",0.547501860661214,"0","P012","2-back",1,"0","PLACEBO"
"1789",0.740188408190079,"0","P012","2-back",1,"0","PLACEBO"
"1790",1.18275917944811,"1","P012","2-back",1,"1","PLACEBO"
"1791",0.889037036899026,"1","P012","2-back",1,"1","PLACEBO"
"1792",0.746424309378199,"0","P012","2-back",1,"0","PLACEBO"
"1793",0.989883222253411,"1","P012","2-back",0,"0","PLACEBO"
"1794",1.03062900493387,"1","P012","2-back",1,"1","PLACEBO"
"1795",0.417269496367226,"0","P012","1-back",1,"0","PLACEBO"
"1796",0.487531152291922,"1","P012","1-back",1,"1","PLACEBO"
"1797",0.438185424289259,"0","P012","1-back",1,"0","PLACEBO"
"1798",0.387311978247453,"0","P012","1-back",1,"0","PLACEBO"
"1799",0.395304195346398,"0","P012","1-back",1,"0","PLACEBO"
"1800",0.407589698228549,"0","P012","1-back",1,"0","PLACEBO"
"1801",0.566144250544312,"0","P012","1-back",1,"0","PLACEBO"
"1802",0.548607216913297,"0","P012","1-back",1,"0","PLACEBO"
"1803",0.317191524274676,"1","P012","1-back",1,"1","PLACEBO"
"1804",0.614604822698311,"0","P012","2-back",0,"1","PLACEBO"
"1805",0.360231994185597,"0","P012","3-back",1,"0","PLACEBO"
"1806",0.301379082766289,"0","P012","3-back",1,"0","PLACEBO"
"1807",0.303843585559662,"0","P012","3-back",1,"0","PLACEBO"
"1808",0.73461528532971,"0","P012","2-back",1,"0","PLACEBO"
"1809",0.701185567666471,"0","P012","2-back",1,"0","PLACEBO"
"1810",0.725111834122799,"0","P012","2-back",1,"0","PLACEBO"
"1811",0.678856687172811,"1","P012","2-back",1,"1","PLACEBO"
"1812",1.0385011692706,"1","P012","2-back",1,"1","PLACEBO"
"1813",0.731808663267657,"0","P012","2-back",1,"0","PLACEBO"
"1814",0.924512627776494,"0","P012","2-back",1,"0","PLACEBO"
"1815",0.422266614788896,"0","P012","0-back",1,"0","PLACEBO"
"1816",0.444143586833889,"1","P012","0-back",1,"1","PLACEBO"
"1817",0.409277590286365,"0","P012","0-back",1,"0","PLACEBO"
"1818",0.426469083460688,"0","P012","0-back",1,"0","PLACEBO"
"1819",0.369223510560914,"0","P012","0-back",1,"0","PLACEBO"
"1820",0.338384257785947,"0","P012","0-back",1,"0","PLACEBO"
"1821",0.306503407353375,"0","P012","0-back",1,"0","PLACEBO"
"1822",0.462805570821729,"1","P012","0-back",1,"1","PLACEBO"
"1823",0.422256040192224,"1","P012","0-back",1,"1","PLACEBO"
"1824",0.318157233661623,"0","P012","0-back",1,"0","PLACEBO"
"1825",0.29430685547959,"0","P012","0-back",1,"0","PLACEBO"
"1826",1.04190961022505,"0","P012","3-back",1,"0","PLACEBO"
"1827",0.430127893510871,"0","P012","3-back",1,"0","PLACEBO"
"1828",0.521891123342357,"0","P012","3-back",1,"0","PLACEBO"
"1829",0.539171256506961,"0","P012","3-back",1,"0","PLACEBO"
"1830",0.480780828132993,"1","P012","3-back",1,"1","PLACEBO"
"1831",0.582621025469052,"0","P012","3-back",1,"0","PLACEBO"
"1832",0.447853092742662,"1","P012","3-back",1,"1","PLACEBO"
"1833",0.477016894159533,"0","P012","3-back",1,"0","PLACEBO"
"1834",0.749027525984275,"0","P012","3-back",0,"1","PLACEBO"
"1835",0.640558301322017,"0","P012","3-back",1,"0","PLACEBO"
"1836",0.816576798155438,"0","P012","2-back",1,"0","PLACEBO"
"1837",0.875433752802564,"0","P012","2-back",1,"0","PLACEBO"
"1838",0.629910927693345,"1","P012","2-back",1,"1","PLACEBO"
"1839",0.544154068124044,"0","P012","2-back",1,"0","PLACEBO"
"1840",0.454057581160669,"0","P012","2-back",1,"0","PLACEBO"
"1841",0.562873590351955,"0","P012","3-back",1,"0","PLACEBO"
"1842",0.339569545538325,"1","P012","3-back",1,"1","PLACEBO"
"1843",0.344677697214138,"1","P012","3-back",1,"1","PLACEBO"
"1844",0.507561613347207,"0","P012","3-back",1,"0","PLACEBO"
"1845",0.35610821294722,"0","P012","1-back",1,"0","PLACEBO"
"1846",0.742696142418936,"0","P012","2-back",1,"0","PLACEBO"
"1847",0.959840485336827,"0","P012","2-back",1,"0","PLACEBO"
"1848",0.575067965102789,"0","P012","2-back",1,"0","PLACEBO"
"1849",0.56560339108546,"0","P012","0-back",1,"0","PLACEBO"
"1850",0.41804455201418,"0","P012","0-back",1,"0","PLACEBO"
"1851",0.385117749676283,"0","P012","0-back",1,"0","PLACEBO"
"1852",0.570859276082047,"1","P012","0-back",1,"1","PLACEBO"
"1853",0.412239721104925,"0","P012","0-back",1,"0","PLACEBO"
"1854",0.37158288943283,"0","P012","0-back",1,"0","PLACEBO"
"1855",0.446565791244211,"1","P012","0-back",1,"1","PLACEBO"
"1856",0.338956530014912,"0","P012","0-back",1,"0","PLACEBO"
"1857",0.377232833619928,"0","P012","0-back",1,"0","PLACEBO"
"1858",0.322128305300794,"1","P012","0-back",1,"1","PLACEBO"
"1859",0.416880102437062,"0","P012","1-back",1,"0","PLACEBO"
"1860",0.809711086500101,"0","P012","1-back",1,"0","PLACEBO"
"1861",0.528260140026759,"0","P012","1-back",1,"0","PLACEBO"
"1862",0.633266495668067,"1","P012","1-back",1,"1","PLACEBO"
"1863",0.722540652321186,"0","P012","1-back",1,"0","PLACEBO"
"1864",0.395766367375472,"0","P012","0-back",1,"0","PLACEBO"
"1865",0.315424322750914,"0","P012","0-back",0,"1","PLACEBO"
"1866",0.828857013741072,"0","P012","1-back",1,"0","PLACEBO"
"1867",0.927355949905177,"0","P012","1-back",1,"0","PLACEBO"
"1868",0.413655472835671,"0","P012","1-back",1,"0","PLACEBO"
"1869",0.442853486178137,"0","P012","1-back",1,"0","PLACEBO"
"1870",0.378969866445914,"0","P012","1-back",1,"0","PLACEBO"
"1871",0.426359916311412,"1","P012","1-back",1,"1","PLACEBO"
"1872",0.519128976786305,"1","P012","1-back",1,"1","PLACEBO"
"1873",0.440476690324431,"0","P012","1-back",1,"0","PLACEBO"
"1874",0.468160981421534,"0","P012","1-back",1,"0","PLACEBO"
"1875",0.422195702796671,"1","P012","1-back",1,"1","PLACEBO"
"1876",0.728015804666938,"0","P012","3-back",1,"0","PLACEBO"
"1877",0.369308418341461,"0","P012","3-back",1,"0","PLACEBO"
"1878",0.387581008400957,"0","P012","3-back",1,"0","PLACEBO"
"1879",0.444970893426216,"1","P012","3-back",1,"1","PLACEBO"
"1880",0.600161169277271,"0","P012","3-back",1,"0","PLACEBO"
"1881",0.403935553438714,"0","P012","3-back",1,"0","PLACEBO"
"1882",0.424994549417534,"0","P012","3-back",1,"0","PLACEBO"
"1883",0.666574916498575,"1","P012","3-back",1,"1","PLACEBO"
"1884",0.825601593405736,"0","P012","3-back",1,"0","PLACEBO"
"1885",1.17459839085859,"0","P012","3-back",1,"0","PLACEBO"
"1886",0.60202851844042,"1","P012","3-back",0,"0","PLACEBO"
"1887",0.563882842188832,"0","P012","3-back",1,"0","PLACEBO"
"1888",1.02742054824193,"1","P012","3-back",1,"1","PLACEBO"
"1889",0.840097186754065,"0","P012","1-back",1,"0","PLACEBO"
"1890",0.474115722774513,"1","P012","1-back",1,"1","PLACEBO"
"1891",0.457738784474714,"0","P012","1-back",1,"0","PLACEBO"
"1892",0.517548385772898,"0","P012","1-back",1,"0","PLACEBO"
"1893",0.414395072486514,"0","P012","1-back",1,"0","PLACEBO"
"1894",0.469765520783767,"0","P012","1-back",1,"0","PLACEBO"
"1895",0.426304555194292,"0","P012","1-back",1,"0","PLACEBO"
"1896",0.372709705892703,"1","P012","1-back",1,"1","PLACEBO"
"1897",0.361240312971859,"0","P012","1-back",1,"0","PLACEBO"
"1898",0.489077220361651,"1","P012","1-back",1,"1","PLACEBO"
"1899",0.398734096508633,"0","P012","0-back",1,"0","PLACEBO"
"1900",0.469187028205852,"0","P012","0-back",1,"0","PLACEBO"
"1901",0.340023320091859,"0","P012","0-back",1,"0","PLACEBO"
"1902",0.377908363665483,"0","P012","0-back",1,"0","PLACEBO"
"1903",0.919687813058772,"0","P012","2-back",1,"0","PLACEBO"
"1904",0.695437963979202,"0","P012","2-back",1,"0","PLACEBO"
"1905",1.05138071560759,"0","P012","1-back",1,"0","PLACEBO"
"1906",0.930093837096138,"0","P012","1-back",1,"0","PLACEBO"
"1907",0.480731687366642,"0","P012","1-back",1,"0","PLACEBO"
"1908",0.414391340278598,"0","P012","1-back",1,"0","PLACEBO"
"1909",0.880875315255253,"1","P012","1-back",1,"1","PLACEBO"
"1910",0.464516167156034,"0","P012","2-back",1,"0","PLACEBO"
"1911",1.53310081663949,"0","P012","2-back",1,"0","PLACEBO"
"1912",1.10975901429811,"0","P012","2-back",1,"0","PLACEBO"
"1913",0.571960589104492,"1","P012","2-back",1,"1","PLACEBO"
"1914",0.78021760651427,"0","P012","2-back",1,"0","PLACEBO"
"1915",1.04267346924098,"0","P012","2-back",1,"0","PLACEBO"
"1916",0.345830328125885,"0","P012","3-back",1,"0","PLACEBO"
"1917",0.960822989669396,"0","P012","3-back",1,"0","PLACEBO"
"1918",0.829222770338674,"0","P012","2-back",1,"0","PLACEBO"
"1919",0.570165396004086,"1","P012","2-back",1,"1","PLACEBO"
"1920",0.588806230800401,"0","P012","3-back",1,"0","PLACEBO"
"1921",0.443665417105876,"0","P013","0-back",1,"0","PLACEBO"
"1922",NA,NA,"P013","3-back",0,"0","PLACEBO"
"1923",0.739785205751105,"0","P013","3-back",0,"1","PLACEBO"
"1924",NA,NA,"P013","1-back",0,"0","PLACEBO"
"1925",0.85957602846247,"1","P013","3-back",0,"0","PLACEBO"
"1926",0.487060312018002,"0","P013","3-back",1,"0","PLACEBO"
"1927",0.605300406219612,"0","P013","1-back",1,"0","PLACEBO"
"1928",0.530674784613439,"0","P013","1-back",1,"0","PLACEBO"
"1929",0.476883850560625,"0","P013","1-back",1,"0","PLACEBO"
"1930",0.586787457199534,"0","P013","1-back",1,"0","PLACEBO"
"1931",0.570381334278864,"1","P013","1-back",1,"1","PLACEBO"
"1932",0.495798010924773,"0","P013","1-back",1,"0","PLACEBO"
"1933",0.592662870813001,"1","P013","1-back",1,"1","PLACEBO"
"1934",0.429440453237476,"0","P013","0-back",1,"0","PLACEBO"
"1935",0.478656022851283,"0","P013","0-back",1,"0","PLACEBO"
"1936",0.398421528814652,"0","P013","0-back",1,"0","PLACEBO"
"1937",0.534877551228419,"0","P013","0-back",1,"0","PLACEBO"
"1938",0.487867710977298,"0","P013","0-back",1,"0","PLACEBO"
"1939",0.480433793441989,"0","P013","0-back",1,"0","PLACEBO"
"1940",0.442290723962287,"1","P013","0-back",1,"1","PLACEBO"
"1941",0.501476240046031,"1","P013","0-back",1,"1","PLACEBO"
"1942",0.419663026012131,"0","P013","0-back",1,"0","PLACEBO"
"1943",0.567303514517334,"0","P013","1-back",1,"0","PLACEBO"
"1944",0.460217095769622,"0","P013","1-back",1,"0","PLACEBO"
"1945",NA,NA,"P013","3-back",0,"0","PLACEBO"
"1946",NA,NA,"P013","3-back",0,"0","PLACEBO"
"1947",0.870361771339958,"0","P013","3-back",1,"0","PLACEBO"
"1948",0.681263087964908,"1","P013","3-back",1,"1","PLACEBO"
"1949",0.708873271019911,"0","P013","3-back",1,"0","PLACEBO"
"1950",0.442617913371578,"1","P013","3-back",1,"1","PLACEBO"
"1951",1.1123270475855,"0","P013","3-back",1,"0","PLACEBO"
"1952",1.02421637047883,"0","P013","3-back",0,"1","PLACEBO"
"1953",0.842084768804853,"0","P013","3-back",1,"0","PLACEBO"
"1954",NA,NA,"P013","2-back",0,"0","PLACEBO"
"1955",NA,NA,"P013","2-back",0,"0","PLACEBO"
"1956",0.715646278391432,"1","P013","2-back",1,"1","PLACEBO"
"1957",0.347951940479106,"0","P013","2-back",1,"0","PLACEBO"
"1958",0.695892373345487,"0","P013","2-back",1,"0","PLACEBO"
"1959",0.673024259600425,"0","P013","2-back",1,"0","PLACEBO"
"1960",0.70284545929826,"0","P013","2-back",1,"0","PLACEBO"
"1961",0.752423052173981,"0","P013","2-back",1,"0","PLACEBO"
"1962",0.586499766892302,"0","P013","2-back",0,"1","PLACEBO"
"1963",0.425652893714869,"1","P013","2-back",1,"1","PLACEBO"
"1964",NA,NA,"P013","3-back",0,"0","PLACEBO"
"1965",0.507727050633548,"1","P013","1-back",1,"1","PLACEBO"
"1966",0.426250045486086,"0","P013","1-back",1,"0","PLACEBO"
"1967",0.807911514548323,"0","P013","0-back",1,"0","PLACEBO"
"1968",NA,NA,"P013","3-back",0,"0","PLACEBO"
"1969",NA,NA,"P013","3-back",0,"0","PLACEBO"
"1970",1.02732995714541,"0","P013","3-back",1,"0","PLACEBO"
"1971",0.645985102928535,"0","P013","3-back",1,"0","PLACEBO"
"1972",0.629758436556585,"0","P013","3-back",1,"0","PLACEBO"
"1973",0.599671939744439,"0","P013","3-back",1,"0","PLACEBO"
"1974",0.720648979569887,"1","P013","3-back",1,"1","PLACEBO"
"1975",0.704957883694078,"0","P013","3-back",1,"0","PLACEBO"
"1976",0.716162565860941,"0","P013","3-back",0,"1","PLACEBO"
"1977",0.609865507114591,"1","P013","0-back",1,"1","PLACEBO"
"1978",0.471701692833449,"0","P013","0-back",1,"0","PLACEBO"
"1979",0.478851341242262,"0","P013","0-back",1,"0","PLACEBO"
"1980",0.444784143630386,"0","P013","0-back",1,"0","PLACEBO"
"1981",0.387650092698095,"0","P013","0-back",1,"0","PLACEBO"
"1982",0.386123001446322,"0","P013","0-back",1,"0","PLACEBO"
"1983",0.426769754138149,"0","P013","0-back",1,"0","PLACEBO"
"1984",0.475695767345314,"1","P013","0-back",1,"1","PLACEBO"
"1985",0.644145751062752,"1","P013","1-back",1,"1","PLACEBO"
"1986",NA,NA,"P013","2-back",0,"0","PLACEBO"
"1987",NA,NA,"P013","2-back",0,"0","PLACEBO"
"1988",0.654118807698978,"0","P013","2-back",1,"0","PLACEBO"
"1989",0.608409327634945,"1","P013","2-back",1,"1","PLACEBO"
"1990",NA,NA,"P013","2-back",0,"0","PLACEBO"
"1991",1.1728620644717,"0","P013","2-back",1,"0","PLACEBO"
"1992",0.982615108003301,"0","P013","2-back",1,"0","PLACEBO"
"1993",0.598006446129148,"0","P013","2-back",1,"0","PLACEBO"
"1994",0.707843184212834,"1","P013","2-back",0,"0","PLACEBO"
"1995",1.1481337607529,"0","P013","2-back",0,"1","PLACEBO"
"1996",NA,NA,"P013","3-back",0,"0","PLACEBO"
"1997",0.512761475500156,"0","P013","3-back",1,"0","PLACEBO"
"1998",0.236694478804566,"0","P013","3-back",1,"0","PLACEBO"
"1999",0.452535920079754,"1","P013","3-back",1,"1","PLACEBO"
"2000",0.819025379883897,"0","P013","3-back",1,"0","PLACEBO"
"2001",0.621606692828209,"0","P013","3-back",1,"0","PLACEBO"
"2002",0.586978732377247,"0","P013","3-back",1,"0","PLACEBO"
"2003",1.46716427240972,"1","P013","3-back",1,"1","PLACEBO"
"2004",0.909345518546615,"0","P013","3-back",0,"1","PLACEBO"
"2005",1.41808928227692,"1","P013","3-back",0,"0","PLACEBO"
"2006",0.710843249837126,"1","P013","3-back",0,"0","PLACEBO"
"2007",0.457783702297093,"1","P013","1-back",1,"1","PLACEBO"
"2008",0.562878682087103,"0","P013","0-back",1,"0","PLACEBO"
"2009",0.390833969104278,"0","P013","0-back",1,"0","PLACEBO"
"2010",0.436913247844132,"1","P013","0-back",1,"1","PLACEBO"
"2011",0.390034656575153,"0","P013","0-back",1,"0","PLACEBO"
"2012",0.493308323455494,"0","P013","0-back",1,"0","PLACEBO"
"2013",0.494660934424246,"1","P013","0-back",1,"1","PLACEBO"
"2014",0.458189578892416,"0","P013","0-back",1,"0","PLACEBO"
"2015",0.437401543822489,"0","P013","0-back",1,"0","PLACEBO"
"2016",0.552323402471302,"1","P013","0-back",1,"1","PLACEBO"
"2017",1.22108673536241,"0","P013","1-back",1,"0","PLACEBO"
"2018",0.701293486723443,"0","P013","1-back",1,"0","PLACEBO"
"2019",0.419285762938671,"0","P013","1-back",1,"0","PLACEBO"
"2020",0.548258727201755,"1","P013","1-back",1,"1","PLACEBO"
"2021",0.65052781063423,"0","P013","1-back",1,"0","PLACEBO"
"2022",0.808194850624204,"0","P013","1-back",1,"0","PLACEBO"
"2023",0.652585807132709,"0","P013","1-back",1,"0","PLACEBO"
"2024",0.446417291524995,"0","P013","0-back",1,"0","PLACEBO"
"2025",0.436337245195318,"0","P013","0-back",1,"0","PLACEBO"
"2026",0.490290218871451,"0","P013","0-back",1,"0","PLACEBO"
"2027",0.488715231071183,"1","P013","0-back",1,"1","PLACEBO"
"2028",NA,NA,"P013","1-back",0,"0","PLACEBO"
"2029",0.498178220566842,"0","P013","1-back",1,"0","PLACEBO"
"2030",0.401396713114082,"0","P013","1-back",1,"0","PLACEBO"
"2031",0.545128656660381,"0","P013","1-back",1,"0","PLACEBO"
"2032",0.376509479940069,"0","P013","1-back",1,"0","PLACEBO"
"2033",0.570320375036317,"1","P013","1-back",1,"1","PLACEBO"
"2034",0.674170666599821,"1","P013","1-back",1,"1","PLACEBO"
"2035",0.767826768758823,"0","P013","1-back",1,"0","PLACEBO"
"2036",0.650633245242716,"0","P013","1-back",1,"0","PLACEBO"
"2037",0.994661400949553,"1","P013","1-back",1,"1","PLACEBO"
"2038",NA,NA,"P013","3-back",0,"0","PLACEBO"
"2039",NA,NA,"P013","3-back",0,"0","PLACEBO"
"2040",NA,NA,"P013","3-back",0,"0","PLACEBO"
"2041",0.768347099443417,"0","P013","3-back",0,"1","PLACEBO"
"2042",0.85387665021517,"0","P013","3-back",1,"0","PLACEBO"
"2043",0.762571522143844,"0","P013","3-back",1,"0","PLACEBO"
"2044",0.393993275200046,"0","P013","1-back",1,"0","PLACEBO"
"2045",0.484942289323953,"0","P013","1-back",1,"0","PLACEBO"
"2046",0.532267811373458,"0","P013","1-back",1,"0","PLACEBO"
"2047",0.502492642126526,"1","P013","0-back",1,"1","PLACEBO"
"2048",0.536638526926254,"0","P013","1-back",1,"0","PLACEBO"
"2049",NA,NA,"P013","2-back",0,"0","PLACEBO"
"2050",NA,NA,"P013","2-back",0,"0","PLACEBO"
"2051",0.637547223976071,"0","P013","2-back",1,"0","PLACEBO"
"2052",0.61129151798923,"0","P013","2-back",1,"0","PLACEBO"
"2053",0.753877987586748,"0","P013","2-back",1,"0","PLACEBO"
"2054",0.717260765293759,"1","P013","2-back",0,"0","PLACEBO"
"2055",0.845336446815054,"0","P013","2-back",0,"1","PLACEBO"
"2056",0.52445911889663,"0","P013","2-back",0,"1","PLACEBO"
"2057",0.793816244580739,"1","P013","2-back",0,"0","PLACEBO"
"2058",0.952627514450796,"0","P013","2-back",1,"0","PLACEBO"
"2059",0.7513519111817,"0","P013","0-back",1,"0","PLACEBO"
"2060",0.746575630049847,"0","P013","2-back",1,"0","PLACEBO"
"2061",0.466797272882104,"0","P013","0-back",1,"0","PLACEBO"
"2062",0.518143927884012,"0","P013","0-back",1,"0","PLACEBO"
"2063",0.393736064514087,"0","P013","0-back",1,"0","PLACEBO"
"2064",0.537297259976185,"0","P013","0-back",1,"0","PLACEBO"
"2065",1.16937432489976,"1","P013","2-back",1,"1","PLACEBO"
"2066",NA,NA,"P013","1-back",0,"0","PLACEBO"
"2067",0.386268557191215,"0","P013","0-back",1,"0","PLACEBO"
"2068",0.475651291979375,"1","P013","0-back",1,"1","PLACEBO"
"2069",NA,NA,"P013","2-back",0,"0","PLACEBO"
"2070",NA,NA,"P013","2-back",0,"0","PLACEBO"
"2071",0.794483686093372,"0","P013","2-back",1,"0","PLACEBO"
"2072",0.549098160865469,"0","P013","2-back",1,"0","PLACEBO"
"2073",1.25418231727963,"0","P013","2-back",1,"0","PLACEBO"
"2074",0.881129475255875,"1","P013","2-back",1,"1","PLACEBO"
"2075",0.572349758014752,"1","P013","2-back",1,"1","PLACEBO"
"2076",0.678861418180531,"0","P013","2-back",1,"0","PLACEBO"
"2077",1.00310892141715,"0","P013","1-back",1,"0","PLACEBO"
"2078",0.547430801150767,"0","P013","1-back",1,"0","PLACEBO"
"2079",0.515758119941893,"0","P013","1-back",1,"0","PLACEBO"
"2080",0.583360987888227,"1","P013","1-back",1,"1","PLACEBO"
"2081",0.599442096779967,"0","P014","2-back",1,"0","ACTIVE"
"2082",0.805422154960979,"0","P014","1-back",1,"0","ACTIVE"
"2083",0.519494422369462,"0","P014","1-back",1,"0","ACTIVE"
"2084",0.916136615065625,"0","P014","3-back",1,"0","ACTIVE"
"2085",1.04738134137369,"0","P014","3-back",1,"0","ACTIVE"
"2086",1.17918061191449,"1","P014","3-back",1,"1","ACTIVE"
"2087",0.678237451298628,"0","P014","1-back",1,"0","ACTIVE"
"2088",1.03305742969678,"0","P014","2-back",1,"0","ACTIVE"
"2089",0.988513190095546,"0","P014","2-back",1,"0","ACTIVE"
"2090",1.446559259879,"0","P014","2-back",1,"0","ACTIVE"
"2091",0.947377391450573,"1","P014","2-back",1,"1","ACTIVE"
"2092",0.759196554674418,"0","P014","2-back",0,"1","ACTIVE"
"2093",0.7848741607595,"0","P014","2-back",1,"0","ACTIVE"
"2094",0.735775069646479,"0","P014","2-back",1,"0","ACTIVE"
"2095",0.986555023817345,"0","P014","0-back",1,"0","ACTIVE"
"2096",0.443278647122497,"1","P014","0-back",1,"1","ACTIVE"
"2097",0.611167146100343,"0","P014","0-back",1,"0","ACTIVE"
"2098",0.434634848330461,"0","P014","0-back",1,"0","ACTIVE"
"2099",0.502908480295446,"0","P014","0-back",1,"0","ACTIVE"
"2100",0.441437112411222,"0","P014","0-back",1,"0","ACTIVE"
"2101",0.461762418071885,"0","P014","0-back",1,"0","ACTIVE"
"2102",0.501344995245745,"0","P014","0-back",1,"0","ACTIVE"
"2103",0.456114651009557,"0","P014","0-back",1,"0","ACTIVE"
"2104",0.497667835159518,"1","P014","0-back",1,"1","ACTIVE"
"2105",0.473208173665626,"0","P014","1-back",1,"0","ACTIVE"
"2106",0.456184940969251,"0","P014","1-back",1,"0","ACTIVE"
"2107",1.07264778230456,"0","P014","1-back",1,"0","ACTIVE"
"2108",NA,NA,"P014","1-back",0,"0","ACTIVE"
"2109",0.438311386380519,"0","P014","1-back",1,"0","ACTIVE"
"2110",0.514253155197366,"1","P014","1-back",1,"1","ACTIVE"
"2111",0.778591917958693,"1","P014","1-back",1,"1","ACTIVE"
"2112",0.430285268375883,"0","P014","1-back",1,"0","ACTIVE"
"2113",0.449960858444683,"0","P014","1-back",1,"0","ACTIVE"
"2114",0.614872297763213,"1","P014","1-back",1,"1","ACTIVE"
"2115",0.827919295930769,"0","P014","3-back",1,"0","ACTIVE"
"2116",0.51597743630191,"0","P014","3-back",1,"0","ACTIVE"
"2117",0.962485067273519,"0","P014","3-back",1,"0","ACTIVE"
"2118",0.745824356588855,"1","P014","3-back",1,"1","ACTIVE"
"2119",0.658618155397562,"0","P014","3-back",1,"0","ACTIVE"
"2120",0.756557882072229,"0","P014","3-back",1,"0","ACTIVE"
"2121",0.999517922849918,"0","P014","3-back",0,"1","ACTIVE"
"2122",1.18308605885977,"1","P014","3-back",1,"1","ACTIVE"
"2123",0.733815037263412,"0","P014","3-back",1,"0","ACTIVE"
"2124",0.602876352186286,"1","P014","1-back",1,"1","ACTIVE"
"2125",0.591488756872423,"0","P014","1-back",1,"0","ACTIVE"
"2126",0.45386101808981,"0","P014","2-back",1,"0","ACTIVE"
"2127",0.379088986155693,"0","P014","2-back",1,"0","ACTIVE"
"2128",0.577767908154783,"0","P014","0-back",1,"0","ACTIVE"
"2129",0.537655979169358,"0","P014","0-back",1,"0","ACTIVE"
"2130",0.79650590482197,"0","P014","0-back",1,"0","ACTIVE"
"2131",0.538374429630494,"1","P014","0-back",1,"1","ACTIVE"
"2132",0.645993954443838,"0","P014","0-back",1,"0","ACTIVE"
"2133",0.697698128267803,"0","P014","0-back",1,"0","ACTIVE"
"2134",0.62957751691647,"1","P014","0-back",1,"1","ACTIVE"
"2135",0.565200001368794,"0","P014","0-back",1,"0","ACTIVE"
"2136",0.594963444556925,"0","P014","0-back",1,"0","ACTIVE"
"2137",0.454707296750712,"1","P014","0-back",1,"1","ACTIVE"
"2138",1.19956656598879,"0","P014","1-back",1,"0","ACTIVE"
"2139",0.703575737275969,"0","P014","1-back",1,"0","ACTIVE"
"2140",0.635968926861096,"0","P014","1-back",1,"0","ACTIVE"
"2141",0.698141328222846,"1","P014","1-back",1,"1","ACTIVE"
"2142",0.71710904243082,"0","P014","1-back",1,"0","ACTIVE"
"2143",0.688724028870638,"0","P014","1-back",1,"0","ACTIVE"
"2144",0.578561935872131,"0","P014","1-back",1,"0","ACTIVE"
"2145",0.536568661937054,"1","P014","0-back",1,"1","ACTIVE"
"2146",0.566560702998686,"0","P014","0-back",1,"0","ACTIVE"
"2147",0.450891422853601,"1","P014","1-back",1,"1","ACTIVE"
"2148",0.583084752586728,"0","P014","2-back",1,"0","ACTIVE"
"2149",0.867374666937394,"0","P014","2-back",1,"0","ACTIVE"
"2150",0.518581585962238,"0","P014","2-back",1,"0","ACTIVE"
"2151",0.496060496639984,"1","P014","2-back",1,"1","ACTIVE"
"2152",0.832102481515903,"0","P014","2-back",1,"0","ACTIVE"
"2153",0.782706057656469,"0","P014","2-back",1,"0","ACTIVE"
"2154",0.931539446504758,"0","P014","2-back",1,"0","ACTIVE"
"2155",0.849182941434265,"0","P014","2-back",1,"0","ACTIVE"
"2156",0.581913771638938,"0","P014","2-back",1,"0","ACTIVE"
"2157",1.05475712175758,"0","P014","2-back",0,"1","ACTIVE"
"2158",0.688670222843939,"0","P014","3-back",1,"0","ACTIVE"
"2159",0.503726145343535,"0","P014","3-back",1,"0","ACTIVE"
"2160",0.682273525599157,"0","P014","3-back",1,"0","ACTIVE"
"2161",0.6321872648914,"1","P014","3-back",1,"1","ACTIVE"
"2162",1.48889496409902,"0","P014","3-back",1,"0","ACTIVE"
"2163",1.91567724219567,"1","P014","3-back",0,"0","ACTIVE"
"2164",1.72363356787173,"1","P014","3-back",0,"0","ACTIVE"
"2165",0.417078531612788,"0","P014","3-back",1,"0","ACTIVE"
"2166",0.814371683969512,"0","P014","2-back",1,"0","ACTIVE"
"2167",1.61141564909485,"0","P014","2-back",0,"1","ACTIVE"
"2168",0.982904611239064,"0","P014","2-back",0,"1","ACTIVE"
"2169",0.571016028909071,"1","P014","1-back",1,"1","ACTIVE"
"2170",0.943520152224664,"0","P014","1-back",1,"0","ACTIVE"
"2171",0.443807065883448,"0","P014","1-back",1,"0","ACTIVE"
"2172",0.58169512632594,"0","P014","1-back",1,"0","ACTIVE"
"2173",0.504235903052177,"0","P014","1-back",1,"0","ACTIVE"
"2174",0.602084190573805,"0","P014","1-back",1,"0","ACTIVE"
"2175",0.469871888777561,"1","P014","1-back",1,"1","ACTIVE"
"2176",0.758564878098696,"0","P014","1-back",1,"0","ACTIVE"
"2177",0.404685416666325,"1","P014","1-back",1,"1","ACTIVE"
"2178",0.646868846710277,"0","P014","0-back",1,"0","ACTIVE"
"2179",0.627986040290125,"0","P014","0-back",1,"0","ACTIVE"
"2180",0.471870487330307,"0","P014","0-back",1,"0","ACTIVE"
"2181",0.590406104900467,"0","P014","0-back",1,"0","ACTIVE"
"2182",0.623236180792446,"0","P014","0-back",1,"0","ACTIVE"
"2183",0.640865586628934,"0","P014","0-back",1,"0","ACTIVE"
"2184",0.424408903436415,"1","P014","0-back",1,"1","ACTIVE"
"2185",0.714083464037685,"0","P014","0-back",1,"0","ACTIVE"
"2186",0.78952853787996,"1","P014","0-back",1,"1","ACTIVE"
"2187",0.410710758995265,"0","P014","2-back",1,"0","ACTIVE"
"2188",0.52847474211012,"0","P014","2-back",1,"0","ACTIVE"
"2189",0.779565091768745,"0","P014","2-back",1,"0","ACTIVE"
"2190",0.86493504554528,"0","P014","2-back",1,"0","ACTIVE"
"2191",1.20118976640515,"0","P014","2-back",1,"0","ACTIVE"
"2192",1.16235922958367,"1","P014","2-back",1,"1","ACTIVE"
"2193",1.24953961632491,"1","P014","2-back",1,"1","ACTIVE"
"2194",0.704237271529564,"0","P014","2-back",1,"0","ACTIVE"
"2195",1.13698051133179,"0","P014","2-back",1,"0","ACTIVE"
"2196",1.0608353370626,"1","P014","2-back",1,"1","ACTIVE"
"2197",0.753035297686438,"0","P014","1-back",1,"0","ACTIVE"
"2198",0.485633323412912,"1","P014","1-back",1,"1","ACTIVE"
"2199",0.605872072894272,"0","P014","1-back",1,"0","ACTIVE"
"2200",0.482085857627681,"0","P014","1-back",1,"0","ACTIVE"
"2201",0.464092250284011,"0","P014","1-back",1,"0","ACTIVE"
"2202",0.615705824704492,"0","P014","1-back",1,"0","ACTIVE"
"2203",0.542346745343821,"0","P014","1-back",1,"0","ACTIVE"
"2204",0.504155038499448,"0","P014","1-back",1,"0","ACTIVE"
"2205",0.732829733773542,"0","P014","2-back",1,"0","ACTIVE"
"2206",0.57051186951503,"1","P014","0-back",1,"1","ACTIVE"
"2207",0.563355356483953,"0","P014","0-back",1,"0","ACTIVE"
"2208",0.452078265690943,"0","P014","0-back",1,"0","ACTIVE"
"2209",0.405272928757768,"0","P014","3-back",1,"0","ACTIVE"
"2210",0.541755812060728,"0","P014","3-back",1,"0","ACTIVE"
"2211",0.631387327841367,"0","P014","3-back",1,"0","ACTIVE"
"2212",0.455279257963412,"0","P014","3-back",1,"0","ACTIVE"
"2213",1.12199195522044,"0","P014","3-back",1,"0","ACTIVE"
"2214",NA,NA,"P014","3-back",0,"0","ACTIVE"
"2215",1.15004511308871,"1","P014","3-back",0,"0","ACTIVE"
"2216",1.03012391248922,"1","P014","3-back",1,"1","ACTIVE"
"2217",0.953835359148798,"0","P014","3-back",1,"0","ACTIVE"
"2218",1.10006086612702,"0","P014","3-back",0,"1","ACTIVE"
"2219",1.02754184507648,"0","P014","3-back",1,"0","ACTIVE"
"2220",0.707757056756236,"1","P014","3-back",1,"1","ACTIVE"
"2221",0.619606606385787,"0","P014","3-back",1,"0","ACTIVE"
"2222",0.566986174959311,"0","P014","0-back",1,"0","ACTIVE"
"2223",0.399474629215547,"0","P014","0-back",1,"0","ACTIVE"
"2224",0.44013114986592,"0","P014","0-back",1,"0","ACTIVE"
"2225",0.44560599118995,"0","P014","0-back",1,"0","ACTIVE"
"2226",0.425490933372203,"1","P014","0-back",1,"1","ACTIVE"
"2227",0.907820006697875,"0","P014","2-back",1,"0","ACTIVE"
"2228",0.784154155207943,"0","P014","0-back",1,"0","ACTIVE"
"2229",0.43963600997813,"0","P014","3-back",1,"0","ACTIVE"
"2230",0.596605306018319,"0","P014","3-back",1,"0","ACTIVE"
"2231",0.676561999942351,"0","P014","3-back",1,"0","ACTIVE"
"2232",NA,NA,"P014","3-back",0,"0","ACTIVE"
"2233",1.55094669066602,"0","P014","3-back",0,"1","ACTIVE"
"2234",0.679717894672649,"0","P014","3-back",1,"0","ACTIVE"
"2235",1.47326788902865,"0","P014","3-back",0,"1","ACTIVE"
"2236",0.548187343265454,"0","P014","2-back",1,"0","ACTIVE"
"2237",0.615040869255608,"1","P014","2-back",1,"1","ACTIVE"
"2238",0.715637307544966,"0","P014","2-back",1,"0","ACTIVE"
"2239",0.555170308525703,"0","P014","2-back",1,"0","ACTIVE"
"2240",NA,NA,"P014","2-back",0,"0","ACTIVE"
"2241",0.404922954046924,"0","P015","2-back",1,"0","ACTIVE"
"2242",0.332758775126422,"0","P015","2-back",1,"0","ACTIVE"
"2243",0.476916071787855,"1","P015","2-back",0,"0","ACTIVE"
"2244",0.439935444621369,"0","P015","2-back",1,"0","ACTIVE"
"2245",0.268793402887241,"0","P015","3-back",1,"0","ACTIVE"
"2246",0.39562531257252,"0","P015","3-back",1,"0","ACTIVE"
"2247",0.412413256432046,"0","P015","3-back",1,"0","ACTIVE"
"2248",0.436777033264661,"0","P015","3-back",1,"0","ACTIVE"
"2249",0.436054533060087,"0","P015","3-back",1,"0","ACTIVE"
"2250",0.476659480023955,"1","P015","3-back",0,"0","ACTIVE"
"2251",0.513634197803185,"0","P015","3-back",0,"1","ACTIVE"
"2252",0.489972082814347,"0","P015","3-back",1,"0","ACTIVE"
"2253",0.442026123218966,"0","P015","3-back",0,"1","ACTIVE"
"2254",0.467222812469117,"1","P015","0-back",1,"1","ACTIVE"
"2255",0.402958860719082,"0","P015","0-back",1,"0","ACTIVE"
"2256",0.499890520844929,"0","P015","0-back",1,"0","ACTIVE"
"2257",0.493761554404045,"0","P015","0-back",1,"0","ACTIVE"
"2258",0.362237592154997,"0","P015","0-back",1,"0","ACTIVE"
"2259",0.332052136960556,"0","P015","0-back",1,"0","ACTIVE"
"2260",0.406114161876758,"0","P015","0-back",1,"0","ACTIVE"
"2261",0.697907517485874,"1","P015","0-back",1,"1","ACTIVE"
"2262",0.259943008637492,"0","P015","0-back",1,"0","ACTIVE"
"2263",0.367767844480113,"1","P015","0-back",1,"1","ACTIVE"
"2264",0.345991134676296,"0","P015","2-back",1,"0","ACTIVE"
"2265",0.406058489239513,"0","P015","2-back",1,"0","ACTIVE"
"2266",0.432128523549181,"1","P015","2-back",0,"0","ACTIVE"
"2267",0.326360154067515,"0","P015","2-back",1,"0","ACTIVE"
"2268",0.485847953361372,"0","P015","2-back",1,"0","ACTIVE"
"2269",0.479369711098116,"0","P015","2-back",0,"1","ACTIVE"
"2270",0.863040646621812,"0","P015","2-back",0,"1","ACTIVE"
"2271",0.420426383978338,"0","P015","2-back",1,"0","ACTIVE"
"2272",0.379516015058471,"0","P015","2-back",1,"0","ACTIVE"
"2273",0.468108909361035,"0","P015","2-back",0,"1","ACTIVE"
"2274",0.386995431734249,"0","P015","1-back",1,"0","ACTIVE"
"2275",0.484853621397633,"1","P015","1-back",1,"1","ACTIVE"
"2276",0.375448491300631,"0","P015","1-back",1,"0","ACTIVE"
"2277",0.436528528029157,"0","P015","1-back",1,"0","ACTIVE"
"2278",0.381913981731486,"0","P015","1-back",1,"0","ACTIVE"
"2279",0.3616842870033,"0","P015","1-back",1,"0","ACTIVE"
"2280",0.496355152859906,"0","P015","1-back",1,"0","ACTIVE"
"2281",0.420915618942672,"0","P015","1-back",1,"0","ACTIVE"
"2282",0.343017158367729,"1","P015","1-back",1,"1","ACTIVE"
"2283",0.291972503313445,"0","P015","1-back",1,"0","ACTIVE"
"2284",0.621299791240745,"0","P015","2-back",1,"0","ACTIVE"
"2285",0.327575932500622,"0","P015","2-back",1,"0","ACTIVE"
"2286",0.592675347037584,"0","P015","2-back",1,"0","ACTIVE"
"2287",0.669541842184117,"0","P015","0-back",1,"0","ACTIVE"
"2288",0.48773615772734,"0","P015","0-back",1,"0","ACTIVE"
"2289",0.362606773276639,"0","P015","0-back",1,"0","ACTIVE"
"2290",0.357865268484602,"1","P015","0-back",1,"1","ACTIVE"
"2291",0.310261120219366,"0","P015","0-back",1,"0","ACTIVE"
"2292",0.468928758928087,"0","P015","0-back",1,"0","ACTIVE"
"2293",0.272130339908472,"1","P015","0-back",1,"1","ACTIVE"
"2294",0.319323941348557,"0","P015","0-back",1,"0","ACTIVE"
"2295",0.341792360344698,"0","P015","0-back",1,"0","ACTIVE"
"2296",0.295847816512833,"1","P015","0-back",1,"1","ACTIVE"
"2297",0.406754863735841,"0","P015","1-back",1,"0","ACTIVE"
"2298",0.539569871336425,"0","P015","1-back",1,"0","ACTIVE"
"2299",NA,NA,"P015","1-back",0,"0","ACTIVE"
"2300",0.438264021417126,"1","P015","1-back",1,"1","ACTIVE"
"2301",0.308860595716396,"0","P015","1-back",1,"0","ACTIVE"
"2302",0.6497310918312,"0","P015","1-back",1,"0","ACTIVE"
"2303",0.673205039525783,"0","P015","1-back",1,"0","ACTIVE"
"2304",0.470138316955854,"0","P015","1-back",1,"0","ACTIVE"
"2305",0.358663035607606,"0","P015","1-back",1,"0","ACTIVE"
"2306",0.329955548975704,"1","P015","1-back",1,"1","ACTIVE"
"2307",0.464990930646309,"0","P015","3-back",1,"0","ACTIVE"
"2308",0.343651639821474,"0","P015","3-back",1,"0","ACTIVE"
"2309",0.505505059678399,"0","P015","3-back",1,"0","ACTIVE"
"2310",0.565067628260294,"0","P015","3-back",1,"0","ACTIVE"
"2311",0.631580567947822,"0","P015","3-back",0,"1","ACTIVE"
"2312",0.482240739682311,"0","P015","3-back",1,"0","ACTIVE"
"2313",0.637358081428829,"1","P015","3-back",1,"1","ACTIVE"
"2314",0.2859346658297,"0","P015","3-back",1,"0","ACTIVE"
"2315",0.425098220217478,"0","P015","3-back",0,"1","ACTIVE"
"2316",0.560607596857153,"0","P015","3-back",1,"0","ACTIVE"
"2317",0.720031636989006,"0","P015","2-back",1,"0","ACTIVE"
"2318",0.329586367857701,"0","P015","2-back",1,"0","ACTIVE"
"2319",0.367398663358472,"1","P015","2-back",1,"1","ACTIVE"
"2320",0.353422032181697,"0","P015","2-back",1,"0","ACTIVE"
"2321",0.378946225831896,"0","P015","2-back",1,"0","ACTIVE"
"2322",0.378989768672909,"0","P015","2-back",1,"0","ACTIVE"
"2323",0.376593979144673,"0","P015","2-back",1,"0","ACTIVE"
"2324",0.398284536320716,"0","P015","2-back",1,"0","ACTIVE"
"2325",0.458076326875016,"1","P015","2-back",1,"1","ACTIVE"
"2326",0.352115746834897,"0","P015","2-back",0,"1","ACTIVE"
"2327",0.342638646638079,"0","P015","3-back",1,"0","ACTIVE"
"2328",0.411808632929024,"0","P015","1-back",1,"0","ACTIVE"
"2329",0.677956807987357,"1","P015","1-back",1,"1","ACTIVE"
"2330",0.35201311012861,"0","P015","1-back",1,"0","ACTIVE"
"2331",0.439458961493074,"0","P015","1-back",1,"0","ACTIVE"
"2332",0.238493803230085,"0","P015","2-back",0,"1","ACTIVE"
"2333",0.327647156154853,"0","P015","2-back",0,"1","ACTIVE"
"2334",0.389735209741048,"0","P015","2-back",1,"0","ACTIVE"
"2335",0.538702746682247,"0","P015","2-back",1,"0","ACTIVE"
"2336",0.410105174632918,"0","P015","0-back",1,"0","ACTIVE"
"2337",0.442197495416622,"1","P015","0-back",1,"1","ACTIVE"
"2338",0.393566047030617,"0","P015","0-back",1,"0","ACTIVE"
"2339",0.506364719843987,"0","P015","0-back",1,"0","ACTIVE"
"2340",0.372770606340055,"0","P015","0-back",1,"0","ACTIVE"
"2341",0.366302005710168,"0","P015","0-back",1,"0","ACTIVE"
"2342",0.325186363377725,"0","P015","0-back",1,"0","ACTIVE"
"2343",0.217750613956014,"0","P015","0-back",1,"0","ACTIVE"
"2344",0.386643045709206,"0","P015","0-back",1,"0","ACTIVE"
"2345",0.583968333157827,"1","P015","0-back",1,"1","ACTIVE"
"2346",0.603617352946458,"0","P015","1-back",1,"0","ACTIVE"
"2347",0.782158879130293,"0","P015","1-back",1,"0","ACTIVE"
"2348",0.545129981612263,"0","P015","1-back",1,"0","ACTIVE"
"2349",0.338273476434551,"0","P015","2-back",1,"0","ACTIVE"
"2350",0.644932359300583,"0","P015","2-back",1,"0","ACTIVE"
"2351",0.796973088035884,"0","P015","2-back",0,"1","ACTIVE"
"2352",0.835926206073054,"0","P015","2-back",1,"0","ACTIVE"
"2353",0.500041987743316,"0","P015","2-back",1,"0","ACTIVE"
"2354",0.448438429171802,"0","P015","2-back",1,"0","ACTIVE"
"2355",0.549508525691635,"0","P015","2-back",1,"0","ACTIVE"
"2356",0.363678549299948,"1","P015","2-back",0,"0","ACTIVE"
"2357",0.479102544642956,"0","P015","2-back",0,"1","ACTIVE"
"2358",0.488061484986247,"0","P015","3-back",1,"0","ACTIVE"
"2359",0.355303083080798,"0","P015","3-back",1,"0","ACTIVE"
"2360",0.283968706378801,"0","P015","3-back",1,"0","ACTIVE"
"2361",0.413696526276908,"1","P015","3-back",1,"1","ACTIVE"
"2362",0.533127085393062,"0","P015","3-back",1,"0","ACTIVE"
"2363",0.728548306433368,"0","P015","3-back",1,"0","ACTIVE"
"2364",0.454000094548974,"0","P015","3-back",1,"0","ACTIVE"
"2365",0.641674732461979,"1","P015","3-back",0,"0","ACTIVE"
"2366",0.578410711041215,"0","P015","3-back",1,"0","ACTIVE"
"2367",0.42064503126312,"0","P015","3-back",0,"1","ACTIVE"
"2368",0.493546328343655,"0","P015","0-back",1,"0","ACTIVE"
"2369",0.42036822317823,"0","P015","0-back",1,"0","ACTIVE"
"2370",0.401739661061583,"0","P015","0-back",1,"0","ACTIVE"
"2371",0.436562429244077,"1","P015","0-back",1,"1","ACTIVE"
"2372",0.474168829296104,"0","P015","1-back",1,"0","ACTIVE"
"2373",0.46715843126367,"0","P015","1-back",1,"0","ACTIVE"
"2374",0.318640629706351,"0","P015","1-back",1,"0","ACTIVE"
"2375",0.327835012427386,"1","P015","1-back",1,"1","ACTIVE"
"2376",0.284648285782168,"0","P015","1-back",1,"0","ACTIVE"
"2377",0.471967738481908,"1","P015","1-back",1,"1","ACTIVE"
"2378",0.429895086628676,"0","P015","0-back",1,"0","ACTIVE"
"2379",0.379217746572976,"0","P015","0-back",1,"0","ACTIVE"
"2380",0.361743691886659,"0","P015","0-back",1,"0","ACTIVE"
"2381",0.21809055916674,"0","P015","1-back",0,"1","ACTIVE"
"2382",0.449427473791729,"0","P015","1-back",1,"0","ACTIVE"
"2383",0.444491892321821,"0","P015","1-back",1,"0","ACTIVE"
"2384",0.299929025160964,"1","P015","1-back",1,"1","ACTIVE"
"2385",0.484630930848652,"1","P015","0-back",1,"1","ACTIVE"
"2386",0.374153402684897,"0","P015","0-back",1,"0","ACTIVE"
"2387",0.755999581990181,"0","P015","0-back",1,"0","ACTIVE"
"2388",0.665745217127551,"0","P015","3-back",0,"1","ACTIVE"
"2389",0.529767132866255,"0","P015","3-back",1,"0","ACTIVE"
"2390",0.541967215969635,"0","P015","3-back",1,"0","ACTIVE"
"2391",0.292818789610465,"0","P015","1-back",1,"0","ACTIVE"
"2392",0.341505599608354,"0","P015","1-back",1,"0","ACTIVE"
"2393",0.354988952556596,"1","P015","1-back",1,"1","ACTIVE"
"2394",0.576322209588398,"0","P015","3-back",1,"0","ACTIVE"
"2395",0.301918622153607,"0","P015","3-back",1,"0","ACTIVE"
"2396",0.435578982989682,"0","P015","3-back",1,"0","ACTIVE"
"2397",0.491515987690946,"0","P015","3-back",0,"1","ACTIVE"
"2398",0.429526838564925,"0","P015","3-back",1,"0","ACTIVE"
"2399",0.294381355703081,"1","P015","3-back",1,"1","ACTIVE"
"2400",0.58096045563434,"0","P015","3-back",1,"0","ACTIVE"
"2401",0.533989022296737,"0","P016","1-back",1,"0","PLACEBO"
"2402",0.465442436096055,"0","P016","1-back",1,"0","PLACEBO"
"2403",0.647714139267919,"1","P016","3-back",1,"1","PLACEBO"
"2404",0.688113250504102,"0","P016","1-back",1,"0","PLACEBO"
"2405",0.408094688926212,"0","P016","3-back",1,"0","PLACEBO"
"2406",0.461183039296884,"0","P016","3-back",1,"0","PLACEBO"
"2407",0.542549492354738,"0","P016","1-back",1,"0","PLACEBO"
"2408",0.527497757557285,"0","P016","3-back",1,"0","PLACEBO"
"2409",0.497983667803055,"0","P016","3-back",1,"0","PLACEBO"
"2410",0.473085712936154,"0","P016","3-back",1,"0","PLACEBO"
"2411",0.391542601431865,"0","P016","3-back",1,"0","PLACEBO"
"2412",0.443111004951788,"0","P016","1-back",1,"0","PLACEBO"
"2413",0.620686952530377,"1","P016","1-back",1,"1","PLACEBO"
"2414",0.714003976059757,"0","P016","1-back",1,"0","PLACEBO"
"2415",0.600209813004767,"1","P016","1-back",1,"1","PLACEBO"
"2416",0.555892492142448,"0","P016","0-back",1,"0","PLACEBO"
"2417",0.395155391004664,"0","P016","0-back",1,"0","PLACEBO"
"2418",0.382218892249512,"0","P016","0-back",1,"0","PLACEBO"
"2419",0.355320778144232,"0","P016","0-back",1,"0","PLACEBO"
"2420",0.411509048768494,"0","P016","0-back",1,"0","PLACEBO"
"2421",0.405023693379917,"0","P016","0-back",1,"0","PLACEBO"
"2422",0.405659103944345,"1","P016","0-back",1,"1","PLACEBO"
"2423",0.449835533476289,"1","P016","0-back",1,"1","PLACEBO"
"2424",0.357948572487658,"0","P016","0-back",1,"0","PLACEBO"
"2425",0.34976070245466,"0","P016","0-back",1,"0","PLACEBO"
"2426",0.780504994334478,"0","P016","3-back",1,"0","PLACEBO"
"2427",0.759932372162439,"0","P016","3-back",1,"0","PLACEBO"
"2428",0.563655200043286,"0","P016","1-back",1,"0","PLACEBO"
"2429",0.456357278017094,"0","P016","1-back",1,"0","PLACEBO"
"2430",0.686600768091012,"1","P016","1-back",1,"1","PLACEBO"
"2431",0.540923488231783,"0","P016","3-back",1,"0","PLACEBO"
"2432",0.835469718625973,"0","P016","3-back",0,"1","PLACEBO"
"2433",0.770030828141898,"0","P016","3-back",1,"0","PLACEBO"
"2434",0.571477312452771,"1","P016","3-back",1,"1","PLACEBO"
"2435",0.507192300181487,"0","P016","3-back",1,"0","PLACEBO"
"2436",0.570551410713961,"0","P016","2-back",1,"0","PLACEBO"
"2437",0.727638089054381,"0","P016","2-back",1,"0","PLACEBO"
"2438",0.657899680394621,"1","P016","2-back",1,"1","PLACEBO"
"2439",0.673176592506934,"0","P016","2-back",1,"0","PLACEBO"
"2440",0.716423388086696,"0","P016","2-back",1,"0","PLACEBO"
"2441",0.474956799545907,"0","P016","2-back",1,"0","PLACEBO"
"2442",0.440473569033202,"0","P016","2-back",1,"0","PLACEBO"
"2443",0.880391037197114,"0","P016","2-back",1,"0","PLACEBO"
"2444",0.479889240130433,"1","P016","2-back",1,"1","PLACEBO"
"2445",0.416143533740978,"1","P016","2-back",1,"1","PLACEBO"
"2446",0.65895589883803,"0","P016","3-back",1,"0","PLACEBO"
"2447",0.378096343541984,"0","P016","3-back",1,"0","PLACEBO"
"2448",0.742589053894335,"1","P016","1-back",1,"1","PLACEBO"
"2449",0.710300058100984,"0","P016","0-back",1,"0","PLACEBO"
"2450",0.416346317728312,"0","P016","0-back",1,"0","PLACEBO"
"2451",0.39818844230831,"1","P016","0-back",1,"1","PLACEBO"
"2452",0.404519221556257,"0","P016","0-back",1,"0","PLACEBO"
"2453",0.600102511660225,"0","P016","3-back",1,"0","PLACEBO"
"2454",0.303132514982281,"1","P016","3-back",1,"1","PLACEBO"
"2455",0.871626539075805,"1","P016","3-back",0,"0","PLACEBO"
"2456",0.566822300264903,"0","P016","3-back",0,"1","PLACEBO"
"2457",0.455638825547794,"1","P016","0-back",1,"1","PLACEBO"
"2458",0.480486084416043,"0","P016","0-back",1,"0","PLACEBO"
"2459",0.394951362944994,"0","P016","0-back",1,"0","PLACEBO"
"2460",0.372282476851979,"0","P016","0-back",1,"0","PLACEBO"
"2461",0.338352237031359,"0","P016","0-back",1,"0","PLACEBO"
"2462",0.403809477600589,"0","P016","0-back",1,"0","PLACEBO"
"2463",0.403559107799083,"0","P016","0-back",1,"0","PLACEBO"
"2464",0.443114115136268,"1","P016","0-back",1,"1","PLACEBO"
"2465",0.36023860086425,"0","P016","0-back",1,"0","PLACEBO"
"2466",0.46405529409094,"1","P016","0-back",1,"1","PLACEBO"
"2467",0.420254574772116,"0","P016","2-back",1,"0","PLACEBO"
"2468",0.713530917095341,"0","P016","2-back",1,"0","PLACEBO"
"2469",0.61506591723446,"0","P016","2-back",1,"0","PLACEBO"
"2470",0.45654637719781,"0","P016","2-back",1,"0","PLACEBO"
"2471",0.51139509163113,"1","P016","1-back",1,"1","PLACEBO"
"2472",0.410532762052753,"0","P016","1-back",1,"0","PLACEBO"
"2473",0.432466400681733,"0","P016","1-back",1,"0","PLACEBO"
"2474",0.470078787177044,"1","P016","1-back",1,"1","PLACEBO"
"2475",0.683706742009235,"0","P016","3-back",1,"0","PLACEBO"
"2476",0.52872099286833,"0","P016","3-back",1,"0","PLACEBO"
"2477",0.810250792786974,"0","P016","3-back",1,"0","PLACEBO"
"2478",0.324876121376292,"1","P016","3-back",1,"1","PLACEBO"
"2479",0.442542152322858,"0","P016","3-back",1,"0","PLACEBO"
"2480",0.712661931724142,"0","P016","3-back",1,"0","PLACEBO"
"2481",0.663777305861004,"0","P016","3-back",0,"1","PLACEBO"
"2482",1.04113809092087,"0","P016","3-back",0,"1","PLACEBO"
"2483",0.676652222973644,"0","P016","3-back",1,"0","PLACEBO"
"2484",0.859047400444979,"1","P016","3-back",0,"0","PLACEBO"
"2485",0.821338287234539,"0","P016","3-back",1,"0","PLACEBO"
"2486",NA,NA,"P016","3-back",0,"1","PLACEBO"
"2487",0.923514358473767,"0","P016","1-back",1,"0","PLACEBO"
"2488",0.689921822420729,"0","P016","0-back",1,"0","PLACEBO"
"2489",0.4538946344328,"0","P016","2-back",1,"0","PLACEBO"
"2490",0.630530995473237,"0","P016","2-back",1,"0","PLACEBO"
"2491",0.827689282679785,"0","P016","2-back",1,"0","PLACEBO"
"2492",0.50512620504378,"0","P016","2-back",1,"0","PLACEBO"
"2493",0.344218665828521,"0","P016","0-back",1,"0","PLACEBO"
"2494",0.400651707925135,"1","P016","0-back",1,"1","PLACEBO"
"2495",0.380052649194113,"0","P016","0-back",1,"0","PLACEBO"
"2496",0.387005154196231,"0","P016","0-back",1,"0","PLACEBO"
"2497",0.456845265864104,"1","P016","0-back",1,"1","PLACEBO"
"2498",0.792811680857994,"0","P016","1-back",1,"0","PLACEBO"
"2499",0.752680045432498,"0","P016","1-back",1,"0","PLACEBO"
"2500",0.601538483551849,"0","P016","1-back",1,"0","PLACEBO"
"2501",0.765605658543791,"1","P016","1-back",1,"1","PLACEBO"
"2502",0.770652864914155,"0","P016","1-back",1,"0","PLACEBO"
"2503",0.41141636528846,"0","P016","1-back",1,"0","PLACEBO"
"2504",0.428692192566814,"0","P016","1-back",1,"0","PLACEBO"
"2505",0.417972321851266,"0","P016","1-back",1,"0","PLACEBO"
"2506",0.462882132742379,"0","P016","1-back",1,"0","PLACEBO"
"2507",0.674278530652373,"1","P016","1-back",1,"1","PLACEBO"
"2508",0.895629694045056,"0","P016","2-back",1,"0","PLACEBO"
"2509",0.729883019765111,"0","P016","2-back",1,"0","PLACEBO"
"2510",0.675374870457745,"0","P016","2-back",1,"0","PLACEBO"
"2511",0.679891168449103,"1","P016","2-back",1,"1","PLACEBO"
"2512",1.28769200720126,"0","P016","2-back",1,"0","PLACEBO"
"2513",1.29491354310812,"0","P016","2-back",1,"0","PLACEBO"
"2514",0.949490925107966,"0","P016","2-back",1,"0","PLACEBO"
"2515",0.612058680460905,"0","P016","2-back",1,"0","PLACEBO"
"2516",0.48581445140735,"0","P016","2-back",1,"0","PLACEBO"
"2517",0.657380901728175,"1","P016","2-back",1,"1","PLACEBO"
"2518",0.935321238448523,"0","P016","3-back",1,"0","PLACEBO"
"2519",0.653849287955381,"0","P016","3-back",1,"0","PLACEBO"
"2520",0.525481114342256,"0","P016","3-back",1,"0","PLACEBO"
"2521",0.398161072687799,"1","P016","3-back",1,"1","PLACEBO"
"2522",0.796700032718945,"0","P016","3-back",1,"0","PLACEBO"
"2523",0.620194610426552,"0","P016","3-back",1,"0","PLACEBO"
"2524",0.727803239813511,"0","P016","3-back",1,"0","PLACEBO"
"2525",0.804505972173502,"1","P016","3-back",0,"0","PLACEBO"
"2526",0.384942169239366,"1","P016","1-back",1,"1","PLACEBO"
"2527",0.387335144703684,"0","P016","1-back",1,"0","PLACEBO"
"2528",0.837892240837391,"0","P016","2-back",1,"0","PLACEBO"
"2529",0.358991417138895,"0","P016","0-back",1,"0","PLACEBO"
"2530",0.383868222754245,"0","P016","0-back",1,"0","PLACEBO"
"2531",0.518316805817449,"0","P016","0-back",1,"0","PLACEBO"
"2532",0.285950926274381,"0","P016","0-back",1,"0","PLACEBO"
"2533",0.554787132794445,"0","P016","2-back",1,"0","PLACEBO"
"2534",0.348325352602842,"1","P016","2-back",1,"1","PLACEBO"
"2535",0.3761997534275,"1","P016","2-back",1,"1","PLACEBO"
"2536",0.420463890142855,"0","P016","2-back",1,"0","PLACEBO"
"2537",0.486007282808714,"0","P016","2-back",1,"0","PLACEBO"
"2538",0.524512292067811,"0","P016","0-back",1,"0","PLACEBO"
"2539",0.471486767411989,"1","P016","0-back",1,"1","PLACEBO"
"2540",0.444164735243248,"0","P016","0-back",1,"0","PLACEBO"
"2541",0.408835534719401,"0","P016","0-back",1,"0","PLACEBO"
"2542",0.485600781776157,"0","P016","2-back",1,"0","PLACEBO"
"2543",0.566155165826785,"0","P016","2-back",1,"0","PLACEBO"
"2544",0.836751736416772,"1","P016","2-back",1,"1","PLACEBO"
"2545",0.604815062244597,"0","P016","1-back",1,"0","PLACEBO"
"2546",0.413601891490543,"0","P016","0-back",1,"0","PLACEBO"
"2547",0.495917883683433,"1","P016","0-back",1,"1","PLACEBO"
"2548",0.493815710411582,"0","P016","1-back",1,"0","PLACEBO"
"2549",0.594462815264706,"0","P016","1-back",1,"0","PLACEBO"
"2550",0.696874327422847,"0","P016","1-back",1,"0","PLACEBO"
"2551",0.653707463570754,"0","P016","1-back",1,"0","PLACEBO"
"2552",0.586883919229876,"0","P016","2-back",1,"0","PLACEBO"
"2553",0.335649176235165,"1","P016","2-back",1,"1","PLACEBO"
"2554",0.69174221303183,"1","P016","2-back",1,"1","PLACEBO"
"2555",0.486188606522774,"1","P016","1-back",1,"1","PLACEBO"
"2556",0.373798069445911,"0","P016","1-back",1,"0","PLACEBO"
"2557",0.405130372684653,"0","P016","1-back",1,"0","PLACEBO"
"2558",0.513438482430502,"0","P016","1-back",1,"0","PLACEBO"
"2559",0.494996958237607,"0","P016","1-back",1,"0","PLACEBO"
"2560",0.776342946290242,"0","P016","1-back",1,"0","PLACEBO"
"2561",0.459980082261609,"1","P017","2-back",1,"1","PLACEBO"
"2562",0.328610075070173,"0","P017","2-back",1,"0","PLACEBO"
"2563",0.264646257928689,"0","P017","2-back",0,"1","PLACEBO"
"2564",0.299453786112281,"0","P017","1-back",1,"0","PLACEBO"
"2565",0.52268893240398,"0","P017","2-back",1,"0","PLACEBO"
"2566",0.512213456979225,"1","P017","1-back",1,"1","PLACEBO"
"2567",0.583592620609124,"0","P017","1-back",1,"0","PLACEBO"
"2568",0.463298980102991,"0","P017","1-back",1,"0","PLACEBO"
"2569",0.316873412240966,"0","P017","1-back",1,"0","PLACEBO"
"2570",0.279884076506278,"0","P017","1-back",1,"0","PLACEBO"
"2571",0.312140304999048,"0","P017","1-back",1,"0","PLACEBO"
"2572",0.361576984996645,"1","P017","1-back",1,"1","PLACEBO"
"2573",0.74755475823622,"0","P017","0-back",1,"0","PLACEBO"
"2574",0.366444453014992,"1","P017","0-back",1,"1","PLACEBO"
"2575",0.386303411520203,"0","P017","0-back",1,"0","PLACEBO"
"2576",0.305684145179839,"0","P017","0-back",1,"0","PLACEBO"
"2577",0.304800225425424,"0","P017","0-back",1,"0","PLACEBO"
"2578",0.267157435999252,"0","P017","0-back",1,"0","PLACEBO"
"2579",0.265860170238739,"0","P017","0-back",1,"0","PLACEBO"
"2580",0.263590032918728,"0","P017","0-back",1,"0","PLACEBO"
"2581",0.272543063874764,"0","P017","0-back",1,"0","PLACEBO"
"2582",0.291932070675102,"1","P017","0-back",1,"1","PLACEBO"
"2583",NA,NA,"P017","1-back",0,"0","PLACEBO"
"2584",0.47184923974055,"0","P017","1-back",1,"0","PLACEBO"
"2585",0.343455697024183,"0","P017","1-back",1,"0","PLACEBO"
"2586",0.409427150334523,"0","P017","1-back",1,"0","PLACEBO"
"2587",0.462539157459105,"0","P017","1-back",1,"0","PLACEBO"
"2588",0.66067589692102,"1","P017","1-back",1,"1","PLACEBO"
"2589",0.361179812043702,"1","P017","1-back",1,"1","PLACEBO"
"2590",0.280856637047691,"0","P017","1-back",1,"0","PLACEBO"
"2591",0.18968538428453,"0","P017","2-back",1,"0","PLACEBO"
"2592",0.295643787183508,"1","P017","1-back",1,"1","PLACEBO"
"2593",0.937453502461722,"0","P017","3-back",1,"0","PLACEBO"
"2594",0.224451857786335,"0","P017","3-back",1,"0","PLACEBO"
"2595",0.217710492332117,"0","P017","3-back",1,"0","PLACEBO"
"2596",0.236567654384999,"1","P017","3-back",1,"1","PLACEBO"
"2597",0.337079158405686,"0","P017","3-back",1,"0","PLACEBO"
"2598",0.304209597838053,"0","P017","3-back",1,"0","PLACEBO"
"2599",0.254459409363335,"1","P017","3-back",1,"1","PLACEBO"
"2600",0.311395722350426,"0","P017","3-back",0,"1","PLACEBO"
"2601",0.400440840203373,"1","P017","3-back",0,"0","PLACEBO"
"2602",0.323118389263982,"0","P017","3-back",1,"0","PLACEBO"
"2603",0.508328502150107,"1","P017","3-back",0,"0","PLACEBO"
"2604",0.435360957744706,"0","P017","3-back",0,"1","PLACEBO"
"2605",0.383480902106385,"0","P017","1-back",1,"0","PLACEBO"
"2606",0.559405192299891,"0","P017","0-back",1,"0","PLACEBO"
"2607",0.333489361859392,"0","P017","0-back",1,"0","PLACEBO"
"2608",0.298853205873456,"0","P017","0-back",1,"0","PLACEBO"
"2609",0.354945720733667,"1","P017","0-back",1,"1","PLACEBO"
"2610",0.310424094870541,"0","P017","0-back",1,"0","PLACEBO"
"2611",0.311926634036354,"0","P017","0-back",1,"0","PLACEBO"
"2612",0.351329487464682,"1","P017","0-back",1,"1","PLACEBO"
"2613",0.336008626458352,"0","P017","0-back",1,"0","PLACEBO"
"2614",0.300803614303732,"0","P017","0-back",1,"0","PLACEBO"
"2615",0.38068669554923,"1","P017","0-back",1,"1","PLACEBO"
"2616",1.41766172434654,"0","P017","1-back",1,"0","PLACEBO"
"2617",0.506116214608483,"0","P017","1-back",1,"0","PLACEBO"
"2618",0.395741012136568,"0","P017","1-back",1,"0","PLACEBO"
"2619",0.279799789997924,"0","P017","1-back",0,"1","PLACEBO"
"2620",0.330479307198402,"0","P017","1-back",1,"0","PLACEBO"
"2621",0.298975125839206,"0","P017","1-back",1,"0","PLACEBO"
"2622",0.336535494883719,"0","P017","1-back",1,"0","PLACEBO"
"2623",0.345723035159608,"0","P017","1-back",1,"0","PLACEBO"
"2624",0.306936001972645,"0","P017","1-back",1,"0","PLACEBO"
"2625",0.293267280911095,"0","P017","1-back",0,"1","PLACEBO"
"2626",NA,NA,"P017","2-back",0,"0","PLACEBO"
"2627",1.09543316422423,"0","P017","2-back",1,"0","PLACEBO"
"2628",0.196047304943932,"0","P017","2-back",1,"0","PLACEBO"
"2629",0.300169754893432,"0","P017","2-back",0,"1","PLACEBO"
"2630",0.237274603572587,"0","P017","2-back",1,"0","PLACEBO"
"2631",0.425536758870294,"0","P017","3-back",1,"0","PLACEBO"
"2632",0.263604339852463,"0","P017","2-back",1,"0","PLACEBO"
"2633",0.384875517229375,"0","P017","2-back",1,"0","PLACEBO"
"2634",0.276614941914886,"0","P017","2-back",1,"0","PLACEBO"
"2635",0.239442104189948,"1","P017","2-back",1,"1","PLACEBO"
"2636",NA,NA,"P017","3-back",0,"0","PLACEBO"
"2637",NA,NA,"P017","3-back",0,"0","PLACEBO"
"2638",NA,NA,"P017","3-back",0,"0","PLACEBO"
"2639",0.376545770996017,"0","P017","3-back",0,"1","PLACEBO"
"2640",0.398363846499706,"0","P017","3-back",1,"0","PLACEBO"
"2641",0.490117951343564,"0","P017","3-back",1,"0","PLACEBO"
"2642",0.517973553320189,"1","P017","3-back",0,"0","PLACEBO"
"2643",0.413613483848167,"1","P017","3-back",0,"0","PLACEBO"
"2644",0.279347566451179,"1","P017","1-back",1,"1","PLACEBO"
"2645",0.411734921111929,"0","P017","1-back",1,"0","PLACEBO"
"2646",0.962872882264492,"0","P017","2-back",1,"0","PLACEBO"
"2647",0.330378536611533,"0","P017","2-back",1,"0","PLACEBO"
"2648",0.510178762036958,"0","P017","2-back",1,"0","PLACEBO"
"2649",0.300120613683248,"0","P017","2-back",1,"0","PLACEBO"
"2650",0.329948395508836,"0","P017","2-back",1,"0","PLACEBO"
"2651",0.40361293645401,"0","P017","2-back",1,"0","PLACEBO"
"2652",0.537563479247183,"0","P017","3-back",1,"0","PLACEBO"
"2653",0.380166358547285,"0","P017","3-back",1,"0","PLACEBO"
"2654",0.297814086981816,"0","P017","1-back",1,"0","PLACEBO"
"2655",0.59286880167565,"0","P017","1-back",0,"1","PLACEBO"
"2656",0.509431691229111,"0","P017","0-back",1,"0","PLACEBO"
"2657",0.321453808504884,"0","P017","0-back",1,"0","PLACEBO"
"2658",0.283739173384674,"0","P017","0-back",1,"0","PLACEBO"
"2659",0.341825017480005,"0","P017","0-back",1,"0","PLACEBO"
"2660",0.374639838468283,"0","P017","0-back",1,"0","PLACEBO"
"2661",NA,NA,"P017","0-back",0,"0","PLACEBO"
"2662",0.339933391886007,"1","P017","0-back",1,"1","PLACEBO"
"2663",0.498731659132318,"1","P017","0-back",1,"1","PLACEBO"
"2664",0.313335556089442,"0","P017","0-back",1,"0","PLACEBO"
"2665",NA,NA,"P017","0-back",0,"0","PLACEBO"
"2666",0.393217393251689,"0","P017","3-back",1,"0","PLACEBO"
"2667",0.296916482333472,"0","P017","3-back",1,"0","PLACEBO"
"2668",0.352291784336558,"0","P017","3-back",1,"0","PLACEBO"
"2669",0.363075169880176,"0","P017","3-back",1,"0","PLACEBO"
"2670",0.29411605536734,"1","P017","3-back",1,"1","PLACEBO"
"2671",0.26318943874503,"0","P017","2-back",0,"1","PLACEBO"
"2672",0.319804778762773,"1","P017","2-back",1,"1","PLACEBO"
"2673",0.350580239512055,"0","P017","2-back",1,"0","PLACEBO"
"2674",0.464005307250773,"0","P017","2-back",1,"0","PLACEBO"
"2675",0.254339044495282,"1","P017","2-back",1,"1","PLACEBO"
"2676",0.900708939720062,"0","P017","1-back",1,"0","PLACEBO"
"2677",0.387988208596653,"1","P017","1-back",1,"1","PLACEBO"
"2678",0.345609201722255,"0","P017","1-back",1,"0","PLACEBO"
"2679",0.349069924832293,"0","P017","1-back",1,"0","PLACEBO"
"2680",0.302719188461197,"0","P017","1-back",1,"0","PLACEBO"
"2681",0.309671736715245,"0","P017","1-back",1,"0","PLACEBO"
"2682",0.509302617796493,"0","P017","1-back",1,"0","PLACEBO"
"2683",0.266642075326672,"0","P017","1-back",1,"0","PLACEBO"
"2684",0.263419282764517,"0","P017","2-back",1,"0","PLACEBO"
"2685",0.233853069024917,"1","P017","2-back",1,"1","PLACEBO"
"2686",0.265560035630187,"0","P017","2-back",0,"1","PLACEBO"
"2687",0.608365389161918,"0","P017","3-back",1,"0","PLACEBO"
"2688",0.245718183243298,"0","P017","3-back",1,"0","PLACEBO"
"2689",0.224242541109561,"0","P017","3-back",1,"0","PLACEBO"
"2690",0.59789582312078,"0","P017","3-back",1,"0","PLACEBO"
"2691",0.524543235558667,"0","P017","3-back",1,"0","PLACEBO"
"2692",0.262342530411843,"0","P017","0-back",1,"0","PLACEBO"
"2693",0.318295397148177,"1","P017","0-back",1,"1","PLACEBO"
"2694",0.353937081832555,"0","P017","3-back",0,"1","PLACEBO"
"2695",0.346724520593853,"0","P017","3-back",1,"0","PLACEBO"
"2696",0.34420276783203,"0","P017","3-back",0,"1","PLACEBO"
"2697",NA,NA,"P017","0-back",0,"1","PLACEBO"
"2698",NA,NA,"P017","0-back",0,"0","PLACEBO"
"2699",NA,NA,"P017","0-back",0,"0","PLACEBO"
"2700",NA,NA,"P017","0-back",0,"0","PLACEBO"
"2701",0.627476343794115,"0","P017","0-back",1,"0","PLACEBO"
"2702",0.261259246635746,"0","P017","0-back",1,"0","PLACEBO"
"2703",0.23496994299785,"0","P017","0-back",1,"0","PLACEBO"
"2704",0.355736645411525,"1","P017","0-back",1,"1","PLACEBO"
"2705",0.517051067050488,"0","P017","2-back",1,"0","PLACEBO"
"2706",0.283415401230741,"1","P017","2-back",1,"1","PLACEBO"
"2707",0.440172131086001,"0","P017","2-back",1,"0","PLACEBO"
"2708",0.321797174940002,"0","P017","2-back",1,"0","PLACEBO"
"2709",0.352500478973525,"0","P017","2-back",1,"0","PLACEBO"
"2710",0.639877968067594,"0","P017","2-back",1,"0","PLACEBO"
"2711",0.484272013396549,"0","P017","2-back",1,"0","PLACEBO"
"2712",0.363472653851204,"0","P017","3-back",1,"0","PLACEBO"
"2713",0.41454498971143,"0","P017","3-back",0,"1","PLACEBO"
"2714",0.363967176159349,"0","P017","3-back",1,"0","PLACEBO"
"2715",0.376006150738249,"1","P017","3-back",1,"1","PLACEBO"
"2716",0.498601963659894,"0","P017","2-back",1,"0","PLACEBO"
"2717",0.791990853515017,"0","P017","2-back",1,"0","PLACEBO"
"2718",0.412704371450673,"0","P017","2-back",1,"0","PLACEBO"
"2719",0.310509625458508,"0","P017","2-back",1,"0","PLACEBO"
"2720",0.422441795657505,"0","P017","2-back",1,"0","PLACEBO"
"2721",0.488377430952823,"1","P018","2-back",1,"1","ACTIVE"
"2722",0.451860242414114,"0","P018","0-back",1,"0","ACTIVE"
"2723",0.503649324018625,"1","P018","0-back",1,"1","ACTIVE"
"2724",0.976458151195402,"0","P018","0-back",1,"0","ACTIVE"
"2725",0.805123578145867,"0","P018","0-back",1,"0","ACTIVE"
"2726",0.542965670196281,"0","P018","0-back",1,"0","ACTIVE"
"2727",0.442381672608462,"1","P018","0-back",1,"1","ACTIVE"
"2728",0.489396635352023,"0","P018","0-back",1,"0","ACTIVE"
"2729",0.507603911730257,"0","P018","0-back",1,"0","ACTIVE"
"2730",0.489119829759147,"1","P018","0-back",1,"1","ACTIVE"
"2731",0.460783956972591,"0","P018","0-back",1,"0","ACTIVE"
"2732",0.744648710380716,"1","P018","3-back",0,"0","ACTIVE"
"2733",1.22906253411566,"0","P018","3-back",1,"0","ACTIVE"
"2734",0.750359925019438,"1","P018","3-back",1,"1","ACTIVE"
"2735",0.369198007123487,"0","P018","3-back",1,"0","ACTIVE"
"2736",0.456662974891515,"0","P018","3-back",0,"1","ACTIVE"
"2737",0.773325147350988,"0","P018","0-back",0,"1","ACTIVE"
"2738",0.587760589914978,"0","P018","0-back",1,"0","ACTIVE"
"2739",0.481038039619307,"0","P018","0-back",1,"0","ACTIVE"
"2740",0.478671196324285,"0","P018","0-back",1,"0","ACTIVE"
"2741",0.430446064430726,"0","P018","0-back",1,"0","ACTIVE"
"2742",0.567813170531736,"0","P018","0-back",1,"0","ACTIVE"
"2743",0.478834169505717,"0","P018","0-back",1,"0","ACTIVE"
"2744",0.589943932871392,"1","P018","0-back",1,"1","ACTIVE"
"2745",0.413691550864314,"0","P018","0-back",1,"0","ACTIVE"
"2746",0.455341772481916,"1","P018","0-back",1,"1","ACTIVE"
"2747",0.91150121001192,"0","P018","2-back",1,"0","ACTIVE"
"2748",0.825545299234363,"0","P018","2-back",1,"0","ACTIVE"
"2749",0.591360928672657,"0","P018","2-back",1,"0","ACTIVE"
"2750",0.910543587084248,"0","P018","2-back",1,"0","ACTIVE"
"2751",0.656037021035445,"0","P018","2-back",1,"0","ACTIVE"
"2752",1.44207718646066,"0","P018","2-back",1,"0","ACTIVE"
"2753",0.541350556239195,"1","P018","2-back",1,"1","ACTIVE"
"2754",0.573706019400561,"0","P018","2-back",1,"0","ACTIVE"
"2755",1.04526766634081,"0","P018","2-back",1,"0","ACTIVE"
"2756",1.34763111954089,"1","P018","2-back",1,"1","ACTIVE"
"2757",0.721673535488662,"0","P018","1-back",1,"0","ACTIVE"
"2758",0.605482678965927,"1","P018","1-back",1,"1","ACTIVE"
"2759",0.478795292314317,"0","P018","1-back",1,"0","ACTIVE"
"2760",0.527874789324414,"0","P018","1-back",1,"0","ACTIVE"
"2761",0.528592928767466,"0","P018","1-back",1,"0","ACTIVE"
"2762",0.506256894870603,"0","P018","1-back",1,"0","ACTIVE"
"2763",0.547074833615625,"0","P018","1-back",1,"0","ACTIVE"
"2764",0.663229612102441,"0","P018","1-back",1,"0","ACTIVE"
"2765",0.388749501205893,"1","P018","1-back",1,"1","ACTIVE"
"2766",0.617515635629388,"0","P018","1-back",1,"0","ACTIVE"
"2767",0.660552373326937,"0","P018","2-back",1,"0","ACTIVE"
"2768",0.72982654864245,"0","P018","2-back",1,"0","ACTIVE"
"2769",0.903183357575472,"0","P018","2-back",1,"0","ACTIVE"
"2770",0.670117717018002,"0","P018","2-back",1,"0","ACTIVE"
"2771",0.886135865512188,"0","P018","2-back",1,"0","ACTIVE"
"2772",1.60868553734326,"0","P018","2-back",1,"0","ACTIVE"
"2773",1.01487316861312,"1","P018","2-back",1,"1","ACTIVE"
"2774",1.26520245840584,"1","P018","2-back",1,"1","ACTIVE"
"2775",0.998685950999061,"0","P018","2-back",1,"0","ACTIVE"
"2776",0.647538778444869,"0","P018","1-back",1,"0","ACTIVE"
"2777",0.687575752202974,"0","P018","1-back",1,"0","ACTIVE"
"2778",0.65675329437363,"0","P018","1-back",1,"0","ACTIVE"
"2779",0.541672459366964,"1","P018","1-back",1,"1","ACTIVE"
"2780",0.407709128954593,"0","P018","1-back",1,"0","ACTIVE"
"2781",0.519718665997061,"0","P018","1-back",1,"0","ACTIVE"
"2782",0.496479437231756,"0","P018","1-back",1,"0","ACTIVE"
"2783",0.440857375764608,"0","P018","1-back",1,"0","ACTIVE"
"2784",0.448320241051988,"0","P018","1-back",1,"0","ACTIVE"
"2785",0.326967737844825,"1","P018","1-back",1,"1","ACTIVE"
"2786",0.746460387406842,"0","P018","2-back",1,"0","ACTIVE"
"2787",0.716631630544725,"0","P018","2-back",1,"0","ACTIVE"
"2788",0.684151138339075,"0","P018","2-back",1,"0","ACTIVE"
"2789",0.387602779625013,"1","P018","2-back",1,"1","ACTIVE"
"2790",0.553528447060671,"0","P018","2-back",1,"0","ACTIVE"
"2791",0.962319916969136,"0","P018","2-back",1,"0","ACTIVE"
"2792",1.19157994720808,"1","P018","3-back",1,"1","ACTIVE"
"2793",0.610151051874709,"0","P018","3-back",1,"0","ACTIVE"
"2794",1.38713594233559,"1","P018","3-back",1,"1","ACTIVE"
"2795",0.621965052207088,"0","P018","3-back",1,"0","ACTIVE"
"2796",0.431416128059936,"0","P018","3-back",0,"1","ACTIVE"
"2797",0.915754996574833,"0","P018","3-back",1,"0","ACTIVE"
"2798",0.707641047221841,"0","P018","2-back",1,"0","ACTIVE"
"2799",1.27619195129955,"0","P018","2-back",1,"0","ACTIVE"
"2800",0.774354304314329,"1","P018","2-back",1,"1","ACTIVE"
"2801",0.503534558556566,"0","P018","2-back",1,"0","ACTIVE"
"2802",0.664218958820129,"0","P018","2-back",1,"0","ACTIVE"
"2803",0.530880151578458,"0","P018","2-back",1,"0","ACTIVE"
"2804",0.5105703967929,"0","P018","2-back",1,"0","ACTIVE"
"2805",0.452122430178861,"0","P018","2-back",1,"0","ACTIVE"
"2806",0.369741354723374,"1","P018","2-back",1,"1","ACTIVE"
"2807",0.681738575469353,"0","P018","2-back",0,"1","ACTIVE"
"2808",0.562888208176446,"0","P018","3-back",1,"0","ACTIVE"
"2809",0.5224521989403,"0","P018","3-back",1,"0","ACTIVE"
"2810",0.695286498452333,"0","P018","3-back",1,"0","ACTIVE"
"2811",0.908436132398492,"0","P018","3-back",1,"0","ACTIVE"
"2812",0.98640231421814,"0","P018","3-back",1,"0","ACTIVE"
"2813",0.602335492727434,"0","P018","1-back",1,"0","ACTIVE"
"2814",0.489266630029306,"0","P018","1-back",1,"0","ACTIVE"
"2815",0.429458583817905,"0","P018","1-back",1,"0","ACTIVE"
"2816",0.460349776516523,"1","P018","1-back",1,"1","ACTIVE"
"2817",1.64737051796328,"0","P018","2-back",1,"0","ACTIVE"
"2818",0.594518378493376,"0","P018","0-back",1,"0","ACTIVE"
"2819",0.54414069437189,"1","P018","0-back",1,"1","ACTIVE"
"2820",0.478952356163063,"0","P018","0-back",1,"0","ACTIVE"
"2821",0.665559444310929,"0","P018","0-back",1,"0","ACTIVE"
"2822",0.448636234847072,"0","P018","0-back",1,"0","ACTIVE"
"2823",0.443154862154188,"0","P018","0-back",1,"0","ACTIVE"
"2824",0.509472815982008,"0","P018","0-back",1,"0","ACTIVE"
"2825",0.479892562110763,"0","P018","0-back",1,"0","ACTIVE"
"2826",0.42071308229788,"0","P018","0-back",1,"0","ACTIVE"
"2827",0.691905116018461,"1","P018","0-back",1,"1","ACTIVE"
"2828",0.899938511840446,"0","P018","1-back",1,"0","ACTIVE"
"2829",0.796681629719387,"0","P018","1-back",1,"0","ACTIVE"
"2830",0.768632515075296,"0","P018","1-back",1,"0","ACTIVE"
"2831",0.785054550917266,"0","P018","1-back",1,"0","ACTIVE"
"2832",0.655178923712811,"0","P018","1-back",1,"0","ACTIVE"
"2833",0.538427924646385,"1","P018","1-back",1,"1","ACTIVE"
"2834",0.870292944287939,"1","P018","1-back",1,"1","ACTIVE"
"2835",0.666987636745034,"0","P018","1-back",1,"0","ACTIVE"
"2836",0.953452185567585,"0","P018","2-back",1,"0","ACTIVE"
"2837",0.8197634836215,"0","P018","2-back",1,"0","ACTIVE"
"2838",1.33876805339969,"1","P018","2-back",1,"1","ACTIVE"
"2839",0.455686379889812,"0","P018","3-back",1,"0","ACTIVE"
"2840",0.796185556784621,"0","P018","3-back",1,"0","ACTIVE"
"2841",0.801784183076961,"0","P018","3-back",1,"0","ACTIVE"
"2842",0.687725973664783,"1","P018","3-back",1,"1","ACTIVE"
"2843",0.533110147163825,"0","P018","3-back",1,"0","ACTIVE"
"2844",0.72595593566075,"0","P018","3-back",1,"0","ACTIVE"
"2845",1.26029584608114,"0","P018","3-back",1,"0","ACTIVE"
"2846",0.994282565010508,"0","P018","3-back",1,"0","ACTIVE"
"2847",1.28596101146468,"0","P018","3-back",1,"0","ACTIVE"
"2848",0.71299117052331,"1","P018","3-back",1,"1","ACTIVE"
"2849",0.523804192082025,"0","P018","1-back",1,"0","ACTIVE"
"2850",0.535332678333361,"1","P018","1-back",1,"1","ACTIVE"
"2851",0.464737922648055,"0","P018","1-back",1,"0","ACTIVE"
"2852",0.552684034504637,"0","P018","1-back",1,"0","ACTIVE"
"2853",0.372090470016701,"1","P018","0-back",1,"1","ACTIVE"
"2854",0.52190729625363,"0","P018","0-back",1,"0","ACTIVE"
"2855",0.758568921326514,"0","P018","0-back",1,"0","ACTIVE"
"2856",0.689951926022331,"0","P018","3-back",1,"0","ACTIVE"
"2857",0.466184465109109,"0","P018","1-back",1,"0","ACTIVE"
"2858",1.07569575395974,"1","P018","1-back",1,"1","ACTIVE"
"2859",0.679023392560339,"0","P018","0-back",1,"0","ACTIVE"
"2860",0.557922813539335,"0","P018","0-back",1,"0","ACTIVE"
"2861",0.506171054035804,"0","P018","0-back",1,"0","ACTIVE"
"2862",0.664260635167011,"0","P018","0-back",1,"0","ACTIVE"
"2863",0.66028054401977,"0","P018","0-back",1,"0","ACTIVE"
"2864",NA,NA,"P018","0-back",0,"0","ACTIVE"
"2865",0.560857263797516,"1","P018","0-back",1,"1","ACTIVE"
"2866",0.785049263620749,"0","P018","3-back",1,"0","ACTIVE"
"2867",0.861027732498769,"0","P018","3-back",1,"0","ACTIVE"
"2868",1.0104122443845,"0","P018","3-back",1,"0","ACTIVE"
"2869",1.0548168371206,"1","P018","3-back",1,"1","ACTIVE"
"2870",0.672803975303395,"0","P018","3-back",1,"0","ACTIVE"
"2871",0.695233314454526,"0","P018","3-back",1,"0","ACTIVE"
"2872",0.777631184853817,"0","P018","3-back",1,"0","ACTIVE"
"2873",1.03480441508145,"0","P018","3-back",0,"1","ACTIVE"
"2874",0.701924856304686,"1","P018","3-back",0,"0","ACTIVE"
"2875",1.05794287416938,"0","P018","3-back",1,"0","ACTIVE"
"2876",0.801214710008935,"0","P018","3-back",1,"0","ACTIVE"
"2877",0.618358182076918,"0","P018","1-back",1,"0","ACTIVE"
"2878",0.590955672851123,"1","P018","1-back",1,"1","ACTIVE"
"2879",0.694228727879818,"0","P018","3-back",1,"0","ACTIVE"
"2880",0.667840757789236,"1","P018","3-back",1,"1","ACTIVE"
"2881",0.844599648615258,"0","P019","2-back",1,"0","ACTIVE"
"2882",0.468042894157406,"0","P019","0-back",1,"0","ACTIVE"
"2883",0.559399961992312,"0","P019","1-back",1,"0","ACTIVE"
"2884",0.558665029890108,"1","P019","1-back",1,"1","ACTIVE"
"2885",0.540544583753217,"0","P019","0-back",1,"0","ACTIVE"
"2886",0.690910199256905,"1","P019","3-back",1,"1","ACTIVE"
"2887",0.618228431078023,"0","P019","3-back",1,"0","ACTIVE"
"2888",0.862772345528356,"0","P019","2-back",1,"0","ACTIVE"
"2889",1.22673324079733,"0","P019","3-back",1,"0","ACTIVE"
"2890",0.820257005416352,"0","P019","3-back",1,"0","ACTIVE"
"2891",0.548020488524344,"1","P019","3-back",0,"0","ACTIVE"
"2892",0.91678410132954,"1","P019","3-back",1,"1","ACTIVE"
"2893",1.24324728645661,"0","P019","3-back",1,"0","ACTIVE"
"2894",1.54297486706491,"1","P019","3-back",1,"1","ACTIVE"
"2895",0.618204482805595,"1","P019","0-back",1,"1","ACTIVE"
"2896",0.495016115324688,"0","P019","0-back",1,"0","ACTIVE"
"2897",0.484371262944478,"0","P019","0-back",1,"0","ACTIVE"
"2898",0.538743797940697,"0","P019","0-back",1,"0","ACTIVE"
"2899",0.468594015481358,"0","P019","0-back",1,"0","ACTIVE"
"2900",0.46706599117897,"0","P019","0-back",1,"0","ACTIVE"
"2901",0.386542562770046,"1","P019","0-back",1,"1","ACTIVE"
"2902",0.400173174013617,"1","P019","0-back",1,"1","ACTIVE"
"2903",0.420906159153674,"0","P019","0-back",1,"0","ACTIVE"
"2904",0.449695094928757,"0","P019","0-back",1,"0","ACTIVE"
"2905",0.340354428237333,"0","P019","3-back",1,"0","ACTIVE"
"2906",0.398094339405361,"0","P019","3-back",1,"0","ACTIVE"
"2907",0.417767380149598,"0","P019","3-back",1,"0","ACTIVE"
"2908",0.775524117310852,"0","P019","3-back",1,"0","ACTIVE"
"2909",0.922140739341557,"1","P019","3-back",1,"1","ACTIVE"
"2910",1.28510607063799,"0","P019","3-back",1,"0","ACTIVE"
"2911",1.10672688361592,"0","P019","3-back",0,"1","ACTIVE"
"2912",0.976752135051356,"0","P019","3-back",1,"0","ACTIVE"
"2913",1.11502698224285,"0","P019","2-back",1,"0","ACTIVE"
"2914",1.1989740808167,"0","P019","2-back",1,"0","ACTIVE"
"2915",0.811120272279368,"1","P019","2-back",1,"1","ACTIVE"
"2916",0.311671860126808,"0","P019","3-back",1,"0","ACTIVE"
"2917",0.542040884367452,"1","P019","2-back",1,"1","ACTIVE"
"2918",0.72850743469462,"0","P019","2-back",1,"0","ACTIVE"
"2919",0.572287243689061,"0","P019","2-back",1,"0","ACTIVE"
"2920",0.615015319119266,"0","P019","2-back",1,"0","ACTIVE"
"2921",0.924569467566471,"0","P019","2-back",1,"0","ACTIVE"
"2922",0.560077978068875,"1","P019","2-back",0,"0","ACTIVE"
"2923",1.04501591316148,"0","P019","2-back",0,"1","ACTIVE"
"2924",1.42061380359883,"0","P019","2-back",0,"1","ACTIVE"
"2925",0.328895334532717,"0","P019","3-back",1,"0","ACTIVE"
"2926",0.34697503750067,"0","P019","3-back",1,"0","ACTIVE"
"2927",0.861105918862449,"0","P019","3-back",1,"0","ACTIVE"
"2928",0.780672685250465,"0","P019","3-back",1,"0","ACTIVE"
"2929",0.483566352115304,"0","P019","1-back",1,"0","ACTIVE"
"2930",0.601307886790892,"0","P019","1-back",1,"0","ACTIVE"
"2931",0.688614275099098,"0","P019","1-back",1,"0","ACTIVE"
"2932",0.668727565989684,"0","P019","1-back",1,"0","ACTIVE"
"2933",1.13090904227647,"1","P019","1-back",1,"1","ACTIVE"
"2934",1.04001601113123,"0","P019","2-back",1,"0","ACTIVE"
"2935",0.577317625338765,"0","P019","2-back",1,"0","ACTIVE"
"2936",0.495017048375303,"0","P019","0-back",1,"0","ACTIVE"
"2937",0.396963172217511,"1","P019","0-back",1,"1","ACTIVE"
"2938",0.514310337908682,"0","P019","0-back",1,"0","ACTIVE"
"2939",0.362576560612069,"0","P019","0-back",1,"0","ACTIVE"
"2940",0.399141221107129,"0","P019","0-back",1,"0","ACTIVE"
"2941",0.378561567122233,"0","P019","0-back",1,"0","ACTIVE"
"2942",0.391985974398267,"0","P019","0-back",1,"0","ACTIVE"
"2943",0.512680922212894,"1","P019","0-back",1,"1","ACTIVE"
"2944",0.438830353847152,"0","P019","0-back",1,"0","ACTIVE"
"2945",0.674008626978321,"1","P019","0-back",1,"1","ACTIVE"
"2946",0.860161361604696,"0","P019","2-back",1,"0","ACTIVE"
"2947",0.716758162550832,"0","P019","2-back",1,"0","ACTIVE"
"2948",0.544427625362005,"0","P019","2-back",1,"0","ACTIVE"
"2949",0.626019395615003,"0","P019","2-back",1,"0","ACTIVE"
"2950",1.13864433484923,"0","P019","2-back",1,"0","ACTIVE"
"2951",0.791855907275021,"1","P019","2-back",1,"1","ACTIVE"
"2952",0.776667103127693,"1","P019","2-back",1,"1","ACTIVE"
"2953",0.829260623468144,"0","P019","2-back",1,"0","ACTIVE"
"2954",0.8338366099415,"0","P019","2-back",1,"0","ACTIVE"
"2955",0.773729862841719,"1","P019","2-back",1,"1","ACTIVE"
"2956",0.347510296982364,"0","P019","1-back",1,"0","ACTIVE"
"2957",0.343290113436524,"0","P019","3-back",1,"0","ACTIVE"
"2958",0.873051753464097,"0","P019","3-back",1,"0","ACTIVE"
"2959",0.487052225587831,"1","P019","3-back",1,"1","ACTIVE"
"2960",1.23197511370017,"1","P019","3-back",0,"0","ACTIVE"
"2961",0.695646048239723,"0","P019","3-back",1,"0","ACTIVE"
"2962",0.830346693255706,"0","P019","3-back",1,"0","ACTIVE"
"2963",0.822908421487227,"1","P019","3-back",0,"0","ACTIVE"
"2964",1.40954814582801,"1","P019","3-back",0,"0","ACTIVE"
"2965",1.73558648235121,"0","P019","3-back",0,"1","ACTIVE"
"2966",0.377885106132453,"0","P019","1-back",1,"0","ACTIVE"
"2967",0.723203358480532,"1","P019","1-back",1,"1","ACTIVE"
"2968",0.784044104635541,"0","P019","1-back",1,"0","ACTIVE"
"2969",0.728185221549211,"0","P019","2-back",1,"0","ACTIVE"
"2970",0.685056245787564,"0","P019","2-back",1,"0","ACTIVE"
"2971",0.840392216745386,"1","P019","2-back",0,"0","ACTIVE"
"2972",1.43687126060831,"0","P019","2-back",0,"1","ACTIVE"
"2973",0.93445543956841,"0","P019","2-back",0,"1","ACTIVE"
"2974",0.407062812591903,"0","P019","0-back",1,"0","ACTIVE"
"2975",0.455584193266986,"0","P019","0-back",1,"0","ACTIVE"
"2976",0.574541491630953,"1","P019","0-back",1,"1","ACTIVE"
"2977",0.432213787797082,"0","P019","0-back",1,"0","ACTIVE"
"2978",0.536813318223722,"0","P019","0-back",1,"0","ACTIVE"
"2979",0.367547849116818,"0","P019","0-back",1,"0","ACTIVE"
"2980",0.907869434005988,"0","P019","0-back",1,"0","ACTIVE"
"2981",0.58749035459914,"0","P019","0-back",1,"0","ACTIVE"
"2982",0.36933526122084,"0","P019","0-back",1,"0","ACTIVE"
"2983",0.450421007550176,"0","P019","0-back",1,"0","ACTIVE"
"2984",0.480472670507879,"0","P019","0-back",1,"0","ACTIVE"
"2985",0.355471698581823,"1","P019","0-back",1,"1","ACTIVE"
"2986",0.662765378758195,"0","P019","1-back",1,"0","ACTIVE"
"2987",0.713884991677332,"0","P019","1-back",1,"0","ACTIVE"
"2988",0.729241433746211,"0","P019","1-back",1,"0","ACTIVE"
"2989",0.567040705533145,"0","P019","1-back",1,"0","ACTIVE"
"2990",0.500857006099977,"0","P019","1-back",1,"0","ACTIVE"
"2991",0.39600524125126,"1","P019","1-back",1,"1","ACTIVE"
"2992",0.558329132018116,"1","P019","1-back",1,"1","ACTIVE"
"2993",0.42613217021426,"0","P019","1-back",1,"0","ACTIVE"
"2994",0.710001017025206,"0","P019","1-back",1,"0","ACTIVE"
"2995",0.53378183993118,"1","P019","1-back",1,"1","ACTIVE"
"2996",0.369239157109405,"0","P019","3-back",1,"0","ACTIVE"
"2997",0.401878477747232,"0","P019","3-back",1,"0","ACTIVE"
"2998",0.563259366343118,"0","P019","3-back",1,"0","ACTIVE"
"2999",0.986187133057683,"1","P019","3-back",1,"1","ACTIVE"
"3000",0.852259986197168,"0","P019","3-back",1,"0","ACTIVE"
"3001",0.586926792613667,"0","P019","3-back",1,"0","ACTIVE"
"3002",0.851965764541092,"1","P019","3-back",1,"1","ACTIVE"
"3003",0.856643142411485,"1","P019","3-back",1,"1","ACTIVE"
"3004",0.747182423336199,"0","P019","3-back",1,"0","ACTIVE"
"3005",0.952411979986209,"0","P019","3-back",1,"0","ACTIVE"
"3006",0.563106657216849,"0","P019","1-back",1,"0","ACTIVE"
"3007",0.508844222076732,"0","P019","2-back",1,"0","ACTIVE"
"3008",0.343277050738834,"0","P019","2-back",1,"0","ACTIVE"
"3009",0.489552176601137,"0","P019","2-back",1,"0","ACTIVE"
"3010",0.815546970807191,"0","P019","0-back",1,"0","ACTIVE"
"3011",0.42623667177395,"0","P019","0-back",1,"0","ACTIVE"
"3012",0.399801820254652,"0","P019","0-back",1,"0","ACTIVE"
"3013",0.36369155493594,"1","P019","0-back",1,"1","ACTIVE"
"3014",0.821577581678866,"0","P019","1-back",1,"0","ACTIVE"
"3015",0.94946509818692,"0","P019","1-back",1,"0","ACTIVE"
"3016",1.09103578774375,"1","P019","1-back",1,"1","ACTIVE"
"3017",0.303862545613811,"0","P019","2-back",1,"0","ACTIVE"
"3018",0.478946823321166,"0","P019","0-back",1,"0","ACTIVE"
"3019",0.34676603438129,"1","P019","0-back",1,"1","ACTIVE"
"3020",0.326939662478253,"0","P019","1-back",1,"0","ACTIVE"
"3021",0.936323093945248,"0","P019","1-back",1,"0","ACTIVE"
"3022",0.582974083299632,"0","P019","1-back",1,"0","ACTIVE"
"3023",0.932387490538531,"0","P019","1-back",0,"1","ACTIVE"
"3024",0.622458256133541,"0","P019","1-back",1,"0","ACTIVE"
"3025",1.10053765430712,"1","P019","1-back",0,"0","ACTIVE"
"3026",0.669973498279433,"0","P019","1-back",1,"0","ACTIVE"
"3027",0.553309324928705,"0","P019","1-back",1,"0","ACTIVE"
"3028",0.681881388863985,"0","P019","1-back",1,"0","ACTIVE"
"3029",0.641510818866664,"0","P019","1-back",1,"0","ACTIVE"
"3030",0.775570769794285,"0","P019","1-back",1,"0","ACTIVE"
"3031",0.319127859835135,"0","P019","2-back",1,"0","ACTIVE"
"3032",0.593908803108206,"0","P019","2-back",1,"0","ACTIVE"
"3033",1.1692987478782,"0","P019","2-back",0,"1","ACTIVE"
"3034",0.563110078397585,"1","P019","2-back",0,"0","ACTIVE"
"3035",0.455884013219475,"0","P019","2-back",1,"0","ACTIVE"
"3036",1.4204439885616,"0","P019","2-back",1,"0","ACTIVE"
"3037",0.556865177124564,"1","P019","1-back",1,"1","ACTIVE"
"3038",0.699042348944204,"1","P019","1-back",1,"1","ACTIVE"
"3039",0.901015562332759,"0","P019","1-back",1,"0","ACTIVE"
"3040",0.641962725909252,"0","P019","1-back",1,"0","ACTIVE"
"3041",0.562531898634916,"0","P020","3-back",0,"1","PLACEBO"
"3042",0.715687954609166,"0","P020","1-back",1,"0","PLACEBO"
"3043",0.657539678712055,"1","P020","1-back",1,"1","PLACEBO"
"3044",0.730425473746436,"0","P020","1-back",1,"0","PLACEBO"
"3045",0.575417314230435,"0","P020","1-back",1,"0","PLACEBO"
"3046",0.572178698908829,"0","P020","1-back",1,"0","PLACEBO"
"3047",0.525857138280116,"0","P020","1-back",1,"0","PLACEBO"
"3048",0.512663194269408,"0","P020","1-back",1,"0","PLACEBO"
"3049",0.499910271722911,"0","P020","1-back",1,"0","PLACEBO"
"3050",0.411949815610569,"0","P020","1-back",1,"0","PLACEBO"
"3051",0.458462340404367,"1","P020","1-back",1,"1","PLACEBO"
"3052",0.446058378427551,"0","P020","1-back",1,"0","PLACEBO"
"3053",0.624740806586487,"1","P020","1-back",1,"1","PLACEBO"
"3054",0.462570557992876,"0","P020","0-back",1,"0","PLACEBO"
"3055",0.39456927784704,"0","P020","0-back",1,"0","PLACEBO"
"3056",0.3206347350133,"0","P020","0-back",1,"0","PLACEBO"
"3057",0.35973977867252,"0","P020","0-back",1,"0","PLACEBO"
"3058",0.528920651282533,"0","P020","1-back",1,"0","PLACEBO"
"3059",0.532605264328595,"0","P020","1-back",1,"0","PLACEBO"
"3060",0.565802548655483,"0","P020","1-back",1,"0","PLACEBO"
"3061",0.489910156647966,"0","P020","1-back",1,"0","PLACEBO"
"3062",0.469794850374456,"0","P020","1-back",1,"0","PLACEBO"
"3063",0.735248407363542,"1","P020","1-back",1,"1","PLACEBO"
"3064",1.02291663232609,"0","P020","2-back",1,"0","PLACEBO"
"3065",0.509825168264797,"0","P020","2-back",1,"0","PLACEBO"
"3066",NA,NA,"P020","2-back",0,"0","PLACEBO"
"3067",0.63381067116643,"1","P020","2-back",1,"1","PLACEBO"
"3068",1.17522610125525,"0","P020","2-back",1,"0","PLACEBO"
"3069",0.868972771433619,"0","P020","2-back",1,"0","PLACEBO"
"3070",1.04518946039752,"0","P020","2-back",1,"0","PLACEBO"
"3071",0.756719434772094,"0","P020","2-back",1,"0","PLACEBO"
"3072",0.687023736474657,"1","P020","2-back",0,"0","PLACEBO"
"3073",0.46551868384995,"0","P020","2-back",0,"1","PLACEBO"
"3074",0.60969102683157,"0","P020","3-back",1,"0","PLACEBO"
"3075",0.469955956945341,"0","P020","3-back",1,"0","PLACEBO"
"3076",0.501432697728887,"0","P020","3-back",1,"0","PLACEBO"
"3077",0.722824540327565,"0","P020","3-back",1,"0","PLACEBO"
"3078",0.829948592076107,"0","P020","3-back",1,"0","PLACEBO"
"3079",0.83624729920848,"0","P020","3-back",1,"0","PLACEBO"
"3080",0.642781010450562,"0","P020","3-back",1,"0","PLACEBO"
"3081",0.681301031982002,"1","P020","3-back",0,"0","PLACEBO"
"3082",0.945822161360411,"0","P020","3-back",1,"0","PLACEBO"
"3083",0.890189698322501,"1","P020","3-back",1,"1","PLACEBO"
"3084",0.725333199803572,"0","P020","1-back",1,"0","PLACEBO"
"3085",0.514230095643143,"1","P020","1-back",1,"1","PLACEBO"
"3086",0.732733216536872,"0","P020","0-back",1,"0","PLACEBO"
"3087",0.530943502912123,"0","P020","0-back",1,"0","PLACEBO"
"3088",0.51180198945076,"0","P020","0-back",1,"0","PLACEBO"
"3089",0.494831682510267,"1","P020","0-back",1,"1","PLACEBO"
"3090",0.433038292670972,"0","P020","0-back",1,"0","PLACEBO"
"3091",0.428133561701543,"0","P020","0-back",1,"0","PLACEBO"
"3092",0.517133124099928,"1","P020","0-back",1,"1","PLACEBO"
"3093",0.297417971720279,"0","P020","0-back",1,"0","PLACEBO"
"3094",0.420023183170997,"0","P020","0-back",1,"0","PLACEBO"
"3095",0.511693755692249,"1","P020","0-back",1,"1","PLACEBO"
"3096",0.656978604860342,"0","P020","2-back",1,"0","PLACEBO"
"3097",0.426767888038739,"0","P020","0-back",1,"0","PLACEBO"
"3098",0.439271375311364,"1","P020","0-back",1,"1","PLACEBO"
"3099",0.54575566602216,"0","P020","0-back",1,"0","PLACEBO"
"3100",0.390879999551544,"0","P020","0-back",1,"0","PLACEBO"
"3101",0.423675450500014,"0","P020","0-back",1,"0","PLACEBO"
"3102",0.395368590376165,"0","P020","0-back",1,"0","PLACEBO"
"3103",0.412486008146516,"0","P020","0-back",1,"0","PLACEBO"
"3104",0.418138733908563,"0","P020","0-back",1,"0","PLACEBO"
"3105",0.411729304880282,"0","P020","0-back",1,"0","PLACEBO"
"3106",0.442566906658612,"1","P020","0-back",1,"1","PLACEBO"
"3107",0.455225280169543,"0","P020","1-back",1,"0","PLACEBO"
"3108",0.433817078104767,"0","P020","1-back",1,"0","PLACEBO"
"3109",0.425430205865268,"0","P020","1-back",1,"0","PLACEBO"
"3110",0.507554436448117,"0","P020","1-back",1,"0","PLACEBO"
"3111",0.41165248379184,"0","P020","1-back",1,"0","PLACEBO"
"3112",0.465361309481523,"1","P020","1-back",1,"1","PLACEBO"
"3113",0.627031132444245,"1","P020","1-back",1,"1","PLACEBO"
"3114",0.510376911624917,"0","P020","1-back",1,"0","PLACEBO"
"3115",0.45989861482667,"0","P020","1-back",1,"0","PLACEBO"
"3116",0.544866158692457,"0","P020","1-back",0,"1","PLACEBO"
"3117",0.689607350937877,"0","P020","2-back",1,"0","PLACEBO"
"3118",0.694121756136155,"0","P020","3-back",1,"0","PLACEBO"
"3119",0.828471263470419,"0","P020","3-back",1,"0","PLACEBO"
"3120",0.448897337479139,"1","P020","3-back",1,"1","PLACEBO"
"3121",0.795503198340157,"0","P020","3-back",1,"0","PLACEBO"
"3122",0.493416557215824,"0","P020","3-back",1,"0","PLACEBO"
"3123",0.723562893614144,"1","P020","3-back",1,"1","PLACEBO"
"3124",0.963778079738404,"0","P020","3-back",0,"1","PLACEBO"
"3125",0.91882685802193,"1","P020","3-back",0,"0","PLACEBO"
"3126",0.939959188406647,"0","P020","3-back",1,"0","PLACEBO"
"3127",0.594479518473236,"0","P020","1-back",1,"0","PLACEBO"
"3128",0.699470618732448,"0","P020","2-back",1,"0","PLACEBO"
"3129",0.625339824455295,"0","P020","2-back",1,"0","PLACEBO"
"3130",0.785010122031963,"0","P020","2-back",1,"0","PLACEBO"
"3131",0.494238573952316,"0","P020","2-back",1,"0","PLACEBO"
"3132",0.614810981245682,"0","P020","2-back",1,"0","PLACEBO"
"3133",0.61411337113168,"0","P020","2-back",1,"0","PLACEBO"
"3134",1.62679196071986,"0","P020","2-back",0,"1","PLACEBO"
"3135",1.1256939167979,"1","P020","2-back",1,"1","PLACEBO"
"3136",0.846716738258692,"0","P020","2-back",1,"0","PLACEBO"
"3137",0.50204011304595,"0","P020","3-back",1,"0","PLACEBO"
"3138",0.478473145121825,"0","P020","3-back",0,"1","PLACEBO"
"3139",0.551950493627373,"1","P020","0-back",1,"1","PLACEBO"
"3140",0.411027029516845,"0","P020","0-back",1,"0","PLACEBO"
"3141",0.404684158031159,"0","P020","0-back",1,"0","PLACEBO"
"3142",0.380401852042269,"0","P020","0-back",1,"0","PLACEBO"
"3143",0.403592489947187,"1","P020","0-back",1,"1","PLACEBO"
"3144",0.49091598416635,"1","P020","0-back",1,"1","PLACEBO"
"3145",0.544481742243079,"0","P020","0-back",1,"0","PLACEBO"
"3146",0.368592242688464,"0","P020","0-back",1,"0","PLACEBO"
"3147",0.765453712494491,"0","P020","3-back",1,"0","PLACEBO"
"3148",0.522577468778763,"0","P020","3-back",1,"0","PLACEBO"
"3149",0.679380815814511,"0","P020","3-back",1,"0","PLACEBO"
"3150",0.654822016116668,"0","P020","3-back",1,"0","PLACEBO"
"3151",0.605737695485004,"0","P020","3-back",0,"1","PLACEBO"
"3152",0.738994290666596,"0","P020","3-back",1,"0","PLACEBO"
"3153",0.69071643595089,"0","P020","3-back",0,"1","PLACEBO"
"3154",0.612478668153926,"0","P020","3-back",1,"0","PLACEBO"
"3155",0.546788551979262,"0","P020","3-back",0,"1","PLACEBO"
"3156",0.559613941379212,"0","P020","3-back",1,"0","PLACEBO"
"3157",0.835062015146832,"0","P020","2-back",0,"1","PLACEBO"
"3158",0.962403697612899,"0","P020","1-back",1,"0","PLACEBO"
"3159",0.551549904314015,"1","P020","1-back",1,"1","PLACEBO"
"3160",0.587945371808019,"0","P020","1-back",1,"0","PLACEBO"
"3161",0.515148527509155,"0","P020","1-back",1,"0","PLACEBO"
"3162",0.614839594767545,"0","P020","1-back",1,"0","PLACEBO"
"3163",0.506386569308233,"0","P020","1-back",1,"0","PLACEBO"
"3164",0.78004847504053,"0","P020","1-back",1,"0","PLACEBO"
"3165",0.648065181601851,"0","P020","1-back",1,"0","PLACEBO"
"3166",0.490889858774608,"1","P020","1-back",1,"1","PLACEBO"
"3167",0.673396857426269,"1","P020","2-back",1,"1","PLACEBO"
"3168",0.570469662980031,"0","P020","2-back",0,"1","PLACEBO"
"3169",0.740308024567639,"0","P020","3-back",1,"0","PLACEBO"
"3170",0.507114970063412,"0","P020","3-back",1,"0","PLACEBO"
"3171",0.586579698148853,"0","P020","3-back",1,"0","PLACEBO"
"3172",0.564979909882823,"0","P020","3-back",1,"0","PLACEBO"
"3173",0.559091433577123,"0","P020","3-back",1,"0","PLACEBO"
"3174",0.549458007015346,"0","P020","3-back",1,"0","PLACEBO"
"3175",0.696048192636226,"1","P020","3-back",0,"0","PLACEBO"
"3176",0.684688313212973,"1","P020","3-back",1,"1","PLACEBO"
"3177",0.728818451243569,"0","P020","2-back",1,"0","PLACEBO"
"3178",0.83751189249233,"0","P020","2-back",1,"0","PLACEBO"
"3179",0.733173926986638,"0","P020","2-back",1,"0","PLACEBO"
"3180",0.758888775195373,"0","P020","2-back",1,"0","PLACEBO"
"3181",0.373619203157432,"0","P020","0-back",1,"0","PLACEBO"
"3182",0.364061664629844,"0","P020","0-back",1,"0","PLACEBO"
"3183",0.314965836387273,"0","P020","0-back",1,"0","PLACEBO"
"3184",0.338755492164637,"0","P020","0-back",1,"0","PLACEBO"
"3185",0.367074170917476,"0","P020","0-back",1,"0","PLACEBO"
"3186",0.440747770866437,"1","P020","0-back",1,"1","PLACEBO"
"3187",0.650606497820263,"0","P020","0-back",1,"0","PLACEBO"
"3188",0.500991054228507,"1","P020","0-back",1,"1","PLACEBO"
"3189",0.500506179432705,"0","P020","2-back",1,"0","PLACEBO"
"3190",0.606264246500359,"0","P020","2-back",1,"0","PLACEBO"
"3191",0.54963932965984,"0","P020","2-back",1,"0","PLACEBO"
"3192",0.540263735809276,"0","P020","2-back",1,"0","PLACEBO"
"3193",0.844264372772159,"0","P020","2-back",1,"0","PLACEBO"
"3194",0.762329551267612,"1","P020","2-back",1,"1","PLACEBO"
"3195",0.795157347936765,"1","P020","2-back",1,"1","PLACEBO"
"3196",0.73520424301023,"0","P020","2-back",1,"0","PLACEBO"
"3197",0.917270531212125,"0","P020","2-back",1,"0","PLACEBO"
"3198",0.537689762859372,"0","P020","2-back",1,"0","PLACEBO"
"3199",0.621824715428374,"0","P020","2-back",1,"0","PLACEBO"
"3200",0.535563031702623,"1","P020","2-back",1,"1","PLACEBO"
"3201",0.571645485211775,"0","P021","1-back",1,"0","ACTIVE"
"3202",0.479927121945366,"0","P021","1-back",1,"0","ACTIVE"
"3203",0.585678678438853,"0","P021","0-back",1,"0","ACTIVE"
"3204",0.358277811195876,"0","P021","0-back",1,"0","ACTIVE"
"3205",0.796228517116106,"0","P021","0-back",1,"0","ACTIVE"
"3206",0.780226571379899,"0","P021","0-back",1,"0","ACTIVE"
"3207",1.39768738449493,"0","P021","2-back",1,"0","ACTIVE"
"3208",1.4982934368054,"0","P021","2-back",1,"0","ACTIVE"
"3209",1.45690920163179,"0","P021","2-back",1,"0","ACTIVE"
"3210",1.40647554734824,"0","P021","2-back",1,"0","ACTIVE"
"3211",1.11097201634402,"1","P021","2-back",1,"1","ACTIVE"
"3212",0.912371230209828,"1","P021","2-back",1,"1","ACTIVE"
"3213",1.16476934493767,"0","P021","2-back",1,"0","ACTIVE"
"3214",0.807529716345016,"0","P021","2-back",1,"0","ACTIVE"
"3215",0.540936989345937,"0","P021","0-back",1,"0","ACTIVE"
"3216",0.399414785984845,"1","P021","0-back",1,"1","ACTIVE"
"3217",0.436239477436175,"0","P021","0-back",1,"0","ACTIVE"
"3218",0.448004717542062,"0","P021","0-back",1,"0","ACTIVE"
"3219",0.398584986349306,"0","P021","0-back",1,"0","ACTIVE"
"3220",0.7623827690295,"0","P021","0-back",1,"0","ACTIVE"
"3221",0.426957726871478,"0","P021","0-back",1,"0","ACTIVE"
"3222",0.418733131089539,"0","P021","0-back",1,"0","ACTIVE"
"3223",0.518010819741903,"1","P021","0-back",1,"1","ACTIVE"
"3224",0.722882689096878,"0","P021","0-back",1,"0","ACTIVE"
"3225",0.447810952486179,"1","P021","0-back",1,"1","ACTIVE"
"3226",1.01941693824119,"0","P021","2-back",1,"0","ACTIVE"
"3227",1.12920739205947,"1","P021","2-back",0,"0","ACTIVE"
"3228",1.35769122869533,"0","P021","2-back",1,"0","ACTIVE"
"3229",1.60850812102581,"0","P021","2-back",1,"0","ACTIVE"
"3230",1.10259595413663,"0","P021","2-back",1,"0","ACTIVE"
"3231",1.1332752141825,"1","P021","2-back",1,"1","ACTIVE"
"3232",0.982229909237503,"0","P021","2-back",0,"1","ACTIVE"
"3233",0.832804082067014,"0","P021","2-back",1,"0","ACTIVE"
"3234",0.768214381907455,"0","P021","2-back",1,"0","ACTIVE"
"3235",0.781758341694513,"1","P021","2-back",1,"1","ACTIVE"
"3236",0.39720810367362,"0","P021","1-back",1,"0","ACTIVE"
"3237",0.606258829062426,"1","P021","1-back",1,"1","ACTIVE"
"3238",1.26147365945872,"0","P021","3-back",1,"0","ACTIVE"
"3239",1.94526930232678,"1","P021","3-back",1,"1","ACTIVE"
"3240",0.688408059879293,"0","P021","1-back",1,"0","ACTIVE"
"3241",0.734456341280747,"0","P021","1-back",1,"0","ACTIVE"
"3242",0.472147594857233,"1","P021","1-back",0,"0","ACTIVE"
"3243",0.488242224360874,"0","P021","1-back",1,"0","ACTIVE"
"3244",0.420963761891471,"1","P021","1-back",1,"1","ACTIVE"
"3245",0.745583991709282,"0","P021","1-back",1,"0","ACTIVE"
"3246",0.941619179193367,"0","P021","2-back",1,"0","ACTIVE"
"3247",1.08977822454108,"0","P021","2-back",1,"0","ACTIVE"
"3248",0.667426694293681,"0","P021","0-back",1,"0","ACTIVE"
"3249",0.483813619786815,"0","P021","0-back",1,"0","ACTIVE"
"3250",0.493637477087759,"0","P021","0-back",1,"0","ACTIVE"
"3251",0.425556273665279,"1","P021","0-back",1,"1","ACTIVE"
"3252",0.422121686944593,"0","P021","0-back",1,"0","ACTIVE"
"3253",0.487287083924457,"0","P021","0-back",1,"0","ACTIVE"
"3254",0.5169496217095,"1","P021","0-back",1,"1","ACTIVE"
"3255",0.383364010209334,"0","P021","0-back",1,"0","ACTIVE"
"3256",0.457725316417054,"0","P021","0-back",1,"0","ACTIVE"
"3257",0.401958613274473,"1","P021","0-back",1,"1","ACTIVE"
"3258",0.957218043848115,"0","P021","1-back",1,"0","ACTIVE"
"3259",0.771077315057482,"1","P021","1-back",0,"0","ACTIVE"
"3260",0.847513120348594,"0","P021","1-back",1,"0","ACTIVE"
"3261",0.653900151592097,"1","P021","1-back",1,"1","ACTIVE"
"3262",0.413003532557923,"0","P021","0-back",1,"0","ACTIVE"
"3263",0.347351701308071,"0","P021","0-back",1,"0","ACTIVE"
"3264",0.412059277798107,"0","P021","0-back",1,"0","ACTIVE"
"3265",0.430286878032348,"1","P021","0-back",1,"1","ACTIVE"
"3266",0.895406368555996,"0","P021","1-back",1,"0","ACTIVE"
"3267",0.783605174616241,"0","P021","1-back",1,"0","ACTIVE"
"3268",0.557414483671892,"0","P021","1-back",1,"0","ACTIVE"
"3269",0.438875055438984,"0","P021","1-back",1,"0","ACTIVE"
"3270",0.557584300240705,"0","P021","1-back",1,"0","ACTIVE"
"3271",0.483653133800544,"1","P021","1-back",1,"1","ACTIVE"
"3272",0.532579899314442,"1","P021","1-back",1,"1","ACTIVE"
"3273",0.460446113720536,"0","P021","1-back",1,"0","ACTIVE"
"3274",0.504105766485736,"0","P021","1-back",1,"0","ACTIVE"
"3275",0.427689866428409,"1","P021","1-back",1,"1","ACTIVE"
"3276",0.51226442616462,"0","P021","3-back",1,"0","ACTIVE"
"3277",1.04726654420665,"0","P021","3-back",1,"0","ACTIVE"
"3278",1.43282510697463,"0","P021","2-back",1,"0","ACTIVE"
"3279",0.736641874278575,"1","P021","2-back",1,"1","ACTIVE"
"3280",1.27260784129612,"0","P021","2-back",1,"0","ACTIVE"
"3281",1.31826641544467,"0","P021","2-back",1,"0","ACTIVE"
"3282",1.61843710286485,"0","P021","2-back",1,"0","ACTIVE"
"3283",1.33916816007695,"0","P021","2-back",1,"0","ACTIVE"
"3284",0.760723791798227,"1","P021","2-back",0,"0","ACTIVE"
"3285",1.05309193669746,"1","P021","2-back",1,"1","ACTIVE"
"3286",1.09780314589807,"1","P021","2-back",1,"1","ACTIVE"
"3287",0.900587017928046,"0","P021","3-back",1,"0","ACTIVE"
"3288",0.970483330296702,"0","P021","3-back",1,"0","ACTIVE"
"3289",0.981919822941563,"0","P021","3-back",1,"0","ACTIVE"
"3290",1.19371000679894,"0","P021","3-back",1,"0","ACTIVE"
"3291",1.13562558743797,"0","P021","3-back",1,"0","ACTIVE"
"3292",1.12678455129571,"0","P021","3-back",1,"0","ACTIVE"
"3293",1.56444103290778,"0","P021","3-back",1,"0","ACTIVE"
"3294",1.71470350214076,"1","P021","3-back",1,"1","ACTIVE"
"3295",1.63831061751625,"1","P021","3-back",0,"0","ACTIVE"
"3296",0.953894180020143,"1","P021","3-back",1,"1","ACTIVE"
"3297",1.45627721030542,"1","P021","0-back",1,"1","ACTIVE"
"3298",0.383589188222686,"1","P021","1-back",1,"1","ACTIVE"
"3299",0.559867804331589,"0","P021","0-back",1,"0","ACTIVE"
"3300",0.46449247550845,"0","P021","0-back",1,"0","ACTIVE"
"3301",0.413961783186096,"0","P021","0-back",1,"0","ACTIVE"
"3302",0.452643260177865,"0","P021","0-back",1,"0","ACTIVE"
"3303",0.56392753995533,"0","P021","1-back",1,"0","ACTIVE"
"3304",0.460397283681232,"0","P021","1-back",1,"0","ACTIVE"
"3305",0.53557470467058,"0","P021","1-back",1,"0","ACTIVE"
"3306",0.601973604410887,"0","P021","1-back",1,"0","ACTIVE"
"3307",0.634696883647848,"0","P021","1-back",1,"0","ACTIVE"
"3308",0.402744870203605,"1","P021","1-back",1,"1","ACTIVE"
"3309",0.950697834123275,"0","P021","2-back",1,"0","ACTIVE"
"3310",1.13428727116116,"0","P021","2-back",1,"0","ACTIVE"
"3311",0.791842833212286,"0","P021","2-back",1,"0","ACTIVE"
"3312",0.752660926078534,"0","P021","2-back",0,"1","ACTIVE"
"3313",0.894247510448622,"0","P021","2-back",1,"0","ACTIVE"
"3314",1.01512922543043,"0","P021","2-back",1,"0","ACTIVE"
"3315",0.923466223608557,"0","P021","2-back",1,"0","ACTIVE"
"3316",0.999640461628587,"0","P021","2-back",1,"0","ACTIVE"
"3317",1.20031792398368,"0","P021","2-back",1,"0","ACTIVE"
"3318",0.859994327005552,"1","P021","2-back",1,"1","ACTIVE"
"3319",1.03993239683041,"0","P021","3-back",1,"0","ACTIVE"
"3320",1.49873010798183,"0","P021","3-back",1,"0","ACTIVE"
"3321",1.39060391871681,"0","P021","3-back",1,"0","ACTIVE"
"3322",1.17844237775353,"0","P021","3-back",1,"0","ACTIVE"
"3323",1.20702225716741,"1","P021","3-back",1,"1","ACTIVE"
"3324",0.659323396055697,"1","P021","3-back",1,"1","ACTIVE"
"3325",1.02968213200074,"0","P021","3-back",1,"0","ACTIVE"
"3326",1.33609591090499,"1","P021","3-back",0,"0","ACTIVE"
"3327",0.954304414546641,"0","P021","3-back",1,"0","ACTIVE"
"3328",1.27959395801372,"0","P021","3-back",0,"1","ACTIVE"
"3329",0.884128495781624,"0","P021","1-back",1,"0","ACTIVE"
"3330",0.749027909012511,"1","P021","1-back",1,"1","ACTIVE"
"3331",0.84705125660912,"0","P021","1-back",1,"0","ACTIVE"
"3332",0.800719947597827,"0","P021","1-back",1,"0","ACTIVE"
"3333",0.897200328188774,"0","P021","1-back",1,"0","ACTIVE"
"3334",0.706099151728267,"0","P021","1-back",1,"0","ACTIVE"
"3335",0.672167873319268,"0","P021","1-back",1,"0","ACTIVE"
"3336",0.398122500570025,"1","P021","1-back",1,"1","ACTIVE"
"3337",0.697631027789612,"0","P021","1-back",1,"0","ACTIVE"
"3338",0.75590019264564,"0","P021","3-back",1,"0","ACTIVE"
"3339",1.22805805113967,"0","P021","3-back",1,"0","ACTIVE"
"3340",1.22013265597707,"1","P021","3-back",1,"1","ACTIVE"
"3341",1.77390137078692,"0","P021","3-back",1,"0","ACTIVE"
"3342",1.44961859696923,"1","P021","3-back",1,"1","ACTIVE"
"3343",0.581247274691123,"0","P021","0-back",1,"0","ACTIVE"
"3344",0.469264134429977,"0","P021","0-back",1,"0","ACTIVE"
"3345",0.359583159421163,"1","P021","0-back",1,"1","ACTIVE"
"3346",0.390936709427478,"1","P021","0-back",1,"1","ACTIVE"
"3347",0.373913376133714,"0","P021","0-back",1,"0","ACTIVE"
"3348",0.463610424620128,"0","P021","0-back",1,"0","ACTIVE"
"3349",0.403789273190341,"0","P021","3-back",1,"0","ACTIVE"
"3350",1.23708196666121,"0","P021","3-back",1,"0","ACTIVE"
"3351",NA,NA,"P021","3-back",0,"0","ACTIVE"
"3352",1.64601238976684,"0","P021","3-back",1,"0","ACTIVE"
"3353",1.5878747860952,"0","P021","3-back",1,"0","ACTIVE"
"3354",0.789664453663136,"1","P021","3-back",0,"0","ACTIVE"
"3355",0.944427683956746,"0","P021","2-back",1,"0","ACTIVE"
"3356",1.18575568683445,"0","P021","3-back",1,"0","ACTIVE"
"3357",0.927223648417566,"0","P021","3-back",0,"1","ACTIVE"
"3358",0.90857181778847,"1","P021","3-back",0,"0","ACTIVE"
"3359",1.12301313061471,"1","P021","3-back",1,"1","ACTIVE"
"3360",1.1661633336771,"0","P021","3-back",1,"0","ACTIVE"
"3361",0.868565650769597,"0","P022","2-back",1,"0","PLACEBO"
"3362",1.1760272798856,"0","P022","2-back",1,"0","PLACEBO"
"3363",0.573813090875774,"0","P022","0-back",1,"0","PLACEBO"
"3364",0.370367214127327,"0","P022","0-back",1,"0","PLACEBO"
"3365",0.356438960046944,"0","P022","0-back",1,"0","PLACEBO"
"3366",0.476946364884498,"1","P022","0-back",1,"1","PLACEBO"
"3367",0.482791609894775,"1","P022","0-back",1,"1","PLACEBO"
"3368",0.829895719260094,"0","P022","3-back",1,"0","PLACEBO"
"3369",0.672220903856214,"0","P022","3-back",1,"0","PLACEBO"
"3370",0.719581259760162,"0","P022","3-back",1,"0","PLACEBO"
"3371",1.5124983554997,"0","P022","3-back",0,"1","PLACEBO"
"3372",0.765853057746426,"1","P022","3-back",0,"0","PLACEBO"
"3373",0.358876085720112,"0","P022","3-back",0,"1","PLACEBO"
"3374",0.824038966642547,"1","P022","0-back",1,"1","PLACEBO"
"3375",0.641596659432253,"0","P022","0-back",1,"0","PLACEBO"
"3376",1.08940792712747,"0","P022","0-back",1,"0","PLACEBO"
"3377",0.579344209167175,"0","P022","0-back",1,"0","PLACEBO"
"3378",0.527737855351006,"0","P022","0-back",1,"0","PLACEBO"
"3379",0.477930421246128,"0","P022","0-back",1,"0","PLACEBO"
"3380",0.366637814699061,"0","P022","0-back",1,"0","PLACEBO"
"3381",0.503100990496023,"1","P022","0-back",1,"1","PLACEBO"
"3382",0.564527069789619,"0","P022","0-back",1,"0","PLACEBO"
"3383",0.466805981344805,"0","P022","0-back",1,"0","PLACEBO"
"3384",0.714314505530638,"0","P022","3-back",1,"0","PLACEBO"
"3385",0.65120675975777,"0","P022","3-back",1,"0","PLACEBO"
"3386",0.530252735155955,"0","P022","3-back",1,"0","PLACEBO"
"3387",1.02020892225482,"0","P022","3-back",1,"0","PLACEBO"
"3388",1.29089968689732,"1","P022","3-back",1,"1","PLACEBO"
"3389",0.800034709445754,"0","P022","3-back",1,"0","PLACEBO"
"3390",1.17425168641057,"0","P022","3-back",0,"1","PLACEBO"
"3391",0.864667058340274,"0","P022","3-back",1,"0","PLACEBO"
"3392",0.787666514370358,"1","P022","3-back",1,"1","PLACEBO"
"3393",0.78983492174666,"0","P022","3-back",1,"0","PLACEBO"
"3394",0.9430447835839,"0","P022","2-back",1,"0","PLACEBO"
"3395",1.12631812700783,"0","P022","2-back",1,"0","PLACEBO"
"3396",1.09617378111579,"1","P022","2-back",1,"1","PLACEBO"
"3397",1.02784811071615,"0","P022","2-back",1,"0","PLACEBO"
"3398",0.870050443772925,"0","P022","2-back",1,"0","PLACEBO"
"3399",0.651999851957953,"0","P022","2-back",1,"0","PLACEBO"
"3400",0.719047866379697,"1","P022","3-back",1,"1","PLACEBO"
"3401",0.68172401449192,"0","P022","3-back",1,"0","PLACEBO"
"3402",1.23229048447683,"1","P022","2-back",1,"1","PLACEBO"
"3403",1.0135892460421,"0","P022","2-back",0,"1","PLACEBO"
"3404",0.817639801160112,"0","P022","3-back",1,"0","PLACEBO"
"3405",0.781210121844197,"0","P022","3-back",1,"0","PLACEBO"
"3406",0.936157322121289,"0","P022","3-back",1,"0","PLACEBO"
"3407",0.592928478945396,"0","P022","3-back",1,"0","PLACEBO"
"3408",0.788240650919761,"1","P022","1-back",1,"1","PLACEBO"
"3409",1.01446506864158,"0","P022","1-back",1,"0","PLACEBO"
"3410",1.54244022961575,"0","P022","1-back",1,"0","PLACEBO"
"3411",1.26676697987205,"0","P022","1-back",1,"0","PLACEBO"
"3412",1.01405857001373,"0","P022","1-back",1,"0","PLACEBO"
"3413",1.16971955326881,"1","P022","1-back",0,"0","PLACEBO"
"3414",1.11677676134059,"1","P022","1-back",1,"1","PLACEBO"
"3415",0.860620733048563,"0","P022","1-back",1,"0","PLACEBO"
"3416",0.813217145845556,"1","P022","1-back",1,"1","PLACEBO"
"3417",1.70586169778107,"0","P022","0-back",1,"0","PLACEBO"
"3418",0.604240772838239,"0","P022","0-back",1,"0","PLACEBO"
"3419",0.413966757929302,"0","P022","0-back",1,"0","PLACEBO"
"3420",0.612451609715208,"0","P022","0-back",1,"0","PLACEBO"
"3421",1.28482677778084,"1","P022","1-back",1,"1","PLACEBO"
"3422",NA,NA,"P022","1-back",0,"0","PLACEBO"
"3423",NA,NA,"P022","1-back",0,"0","PLACEBO"
"3424",NA,NA,"P022","1-back",0,"0","PLACEBO"
"3425",0.419807337690145,"1","P022","0-back",1,"1","PLACEBO"
"3426",1.10575309080377,"0","P022","2-back",1,"0","PLACEBO"
"3427",1.05463814313043,"0","P022","2-back",1,"0","PLACEBO"
"3428",0.721275366897316,"0","P022","2-back",1,"0","PLACEBO"
"3429",0.727459308927791,"0","P022","2-back",1,"0","PLACEBO"
"3430",1.01369903488376,"0","P022","2-back",1,"0","PLACEBO"
"3431",1.89549377453659,"0","P022","2-back",0,"1","PLACEBO"
"3432",0.722861551294045,"1","P022","2-back",1,"1","PLACEBO"
"3433",0.610618167160283,"0","P022","2-back",1,"0","PLACEBO"
"3434",0.606501552127156,"1","P022","2-back",0,"0","PLACEBO"
"3435",0.40027736455886,"0","P022","2-back",0,"1","PLACEBO"
"3436",0.895194576616632,"0","P022","1-back",1,"0","PLACEBO"
"3437",1.49920364212812,"1","P022","1-back",1,"1","PLACEBO"
"3438",0.724640565949812,"0","P022","1-back",1,"0","PLACEBO"
"3439",0.80807884144815,"0","P022","1-back",1,"0","PLACEBO"
"3440",0.819722989999718,"0","P022","1-back",1,"0","PLACEBO"
"3441",0.981162349704391,"0","P022","1-back",1,"0","PLACEBO"
"3442",0.690200459495827,"0","P022","3-back",1,"0","PLACEBO"
"3443",0.880152883295523,"0","P022","3-back",1,"0","PLACEBO"
"3444",0.801465696582454,"0","P022","3-back",1,"0","PLACEBO"
"3445",1.61470990087037,"1","P022","3-back",0,"0","PLACEBO"
"3446",1.43576777389535,"1","P022","3-back",1,"1","PLACEBO"
"3447",0.989222343552683,"0","P022","1-back",1,"0","PLACEBO"
"3448",NA,NA,"P022","0-back",0,"0","PLACEBO"
"3449",NA,NA,"P022","0-back",0,"0","PLACEBO"
"3450",NA,NA,"P022","0-back",0,"0","PLACEBO"
"3451",1.00101266987986,"1","P022","0-back",1,"1","PLACEBO"
"3452",NA,NA,"P022","0-back",0,"0","PLACEBO"
"3453",NA,NA,"P022","0-back",0,"0","PLACEBO"
"3454",0.419064941186662,"1","P022","0-back",1,"1","PLACEBO"
"3455",NA,NA,"P022","0-back",0,"0","PLACEBO"
"3456",NA,NA,"P022","0-back",0,"0","PLACEBO"
"3457",0.585849120274361,"1","P022","0-back",1,"1","PLACEBO"
"3458",NA,NA,"P022","1-back",0,"0","PLACEBO"
"3459",NA,NA,"P022","1-back",0,"0","PLACEBO"
"3460",NA,NA,"P022","1-back",0,"0","PLACEBO"
"3461",0.499425085912662,"0","P022","0-back",1,"0","PLACEBO"
"3462",NA,NA,"P022","0-back",0,"0","PLACEBO"
"3463",0.548339591507101,"0","P022","0-back",1,"0","PLACEBO"
"3464",0.467673406499671,"0","P022","0-back",1,"0","PLACEBO"
"3465",NA,NA,"P022","1-back",0,"0","PLACEBO"
"3466",NA,NA,"P022","1-back",0,"0","PLACEBO"
"3467",0.630824601284985,"1","P022","1-back",1,"1","PLACEBO"
"3468",NA,NA,"P022","2-back",0,"0","PLACEBO"
"3469",1.15367016632808,"0","P022","2-back",1,"0","PLACEBO"
"3470",0.786661619906226,"0","P022","2-back",1,"0","PLACEBO"
"3471",0.843391349320882,"1","P022","2-back",1,"1","PLACEBO"
"3472",1.51292040495537,"0","P022","2-back",1,"0","PLACEBO"
"3473",0.950100816015038,"0","P022","2-back",1,"0","PLACEBO"
"3474",1.07091581621717,"0","P022","2-back",1,"0","PLACEBO"
"3475",0.802625166277721,"0","P022","2-back",1,"0","PLACEBO"
"3476",0.56997607971789,"0","P022","2-back",1,"0","PLACEBO"
"3477",0.601807068349444,"1","P022","2-back",1,"1","PLACEBO"
"3478",NA,NA,"P022","3-back",0,"0","PLACEBO"
"3479",NA,NA,"P022","3-back",0,"0","PLACEBO"
"3480",0.535848855910444,"0","P022","3-back",1,"0","PLACEBO"
"3481",1.27542754667229,"0","P022","3-back",1,"0","PLACEBO"
"3482",0.855070331726893,"0","P022","3-back",1,"0","PLACEBO"
"3483",1.05029635211758,"1","P022","3-back",1,"1","PLACEBO"
"3484",0.483193754291278,"0","P022","3-back",0,"1","PLACEBO"
"3485",0.588936270534759,"0","P022","3-back",1,"0","PLACEBO"
"3486",0.464811432222632,"0","P022","3-back",1,"0","PLACEBO"
"3487",0.575918050872133,"0","P022","1-back",1,"0","PLACEBO"
"3488",0.996308544588828,"0","P022","2-back",1,"0","PLACEBO"
"3489",1.01052231186259,"0","P022","2-back",1,"0","PLACEBO"
"3490",0.772027047245501,"0","P022","2-back",1,"0","PLACEBO"
"3491",0.696087691736466,"0","P022","2-back",1,"0","PLACEBO"
"3492",0.618626221243176,"0","P022","2-back",1,"0","PLACEBO"
"3493",1.28305833768536,"0","P022","2-back",1,"0","PLACEBO"
"3494",0.650687362121971,"1","P022","2-back",1,"1","PLACEBO"
"3495",1.10173009175196,"1","P022","2-back",1,"1","PLACEBO"
"3496",1.3791263731764,"0","P022","2-back",1,"0","PLACEBO"
"3497",1.15942366145464,"0","P022","2-back",1,"0","PLACEBO"
"3498",0.577710128221952,"0","P022","0-back",1,"0","PLACEBO"
"3499",0.570299225913914,"1","P022","0-back",1,"1","PLACEBO"
"3500",0.539544354538521,"0","P022","0-back",1,"0","PLACEBO"
"3501",0.606198622012016,"1","P022","1-back",1,"1","PLACEBO"
"3502",0.641251742079476,"0","P022","1-back",1,"0","PLACEBO"
"3503",0.700993355752871,"0","P022","1-back",1,"0","PLACEBO"
"3504",0.472607062005409,"1","P022","1-back",1,"1","PLACEBO"
"3505",0.341974202423444,"0","P022","0-back",1,"0","PLACEBO"
"3506",0.335309117792349,"0","P022","0-back",1,"0","PLACEBO"
"3507",0.5582280516428,"1","P022","0-back",1,"1","PLACEBO"
"3508",1.02244917445569,"0","P022","1-back",1,"0","PLACEBO"
"3509",0.959347960026207,"0","P022","1-back",1,"0","PLACEBO"
"3510",1.07892293725308,"0","P022","1-back",1,"0","PLACEBO"
"3511",1.30498158315459,"0","P022","1-back",1,"0","PLACEBO"
"3512",NA,NA,"P022","1-back",0,"0","PLACEBO"
"3513",0.641279111536278,"1","P022","1-back",1,"1","PLACEBO"
"3514",0.76306977065542,"0","P022","3-back",1,"0","PLACEBO"
"3515",0.922478814329224,"0","P022","3-back",1,"0","PLACEBO"
"3516",0.874358333985583,"0","P022","3-back",1,"0","PLACEBO"
"3517",0.546065127484326,"1","P022","3-back",1,"1","PLACEBO"
"3518",0.450669198755349,"1","P022","1-back",1,"1","PLACEBO"
"3519",0.959794268772384,"0","P022","1-back",1,"0","PLACEBO"
"3520",0.506780316260119,"0","P022","1-back",1,"0","PLACEBO"
"3521",0.412519897465245,"0","P023","0-back",1,"0","ACTIVE"
"3522",0.39491558001464,"0","P023","0-back",1,"0","ACTIVE"
"3523",0.473760230204789,"0","P023","3-back",1,"0","ACTIVE"
"3524",0.317396494316199,"1","P023","0-back",1,"1","ACTIVE"
"3525",0.306908299677161,"0","P023","1-back",1,"0","ACTIVE"
"3526",0.481316134380904,"0","P023","3-back",1,"0","ACTIVE"
"3527",0.501997988329094,"1","P023","1-back",1,"1","ACTIVE"
"3528",0.455547247885988,"0","P023","1-back",1,"0","ACTIVE"
"3529",0.457032987334969,"0","P023","1-back",1,"0","ACTIVE"
"3530",0.49368661814151,"0","P023","1-back",1,"0","ACTIVE"
"3531",0.482981020977604,"0","P023","1-back",1,"0","ACTIVE"
"3532",0.418590373203187,"0","P023","1-back",1,"0","ACTIVE"
"3533",0.731992134940811,"1","P023","1-back",1,"1","ACTIVE"
"3534",0.450419782820973,"0","P023","1-back",1,"0","ACTIVE"
"3535",0.56370702723143,"1","P023","1-back",1,"1","ACTIVE"
"3536",0.485348811314907,"0","P023","0-back",1,"0","ACTIVE"
"3537",0.482557412615279,"0","P023","0-back",1,"0","ACTIVE"
"3538",0.48003846687061,"0","P023","0-back",1,"0","ACTIVE"
"3539",0.471247193829186,"0","P023","0-back",1,"0","ACTIVE"
"3540",0.472969307986205,"0","P023","0-back",1,"0","ACTIVE"
"3541",0.428541126399068,"0","P023","0-back",1,"0","ACTIVE"
"3542",0.43087128339539,"1","P023","0-back",1,"1","ACTIVE"
"3543",0.349562115854496,"1","P023","0-back",1,"1","ACTIVE"
"3544",0.49732056826906,"0","P023","0-back",1,"0","ACTIVE"
"3545",0.455996048811357,"0","P023","1-back",1,"0","ACTIVE"
"3546",0.524121728001774,"0","P023","1-back",1,"0","ACTIVE"
"3547",0.398458401472453,"0","P023","1-back",1,"0","ACTIVE"
"3548",0.411324961107312,"0","P023","1-back",1,"0","ACTIVE"
"3549",0.385383147851826,"1","P023","1-back",1,"1","ACTIVE"
"3550",0.35240389968385,"1","P023","1-back",1,"1","ACTIVE"
"3551",0.380963873856672,"0","P023","1-back",1,"0","ACTIVE"
"3552",0.635553741969488,"0","P023","1-back",1,"0","ACTIVE"
"3553",0.451897746788745,"1","P023","1-back",1,"1","ACTIVE"
"3554",0.782098907886393,"0","P023","3-back",1,"0","ACTIVE"
"3555",0.709378850806388,"0","P023","3-back",1,"0","ACTIVE"
"3556",0.60718846591044,"0","P023","3-back",1,"0","ACTIVE"
"3557",0.43586905338816,"0","P023","3-back",0,"1","ACTIVE"
"3558",0.953272452330566,"0","P023","3-back",1,"0","ACTIVE"
"3559",0.732882894368231,"0","P023","3-back",1,"0","ACTIVE"
"3560",1.38295812995057,"1","P023","3-back",1,"1","ACTIVE"
"3561",0.852153218085732,"0","P023","3-back",0,"1","ACTIVE"
"3562",0.53518406436342,"0","P023","3-back",1,"0","ACTIVE"
"3563",0.477577992769511,"0","P023","3-back",1,"0","ACTIVE"
"3564",0.702909337236633,"1","P023","3-back",0,"0","ACTIVE"
"3565",0.82781937488835,"1","P023","3-back",1,"1","ACTIVE"
"3566",0.645595623835106,"0","P023","1-back",1,"0","ACTIVE"
"3567",0.667459351327125,"0","P023","2-back",1,"0","ACTIVE"
"3568",0.529814004206855,"0","P023","2-back",1,"0","ACTIVE"
"3569",0.458571600076539,"0","P023","2-back",1,"0","ACTIVE"
"3570",0.452215297551447,"0","P023","2-back",1,"0","ACTIVE"
"3571",0.383735678336961,"1","P023","2-back",1,"1","ACTIVE"
"3572",0.343440321918024,"1","P023","2-back",1,"1","ACTIVE"
"3573",0.436951089719514,"0","P023","2-back",1,"0","ACTIVE"
"3574",0.41524722617396,"0","P023","2-back",1,"0","ACTIVE"
"3575",0.873410768857866,"0","P023","0-back",1,"0","ACTIVE"
"3576",0.358368628847529,"1","P023","0-back",1,"1","ACTIVE"
"3577",0.424948230825976,"0","P023","0-back",1,"0","ACTIVE"
"3578",0.417544104097033,"0","P023","0-back",1,"0","ACTIVE"
"3579",0.469975124669872,"0","P023","0-back",1,"0","ACTIVE"
"3580",0.67902896025771,"0","P023","0-back",1,"0","ACTIVE"
"3581",0.401425526106323,"0","P023","0-back",1,"0","ACTIVE"
"3582",0.359476168767287,"0","P023","1-back",1,"0","ACTIVE"
"3583",0.446849591662613,"0","P023","1-back",1,"0","ACTIVE"
"3584",0.749509366967686,"0","P023","1-back",1,"0","ACTIVE"
"3585",0.442928570671938,"0","P023","1-back",1,"0","ACTIVE"
"3586",0.381603018631722,"1","P023","1-back",1,"1","ACTIVE"
"3587",0.504176678896329,"0","P023","2-back",1,"0","ACTIVE"
"3588",0.551567008809798,"0","P023","2-back",1,"0","ACTIVE"
"3589",0.698378718312597,"0","P023","2-back",1,"0","ACTIVE"
"3590",0.366685908400541,"1","P023","2-back",1,"1","ACTIVE"
"3591",0.35081334671122,"0","P023","2-back",1,"0","ACTIVE"
"3592",0.356689746378834,"0","P023","2-back",1,"0","ACTIVE"
"3593",0.434207276979578,"0","P023","2-back",1,"0","ACTIVE"
"3594",0.425874757482234,"0","P023","2-back",1,"0","ACTIVE"
"3595",0.432673018509377,"0","P023","2-back",1,"0","ACTIVE"
"3596",0.28754890001801,"1","P023","2-back",1,"1","ACTIVE"
"3597",0.957313526792859,"0","P023","3-back",1,"0","ACTIVE"
"3598",0.599514996421931,"0","P023","3-back",1,"0","ACTIVE"
"3599",0.372363877711905,"0","P023","3-back",1,"0","ACTIVE"
"3600",0.704030562006665,"1","P023","3-back",1,"1","ACTIVE"
"3601",0.509692918149085,"0","P023","3-back",1,"0","ACTIVE"
"3602",0.479292331441684,"0","P023","2-back",1,"0","ACTIVE"
"3603",0.612831290040049,"0","P023","2-back",1,"0","ACTIVE"
"3604",0.552392454173969,"1","P023","3-back",0,"0","ACTIVE"
"3605",0.556449390620401,"0","P023","1-back",1,"0","ACTIVE"
"3606",0.60711040005117,"0","P023","2-back",1,"0","ACTIVE"
"3607",0.594239175126859,"0","P023","2-back",1,"0","ACTIVE"
"3608",0.686805377150449,"0","P023","0-back",1,"0","ACTIVE"
"3609",0.583170618374425,"0","P023","0-back",1,"0","ACTIVE"
"3610",0.503391044010641,"0","P023","0-back",1,"0","ACTIVE"
"3611",0.298738132278231,"1","P023","0-back",1,"1","ACTIVE"
"3612",0.38919655614518,"0","P023","0-back",1,"0","ACTIVE"
"3613",0.408920470486919,"0","P023","0-back",1,"0","ACTIVE"
"3614",0.259484690697718,"1","P023","0-back",1,"1","ACTIVE"
"3615",0.486906707257731,"0","P023","0-back",1,"0","ACTIVE"
"3616",0.565932370707742,"0","P023","0-back",1,"0","ACTIVE"
"3617",0.420697218305577,"1","P023","0-back",1,"1","ACTIVE"
"3618",1.22841914460878,"0","P023","1-back",1,"0","ACTIVE"
"3619",0.589727839404077,"0","P023","1-back",1,"0","ACTIVE"
"3620",0.407614500218187,"0","P023","1-back",1,"0","ACTIVE"
"3621",0.346860290726909,"1","P023","1-back",1,"1","ACTIVE"
"3622",0.387904581752082,"0","P023","1-back",1,"0","ACTIVE"
"3623",0.478605911732302,"0","P023","0-back",1,"0","ACTIVE"
"3624",0.435252924045926,"0","P023","0-back",1,"0","ACTIVE"
"3625",0.343698779000988,"1","P023","0-back",1,"1","ACTIVE"
"3626",0.544388060090569,"0","P023","0-back",1,"0","ACTIVE"
"3627",1.28805399544581,"0","P023","3-back",1,"0","ACTIVE"
"3628",0.569463995467231,"0","P023","3-back",1,"0","ACTIVE"
"3629",0.461674640166166,"0","P023","3-back",1,"0","ACTIVE"
"3630",0.787561340792308,"0","P023","3-back",1,"0","ACTIVE"
"3631",0.469168651488872,"1","P023","3-back",1,"1","ACTIVE"
"3632",0.489819092483231,"0","P023","3-back",1,"0","ACTIVE"
"3633",0.532762778693723,"1","P023","3-back",1,"1","ACTIVE"
"3634",0.508657223705086,"0","P023","3-back",1,"0","ACTIVE"
"3635",0.662994979524228,"0","P023","3-back",0,"1","ACTIVE"
"3636",0.722622676916217,"0","P023","3-back",1,"0","ACTIVE"
"3637",0.314797305578395,"0","P023","2-back",1,"0","ACTIVE"
"3638",0.992854019335937,"0","P023","2-back",1,"0","ACTIVE"
"3639",0.663591514643485,"1","P023","2-back",1,"1","ACTIVE"
"3640",0.400224680379324,"0","P023","2-back",1,"0","ACTIVE"
"3641",0.638898755110858,"0","P023","2-back",1,"0","ACTIVE"
"3642",0.546867506378476,"0","P023","1-back",1,"0","ACTIVE"
"3643",0.481297162197734,"0","P023","1-back",1,"0","ACTIVE"
"3644",0.322820049801521,"1","P023","1-back",1,"1","ACTIVE"
"3645",0.548242522938381,"0","P023","2-back",1,"0","ACTIVE"
"3646",0.497815089041978,"1","P023","2-back",1,"1","ACTIVE"
"3647",0.51930901452215,"1","P023","2-back",1,"1","ACTIVE"
"3648",0.359380374800821,"0","P023","3-back",1,"0","ACTIVE"
"3649",0.68525339057669,"0","P023","3-back",1,"0","ACTIVE"
"3650",0.761906598399946,"0","P023","3-back",1,"0","ACTIVE"
"3651",0.594851572233893,"0","P023","3-back",1,"0","ACTIVE"
"3652",0.557704664730409,"0","P023","3-back",1,"0","ACTIVE"
"3653",0.703459841490258,"0","P023","3-back",1,"0","ACTIVE"
"3654",0.581915344264416,"0","P023","3-back",1,"0","ACTIVE"
"3655",0.516142837506777,"1","P023","3-back",1,"1","ACTIVE"
"3656",0.831758123978943,"0","P023","3-back",1,"0","ACTIVE"
"3657",0.393197820125351,"1","P023","3-back",1,"1","ACTIVE"
"3658",0.895983309455914,"1","P023","0-back",1,"1","ACTIVE"
"3659",0.458651843069674,"0","P023","0-back",1,"0","ACTIVE"
"3660",0.485582697870996,"0","P023","0-back",1,"0","ACTIVE"
"3661",0.447785137876053,"0","P023","0-back",1,"0","ACTIVE"
"3662",0.42979671152716,"0","P023","0-back",1,"0","ACTIVE"
"3663",0.657932828529738,"0","P023","2-back",1,"0","ACTIVE"
"3664",0.311422745591699,"1","P023","2-back",1,"1","ACTIVE"
"3665",0.373203940987878,"0","P023","1-back",1,"0","ACTIVE"
"3666",0.426621514950966,"0","P023","0-back",1,"0","ACTIVE"
"3667",0.478785680916189,"1","P023","0-back",1,"1","ACTIVE"
"3668",0.436933672634041,"0","P023","2-back",1,"0","ACTIVE"
"3669",0.703407279223029,"0","P023","2-back",1,"0","ACTIVE"
"3670",0.562972710540635,"0","P023","2-back",1,"0","ACTIVE"
"3671",0.521212452964392,"0","P023","2-back",1,"0","ACTIVE"
"3672",0.918027739193349,"0","P023","2-back",1,"0","ACTIVE"
"3673",0.337353984188667,"1","P023","2-back",1,"1","ACTIVE"
"3674",0.527208595081902,"1","P023","2-back",1,"1","ACTIVE"
"3675",0.410562652672525,"0","P023","2-back",1,"0","ACTIVE"
"3676",0.442917062959168,"0","P023","1-back",1,"0","ACTIVE"
"3677",0.453051317574136,"0","P023","1-back",1,"0","ACTIVE"
"3678",0.480447457324772,"0","P023","1-back",1,"0","ACTIVE"
"3679",0.578860201156203,"1","P023","1-back",1,"1","ACTIVE"
"3680",0.557252131573478,"0","P023","1-back",1,"0","ACTIVE"
"3681",NA,NA,"P024","1-back",0,"0","PLACEBO"
"3682",0.962557223334443,"0","P024","1-back",1,"0","PLACEBO"
"3683",0.859024779700121,"0","P024","1-back",1,"0","PLACEBO"
"3684",0.93638665448816,"0","P024","2-back",1,"0","PLACEBO"
"3685",0.820542893514357,"0","P024","2-back",1,"0","PLACEBO"
"3686",1.13789334773901,"0","P024","2-back",1,"0","PLACEBO"
"3687",1.07404176281125,"0","P024","2-back",1,"0","PLACEBO"
"3688",1.38680875190767,"0","P024","2-back",1,"0","PLACEBO"
"3689",0.861260062582005,"1","P024","2-back",1,"1","PLACEBO"
"3690",1.11426721318639,"1","P024","2-back",1,"1","PLACEBO"
"3691",1.4741219431271,"0","P024","2-back",1,"0","PLACEBO"
"3692",1.39382935028698,"0","P024","2-back",1,"0","PLACEBO"
"3693",0.598157905456901,"0","P024","0-back",1,"0","PLACEBO"
"3694",0.603048033855885,"1","P024","0-back",1,"1","PLACEBO"
"3695",0.575555951585557,"0","P024","0-back",1,"0","PLACEBO"
"3696",0.618491919609369,"0","P024","0-back",1,"0","PLACEBO"
"3697",0.692296065037226,"0","P024","0-back",1,"0","PLACEBO"
"3698",0.637153281561041,"0","P024","0-back",1,"0","PLACEBO"
"3699",0.626381811944157,"0","P024","0-back",1,"0","PLACEBO"
"3700",0.482244787581294,"0","P024","0-back",1,"0","PLACEBO"
"3701",0.433465422473091,"0","P024","0-back",1,"0","PLACEBO"
"3702",0.685143284212245,"1","P024","0-back",1,"1","PLACEBO"
"3703",0.409116483213438,"1","P024","0-back",1,"1","PLACEBO"
"3704",NA,NA,"P024","2-back",0,"0","PLACEBO"
"3705",1.60602416046095,"0","P024","2-back",1,"0","PLACEBO"
"3706",1.05759702269279,"0","P024","2-back",1,"0","PLACEBO"
"3707",NA,NA,"P024","2-back",0,"0","PLACEBO"
"3708",1.38269678933284,"0","P024","2-back",1,"0","PLACEBO"
"3709",1.11978901815746,"1","P024","2-back",1,"1","PLACEBO"
"3710",1.3231425334161,"1","P024","2-back",1,"1","PLACEBO"
"3711",0.778234869856533,"0","P024","2-back",1,"0","PLACEBO"
"3712",1.21137185782936,"1","P024","2-back",0,"0","PLACEBO"
"3713",0.818842249740555,"1","P024","2-back",1,"1","PLACEBO"
"3714",0.753880643296725,"0","P024","1-back",1,"0","PLACEBO"
"3715",1.03590355098277,"1","P024","1-back",1,"1","PLACEBO"
"3716",0.714663511706021,"0","P024","1-back",1,"0","PLACEBO"
"3717",0.536000121916004,"0","P024","1-back",1,"0","PLACEBO"
"3718",0.587332318795234,"0","P024","1-back",1,"0","PLACEBO"
"3719",0.43020751399672,"0","P024","1-back",1,"0","PLACEBO"
"3720",1.291386712026,"0","P024","1-back",1,"0","PLACEBO"
"3721",1.39657905614149,"0","P024","1-back",1,"0","PLACEBO"
"3722",0.742472209803964,"1","P024","1-back",1,"1","PLACEBO"
"3723",0.812197982551879,"0","P024","1-back",1,"0","PLACEBO"
"3724",NA,NA,"P024","3-back",0,"0","PLACEBO"
"3725",1.105967088748,"0","P024","2-back",1,"0","PLACEBO"
"3726",1.08683826747074,"0","P024","0-back",1,"0","PLACEBO"
"3727",0.541174831341777,"0","P024","0-back",1,"0","PLACEBO"
"3728",0.259498086154053,"0","P024","0-back",1,"0","PLACEBO"
"3729",0.40043100807452,"1","P024","0-back",1,"1","PLACEBO"
"3730",0.32676028916103,"0","P024","0-back",1,"0","PLACEBO"
"3731",0.291495568155369,"0","P024","0-back",1,"0","PLACEBO"
"3732",0.255175253707421,"0","P024","0-back",0,"1","PLACEBO"
"3733",0.398111750459066,"0","P024","0-back",1,"0","PLACEBO"
"3734",0.363755511618365,"0","P024","0-back",1,"0","PLACEBO"
"3735",0.384936737478711,"1","P024","0-back",1,"1","PLACEBO"
"3736",NA,NA,"P024","1-back",0,"0","PLACEBO"
"3737",0.355206573171017,"0","P024","1-back",1,"0","PLACEBO"
"3738",0.577795588713343,"0","P024","1-back",1,"0","PLACEBO"
"3739",0.420494748002966,"1","P024","1-back",1,"1","PLACEBO"
"3740",0.356413321129367,"0","P024","1-back",1,"0","PLACEBO"
"3741",0.412471118135727,"0","P024","1-back",1,"0","PLACEBO"
"3742",0.415019284639129,"0","P024","1-back",1,"0","PLACEBO"
"3743",0.475673298493348,"0","P024","1-back",1,"0","PLACEBO"
"3744",0.417477256065467,"0","P024","1-back",1,"0","PLACEBO"
"3745",0.540692132159165,"1","P024","1-back",1,"1","PLACEBO"
"3746",NA,NA,"P024","2-back",0,"0","PLACEBO"
"3747",1.1205507000559,"0","P024","2-back",1,"0","PLACEBO"
"3748",1.05794194111513,"0","P024","2-back",1,"0","PLACEBO"
"3749",0.579904287467798,"1","P024","2-back",1,"1","PLACEBO"
"3750",0.498746754918102,"0","P024","2-back",1,"0","PLACEBO"
"3751",NA,NA,"P024","2-back",0,"0","PLACEBO"
"3752",0.922417302776012,"0","P024","2-back",1,"0","PLACEBO"
"3753",0.835775287356228,"0","P024","2-back",1,"0","PLACEBO"
"3754",0.768210464309959,"0","P024","2-back",1,"0","PLACEBO"
"3755",0.764718359645485,"1","P024","2-back",1,"1","PLACEBO"
"3756",NA,NA,"P024","3-back",0,"0","PLACEBO"
"3757",NA,NA,"P024","3-back",0,"0","PLACEBO"
"3758",1.4246032893825,"0","P024","3-back",1,"0","PLACEBO"
"3759",1.88893191297757,"1","P024","3-back",1,"1","PLACEBO"
"3760",1.01967621210497,"0","P024","3-back",1,"0","PLACEBO"
"3761",1.24035215891126,"0","P024","3-back",1,"0","PLACEBO"
"3762",1.13176163742173,"1","P024","3-back",0,"0","PLACEBO"
"3763",1.68060273950687,"0","P024","3-back",1,"0","PLACEBO"
"3764",1.12843654915923,"1","P024","2-back",1,"1","PLACEBO"
"3765",1.12540786059617,"1","P024","2-back",1,"1","PLACEBO"
"3766",NA,NA,"P024","3-back",0,"0","PLACEBO"
"3767",1.06579326728024,"0","P024","3-back",1,"0","PLACEBO"
"3768",1.56929890120591,"0","P024","3-back",1,"0","PLACEBO"
"3769",1.23605545193277,"0","P024","3-back",1,"0","PLACEBO"
"3770",1.03832015707667,"0","P024","3-back",1,"0","PLACEBO"
"3771",1.62350178974884,"0","P024","3-back",1,"0","PLACEBO"
"3772",NA,NA,"P024","3-back",0,"0","PLACEBO"
"3773",0.390334446467023,"0","P024","3-back",0,"1","PLACEBO"
"3774",1.53922444050477,"0","P024","3-back",1,"0","PLACEBO"
"3775",NA,NA,"P024","3-back",0,"1","PLACEBO"
"3776",0.67222454966759,"1","P024","0-back",1,"1","PLACEBO"
"3777",0.575487838748813,"0","P024","0-back",1,"0","PLACEBO"
"3778",0.455933949833707,"0","P024","0-back",1,"0","PLACEBO"
"3779",0.939968021179084,"0","P024","0-back",1,"0","PLACEBO"
"3780",0.378347209378262,"0","P024","0-back",1,"0","PLACEBO"
"3781",0.35257692007508,"0","P024","0-back",1,"0","PLACEBO"
"3782",0.369452108436235,"0","P024","0-back",1,"0","PLACEBO"
"3783",0.452091639446735,"1","P024","0-back",1,"1","PLACEBO"
"3784",0.466905092693196,"0","P024","0-back",1,"0","PLACEBO"
"3785",0.471180650481983,"0","P024","0-back",1,"0","PLACEBO"
"3786",0.435489835483168,"0","P024","0-back",1,"0","PLACEBO"
"3787",NA,NA,"P024","3-back",0,"0","PLACEBO"
"3788",0.602119646573556,"0","P024","3-back",1,"0","PLACEBO"
"3789",0.588187305944302,"0","P024","1-back",1,"0","PLACEBO"
"3790",0.673186837862886,"0","P024","1-back",1,"0","PLACEBO"
"3791",0.631927876282134,"1","P024","1-back",1,"1","PLACEBO"
"3792",0.46920693332504,"1","P024","1-back",1,"1","PLACEBO"
"3793",0.648355510438705,"0","P024","1-back",1,"0","PLACEBO"
"3794",0.766673104728397,"0","P024","1-back",1,"0","PLACEBO"
"3795",0.698928824574978,"1","P024","1-back",1,"1","PLACEBO"
"3796",0.832047431416868,"0","P024","3-back",1,"0","PLACEBO"
"3797",0.838938957524078,"0","P024","3-back",1,"0","PLACEBO"
"3798",1.46285346751756,"0","P024","3-back",1,"0","PLACEBO"
"3799",1.86558507215159,"0","P024","3-back",0,"1","PLACEBO"
"3800",1.40911866033639,"0","P024","3-back",1,"0","PLACEBO"
"3801",1.54421720467872,"0","P024","3-back",1,"0","PLACEBO"
"3802",0.995990673207416,"1","P024","3-back",1,"1","PLACEBO"
"3803",1.46058552779505,"1","P024","3-back",1,"1","PLACEBO"
"3804",NA,NA,"P024","3-back",0,"0","PLACEBO"
"3805",0.348379738701624,"0","P024","3-back",1,"0","PLACEBO"
"3806",0.206928661602433,"0","P024","3-back",0,"1","PLACEBO"
"3807",NA,NA,"P024","1-back",0,"0","PLACEBO"
"3808",0.582645284834143,"1","P024","1-back",1,"1","PLACEBO"
"3809",0.928638586137822,"0","P024","1-back",1,"0","PLACEBO"
"3810",0.989747929634177,"0","P024","1-back",1,"0","PLACEBO"
"3811",1.02530749524158,"0","P024","1-back",1,"0","PLACEBO"
"3812",0.747905685802834,"0","P024","1-back",1,"0","PLACEBO"
"3813",0.994257061574899,"0","P024","1-back",1,"0","PLACEBO"
"3814",0.745099374762503,"1","P024","1-back",1,"1","PLACEBO"
"3815",0.869242016102362,"0","P024","1-back",1,"0","PLACEBO"
"3816",0.817252328197355,"1","P024","1-back",1,"1","PLACEBO"
"3817",0.723951116757235,"0","P024","0-back",1,"0","PLACEBO"
"3818",0.610047172023769,"0","P024","0-back",1,"0","PLACEBO"
"3819",0.809826785014593,"0","P024","0-back",1,"0","PLACEBO"
"3820",0.731094567050604,"0","P024","0-back",1,"0","PLACEBO"
"3821",0.676971921027871,"0","P024","0-back",1,"0","PLACEBO"
"3822",0.459890092628484,"0","P024","0-back",1,"0","PLACEBO"
"3823",0.552956796866056,"1","P024","0-back",1,"1","PLACEBO"
"3824",0.490550510334288,"1","P024","0-back",1,"1","PLACEBO"
"3825",0.244924427410297,"0","P024","2-back",1,"0","PLACEBO"
"3826",0.750752118106902,"1","P024","2-back",1,"1","PLACEBO"
"3827",0.973873595641635,"0","P024","2-back",1,"0","PLACEBO"
"3828",0.911425632755709,"0","P024","2-back",1,"0","PLACEBO"
"3829",0.917885777573247,"0","P024","3-back",1,"0","PLACEBO"
"3830",1.28843453376612,"0","P024","3-back",1,"0","PLACEBO"
"3831",1.21303580153835,"1","P024","3-back",1,"1","PLACEBO"
"3832",1.00462140926174,"0","P024","3-back",1,"0","PLACEBO"
"3833",1.757677234109,"0","P024","3-back",0,"1","PLACEBO"
"3834",1.47013407654231,"0","P024","3-back",1,"0","PLACEBO"
"3835",1.46985695993499,"1","P024","3-back",1,"1","PLACEBO"
"3836",1.20175675133578,"0","P024","3-back",1,"0","PLACEBO"
"3837",NA,NA,"P024","2-back",0,"0","PLACEBO"
"3838",0.922552595395246,"0","P024","2-back",1,"0","PLACEBO"
"3839",0.845625212074083,"0","P024","2-back",1,"0","PLACEBO"
"3840",0.850203389905801,"0","P024","2-back",1,"0","PLACEBO"
"3841",0.81078550048187,"1","P026","1-back",1,"1","PLACEBO"
"3842",0.664615280300495,"0","P026","1-back",1,"0","PLACEBO"
"3843",0.644056526074564,"0","P026","1-back",1,"0","PLACEBO"
"3844",0.597095878856635,"1","P026","1-back",1,"1","PLACEBO"
"3845",0.854527709423564,"1","P026","1-back",1,"1","PLACEBO"
"3846",0.673467229655216,"0","P026","1-back",1,"0","PLACEBO"
"3847",0.841397986578158,"0","P026","1-back",1,"0","PLACEBO"
"3848",0.786195611877702,"0","P026","1-back",1,"0","PLACEBO"
"3849",0.918102751162223,"0","P026","1-back",1,"0","PLACEBO"
"3850",0.972260097585604,"0","P026","1-back",1,"0","PLACEBO"
"3851",0.729249035215616,"1","P026","1-back",1,"1","PLACEBO"
"3852",0.53928933100724,"0","P026","1-back",1,"0","PLACEBO"
"3853",0.755217054862442,"1","P026","1-back",1,"1","PLACEBO"
"3854",0.909852937153119,"0","P026","0-back",1,"0","PLACEBO"
"3855",0.794056339464078,"0","P026","0-back",1,"0","PLACEBO"
"3856",0.646582633124126,"0","P026","0-back",1,"0","PLACEBO"
"3857",0.658662662384813,"0","P026","0-back",1,"0","PLACEBO"
"3858",0.618974292303392,"0","P026","0-back",1,"0","PLACEBO"
"3859",0.762857891082604,"0","P026","0-back",1,"0","PLACEBO"
"3860",0.749686180495701,"1","P026","0-back",1,"1","PLACEBO"
"3861",0.719514099173466,"1","P026","0-back",1,"1","PLACEBO"
"3862",0.40180839655477,"0","P026","0-back",1,"0","PLACEBO"
"3863",0.494785433302241,"0","P026","0-back",1,"0","PLACEBO"
"3864",0.774218841361289,"0","P026","3-back",1,"0","PLACEBO"
"3865",1.02732873355126,"0","P026","3-back",1,"0","PLACEBO"
"3866",0.735663518309593,"0","P026","3-back",1,"0","PLACEBO"
"3867",0.84528729568774,"0","P026","3-back",1,"0","PLACEBO"
"3868",1.21375058160993,"0","P026","3-back",0,"1","PLACEBO"
"3869",0.494442377887026,"0","P026","1-back",1,"0","PLACEBO"
"3870",0.676870414004952,"0","P026","1-back",1,"0","PLACEBO"
"3871",0.7628152813013,"1","P026","1-back",1,"1","PLACEBO"
"3872",0.828230630275357,"0","P026","3-back",1,"0","PLACEBO"
"3873",0.836237226394587,"0","P026","3-back",1,"0","PLACEBO"
"3874",1.00811389812952,"0","P026","3-back",1,"0","PLACEBO"
"3875",0.864165296101419,"1","P026","3-back",1,"1","PLACEBO"
"3876",0.755344884211809,"0","P026","3-back",1,"0","PLACEBO"
"3877",0.97407707829916,"0","P026","3-back",1,"0","PLACEBO"
"3878",1.0103743938198,"1","P026","3-back",1,"1","PLACEBO"
"3879",0.824957452419767,"1","P026","3-back",1,"1","PLACEBO"
"3880",0.670449088462192,"0","P026","3-back",1,"0","PLACEBO"
"3881",0.96065437431389,"0","P026","3-back",1,"0","PLACEBO"
"3882",1.38476977031678,"0","P026","3-back",1,"0","PLACEBO"
"3883",1.74408408247837,"0","P026","3-back",0,"1","PLACEBO"
"3884",0.90263633264658,"0","P026","1-back",1,"0","PLACEBO"
"3885",0.71402521255186,"0","P026","0-back",1,"0","PLACEBO"
"3886",0.653937330649569,"0","P026","0-back",1,"0","PLACEBO"
"3887",0.701409606297602,"0","P026","0-back",1,"0","PLACEBO"
"3888",0.555384010569469,"1","P026","0-back",1,"1","PLACEBO"
"3889",0.456634436668537,"0","P026","0-back",1,"0","PLACEBO"
"3890",0.496518438529165,"0","P026","0-back",1,"0","PLACEBO"
"3891",0.621999275943381,"1","P026","0-back",1,"1","PLACEBO"
"3892",0.530770795439821,"0","P026","0-back",1,"0","PLACEBO"
"3893",0.535320400695127,"0","P026","0-back",1,"0","PLACEBO"
"3894",0.439903409529506,"1","P026","0-back",1,"1","PLACEBO"
"3895",1.23764813897833,"0","P026","1-back",1,"0","PLACEBO"
"3896",1.20771492126369,"0","P026","1-back",1,"0","PLACEBO"
"3897",1.10555905280671,"0","P026","1-back",1,"0","PLACEBO"
"3898",1.43093016225248,"0","P026","1-back",0,"1","PLACEBO"
"3899",1.28557357123645,"0","P026","1-back",1,"0","PLACEBO"
"3900",1.15149924235629,"1","P026","1-back",0,"0","PLACEBO"
"3901",1.2039630831332,"0","P026","1-back",1,"0","PLACEBO"
"3902",1.11805087297216,"0","P026","1-back",1,"0","PLACEBO"
"3903",1.26125924663393,"0","P026","1-back",1,"0","PLACEBO"
"3904",0.791202728021744,"1","P026","1-back",1,"1","PLACEBO"
"3905",0.616528428499805,"0","P026","2-back",1,"0","PLACEBO"
"3906",1.03419388509246,"0","P026","2-back",1,"0","PLACEBO"
"3907",1.05946273105837,"0","P026","2-back",1,"0","PLACEBO"
"3908",0.87003767078204,"1","P026","2-back",1,"1","PLACEBO"
"3909",0.52278752584607,"0","P026","2-back",1,"0","PLACEBO"
"3910",0.919127563118309,"0","P026","2-back",1,"0","PLACEBO"
"3911",1.23716045911533,"0","P026","2-back",1,"0","PLACEBO"
"3912",0.928983797086403,"0","P026","2-back",1,"0","PLACEBO"
"3913",0.890597980109305,"0","P026","2-back",1,"0","PLACEBO"
"3914",0.693359467333721,"1","P026","2-back",1,"1","PLACEBO"
"3915",0.862854345450614,"0","P026","3-back",1,"0","PLACEBO"
"3916",1.07813670213909,"0","P026","3-back",1,"0","PLACEBO"
"3917",0.937931229675087,"0","P026","3-back",1,"0","PLACEBO"
"3918",0.848114159387478,"1","P026","3-back",1,"1","PLACEBO"
"3919",0.935253966754317,"0","P026","3-back",1,"0","PLACEBO"
"3920",0.978719989649107,"0","P026","3-back",1,"0","PLACEBO"
"3921",0.965470835002634,"0","P026","3-back",1,"0","PLACEBO"
"3922",1.16799607118992,"0","P026","3-back",1,"0","PLACEBO"
"3923",0.762985098393983,"1","P026","2-back",1,"1","PLACEBO"
"3924",1.10783883175827,"1","P026","2-back",1,"1","PLACEBO"
"3925",0.886956865211687,"0","P026","3-back",1,"0","PLACEBO"
"3926",0.781209334090818,"0","P026","3-back",1,"0","PLACEBO"
"3927",0.8928454129491,"0","P026","3-back",1,"0","PLACEBO"
"3928",1.01214098924174,"0","P026","3-back",1,"0","PLACEBO"
"3929",0.894079230558418,"0","P026","3-back",1,"0","PLACEBO"
"3930",1.03915652533033,"0","P026","3-back",1,"0","PLACEBO"
"3931",1.45172031559923,"1","P026","3-back",0,"0","PLACEBO"
"3932",0.724776251980074,"0","P026","3-back",0,"1","PLACEBO"
"3933",0.720759113515669,"0","P026","3-back",1,"0","PLACEBO"
"3934",1.04571376675449,"0","P026","3-back",0,"1","PLACEBO"
"3935",0.743736050739244,"1","P026","0-back",1,"1","PLACEBO"
"3936",0.526464719099749,"0","P026","0-back",1,"0","PLACEBO"
"3937",0.508984444004454,"0","P026","0-back",1,"0","PLACEBO"
"3938",0.527894479513634,"0","P026","0-back",1,"0","PLACEBO"
"3939",0.527855290951265,"0","P026","0-back",1,"0","PLACEBO"
"3940",0.657234457070444,"0","P026","0-back",1,"0","PLACEBO"
"3941",0.75592400405003,"0","P026","0-back",1,"0","PLACEBO"
"3942",0.617774064885452,"1","P026","0-back",1,"1","PLACEBO"
"3943",0.528367541421176,"0","P026","0-back",1,"0","PLACEBO"
"3944",0.545364801957476,"1","P026","0-back",1,"1","PLACEBO"
"3945",0.772237019878958,"0","P026","2-back",1,"0","PLACEBO"
"3946",0.992747006119316,"0","P026","2-back",1,"0","PLACEBO"
"3947",1.27733028865259,"0","P026","2-back",1,"0","PLACEBO"
"3948",0.943019833146536,"0","P026","2-back",1,"0","PLACEBO"
"3949",1.17687196910629,"0","P026","2-back",1,"0","PLACEBO"
"3950",1.10355545990024,"0","P026","3-back",1,"0","PLACEBO"
"3951",1.94885364130096,"1","P026","3-back",1,"1","PLACEBO"
"3952",0.931311473166716,"0","P026","3-back",1,"0","PLACEBO"
"3953",1.07333610348724,"1","P026","3-back",1,"1","PLACEBO"
"3954",0.883206271166273,"0","P026","3-back",1,"0","PLACEBO"
"3955",1.00496575044235,"0","P026","2-back",1,"0","PLACEBO"
"3956",1.42772945213073,"0","P026","2-back",1,"0","PLACEBO"
"3957",0.799402156739234,"1","P026","2-back",1,"1","PLACEBO"
"3958",0.870349624165101,"0","P026","2-back",1,"0","PLACEBO"
"3959",0.975389584054938,"0","P026","2-back",1,"0","PLACEBO"
"3960",1.04712486594872,"0","P026","2-back",1,"0","PLACEBO"
"3961",1.09747376854648,"0","P026","2-back",1,"0","PLACEBO"
"3962",0.95159497440909,"0","P026","2-back",1,"0","PLACEBO"
"3963",0.552455132208706,"1","P026","1-back",1,"1","PLACEBO"
"3964",0.58757585785861,"0","P026","1-back",1,"0","PLACEBO"
"3965",0.841884111341642,"0","P026","2-back",1,"0","PLACEBO"
"3966",0.952617920243938,"0","P026","2-back",1,"0","PLACEBO"
"3967",0.923048285283585,"0","P026","2-back",1,"0","PLACEBO"
"3968",1.16051976471863,"0","P026","2-back",1,"0","PLACEBO"
"3969",1.17976445809109,"0","P026","2-back",1,"0","PLACEBO"
"3970",1.56258848528159,"0","P026","2-back",1,"0","PLACEBO"
"3971",0.901511683165154,"1","P026","2-back",1,"1","PLACEBO"
"3972",1.02347612483572,"1","P026","2-back",1,"1","PLACEBO"
"3973",0.707243725475564,"0","P026","2-back",1,"0","PLACEBO"
"3974",0.85270886258877,"0","P026","2-back",1,"0","PLACEBO"
"3975",0.9450856301155,"0","P026","0-back",1,"0","PLACEBO"
"3976",0.546764393398917,"1","P026","0-back",1,"1","PLACEBO"
"3977",0.532723692038417,"0","P026","0-back",1,"0","PLACEBO"
"3978",0.652239159699093,"0","P026","0-back",1,"0","PLACEBO"
"3979",0.594823875413567,"0","P026","0-back",1,"0","PLACEBO"
"3980",0.657917457694566,"0","P026","0-back",1,"0","PLACEBO"
"3981",0.42568262739951,"0","P026","0-back",1,"0","PLACEBO"
"3982",0.629612120337697,"0","P026","0-back",1,"0","PLACEBO"
"3983",0.678573561282974,"0","P026","0-back",1,"0","PLACEBO"
"3984",0.59066117943803,"1","P026","0-back",1,"1","PLACEBO"
"3985",1.05132768354451,"0","P026","1-back",1,"0","PLACEBO"
"3986",0.777057834849984,"0","P026","1-back",1,"0","PLACEBO"
"3987",0.825254165807564,"0","P026","1-back",1,"0","PLACEBO"
"3988",0.687739330136537,"0","P026","1-back",1,"0","PLACEBO"
"3989",0.622728307578654,"0","P026","1-back",1,"0","PLACEBO"
"3990",0.732616763249098,"1","P026","2-back",1,"1","PLACEBO"
"3991",0.779110568964825,"1","P026","2-back",1,"1","PLACEBO"
"3992",0.893793402883603,"0","P026","2-back",1,"0","PLACEBO"
"3993",1.09816298957594,"0","P026","2-back",1,"0","PLACEBO"
"3994",1.16814038461962,"1","P026","2-back",1,"1","PLACEBO"
"3995",1.06526014983683,"0","P026","1-back",1,"0","PLACEBO"
"3996",0.874081245972775,"1","P026","1-back",1,"1","PLACEBO"
"3997",0.657120623633091,"0","P026","1-back",1,"0","PLACEBO"
"3998",0.58516980465356,"0","P026","1-back",1,"0","PLACEBO"
"3999",0.783047775210434,"0","P026","1-back",1,"0","PLACEBO"
"4000",0.619122337975568,"0","P026","1-back",1,"0","PLACEBO"
"4001",0.611309245930897,"1","P027","2-back",0,"0","PLACEBO"
"4002",0.834908372969949,"0","P027","2-back",1,"0","PLACEBO"
"4003",0.46781616309454,"0","P027","0-back",1,"0","PLACEBO"
"4004",0.47773137065451,"0","P027","0-back",1,"0","PLACEBO"
"4005",0.395111068672122,"0","P027","0-back",1,"0","PLACEBO"
"4006",0.431883177210693,"1","P027","0-back",1,"1","PLACEBO"
"4007",0.252600176096166,"0","P027","0-back",1,"0","PLACEBO"
"4008",0.353484924871736,"0","P027","0-back",1,"0","PLACEBO"
"4009",0.305138335497759,"1","P027","0-back",1,"1","PLACEBO"
"4010",0.276812814379809,"0","P027","0-back",1,"0","PLACEBO"
"4011",0.224715676446067,"0","P027","0-back",1,"0","PLACEBO"
"4012",0.26749195944285,"1","P027","0-back",1,"1","PLACEBO"
"4013",0.479629193632718,"0","P027","1-back",1,"0","PLACEBO"
"4014",0.31216730948654,"0","P027","1-back",1,"0","PLACEBO"
"4015",0.345022786626942,"0","P027","1-back",1,"0","PLACEBO"
"4016",0.274975017593533,"1","P027","1-back",1,"1","PLACEBO"
"4017",0.287570565767965,"0","P027","1-back",1,"0","PLACEBO"
"4018",0.386119891281851,"0","P027","1-back",1,"0","PLACEBO"
"4019",0.536331553590571,"0","P027","1-back",1,"0","PLACEBO"
"4020",0.374133002493181,"0","P027","1-back",1,"0","PLACEBO"
"4021",0.383521348019713,"0","P027","1-back",1,"0","PLACEBO"
"4022",0.275749448803253,"1","P027","1-back",1,"1","PLACEBO"
"4023",0.365313817252172,"0","P027","2-back",1,"0","PLACEBO"
"4024",0.310225011140574,"0","P027","2-back",1,"0","PLACEBO"
"4025",0.345229301612562,"0","P027","2-back",1,"0","PLACEBO"
"4026",0.277819885963254,"1","P027","2-back",1,"1","PLACEBO"
"4027",0.418365153953346,"0","P027","2-back",1,"0","PLACEBO"
"4028",0.410236736464867,"0","P027","2-back",1,"0","PLACEBO"
"4029",0.749469328016858,"0","P027","2-back",1,"0","PLACEBO"
"4030",0.310640529249213,"1","P027","2-back",1,"1","PLACEBO"
"4031",0.525397455821803,"0","P027","2-back",0,"1","PLACEBO"
"4032",1.24795016768621,"0","P027","2-back",1,"0","PLACEBO"
"4033",1.2239742129932,"1","P027","2-back",0,"0","PLACEBO"
"4034",1.61030777264386,"0","P027","2-back",0,"1","PLACEBO"
"4035",0.455395406224852,"0","P027","1-back",1,"0","PLACEBO"
"4036",0.54101732890922,"1","P027","1-back",1,"1","PLACEBO"
"4037",1.74166156858701,"0","P027","1-back",1,"0","PLACEBO"
"4038",1.06570660005309,"0","P027","1-back",1,"0","PLACEBO"
"4039",0.835631797461247,"0","P027","1-back",1,"0","PLACEBO"
"4040",0.601162020029733,"0","P027","1-back",1,"0","PLACEBO"
"4041",1.20324216090739,"0","P027","1-back",1,"0","PLACEBO"
"4042",0.911100584929954,"0","P027","1-back",1,"0","PLACEBO"
"4043",0.337514536138769,"1","P027","1-back",1,"1","PLACEBO"
"4044",0.499253093759762,"0","P027","1-back",1,"0","PLACEBO"
"4045",0.39169424087595,"0","P027","2-back",1,"0","PLACEBO"
"4046",0.319053837898537,"0","P027","2-back",1,"0","PLACEBO"
"4047",0.590757272420888,"0","P027","2-back",1,"0","PLACEBO"
"4048",0.858602235650324,"0","P027","2-back",1,"0","PLACEBO"
"4049",0.921391500476602,"0","P027","2-back",1,"0","PLACEBO"
"4050",0.950832015918422,"0","P027","2-back",1,"0","PLACEBO"
"4051",1.15839886192771,"1","P027","2-back",1,"1","PLACEBO"
"4052",1.18043749453864,"0","P027","2-back",0,"1","PLACEBO"
"4053",1.19853927968143,"0","P027","2-back",1,"0","PLACEBO"
"4054",1.23733641695799,"0","P027","2-back",1,"0","PLACEBO"
"4055",0.358971878817101,"0","P027","0-back",1,"0","PLACEBO"
"4056",0.404023247865553,"1","P027","0-back",1,"1","PLACEBO"
"4057",0.708978394613951,"0","P027","0-back",1,"0","PLACEBO"
"4058",0.392487955108663,"0","P027","0-back",1,"0","PLACEBO"
"4059",0.353684597495885,"0","P027","0-back",1,"0","PLACEBO"
"4060",0.36183074292785,"0","P027","0-back",1,"0","PLACEBO"
"4061",0.376606206085853,"0","P027","0-back",1,"0","PLACEBO"
"4062",0.341303028711991,"0","P027","0-back",1,"0","PLACEBO"
"4063",0.386077904047852,"0","P027","0-back",1,"0","PLACEBO"
"4064",0.295104630633432,"1","P027","0-back",1,"1","PLACEBO"
"4065",0.414401559060934,"0","P027","1-back",1,"0","PLACEBO"
"4066",0.670596775442391,"0","P027","1-back",1,"0","PLACEBO"
"4067",0.754283553163987,"0","P027","1-back",1,"0","PLACEBO"
"4068",0.957887115298945,"0","P027","1-back",1,"0","PLACEBO"
"4069",0.574517232336802,"0","P027","1-back",1,"0","PLACEBO"
"4070",0.362595221602533,"1","P027","1-back",1,"1","PLACEBO"
"4071",0.516605640037596,"1","P027","1-back",1,"1","PLACEBO"
"4072",0.354662433521298,"0","P027","1-back",1,"0","PLACEBO"
"4073",0.600365195630729,"0","P027","2-back",1,"0","PLACEBO"
"4074",0.571241295037908,"0","P027","2-back",1,"0","PLACEBO"
"4075",0.689997365690942,"1","P027","2-back",1,"1","PLACEBO"
"4076",0.363015404960606,"0","P027","3-back",1,"0","PLACEBO"
"4077",0.361788444679405,"0","P027","3-back",1,"0","PLACEBO"
"4078",0.391430498839327,"0","P027","3-back",1,"0","PLACEBO"
"4079",0.514368498006661,"1","P027","3-back",1,"1","PLACEBO"
"4080",0.49019318171122,"0","P027","3-back",1,"0","PLACEBO"
"4081",0.873820897388214,"0","P027","3-back",1,"0","PLACEBO"
"4082",0.733473124902957,"1","P027","3-back",0,"0","PLACEBO"
"4083",0.928436336311279,"0","P027","3-back",1,"0","PLACEBO"
"4084",1.00922101862307,"0","P027","3-back",1,"0","PLACEBO"
"4085",0.764795601480728,"1","P027","3-back",1,"1","PLACEBO"
"4086",0.388205568255216,"0","P027","1-back",1,"0","PLACEBO"
"4087",0.364750255266699,"1","P027","1-back",1,"1","PLACEBO"
"4088",0.309579962820862,"0","P027","1-back",1,"0","PLACEBO"
"4089",0.393251500732731,"0","P027","1-back",1,"0","PLACEBO"
"4090",0.400059963991225,"0","P027","1-back",1,"0","PLACEBO"
"4091",0.697543871214293,"0","P027","1-back",1,"0","PLACEBO"
"4092",0.439461095407751,"0","P027","1-back",1,"0","PLACEBO"
"4093",0.536091759833653,"1","P027","1-back",1,"1","PLACEBO"
"4094",0.411178494574415,"0","P027","1-back",1,"0","PLACEBO"
"4095",0.347084515324241,"0","P027","1-back",0,"1","PLACEBO"
"4096",0.40510651850127,"0","P027","0-back",1,"0","PLACEBO"
"4097",0.384657802489528,"0","P027","0-back",1,"0","PLACEBO"
"4098",0.352650778491807,"0","P027","0-back",1,"0","PLACEBO"
"4099",0.414625801997317,"0","P027","0-back",1,"0","PLACEBO"
"4100",0.398589788768732,"0","P027","0-back",1,"0","PLACEBO"
"4101",0.371801311430318,"0","P027","0-back",1,"0","PLACEBO"
"4102",0.35513580071347,"1","P027","0-back",1,"1","PLACEBO"
"4103",0.292154949689575,"1","P027","0-back",1,"1","PLACEBO"
"4104",0.268950316039991,"0","P027","0-back",1,"0","PLACEBO"
"4105",0.332821607440565,"0","P027","0-back",1,"0","PLACEBO"
"4106",0.31838359723406,"0","P027","3-back",1,"0","PLACEBO"
"4107",0.25461960654502,"0","P027","3-back",1,"0","PLACEBO"
"4108",0.290309066473128,"0","P027","3-back",1,"0","PLACEBO"
"4109",0.460241044045688,"0","P027","3-back",1,"0","PLACEBO"
"4110",0.651963774034812,"1","P027","3-back",1,"1","PLACEBO"
"4111",0.480243140296807,"0","P027","3-back",1,"0","PLACEBO"
"4112",0.430801772668929,"1","P027","3-back",1,"1","PLACEBO"
"4113",0.558275015137042,"0","P027","3-back",1,"0","PLACEBO"
"4114",0.668262285231322,"1","P027","3-back",1,"1","PLACEBO"
"4115",0.384390328257723,"0","P027","3-back",1,"0","PLACEBO"
"4116",0.858268514890369,"0","P027","2-back",1,"0","PLACEBO"
"4117",0.639794940569118,"0","P027","2-back",1,"0","PLACEBO"
"4118",0.413796631877631,"1","P027","2-back",1,"1","PLACEBO"
"4119",0.315486478088133,"0","P027","2-back",1,"0","PLACEBO"
"4120",0.661468439750024,"0","P027","2-back",1,"0","PLACEBO"
"4121",0.544231062904146,"0","P027","2-back",1,"0","PLACEBO"
"4122",0.474247052265127,"0","P027","2-back",1,"0","PLACEBO"
"4123",0.414626424029848,"0","P027","2-back",1,"0","PLACEBO"
"4124",0.296900440178433,"1","P027","2-back",1,"1","PLACEBO"
"4125",0.378739779607713,"0","P027","2-back",0,"1","PLACEBO"
"4126",0.807607962397014,"0","P027","3-back",1,"0","PLACEBO"
"4127",0.324321525175037,"0","P027","3-back",1,"0","PLACEBO"
"4128",0.209882053193724,"0","P027","3-back",1,"0","PLACEBO"
"4129",0.378054921169678,"0","P027","3-back",1,"0","PLACEBO"
"4130",0.494499205819011,"0","P027","3-back",1,"0","PLACEBO"
"4131",0.536639770991314,"0","P027","3-back",1,"0","PLACEBO"
"4132",0.383384189721255,"0","P027","3-back",1,"0","PLACEBO"
"4133",0.258702631792403,"1","P027","3-back",1,"1","PLACEBO"
"4134",0.469822219831258,"0","P027","3-back",1,"0","PLACEBO"
"4135",0.896280646404193,"1","P027","3-back",1,"1","PLACEBO"
"4136",0.49109108648554,"1","P027","0-back",1,"1","PLACEBO"
"4137",0.327348649239866,"0","P027","0-back",1,"0","PLACEBO"
"4138",0.32634282172512,"0","P027","0-back",1,"0","PLACEBO"
"4139",0.309168176911044,"0","P027","0-back",1,"0","PLACEBO"
"4140",0.412699676511693,"0","P027","0-back",1,"0","PLACEBO"
"4141",0.347341414995753,"0","P027","0-back",1,"0","PLACEBO"
"4142",0.32595125188891,"0","P027","0-back",1,"0","PLACEBO"
"4143",0.280704253429576,"1","P027","0-back",1,"1","PLACEBO"
"4144",0.309329905518098,"0","P027","0-back",1,"0","PLACEBO"
"4145",0.336189916655712,"1","P027","0-back",1,"1","PLACEBO"
"4146",0.38642468749822,"0","P027","2-back",1,"0","PLACEBO"
"4147",0.242836744615488,"0","P027","2-back",1,"0","PLACEBO"
"4148",0.461918356289971,"0","P027","2-back",1,"0","PLACEBO"
"4149",0.937402321364061,"1","P027","3-back",1,"1","PLACEBO"
"4150",0.54932333684701,"0","P027","3-back",0,"1","PLACEBO"
"4151",1.49495919929177,"0","P027","3-back",1,"0","PLACEBO"
"4152",1.82018049534599,"0","P027","3-back",1,"0","PLACEBO"
"4153",0.341672827384173,"0","P027","3-back",1,"0","PLACEBO"
"4154",0.730191900322097,"0","P027","1-back",1,"0","PLACEBO"
"4155",0.611177996946935,"1","P027","1-back",1,"1","PLACEBO"
"4156",0.518268334504683,"0","P027","3-back",1,"0","PLACEBO"
"4157",NA,NA,"P027","3-back",0,"0","PLACEBO"
"4158",0.346649714192608,"0","P027","3-back",1,"0","PLACEBO"
"4159",0.39738864285755,"1","P027","3-back",1,"1","PLACEBO"
"4160",0.49992271238807,"0","P027","3-back",1,"0","PLACEBO"
"4161",1.11546126969188,"0","P028","3-back",0,"1","ACTIVE"
"4162",1.2071541293717,"0","P028","3-back",0,"1","ACTIVE"
"4163",1.20995019336078,"0","P028","3-back",1,"0","ACTIVE"
"4164",0.788933247160458,"1","P028","3-back",1,"1","ACTIVE"
"4165",0.650027027581018,"0","P028","3-back",1,"0","ACTIVE"
"4166",0.921904284416087,"0","P028","3-back",1,"0","ACTIVE"
"4167",1.37440198753939,"0","P028","3-back",1,"0","ACTIVE"
"4168",0.96794261319701,"0","P028","3-back",1,"0","ACTIVE"
"4169",0.995583525180336,"0","P028","3-back",1,"0","ACTIVE"
"4170",1.10230732817581,"0","P028","3-back",1,"0","ACTIVE"
"4171",1.39803230495818,"0","P028","3-back",1,"0","ACTIVE"
"4172",0.728193033539355,"1","P028","3-back",1,"1","ACTIVE"
"4173",1.28351622308037,"1","P028","3-back",0,"0","ACTIVE"
"4174",1.19030247876253,"0","P028","3-back",0,"1","ACTIVE"
"4175",0.619199411303271,"1","P028","0-back",1,"1","ACTIVE"
"4176",0.416022597421033,"0","P028","0-back",1,"0","ACTIVE"
"4177",0.402894781531359,"0","P028","0-back",1,"0","ACTIVE"
"4178",0.372091735780486,"0","P028","0-back",1,"0","ACTIVE"
"4179",0.375100537006801,"0","P028","0-back",1,"0","ACTIVE"
"4180",0.345091834684354,"0","P028","0-back",1,"0","ACTIVE"
"4181",0.492073982793954,"0","P028","0-back",1,"0","ACTIVE"
"4182",0.495764227423933,"1","P028","0-back",1,"1","ACTIVE"
"4183",0.385943915745884,"0","P028","0-back",1,"0","ACTIVE"
"4184",0.45674902666542,"1","P028","0-back",1,"1","ACTIVE"
"4185",0.452261328413442,"0","P028","2-back",1,"0","ACTIVE"
"4186",1.41863298285534,"0","P028","2-back",1,"0","ACTIVE"
"4187",1.429264246397,"0","P028","2-back",1,"0","ACTIVE"
"4188",1.24821366034303,"0","P028","2-back",1,"0","ACTIVE"
"4189",1.0754868852473,"0","P028","2-back",1,"0","ACTIVE"
"4190",1.35220702443439,"1","P028","2-back",1,"1","ACTIVE"
"4191",1.04187657881266,"1","P028","2-back",1,"1","ACTIVE"
"4192",0.418640447320286,"0","P028","2-back",1,"0","ACTIVE"
"4193",0.59445346746179,"0","P028","2-back",1,"0","ACTIVE"
"4194",0.701894792106032,"0","P028","3-back",1,"0","ACTIVE"
"4195",0.945557928287599,"0","P028","2-back",1,"0","ACTIVE"
"4196",0.753168198643834,"0","P028","2-back",1,"0","ACTIVE"
"4197",0.794404077589206,"1","P028","2-back",1,"1","ACTIVE"
"4198",0.788080432093921,"0","P028","2-back",1,"0","ACTIVE"
"4199",0.906735248507175,"0","P028","2-back",1,"0","ACTIVE"
"4200",0.915366035565967,"0","P028","2-back",1,"0","ACTIVE"
"4201",1.36104837159473,"0","P028","2-back",1,"0","ACTIVE"
"4202",1.48163057494276,"0","P028","2-back",1,"0","ACTIVE"
"4203",0.553574016697894,"1","P028","2-back",1,"1","ACTIVE"
"4204",0.435248880798099,"0","P028","2-back",0,"1","ACTIVE"
"4205",0.75555153994901,"0","P028","3-back",1,"0","ACTIVE"
"4206",0.731768823046878,"0","P028","0-back",1,"0","ACTIVE"
"4207",0.676165094049793,"0","P028","0-back",1,"0","ACTIVE"
"4208",0.683115754562095,"0","P028","0-back",1,"0","ACTIVE"
"4209",0.57673780508776,"1","P028","0-back",1,"1","ACTIVE"
"4210",0.469788824078933,"0","P028","0-back",1,"0","ACTIVE"
"4211",0.353441460247268,"0","P028","0-back",1,"0","ACTIVE"
"4212",0.52699336968908,"1","P028","0-back",1,"1","ACTIVE"
"4213",0.392863785342342,"0","P028","0-back",1,"0","ACTIVE"
"4214",0.360838122513087,"0","P028","0-back",1,"0","ACTIVE"
"4215",0.309966863998852,"1","P028","0-back",1,"1","ACTIVE"
"4216",0.410588467279013,"0","P028","1-back",1,"0","ACTIVE"
"4217",0.492682336649523,"0","P028","1-back",1,"0","ACTIVE"
"4218",0.824549628425302,"0","P028","1-back",1,"0","ACTIVE"
"4219",0.655541400717993,"1","P028","1-back",1,"1","ACTIVE"
"4220",0.486149686150384,"0","P028","1-back",1,"0","ACTIVE"
"4221",1.7847086712809,"0","P028","1-back",1,"0","ACTIVE"
"4222",0.844033124805719,"1","P028","1-back",0,"0","ACTIVE"
"4223",0.754085083699465,"0","P028","1-back",1,"0","ACTIVE"
"4224",0.890912138898784,"1","P028","1-back",0,"0","ACTIVE"
"4225",0.980660816599993,"1","P028","1-back",1,"1","ACTIVE"
"4226",0.423123480280992,"0","P028","2-back",1,"0","ACTIVE"
"4227",0.562382084788624,"0","P028","2-back",1,"0","ACTIVE"
"4228",0.642784008878152,"0","P028","2-back",1,"0","ACTIVE"
"4229",1.07264665651019,"1","P028","2-back",1,"1","ACTIVE"
"4230",1.09639764944041,"0","P028","2-back",1,"0","ACTIVE"
"4231",0.580075664787728,"0","P028","2-back",1,"0","ACTIVE"
"4232",1.35794750864261,"0","P028","2-back",1,"0","ACTIVE"
"4233",1.0365046525385,"0","P028","2-back",1,"0","ACTIVE"
"4234",0.985103417046048,"0","P028","2-back",1,"0","ACTIVE"
"4235",1.0328899856122,"1","P028","2-back",1,"1","ACTIVE"
"4236",0.42852433135522,"0","P028","3-back",1,"0","ACTIVE"
"4237",0.93294049515498,"0","P028","3-back",1,"0","ACTIVE"
"4238",0.668871690209926,"0","P028","3-back",1,"0","ACTIVE"
"4239",0.690536676334887,"1","P028","3-back",1,"1","ACTIVE"
"4240",0.804952609980319,"0","P028","3-back",1,"0","ACTIVE"
"4241",0.946964357803154,"0","P028","3-back",1,"0","ACTIVE"
"4242",1.39077249120965,"0","P028","3-back",1,"0","ACTIVE"
"4243",0.756841337210062,"1","P028","3-back",0,"0","ACTIVE"
"4244",1.28656390172546,"0","P028","3-back",1,"0","ACTIVE"
"4245",0.533474390977062,"1","P028","3-back",1,"1","ACTIVE"
"4246",0.66527941667664,"0","P028","1-back",1,"0","ACTIVE"
"4247",0.83784539476801,"1","P028","1-back",1,"1","ACTIVE"
"4248",0.66034882686472,"0","P028","1-back",1,"0","ACTIVE"
"4249",0.79555764836914,"0","P028","1-back",1,"0","ACTIVE"
"4250",0.958529301444287,"0","P028","1-back",1,"0","ACTIVE"
"4251",0.802628984391049,"0","P028","1-back",1,"0","ACTIVE"
"4252",0.77927858439034,"0","P028","1-back",1,"0","ACTIVE"
"4253",0.671105431207252,"1","P028","1-back",1,"1","ACTIVE"
"4254",0.822915221722724,"0","P028","1-back",1,"0","ACTIVE"
"4255",0.766024494640078,"1","P028","1-back",1,"1","ACTIVE"
"4256",0.552987434195529,"0","P028","0-back",1,"0","ACTIVE"
"4257",0.441723370679028,"0","P028","0-back",1,"0","ACTIVE"
"4258",0.407652755600793,"0","P028","0-back",1,"0","ACTIVE"
"4259",0.445951989808236,"0","P028","0-back",1,"0","ACTIVE"
"4260",0.448842603680532,"0","P028","0-back",1,"0","ACTIVE"
"4261",0.409234911050589,"0","P028","0-back",1,"0","ACTIVE"
"4262",0.413335079188982,"1","P028","0-back",1,"1","ACTIVE"
"4263",0.490115804945162,"1","P028","0-back",1,"1","ACTIVE"
"4264",0.323516422133252,"0","P028","0-back",1,"0","ACTIVE"
"4265",0.312319103368282,"0","P028","0-back",1,"0","ACTIVE"
"4266",0.904093139099132,"0","P028","3-back",1,"0","ACTIVE"
"4267",0.846456587607463,"0","P028","3-back",1,"0","ACTIVE"
"4268",0.718211178409547,"0","P028","3-back",1,"0","ACTIVE"
"4269",1.10294896110281,"0","P028","3-back",1,"0","ACTIVE"
"4270",0.59865907116,"0","P028","1-back",1,"0","ACTIVE"
"4271",0.523997009237064,"1","P028","1-back",1,"1","ACTIVE"
"4272",0.766872644417163,"1","P028","1-back",1,"1","ACTIVE"
"4273",0.458673614424697,"0","P028","1-back",1,"0","ACTIVE"
"4274",0.484115619578006,"0","P028","1-back",1,"0","ACTIVE"
"4275",1.08962675811381,"1","P028","2-back",1,"1","ACTIVE"
"4276",0.599376281788864,"0","P028","1-back",1,"0","ACTIVE"
"4277",0.65260009069425,"1","P028","1-back",1,"1","ACTIVE"
"4278",0.545390475468594,"0","P028","1-back",1,"0","ACTIVE"
"4279",0.477156250524786,"0","P028","1-back",1,"0","ACTIVE"
"4280",0.802867847254674,"0","P028","1-back",1,"0","ACTIVE"
"4281",0.812419873638646,"0","P028","1-back",1,"0","ACTIVE"
"4282",1.26120649383483,"0","P028","1-back",1,"0","ACTIVE"
"4283",1.19573878604206,"0","P028","1-back",1,"0","ACTIVE"
"4284",0.691644838290813,"1","P028","1-back",1,"1","ACTIVE"
"4285",0.773177628751,"0","P028","1-back",1,"0","ACTIVE"
"4286",0.629133058433581,"0","P028","2-back",1,"0","ACTIVE"
"4287",0.558756221165822,"0","P028","2-back",1,"0","ACTIVE"
"4288",1.07342887018422,"0","P028","2-back",1,"0","ACTIVE"
"4289",1.4168384011864,"0","P028","2-back",1,"0","ACTIVE"
"4290",1.42990898951575,"0","P028","2-back",1,"0","ACTIVE"
"4291",1.22141063449817,"0","P028","2-back",1,"0","ACTIVE"
"4292",1.13465707317118,"1","P028","2-back",1,"1","ACTIVE"
"4293",1.70172404248115,"1","P028","2-back",1,"1","ACTIVE"
"4294",1.10554597270311,"0","P028","2-back",1,"0","ACTIVE"
"4295",1.08807508255995,"0","P028","2-back",1,"0","ACTIVE"
"4296",0.449850928423984,"0","P028","0-back",1,"0","ACTIVE"
"4297",0.521783173480799,"1","P028","0-back",1,"1","ACTIVE"
"4298",0.565435983819043,"0","P028","0-back",1,"0","ACTIVE"
"4299",0.561448093669242,"0","P028","0-back",1,"0","ACTIVE"
"4300",0.352488496948354,"0","P028","0-back",1,"0","ACTIVE"
"4301",0.461104230671481,"0","P028","0-back",1,"0","ACTIVE"
"4302",0.392550277832925,"0","P028","0-back",1,"0","ACTIVE"
"4303",0.41341190096864,"0","P028","0-back",1,"0","ACTIVE"
"4304",0.498841141888988,"0","P028","0-back",1,"0","ACTIVE"
"4305",0.480586793994007,"1","P028","0-back",1,"1","ACTIVE"
"4306",0.409953054739162,"0","P028","1-back",1,"0","ACTIVE"
"4307",0.640526630410022,"0","P028","1-back",1,"0","ACTIVE"
"4308",1.07202150761077,"0","P028","1-back",1,"0","ACTIVE"
"4309",0.772762417913327,"0","P028","1-back",1,"0","ACTIVE"
"4310",1.21255280331206,"0","P028","3-back",0,"1","ACTIVE"
"4311",1.25943337250101,"0","P028","3-back",1,"0","ACTIVE"
"4312",1.11655077048817,"0","P028","3-back",1,"0","ACTIVE"
"4313",0.605188611465564,"0","P028","3-back",1,"0","ACTIVE"
"4314",1.32057293497201,"0","P028","3-back",1,"0","ACTIVE"
"4315",0.384000044787172,"1","P028","1-back",1,"1","ACTIVE"
"4316",0.751695833023405,"0","P028","3-back",1,"0","ACTIVE"
"4317",1.11898200877476,"0","P028","3-back",1,"0","ACTIVE"
"4318",0.674958338957367,"1","P028","3-back",1,"1","ACTIVE"
"4319",1.58312272139301,"0","P028","3-back",0,"1","ACTIVE"
"4320",1.42925771498994,"0","P028","3-back",1,"0","ACTIVE"
"4321",0.432047658268857,"0","P029","3-back",1,"0","ACTIVE"
"4322",0.762901122910989,"0","P029","3-back",1,"0","ACTIVE"
"4323",0.535540914101148,"0","P029","2-back",1,"0","ACTIVE"
"4324",0.855626544216648,"1","P029","2-back",0,"0","ACTIVE"
"4325",1.15108682940991,"0","P029","2-back",0,"1","ACTIVE"
"4326",0.668284076007694,"0","P029","1-back",1,"0","ACTIVE"
"4327",0.730765259278996,"0","P029","1-back",1,"0","ACTIVE"
"4328",0.606410626442084,"0","P029","1-back",1,"0","ACTIVE"
"4329",0.470551973983675,"0","P029","1-back",1,"0","ACTIVE"
"4330",1.47162219490565,"0","P029","1-back",0,"1","ACTIVE"
"4331",0.733664901730663,"0","P029","1-back",1,"0","ACTIVE"
"4332",0.371428242637194,"1","P029","1-back",1,"1","ACTIVE"
"4333",0.584057284966548,"0","P029","0-back",1,"0","ACTIVE"
"4334",0.514625419567892,"0","P029","0-back",1,"0","ACTIVE"
"4335",0.50586366610878,"0","P029","0-back",1,"0","ACTIVE"
"4336",0.598881446516316,"0","P029","0-back",1,"0","ACTIVE"
"4337",0.43671762838494,"0","P029","0-back",1,"0","ACTIVE"
"4338",0.41407099474236,"0","P029","0-back",1,"0","ACTIVE"
"4339",0.373569617542671,"1","P029","0-back",1,"1","ACTIVE"
"4340",0.35298442659041,"1","P029","0-back",1,"1","ACTIVE"
"4341",0.624212496546534,"0","P029","0-back",1,"0","ACTIVE"
"4342",0.618661094842537,"0","P029","0-back",1,"0","ACTIVE"
"4343",0.547994789787481,"0","P029","3-back",1,"0","ACTIVE"
"4344",0.446604653363465,"0","P029","3-back",1,"0","ACTIVE"
"4345",0.485181747837487,"0","P029","3-back",1,"0","ACTIVE"
"4346",0.455523161061137,"0","P029","3-back",1,"0","ACTIVE"
"4347",0.566165529991849,"1","P029","3-back",1,"1","ACTIVE"
"4348",0.670766018167342,"0","P029","3-back",1,"0","ACTIVE"
"4349",0.45923363348993,"0","P029","3-back",0,"1","ACTIVE"
"4350",0.528781509470718,"0","P029","3-back",1,"0","ACTIVE"
"4351",0.852501101009693,"0","P029","3-back",0,"1","ACTIVE"
"4352",0.688065901475056,"0","P029","3-back",1,"0","ACTIVE"
"4353",0.431727618353761,"0","P029","2-back",1,"0","ACTIVE"
"4354",0.950818667690328,"0","P029","2-back",1,"0","ACTIVE"
"4355",0.747222277514084,"0","P029","3-back",1,"0","ACTIVE"
"4356",0.848395321754651,"1","P029","3-back",1,"1","ACTIVE"
"4357",0.766568052491493,"0","P029","3-back",1,"0","ACTIVE"
"4358",0.687776652575849,"0","P029","3-back",1,"0","ACTIVE"
"4359",1.06281055379077,"1","P029","3-back",0,"0","ACTIVE"
"4360",0.924522832621733,"1","P029","3-back",0,"0","ACTIVE"
"4361",0.725606987256469,"0","P029","3-back",1,"0","ACTIVE"
"4362",1.29530166483164,"1","P029","3-back",1,"1","ACTIVE"
"4363",0.532422624364699,"0","P029","1-back",1,"0","ACTIVE"
"4364",0.759981575156417,"1","P029","1-back",1,"1","ACTIVE"
"4365",0.771777331843623,"0","P029","1-back",1,"0","ACTIVE"
"4366",0.675531471526483,"0","P029","0-back",1,"0","ACTIVE"
"4367",NA,NA,"P029","0-back",0,"0","ACTIVE"
"4368",0.449498697449599,"0","P029","0-back",1,"0","ACTIVE"
"4369",0.497351039928617,"1","P029","0-back",1,"1","ACTIVE"
"4370",0.422791693516047,"0","P029","0-back",1,"0","ACTIVE"
"4371",0.444132352829911,"0","P029","0-back",1,"0","ACTIVE"
"4372",0.49615298965,"1","P029","0-back",1,"1","ACTIVE"
"4373",0.335733062453073,"0","P029","0-back",1,"0","ACTIVE"
"4374",0.331936126378423,"0","P029","0-back",1,"0","ACTIVE"
"4375",0.546367531467695,"1","P029","0-back",1,"1","ACTIVE"
"4376",0.50423609677091,"0","P029","1-back",1,"0","ACTIVE"
"4377",0.510451215839566,"1","P029","1-back",0,"0","ACTIVE"
"4378",0.663681286278006,"0","P029","1-back",1,"0","ACTIVE"
"4379",0.795622948822711,"0","P029","1-back",0,"1","ACTIVE"
"4380",0.703993874143634,"0","P029","1-back",1,"0","ACTIVE"
"4381",0.562288350673043,"0","P029","1-back",1,"0","ACTIVE"
"4382",0.523164793496107,"0","P029","1-back",1,"0","ACTIVE"
"4383",0.471747536099429,"0","P029","1-back",1,"0","ACTIVE"
"4384",0.516385172544688,"0","P029","1-back",1,"0","ACTIVE"
"4385",0.669730631521816,"1","P029","1-back",1,"1","ACTIVE"
"4386",0.77719219563005,"0","P029","2-back",1,"0","ACTIVE"
"4387",0.828360014729697,"0","P029","2-back",1,"0","ACTIVE"
"4388",0.481358064011147,"0","P029","2-back",1,"0","ACTIVE"
"4389",0.771505811102543,"1","P029","2-back",1,"1","ACTIVE"
"4390",0.819106538143387,"0","P029","2-back",1,"0","ACTIVE"
"4391",0.520691870926385,"0","P029","2-back",1,"0","ACTIVE"
"4392",0.57129332202021,"0","P029","2-back",1,"0","ACTIVE"
"4393",0.642850700296549,"1","P029","1-back",1,"1","ACTIVE"
"4394",0.459515106878825,"0","P029","3-back",1,"0","ACTIVE"
"4395",0.507598537460581,"0","P029","3-back",1,"0","ACTIVE"
"4396",0.906411497300724,"0","P029","3-back",1,"0","ACTIVE"
"4397",1.01485899582622,"1","P029","3-back",1,"1","ACTIVE"
"4398",0.716604193050443,"0","P029","3-back",1,"0","ACTIVE"
"4399",0.563196530009009,"0","P029","3-back",1,"0","ACTIVE"
"4400",0.524677596335096,"1","P029","3-back",1,"1","ACTIVE"
"4401",0.467059526803496,"0","P029","3-back",0,"1","ACTIVE"
"4402",0.670224531786516,"0","P029","3-back",1,"0","ACTIVE"
"4403",0.958284399468539,"0","P029","3-back",1,"0","ACTIVE"
"4404",0.899007658565097,"0","P029","2-back",0,"1","ACTIVE"
"4405",0.83267479963979,"0","P029","3-back",1,"0","ACTIVE"
"4406",0.663100300320366,"0","P029","3-back",1,"0","ACTIVE"
"4407",0.651271264461684,"0","P029","3-back",1,"0","ACTIVE"
"4408",0.485252660469996,"1","P029","3-back",0,"0","ACTIVE"
"4409",0.540774142020382,"0","P029","3-back",1,"0","ACTIVE"
"4410",0.576608970321104,"0","P029","3-back",1,"0","ACTIVE"
"4411",0.837161889809067,"1","P029","3-back",0,"0","ACTIVE"
"4412",0.594992448426638,"0","P029","3-back",0,"1","ACTIVE"
"4413",0.988932652904623,"0","P029","3-back",1,"0","ACTIVE"
"4414",0.933490481536865,"0","P029","3-back",0,"1","ACTIVE"
"4415",0.575968890501827,"1","P029","0-back",1,"1","ACTIVE"
"4416",0.357829190128541,"0","P029","0-back",1,"0","ACTIVE"
"4417",0.482280550280848,"0","P029","0-back",1,"0","ACTIVE"
"4418",0.412296312792023,"0","P029","0-back",1,"0","ACTIVE"
"4419",0.425718705755571,"0","P029","0-back",1,"0","ACTIVE"
"4420",0.435957494719332,"0","P029","0-back",1,"0","ACTIVE"
"4421",0.455099240363779,"0","P029","0-back",1,"0","ACTIVE"
"4422",0.558687668417406,"1","P029","0-back",1,"1","ACTIVE"
"4423",0.409443634409399,"0","P029","0-back",1,"0","ACTIVE"
"4424",0.507251127757627,"1","P029","0-back",1,"1","ACTIVE"
"4425",0.441409369923349,"0","P029","2-back",1,"0","ACTIVE"
"4426",1.25559152332789,"0","P029","2-back",1,"0","ACTIVE"
"4427",0.859930754435482,"0","P029","2-back",1,"0","ACTIVE"
"4428",0.612429491691728,"0","P029","2-back",1,"0","ACTIVE"
"4429",0.733132434939762,"0","P029","2-back",1,"0","ACTIVE"
"4430",0.856789449197095,"1","P029","2-back",1,"1","ACTIVE"
"4431",0.634295464329625,"0","P029","2-back",0,"1","ACTIVE"
"4432",0.528721171525831,"0","P029","2-back",1,"0","ACTIVE"
"4433",0.718281836660026,"1","P029","2-back",0,"0","ACTIVE"
"4434",0.752260806712002,"0","P029","2-back",0,"1","ACTIVE"
"4435",0.454416239739658,"0","P029","1-back",1,"0","ACTIVE"
"4436",0.524620368596516,"1","P029","1-back",1,"1","ACTIVE"
"4437",0.645950328809704,"1","P029","2-back",1,"1","ACTIVE"
"4438",0.789041758831445,"0","P029","2-back",1,"0","ACTIVE"
"4439",0.950637342841219,"0","P029","2-back",1,"0","ACTIVE"
"4440",0.840271781999036,"0","P029","2-back",1,"0","ACTIVE"
"4441",0.582113096941612,"0","P029","2-back",1,"0","ACTIVE"
"4442",0.729600799197215,"0","P029","2-back",1,"0","ACTIVE"
"4443",0.642356489006488,"1","P029","2-back",1,"1","ACTIVE"
"4444",0.672221282249666,"0","P029","1-back",1,"0","ACTIVE"
"4445",0.650803178876231,"0","P029","2-back",1,"0","ACTIVE"
"4446",0.618103746426641,"0","P029","2-back",1,"0","ACTIVE"
"4447",0.570901436414715,"0","P029","2-back",1,"0","ACTIVE"
"4448",0.639408327384444,"0","P029","2-back",1,"0","ACTIVE"
"4449",0.773714677419775,"0","P029","2-back",1,"0","ACTIVE"
"4450",0.812258181700599,"1","P029","2-back",0,"0","ACTIVE"
"4451",1.60949034966325,"1","P029","2-back",1,"1","ACTIVE"
"4452",1.45599404582754,"0","P029","2-back",0,"1","ACTIVE"
"4453",1.08952782139022,"0","P029","2-back",1,"0","ACTIVE"
"4454",1.3136627494714,"0","P029","2-back",1,"0","ACTIVE"
"4455",0.563825724118942,"0","P029","0-back",1,"0","ACTIVE"
"4456",0.425500058470789,"1","P029","0-back",1,"1","ACTIVE"
"4457",0.428072818565852,"0","P029","0-back",1,"0","ACTIVE"
"4458",0.436780454485415,"0","P029","0-back",1,"0","ACTIVE"
"4459",0.379015272341348,"0","P029","0-back",1,"0","ACTIVE"
"4460",0.545675200235564,"0","P029","0-back",1,"0","ACTIVE"
"4461",0.427859147603158,"0","P029","0-back",1,"0","ACTIVE"
"4462",0.406427359339432,"0","P029","0-back",1,"0","ACTIVE"
"4463",0.428745244502352,"0","P029","0-back",1,"0","ACTIVE"
"4464",0.453039352778433,"1","P029","0-back",1,"1","ACTIVE"
"4465",0.415186313613958,"0","P029","1-back",1,"0","ACTIVE"
"4466",0.43209120110987,"0","P029","1-back",1,"0","ACTIVE"
"4467",0.864898059979168,"0","P029","1-back",1,"0","ACTIVE"
"4468",0.567723741798545,"0","P029","1-back",1,"0","ACTIVE"
"4469",1.05132115211745,"0","P029","1-back",1,"0","ACTIVE"
"4470",0.79274818799604,"1","P029","1-back",1,"1","ACTIVE"
"4471",0.584283085718198,"1","P029","1-back",1,"1","ACTIVE"
"4472",0.530679977506225,"0","P029","1-back",1,"0","ACTIVE"
"4473",0.489023781854485,"0","P029","1-back",1,"0","ACTIVE"
"4474",0.705678671223723,"0","P029","1-back",1,"0","ACTIVE"
"4475",0.503318586823298,"0","P029","1-back",1,"0","ACTIVE"
"4476",0.693373774269276,"0","P029","1-back",1,"0","ACTIVE"
"4477",0.520313981232903,"0","P029","1-back",1,"0","ACTIVE"
"4478",0.518025804733043,"0","P029","1-back",1,"0","ACTIVE"
"4479",0.43861236417797,"1","P029","1-back",1,"1","ACTIVE"
"4480",0.704647327835119,"0","P029","1-back",1,"0","ACTIVE"
"4481",0.399179476142308,"0","P030","3-back",1,"0","PLACEBO"
"4482",0.271811668280861,"0","P030","3-back",1,"0","PLACEBO"
"4483",0.606662969716126,"1","P030","3-back",0,"0","PLACEBO"
"4484",0.600332227877516,"0","P030","0-back",1,"0","PLACEBO"
"4485",0.389072060359467,"0","P030","0-back",1,"0","PLACEBO"
"4486",0.361793731957732,"0","P030","0-back",1,"0","PLACEBO"
"4487",0.272672251074255,"0","P030","0-back",0,"1","PLACEBO"
"4488",0.552267108476372,"0","P030","0-back",1,"0","PLACEBO"
"4489",0.276556536740827,"0","P030","0-back",1,"0","PLACEBO"
"4490",0.305635650955082,"1","P030","0-back",1,"1","PLACEBO"
"4491",0.328056522903353,"0","P030","0-back",1,"0","PLACEBO"
"4492",0.444358361975901,"0","P030","0-back",1,"0","PLACEBO"
"4493",0.215505854419462,"0","P030","0-back",0,"1","PLACEBO"
"4494",0.467493638934684,"0","P030","1-back",1,"0","PLACEBO"
"4495",0.58765239422064,"1","P030","1-back",0,"0","PLACEBO"
"4496",0.495922106529179,"0","P030","1-back",1,"0","PLACEBO"
"4497",0.260887212025409,"0","P030","1-back",0,"1","PLACEBO"
"4498",0.601789962438488,"0","P030","1-back",1,"0","PLACEBO"
"4499",0.403889510747831,"1","P030","1-back",0,"0","PLACEBO"
"4500",0.260920801811153,"0","P030","1-back",1,"0","PLACEBO"
"4501",0.38935601846606,"0","P030","1-back",1,"0","PLACEBO"
"4502",0.403777233776054,"0","P030","1-back",1,"0","PLACEBO"
"4503",0.522593019606575,"1","P030","1-back",1,"1","PLACEBO"
"4504",0.781699039864179,"0","P030","2-back",1,"0","PLACEBO"
"4505",0.446381524623575,"0","P030","2-back",1,"0","PLACEBO"
"4506",0.476350146163895,"0","P030","2-back",1,"0","PLACEBO"
"4507",0.293194678008149,"0","P030","2-back",0,"1","PLACEBO"
"4508",0.642779455367418,"1","P030","2-back",0,"0","PLACEBO"
"4509",0.238358106322266,"0","P030","2-back",1,"0","PLACEBO"
"4510",0.37900663180335,"0","P030","2-back",1,"0","PLACEBO"
"4511",0.301445947035972,"0","P030","2-back",1,"0","PLACEBO"
"4512",0.426867724348995,"0","P030","2-back",1,"0","PLACEBO"
"4513",NA,NA,"P030","2-back",0,"1","PLACEBO"
"4514",0.451509876489581,"0","P030","1-back",1,"0","PLACEBO"
"4515",0.369195614792261,"0","P030","1-back",0,"1","PLACEBO"
"4516",0.515753454696096,"0","P030","1-back",1,"0","PLACEBO"
"4517",0.406876824694336,"0","P030","1-back",1,"0","PLACEBO"
"4518",0.388358277377847,"0","P030","1-back",1,"0","PLACEBO"
"4519",0.467054794586147,"1","P030","1-back",0,"0","PLACEBO"
"4520",0.383245476343291,"1","P030","1-back",0,"0","PLACEBO"
"4521",0.2336353200335,"0","P030","1-back",1,"0","PLACEBO"
"4522",0.427569999719708,"1","P030","1-back",1,"1","PLACEBO"
"4523",0.337584514858463,"0","P030","1-back",1,"0","PLACEBO"
"4524",0.561756534381857,"0","P030","2-back",1,"0","PLACEBO"
"4525",0.507522712759965,"1","P030","2-back",0,"0","PLACEBO"
"4526",0.272018805306288,"0","P030","2-back",1,"0","PLACEBO"
"4527",0.499776845626911,"0","P030","2-back",1,"0","PLACEBO"
"4528",0.611496477893525,"0","P030","2-back",1,"0","PLACEBO"
"4529",0.66073475171288,"1","P030","2-back",0,"0","PLACEBO"
"4530",0.442096338621923,"0","P030","2-back",0,"1","PLACEBO"
"4531",0.425511381185061,"0","P030","2-back",0,"1","PLACEBO"
"4532",0.466151602529862,"0","P030","2-back",1,"0","PLACEBO"
"4533",0.936261823684617,"0","P030","2-back",1,"0","PLACEBO"
"4534",0.51073271455607,"0","P030","0-back",1,"0","PLACEBO"
"4535",0.377339894122997,"0","P030","0-back",0,"1","PLACEBO"
"4536",0.496503085440054,"0","P030","0-back",1,"0","PLACEBO"
"4537",0.44599150987051,"0","P030","0-back",1,"0","PLACEBO"
"4538",0.411849979300314,"0","P030","0-back",1,"0","PLACEBO"
"4539",0.504153781508649,"0","P030","0-back",1,"0","PLACEBO"
"4540",0.406591933537129,"0","P030","0-back",1,"0","PLACEBO"
"4541",0.417383896743559,"0","P030","0-back",1,"0","PLACEBO"
"4542",0.447497451998061,"0","P030","0-back",1,"0","PLACEBO"
"4543",0.310691846982081,"1","P030","0-back",1,"1","PLACEBO"
"4544",0.502984048271173,"0","P030","1-back",1,"0","PLACEBO"
"4545",0.494384129699029,"0","P030","1-back",1,"0","PLACEBO"
"4546",0.676877132598747,"0","P030","1-back",1,"0","PLACEBO"
"4547",0.415411429796222,"0","P030","1-back",1,"0","PLACEBO"
"4548",0.420899938824732,"0","P030","1-back",1,"0","PLACEBO"
"4549",0.428035902506963,"1","P030","1-back",1,"1","PLACEBO"
"4550",0.261511111220898,"0","P030","1-back",0,"1","PLACEBO"
"4551",0.401313982711144,"0","P030","1-back",1,"0","PLACEBO"
"4552",0.464867104186851,"0","P030","1-back",1,"0","PLACEBO"
"4553",0.340979882515967,"0","P030","1-back",0,"1","PLACEBO"
"4554",0.574367322362377,"0","P030","3-back",1,"0","PLACEBO"
"4555",0.325187084228673,"0","P030","3-back",1,"0","PLACEBO"
"4556",0.291964918578742,"0","P030","3-back",1,"0","PLACEBO"
"4557",0.50896520751121,"1","P030","3-back",1,"1","PLACEBO"
"4558",0.520277501404053,"0","P030","3-back",0,"1","PLACEBO"
"4559",0.592940919606917,"1","P030","3-back",0,"0","PLACEBO"
"4560",0.356865052719513,"0","P030","3-back",1,"0","PLACEBO"
"4561",0.754099120353203,"0","P030","3-back",1,"0","PLACEBO"
"4562",0.309932033553196,"0","P030","3-back",1,"0","PLACEBO"
"4563",0.454724232513399,"1","P030","3-back",0,"0","PLACEBO"
"4564",0.241698424048082,"0","P030","3-back",0,"1","PLACEBO"
"4565",0.464779397516395,"0","P030","1-back",1,"0","PLACEBO"
"4566",0.388516273782443,"1","P030","1-back",1,"1","PLACEBO"
"4567",0.328460533397447,"0","P030","1-back",1,"0","PLACEBO"
"4568",0.448300807740452,"0","P030","1-back",1,"0","PLACEBO"
"4569",0.429293342411256,"0","P030","1-back",1,"0","PLACEBO"
"4570",0.476836265028396,"0","P030","1-back",1,"0","PLACEBO"
"4571",0.575519327656366,"1","P030","1-back",0,"0","PLACEBO"
"4572",0.340287870694738,"1","P030","1-back",1,"1","PLACEBO"
"4573",0.231409685613471,"0","P030","1-back",1,"0","PLACEBO"
"4574",0.477742878265417,"0","P030","1-back",0,"1","PLACEBO"
"4575",0.499092298203323,"0","P030","0-back",1,"0","PLACEBO"
"4576",0.415259031688038,"0","P030","0-back",1,"0","PLACEBO"
"4577",0.459009107496968,"0","P030","0-back",1,"0","PLACEBO"
"4578",0.305365688593156,"1","P030","0-back",0,"0","PLACEBO"
"4579",0.510366026042902,"0","P030","0-back",1,"0","PLACEBO"
"4580",0.415762878496025,"0","P030","0-back",1,"0","PLACEBO"
"4581",0.321774610663851,"1","P030","0-back",1,"1","PLACEBO"
"4582",0.420648637449631,"1","P030","0-back",1,"1","PLACEBO"
"4583",0.284423700333718,"0","P030","0-back",1,"0","PLACEBO"
"4584",0.484122449703136,"0","P030","0-back",1,"0","PLACEBO"
"4585",0.64581528789131,"0","P030","3-back",1,"0","PLACEBO"
"4586",0.336234392023471,"0","P030","3-back",1,"0","PLACEBO"
"4587",0.369036685333413,"0","P030","3-back",1,"0","PLACEBO"
"4588",1.01865321748119,"0","P030","3-back",1,"0","PLACEBO"
"4589",0.360764267185004,"0","P030","3-back",0,"1","PLACEBO"
"4590",0.54996216483778,"1","P030","3-back",0,"0","PLACEBO"
"4591",0.51929344504606,"0","P030","3-back",0,"1","PLACEBO"
"4592",0.269386361240322,"0","P030","3-back",1,"0","PLACEBO"
"4593",0.1591095347394,"0","P030","3-back",0,"1","PLACEBO"
"4594",0.323032672597037,"1","P030","3-back",0,"0","PLACEBO"
"4595",0.516525086750335,"0","P030","2-back",1,"0","PLACEBO"
"4596",0.352578933667246,"0","P030","2-back",1,"0","PLACEBO"
"4597",0.352113341894437,"1","P030","2-back",1,"1","PLACEBO"
"4598",0.289110408695706,"0","P030","2-back",1,"0","PLACEBO"
"4599",0.449767872800294,"0","P030","2-back",1,"0","PLACEBO"
"4600",0.555869924170111,"0","P030","2-back",1,"0","PLACEBO"
"4601",0.546097473208647,"1","P030","2-back",0,"0","PLACEBO"
"4602",NA,NA,"P030","2-back",0,"0","PLACEBO"
"4603",0.456807421353005,"1","P030","2-back",1,"1","PLACEBO"
"4604",0.355368752105278,"0","P030","2-back",0,"1","PLACEBO"
"4605",0.610259254062839,"0","P030","3-back",1,"0","PLACEBO"
"4606",0.623340299069241,"1","P030","3-back",0,"0","PLACEBO"
"4607",0.619762053680461,"0","P030","3-back",1,"0","PLACEBO"
"4608",0.564729230547528,"1","P030","3-back",0,"0","PLACEBO"
"4609",0.204996294240118,"0","P030","3-back",1,"0","PLACEBO"
"4610",0.260026318217569,"0","P030","3-back",1,"0","PLACEBO"
"4611",0.398945591696247,"1","P030","3-back",0,"0","PLACEBO"
"4612",0.310904271285835,"0","P030","3-back",0,"1","PLACEBO"
"4613",0.274704744213523,"0","P030","3-back",1,"0","PLACEBO"
"4614",0.285553312438424,"0","P030","3-back",0,"1","PLACEBO"
"4615",0.419200544405612,"0","P030","0-back",0,"1","PLACEBO"
"4616",0.533596785084228,"0","P030","0-back",1,"0","PLACEBO"
"4617",0.632226352867292,"0","P030","0-back",1,"0","PLACEBO"
"4618",0.348499640618684,"0","P030","0-back",1,"0","PLACEBO"
"4619",0.363632461794623,"0","P030","0-back",1,"0","PLACEBO"
"4620",0.475698877511604,"0","P030","0-back",1,"0","PLACEBO"
"4621",0.363882519097388,"0","P030","0-back",1,"0","PLACEBO"
"4622",0.264915809373633,"1","P030","0-back",1,"1","PLACEBO"
"4623",0.33974328072145,"0","P030","0-back",1,"0","PLACEBO"
"4624",0.429116373994475,"1","P030","0-back",1,"1","PLACEBO"
"4625",0.799103525900136,"0","P030","2-back",1,"0","PLACEBO"
"4626",0.380319432657416,"0","P030","2-back",1,"0","PLACEBO"
"4627",0.381966265278606,"0","P030","2-back",1,"0","PLACEBO"
"4628",0.483824495851877,"0","P030","2-back",1,"0","PLACEBO"
"4629",0.454060834214033,"0","P030","2-back",1,"0","PLACEBO"
"4630",0.467032090375142,"0","P030","2-back",0,"1","PLACEBO"
"4631",0.444733447933686,"1","P030","2-back",1,"1","PLACEBO"
"4632",0.39319271860586,"0","P030","2-back",1,"0","PLACEBO"
"4633",0.279715531822148,"0","P030","2-back",1,"0","PLACEBO"
"4634",0.700624490127666,"1","P030","2-back",1,"1","PLACEBO"
"4635",0.391875874538528,"0","P030","3-back",1,"0","PLACEBO"
"4636",0.57097910808443,"0","P030","3-back",1,"0","PLACEBO"
"4637",0.40675770535745,"0","P030","3-back",0,"1","PLACEBO"
"4638",0.667342609296611,"1","P030","3-back",1,"1","PLACEBO"
"4639",0.431165973048337,"0","P030","3-back",1,"0","PLACEBO"
"4640",0.344715502280451,"0","P030","3-back",1,"0","PLACEBO"
"4641",0.563586244734324,"0","P031","2-back",1,"0","PLACEBO"
"4642",0.497180790498533,"0","P031","2-back",1,"0","PLACEBO"
"4643",0.432383913850572,"1","P031","2-back",1,"1","PLACEBO"
"4644",0.392123132694906,"0","P031","2-back",1,"0","PLACEBO"
"4645",0.332510590891616,"0","P031","3-back",1,"0","PLACEBO"
"4646",0.409555610225652,"0","P031","3-back",1,"0","PLACEBO"
"4647",0.434746395550974,"0","P031","3-back",1,"0","PLACEBO"
"4648",0.582256257108384,"0","P031","3-back",1,"0","PLACEBO"
"4649",0.430880770873046,"1","P031","3-back",0,"0","PLACEBO"
"4650",0.660318300555446,"1","P031","3-back",1,"1","PLACEBO"
"4651",0.821982836241659,"0","P031","3-back",1,"0","PLACEBO"
"4652",0.845607031213149,"0","P031","3-back",0,"1","PLACEBO"
"4653",0.566908212485941,"1","P031","0-back",1,"1","PLACEBO"
"4654",0.348432150029112,"0","P031","0-back",1,"0","PLACEBO"
"4655",0.443284421833596,"0","P031","0-back",1,"0","PLACEBO"
"4656",0.37050281734264,"0","P031","0-back",1,"0","PLACEBO"
"4657",0.313558797523001,"0","P031","0-back",1,"0","PLACEBO"
"4658",0.272107134005637,"0","P031","0-back",1,"0","PLACEBO"
"4659",0.315804337002191,"0","P031","0-back",1,"0","PLACEBO"
"4660",0.392656215060924,"1","P031","0-back",1,"1","PLACEBO"
"4661",0.299751528878915,"0","P031","0-back",1,"0","PLACEBO"
"4662",NA,NA,"P031","0-back",0,"1","PLACEBO"
"4663",0.3348360616219,"0","P031","2-back",1,"0","PLACEBO"
"4664",0.256089470753068,"0","P031","2-back",1,"0","PLACEBO"
"4665",0.583699062875894,"0","P031","2-back",1,"0","PLACEBO"
"4666",0.380733706697356,"0","P031","2-back",1,"0","PLACEBO"
"4667",0.475968217841,"0","P031","2-back",1,"0","PLACEBO"
"4668",0.298709312426581,"1","P031","2-back",1,"1","PLACEBO"
"4669",0.593908492090122,"1","P031","2-back",1,"1","PLACEBO"
"4670",0.480924577554106,"0","P031","2-back",1,"0","PLACEBO"
"4671",0.561560593954709,"1","P031","2-back",0,"0","PLACEBO"
"4672",0.447395127552227,"1","P031","2-back",1,"1","PLACEBO"
"4673",0.277414942416726,"0","P031","1-back",1,"0","PLACEBO"
"4674",0.467771376712335,"1","P031","1-back",1,"1","PLACEBO"
"4675",0.325216941817416,"0","P031","1-back",1,"0","PLACEBO"
"4676",0.358747324868091,"0","P031","1-back",1,"0","PLACEBO"
"4677",0.367158145383655,"0","P031","1-back",1,"0","PLACEBO"
"4678",0.442931418052467,"0","P031","1-back",1,"0","PLACEBO"
"4679",0.703669031117897,"0","P031","2-back",1,"0","PLACEBO"
"4680",0.346299820574131,"1","P031","2-back",0,"0","PLACEBO"
"4681",0.706800656742416,"0","P031","2-back",0,"1","PLACEBO"
"4682",0.334074382095423,"0","P031","2-back",0,"1","PLACEBO"
"4683",0.350234490926596,"0","P031","3-back",1,"0","PLACEBO"
"4684",0.332839646398497,"0","P031","3-back",1,"0","PLACEBO"
"4685",0.481908322895833,"0","P031","0-back",1,"0","PLACEBO"
"4686",0.638535012532884,"0","P031","0-back",1,"0","PLACEBO"
"4687",0.413006338829291,"0","P031","0-back",1,"0","PLACEBO"
"4688",0.325587984560116,"1","P031","0-back",1,"1","PLACEBO"
"4689",0.336044982946987,"0","P031","0-back",1,"0","PLACEBO"
"4690",0.32185049869986,"0","P031","0-back",1,"0","PLACEBO"
"4691",0.313337664756546,"1","P031","0-back",1,"1","PLACEBO"
"4692",0.303739694078104,"0","P031","0-back",1,"0","PLACEBO"
"4693",0.378713965234056,"0","P031","0-back",1,"0","PLACEBO"
"4694",0.2984259763507,"1","P031","0-back",1,"1","PLACEBO"
"4695",NA,NA,"P031","1-back",0,"0","PLACEBO"
"4696",NA,NA,"P031","1-back",0,"0","PLACEBO"
"4697",NA,NA,"P031","1-back",0,"0","PLACEBO"
"4698",0.377290753509442,"1","P031","1-back",1,"1","PLACEBO"
"4699",NA,NA,"P031","1-back",0,"0","PLACEBO"
"4700",NA,NA,"P031","1-back",0,"0","PLACEBO"
"4701",NA,NA,"P031","1-back",0,"0","PLACEBO"
"4702",NA,NA,"P031","1-back",0,"0","PLACEBO"
"4703",NA,NA,"P031","1-back",0,"0","PLACEBO"
"4704",0.467199106262342,"1","P031","1-back",1,"1","PLACEBO"
"4705",0.924123780852824,"0","P031","2-back",1,"0","PLACEBO"
"4706",NA,NA,"P031","2-back",0,"0","PLACEBO"
"4707",0.615596920066309,"0","P031","2-back",1,"0","PLACEBO"
"4708",0.643564150117527,"1","P031","2-back",1,"1","PLACEBO"
"4709",0.638885839198338,"1","P031","2-back",0,"0","PLACEBO"
"4710",0.271457109418407,"0","P031","2-back",1,"0","PLACEBO"
"4711",NA,NA,"P031","2-back",0,"0","PLACEBO"
"4712",0.773631581616428,"0","P031","2-back",1,"0","PLACEBO"
"4713",0.614289406496027,"0","P031","2-back",1,"0","PLACEBO"
"4714",0.54416077316273,"1","P031","2-back",1,"1","PLACEBO"
"4715",0.544265585738685,"0","P031","3-back",1,"0","PLACEBO"
"4716",0.299722604340786,"0","P031","3-back",1,"0","PLACEBO"
"4717",0.250519164374055,"0","P031","3-back",1,"0","PLACEBO"
"4718",0.448261930670924,"1","P031","3-back",1,"1","PLACEBO"
"4719",0.929904334419916,"0","P031","3-back",1,"0","PLACEBO"
"4720",0.722318516402083,"1","P031","3-back",0,"0","PLACEBO"
"4721",0.726098611528869,"0","P031","3-back",1,"0","PLACEBO"
"4722",0.290575607657956,"0","P031","3-back",1,"0","PLACEBO"
"4723",0.615490241389125,"1","P031","3-back",0,"0","PLACEBO"
"4724",NA,NA,"P031","3-back",0,"1","PLACEBO"
"4725",0.327218644322784,"0","P031","1-back",1,"0","PLACEBO"
"4726",0.484977434194661,"1","P031","1-back",1,"1","PLACEBO"
"4727",0.448505145614035,"0","P031","1-back",1,"0","PLACEBO"
"4728",0.433038292667334,"0","P031","1-back",1,"0","PLACEBO"
"4729",0.510956024438201,"0","P031","1-back",1,"0","PLACEBO"
"4730",0.384538683150822,"0","P031","1-back",1,"0","PLACEBO"
"4731",0.368531283444099,"0","P031","1-back",1,"0","PLACEBO"
"4732",0.371924162967844,"1","P031","1-back",1,"1","PLACEBO"
"4733",0.319486772932578,"0","P031","1-back",1,"0","PLACEBO"
"4734",0.432721366805708,"1","P031","1-back",1,"1","PLACEBO"
"4735",0.423600184494717,"0","P031","0-back",1,"0","PLACEBO"
"4736",0.348013521756002,"0","P031","0-back",1,"0","PLACEBO"
"4737",0.372057589067481,"0","P031","0-back",1,"0","PLACEBO"
"4738",0.312443181164781,"0","P031","0-back",1,"0","PLACEBO"
"4739",0.321004222671036,"0","P031","0-back",1,"0","PLACEBO"
"4740",0.337333524503265,"0","P031","0-back",1,"0","PLACEBO"
"4741",0.358816059526362,"1","P031","0-back",1,"1","PLACEBO"
"4742",0.344026600621874,"1","P031","0-back",1,"1","PLACEBO"
"4743",0.312834128964823,"0","P031","0-back",1,"0","PLACEBO"
"4744",0.426565416266385,"0","P031","0-back",1,"0","PLACEBO"
"4745",0.381790540928705,"0","P031","3-back",1,"0","PLACEBO"
"4746",0.520738427929246,"0","P031","3-back",1,"0","PLACEBO"
"4747",0.287409148178995,"0","P031","3-back",1,"0","PLACEBO"
"4748",0.469668266639928,"0","P031","3-back",1,"0","PLACEBO"
"4749",0.546790729094937,"1","P031","3-back",1,"1","PLACEBO"
"4750",0.43811159460347,"0","P031","3-back",1,"0","PLACEBO"
"4751",0.632853984261601,"0","P031","3-back",0,"1","PLACEBO"
"4752",0.56427483537118,"0","P031","3-back",1,"0","PLACEBO"
"4753",0.491252193056425,"1","P031","3-back",1,"1","PLACEBO"
"4754",0.453849964995243,"0","P031","3-back",1,"0","PLACEBO"
"4755",0.286735486335601,"0","P031","2-back",1,"0","PLACEBO"
"4756",0.288250136924034,"0","P031","2-back",1,"0","PLACEBO"
"4757",0.736957443294159,"0","P031","3-back",1,"0","PLACEBO"
"4758",0.419065874237276,"1","P031","3-back",1,"1","PLACEBO"
"4759",0.486175158921469,"0","P031","3-back",1,"0","PLACEBO"
"4760",0.496644908986127,"0","P031","3-back",1,"0","PLACEBO"
"4761",0.361527812809072,"0","P031","1-back",1,"0","PLACEBO"
"4762",0.32903902418002,"0","P031","1-back",1,"0","PLACEBO"
"4763",0.311859714120146,"1","P031","1-back",1,"1","PLACEBO"
"4764",0.304600898900389,"0","P031","1-back",1,"0","PLACEBO"
"4765",0.307658813602757,"0","P031","2-back",1,"0","PLACEBO"
"4766",0.538113367396363,"0","P031","2-back",1,"0","PLACEBO"
"4767",0.511642126943116,"0","P031","2-back",1,"0","PLACEBO"
"4768",0.516117966088132,"0","P031","2-back",1,"0","PLACEBO"
"4769",0.394725408155864,"0","P031","2-back",1,"0","PLACEBO"
"4770",0.780388105109523,"0","P031","2-back",1,"0","PLACEBO"
"4771",0.608687998461392,"1","P031","2-back",1,"1","PLACEBO"
"4772",0.430545495033584,"0","P031","2-back",0,"1","PLACEBO"
"4773",0.515863554552197,"0","P031","2-back",1,"0","PLACEBO"
"4774",0.619598458975815,"0","P031","2-back",1,"0","PLACEBO"
"4775",0.415553875374826,"0","P031","0-back",1,"0","PLACEBO"
"4776",0.426228896360044,"1","P031","0-back",1,"1","PLACEBO"
"4777",0.299183612662091,"0","P031","0-back",1,"0","PLACEBO"
"4778",0.307012521216166,"0","P031","0-back",1,"0","PLACEBO"
"4779",0.31710905142063,"0","P031","0-back",1,"0","PLACEBO"
"4780",0.40931426138377,"0","P031","0-back",1,"0","PLACEBO"
"4781",0.346666198067396,"0","P031","0-back",1,"0","PLACEBO"
"4782",0.296464705998005,"0","P031","0-back",1,"0","PLACEBO"
"4783",0.3031098855663,"0","P031","0-back",1,"0","PLACEBO"
"4784",0.376728435590849,"1","P031","0-back",1,"1","PLACEBO"
"4785",0.322896447351013,"0","P031","1-back",1,"0","PLACEBO"
"4786",0.511031601459763,"0","P031","1-back",1,"0","PLACEBO"
"4787",0.390694944706411,"0","P031","1-back",1,"0","PLACEBO"
"4788",0.344155983508244,"0","P031","1-back",1,"0","PLACEBO"
"4789",0.358383435508586,"0","P031","1-back",1,"0","PLACEBO"
"4790",0.360711083354545,"1","P031","1-back",1,"1","PLACEBO"
"4791",0.389901852508046,"1","P031","1-back",1,"1","PLACEBO"
"4792",0.460725607827044,"0","P031","1-back",1,"0","PLACEBO"
"4793",0.461145480167033,"0","P031","1-back",1,"0","PLACEBO"
"4794",0.652596692711086,"1","P031","1-back",1,"1","PLACEBO"
"4795",0.811818815442166,"0","P031","3-back",1,"0","PLACEBO"
"4796",0.539451360589737,"0","P031","3-back",1,"0","PLACEBO"
"4797",0.49806376647939,"1","P031","3-back",1,"1","PLACEBO"
"4798",0.413952762184636,"1","P031","3-back",1,"1","PLACEBO"
"4799",0.511579612617425,"0","P031","3-back",1,"0","PLACEBO"
"4800",0.642833572244854,"0","P031","3-back",1,"0","PLACEBO"
"4801",0.973051955323172,"1","P032","3-back",1,"1","ACTIVE"
"4802",1.60079981985655,"0","P032","3-back",1,"0","ACTIVE"
"4803",0.895173089027594,"0","P032","3-back",1,"0","ACTIVE"
"4804",1.28864831812643,"0","P032","3-back",1,"0","ACTIVE"
"4805",0.609485062315798,"1","P032","1-back",1,"1","ACTIVE"
"4806",0.567494830842406,"0","P032","1-back",1,"0","ACTIVE"
"4807",0.641533840254851,"0","P032","1-back",1,"0","ACTIVE"
"4808",0.856819307147816,"0","P032","1-back",1,"0","ACTIVE"
"4809",0.574917330797689,"0","P032","1-back",1,"0","ACTIVE"
"4810",0.688319072016384,"0","P032","1-back",1,"0","ACTIVE"
"4811",0.659229030388815,"1","P032","1-back",1,"1","ACTIVE"
"4812",0.831071800907011,"0","P032","1-back",1,"0","ACTIVE"
"4813",0.540839456287358,"1","P032","1-back",1,"1","ACTIVE"
"4814",0.816922242431247,"0","P032","0-back",1,"0","ACTIVE"
"4815",NA,NA,"P032","0-back",0,"0","ACTIVE"
"4816",0.458188605211035,"0","P032","0-back",1,"0","ACTIVE"
"4817",0.500725299387341,"0","P032","0-back",1,"0","ACTIVE"
"4818",0.47711388071184,"0","P032","0-back",1,"0","ACTIVE"
"4819",0.472136000478713,"0","P032","0-back",1,"0","ACTIVE"
"4820",0.362352980693686,"1","P032","0-back",1,"1","ACTIVE"
"4821",0.415263135631903,"1","P032","0-back",1,"1","ACTIVE"
"4822",0.406939609805704,"0","P032","0-back",1,"0","ACTIVE"
"4823",0.784262620583831,"0","P032","0-back",1,"0","ACTIVE"
"4824",0.792958437732523,"0","P032","3-back",1,"0","ACTIVE"
"4825",1.1485122031936,"0","P032","3-back",1,"0","ACTIVE"
"4826",1.17789087167694,"0","P032","3-back",1,"0","ACTIVE"
"4827",1.02701460302706,"0","P032","3-back",1,"0","ACTIVE"
"4828",1.22073516495402,"1","P032","3-back",1,"1","ACTIVE"
"4829",1.10746965063663,"0","P032","3-back",1,"0","ACTIVE"
"4830",1.49444704319285,"0","P032","3-back",0,"1","ACTIVE"
"4831",1.1482269975586,"0","P032","3-back",1,"0","ACTIVE"
"4832",1.52042035018349,"1","P032","3-back",1,"1","ACTIVE"
"4833",1.22953672901167,"0","P032","3-back",1,"0","ACTIVE"
"4834",0.949998507101554,"0","P032","2-back",1,"0","ACTIVE"
"4835",1.29464727807317,"0","P032","2-back",1,"0","ACTIVE"
"4836",0.876189963746583,"1","P032","2-back",1,"1","ACTIVE"
"4837",0.861247925493444,"0","P032","2-back",1,"0","ACTIVE"
"4838",0.939531429226918,"0","P032","2-back",1,"0","ACTIVE"
"4839",0.992000868367541,"0","P032","2-back",1,"0","ACTIVE"
"4840",0.91596573053539,"0","P032","2-back",1,"0","ACTIVE"
"4841",1.48347331321202,"1","P032","3-back",0,"0","ACTIVE"
"4842",1.68689459894631,"0","P032","3-back",1,"0","ACTIVE"
"4843",1.28435406055723,"1","P032","3-back",1,"1","ACTIVE"
"4844",0.654191745272328,"0","P032","1-back",1,"0","ACTIVE"
"4845",0.667018534322779,"0","P032","0-back",1,"0","ACTIVE"
"4846",0.773014570680971,"0","P032","0-back",1,"0","ACTIVE"
"4847",0.686205688934933,"0","P032","0-back",1,"0","ACTIVE"
"4848",0.597965180653773,"1","P032","0-back",1,"1","ACTIVE"
"4849",0.630832564076627,"0","P032","0-back",1,"0","ACTIVE"
"4850",0.609738543877029,"0","P032","0-back",1,"0","ACTIVE"
"4851",0.577787426318537,"1","P032","0-back",1,"1","ACTIVE"
"4852",0.50119711721527,"0","P032","0-back",1,"0","ACTIVE"
"4853",0.485365871863905,"0","P032","0-back",1,"0","ACTIVE"
"4854",0.501174101711513,"1","P032","0-back",1,"1","ACTIVE"
"4855",0.671763460337388,"0","P032","1-back",1,"0","ACTIVE"
"4856",1.55418191703029,"0","P032","1-back",1,"0","ACTIVE"
"4857",1.62304057197798,"0","P032","1-back",1,"0","ACTIVE"
"4858",1.8014919022753,"0","P032","1-back",0,"1","ACTIVE"
"4859",1.62163693727052,"0","P032","1-back",1,"0","ACTIVE"
"4860",1.80026741527217,"0","P032","1-back",1,"0","ACTIVE"
"4861",1.26555723644742,"0","P032","1-back",1,"0","ACTIVE"
"4862",1.30855766192326,"0","P032","1-back",1,"0","ACTIVE"
"4863",1.17365601898928,"0","P032","1-back",1,"0","ACTIVE"
"4864",1.27798312030609,"1","P032","1-back",1,"1","ACTIVE"
"4865",0.877400143815976,"0","P032","2-back",1,"0","ACTIVE"
"4866",0.851433679270485,"0","P032","2-back",1,"0","ACTIVE"
"4867",0.998152850314,"0","P032","2-back",1,"0","ACTIVE"
"4868",1.4404197032618,"0","P032","2-back",0,"1","ACTIVE"
"4869",1.55317483323051,"1","P032","2-back",0,"0","ACTIVE"
"4870",1.24120123512512,"0","P032","2-back",1,"0","ACTIVE"
"4871",1.24087279766536,"0","P032","2-back",1,"0","ACTIVE"
"4872",1.02318252165423,"0","P032","2-back",1,"0","ACTIVE"
"4873",1.1280542195509,"0","P032","2-back",1,"0","ACTIVE"
"4874",1.58569511797577,"1","P032","2-back",1,"1","ACTIVE"
"4875",0.565616268106169,"0","P032","3-back",1,"0","ACTIVE"
"4876",0.75342588883359,"0","P032","3-back",1,"0","ACTIVE"
"4877",0.936295573807001,"0","P032","3-back",1,"0","ACTIVE"
"4878",0.808635417004552,"0","P032","3-back",1,"0","ACTIVE"
"4879",0.919660029907391,"0","P032","3-back",1,"0","ACTIVE"
"4880",1.77455318821012,"0","P032","3-back",0,"1","ACTIVE"
"4881",1.26166139591078,"1","P032","3-back",1,"1","ACTIVE"
"4882",1.07313611742211,"0","P032","3-back",1,"0","ACTIVE"
"4883",1.59281406209629,"1","P032","3-back",0,"0","ACTIVE"
"4884",1.21770427192678,"1","P032","2-back",1,"1","ACTIVE"
"4885",0.585030156529683,"0","P032","3-back",1,"0","ACTIVE"
"4886",0.813126239414487,"0","P032","3-back",1,"0","ACTIVE"
"4887",1.23023185942839,"0","P032","3-back",1,"0","ACTIVE"
"4888",0.998997892525949,"0","P032","3-back",1,"0","ACTIVE"
"4889",1.14844906606777,"1","P032","3-back",0,"0","ACTIVE"
"4890",0.835227965453669,"0","P032","3-back",1,"0","ACTIVE"
"4891",0.862083326075663,"1","P032","3-back",0,"0","ACTIVE"
"4892",1.2848317877706,"1","P032","3-back",1,"1","ACTIVE"
"4893",1.48333522018947,"1","P032","3-back",0,"0","ACTIVE"
"4894",1.73587283498819,"0","P032","3-back",0,"1","ACTIVE"
"4895",0.556331378467803,"1","P032","0-back",1,"1","ACTIVE"
"4896",0.582378397275534,"0","P032","0-back",1,"0","ACTIVE"
"4897",0.617005533673364,"0","P032","0-back",1,"0","ACTIVE"
"4898",0.568031340895686,"0","P032","0-back",1,"0","ACTIVE"
"4899",0.546746354220886,"0","P032","0-back",1,"0","ACTIVE"
"4900",0.388602162711322,"0","P032","0-back",1,"0","ACTIVE"
"4901",0.636125818917208,"0","P032","0-back",1,"0","ACTIVE"
"4902",0.32727673095178,"1","P032","0-back",1,"1","ACTIVE"
"4903",0.571103288604718,"0","P032","0-back",1,"0","ACTIVE"
"4904",0.345654921709865,"1","P032","0-back",1,"1","ACTIVE"
"4905",1.05274842437029,"0","P032","2-back",1,"0","ACTIVE"
"4906",1.37938818570547,"0","P032","2-back",1,"0","ACTIVE"
"4907",1.14998239625129,"0","P032","2-back",1,"0","ACTIVE"
"4908",1.40529586741104,"0","P032","2-back",1,"0","ACTIVE"
"4909",1.21948082000017,"0","P032","2-back",1,"0","ACTIVE"
"4910",1.37358858978405,"0","P032","2-back",0,"1","ACTIVE"
"4911",1.04582417896745,"1","P032","2-back",1,"1","ACTIVE"
"4912",0.925294474040129,"0","P032","2-back",1,"0","ACTIVE"
"4913",1.01526798755003,"1","P032","2-back",0,"0","ACTIVE"
"4914",1.23157888843707,"1","P032","2-back",1,"1","ACTIVE"
"4915",1.10499797214652,"0","P032","1-back",1,"0","ACTIVE"
"4916",0.70073500322178,"1","P032","1-back",1,"1","ACTIVE"
"4917",0.476854489766993,"0","P032","1-back",1,"0","ACTIVE"
"4918",0.590416095426917,"0","P032","1-back",1,"0","ACTIVE"
"4919",0.559758822404547,"0","P032","1-back",1,"0","ACTIVE"
"4920",0.703934158242191,"0","P032","1-back",1,"0","ACTIVE"
"4921",0.700598154282488,"0","P032","1-back",1,"0","ACTIVE"
"4922",1.34864227189064,"0","P032","2-back",1,"0","ACTIVE"
"4923",1.20592313319503,"0","P032","2-back",0,"1","ACTIVE"
"4924",0.533423798777221,"0","P032","1-back",1,"0","ACTIVE"
"4925",0.718214656273631,"0","P032","2-back",1,"0","ACTIVE"
"4926",0.696128170227894,"0","P032","2-back",1,"0","ACTIVE"
"4927",0.852535002228251,"0","P032","2-back",1,"0","ACTIVE"
"4928",1.14108161671174,"0","P032","2-back",1,"0","ACTIVE"
"4929",1.20667486931052,"0","P032","2-back",1,"0","ACTIVE"
"4930",1.1867409549086,"0","P032","2-back",1,"0","ACTIVE"
"4931",1.15348977240865,"0","P032","2-back",0,"1","ACTIVE"
"4932",1.03589983155325,"1","P032","2-back",1,"1","ACTIVE"
"4933",1.18811410962371,"0","P032","2-back",1,"0","ACTIVE"
"4934",1.25101174910378,"0","P032","2-back",1,"0","ACTIVE"
"4935",0.859089755489549,"0","P032","0-back",1,"0","ACTIVE"
"4936",0.61472855390457,"1","P032","0-back",1,"1","ACTIVE"
"4937",0.46089510404272,"0","P032","0-back",1,"0","ACTIVE"
"4938",0.560262364302616,"0","P032","0-back",1,"0","ACTIVE"
"4939",0.662189321803453,"0","P032","0-back",1,"0","ACTIVE"
"4940",0.617148914039717,"0","P032","0-back",1,"0","ACTIVE"
"4941",0.575696125681134,"0","P032","0-back",1,"0","ACTIVE"
"4942",0.389231978861062,"0","P032","0-back",1,"0","ACTIVE"
"4943",0.403784619673388,"0","P032","0-back",1,"0","ACTIVE"
"4944",0.417956882629369,"1","P032","0-back",1,"1","ACTIVE"
"4945",0.445231498644716,"0","P032","1-back",1,"0","ACTIVE"
"4946",0.513674630445166,"0","P032","1-back",1,"0","ACTIVE"
"4947",0.566856617144367,"0","P032","1-back",1,"0","ACTIVE"
"4948",0.399737934279983,"0","P032","1-back",1,"0","ACTIVE"
"4949",0.525542854869855,"0","P032","1-back",1,"0","ACTIVE"
"4950",0.591054309123138,"1","P032","1-back",1,"1","ACTIVE"
"4951",0.780583561208914,"1","P032","1-back",1,"1","ACTIVE"
"4952",0.723446018069808,"0","P032","1-back",1,"0","ACTIVE"
"4953",0.713830513832363,"0","P032","1-back",1,"0","ACTIVE"
"4954",0.501327434729319,"1","P032","1-back",1,"1","ACTIVE"
"4955",0.634005593390611,"0","P032","3-back",1,"0","ACTIVE"
"4956",0.747775582665781,"0","P032","3-back",1,"0","ACTIVE"
"4957",0.660867796457751,"0","P032","3-back",1,"0","ACTIVE"
"4958",0.465650293725048,"1","P032","3-back",1,"1","ACTIVE"
"4959",0.360306466984184,"1","P032","1-back",1,"1","ACTIVE"
"4960",0.731253561181802,"0","P032","1-back",1,"0","ACTIVE"
"4961",0.542247445278917,"0","P033","3-back",1,"0","ACTIVE"
"4962",0.496490757719585,"0","P033","3-back",1,"0","ACTIVE"
"4963",0.78339176368172,"1","P033","3-back",1,"1","ACTIVE"
"4964",0.544538109941641,"0","P033","2-back",1,"0","ACTIVE"
"4965",0.585117864258791,"0","P033","2-back",1,"0","ACTIVE"
"4966",0.450652893854567,"0","P033","2-back",1,"0","ACTIVE"
"4967",0.494266029367282,"0","P033","2-back",1,"0","ACTIVE"
"4968",0.665475562509528,"0","P033","2-back",0,"1","ACTIVE"
"4969",0.615024334230839,"1","P033","2-back",1,"1","ACTIVE"
"4970",0.491950794097647,"0","P033","2-back",1,"0","ACTIVE"
"4971",0.487771303025511,"0","P033","2-back",1,"0","ACTIVE"
"4972",0.356346867280081,"0","P033","0-back",1,"0","ACTIVE"
"4973",0.461755697269837,"1","P033","0-back",1,"1","ACTIVE"
"4974",0.413183342745469,"0","P033","0-back",1,"0","ACTIVE"
"4975",0.364719534314645,"0","P033","0-back",1,"0","ACTIVE"
"4976",0.363784296212543,"0","P033","0-back",1,"0","ACTIVE"
"4977",0.483845915558049,"0","P033","0-back",1,"0","ACTIVE"
"4978",0.408519904056448,"0","P033","0-back",1,"0","ACTIVE"
"4979",0.374196945533185,"0","P033","0-back",1,"0","ACTIVE"
"4980",0.396975140767609,"0","P033","0-back",1,"0","ACTIVE"
"4981",0.324651408423961,"1","P033","0-back",1,"1","ACTIVE"
"4982",0.339148376599042,"0","P033","1-back",1,"0","ACTIVE"
"4983",0.588864415043645,"0","P033","1-back",1,"0","ACTIVE"
"4984",0.672451126265514,"0","P033","1-back",1,"0","ACTIVE"
"4985",0.412016394504462,"0","P033","1-back",1,"0","ACTIVE"
"4986",0.440406018366048,"0","P033","1-back",1,"0","ACTIVE"
"4987",0.458775189534208,"1","P033","1-back",1,"1","ACTIVE"
"4988",0.634846281314822,"1","P033","1-back",1,"1","ACTIVE"
"4989",0.488802335388755,"0","P033","1-back",1,"0","ACTIVE"
"4990",0.461676387090847,"0","P033","1-back",1,"0","ACTIVE"
"4991",0.688939246534574,"1","P033","1-back",1,"1","ACTIVE"
"4992",0.406597176432115,"0","P033","3-back",1,"0","ACTIVE"
"4993",0.27671384637506,"0","P033","3-back",1,"0","ACTIVE"
"4994",0.567368867610639,"0","P033","3-back",1,"0","ACTIVE"
"4995",0.482273085795896,"1","P033","3-back",1,"1","ACTIVE"
"4996",0.557921936386265,"0","P033","3-back",1,"0","ACTIVE"
"4997",0.460259067487641,"0","P033","3-back",1,"0","ACTIVE"
"4998",0.586744189517049,"1","P033","3-back",1,"1","ACTIVE"
"4999",0.53071667790573,"0","P033","1-back",1,"0","ACTIVE"
"5000",0.464345874501305,"0","P033","1-back",1,"0","ACTIVE"
"5001",0.429651246693538,"1","P033","1-back",1,"1","ACTIVE"
"5002",0.620406540881959,"0","P033","1-back",1,"0","ACTIVE"
"5003",0.546726448919799,"0","P033","2-back",1,"0","ACTIVE"
"5004",0.383695506130607,"0","P033","2-back",1,"0","ACTIVE"
"5005",0.432068185607932,"0","P033","0-back",1,"0","ACTIVE"
"5006",0.367292294409708,"0","P033","0-back",1,"0","ACTIVE"
"5007",0.3649077016089,"0","P033","0-back",1,"0","ACTIVE"
"5008",0.366464047294357,"1","P033","0-back",1,"1","ACTIVE"
"5009",0.324823713683145,"0","P033","0-back",1,"0","ACTIVE"
"5010",0.377516776436096,"0","P033","0-back",1,"0","ACTIVE"
"5011",0.466725490976387,"1","P033","0-back",1,"1","ACTIVE"
"5012",0.340345493812492,"0","P033","0-back",1,"0","ACTIVE"
"5013",0.346213514207193,"0","P033","0-back",1,"0","ACTIVE"
"5014",0.327988034425289,"1","P033","0-back",1,"1","ACTIVE"
"5015",0.338694908970865,"0","P033","1-back",1,"0","ACTIVE"
"5016",0.470908714290999,"0","P033","1-back",1,"0","ACTIVE"
"5017",0.396708596352255,"0","P033","1-back",1,"0","ACTIVE"
"5018",0.377825308594765,"1","P033","1-back",1,"1","ACTIVE"
"5019",0.365976989472983,"0","P033","1-back",1,"0","ACTIVE"
"5020",0.335115376095928,"0","P033","1-back",1,"0","ACTIVE"
"5021",0.47510033515573,"0","P033","1-back",1,"0","ACTIVE"
"5022",0.502272936504596,"0","P033","1-back",1,"0","ACTIVE"
"5023",0.431492798015825,"0","P033","1-back",1,"0","ACTIVE"
"5024",0.41889429787625,"1","P033","1-back",1,"1","ACTIVE"
"5025",0.337490327267005,"0","P033","2-back",1,"0","ACTIVE"
"5026",0.327604235350009,"0","P033","2-back",1,"0","ACTIVE"
"5027",0.432119192941173,"0","P033","2-back",1,"0","ACTIVE"
"5028",0.488905905156571,"1","P033","2-back",1,"1","ACTIVE"
"5029",0.499871548607189,"0","P033","2-back",1,"0","ACTIVE"
"5030",0.381668586698652,"0","P033","2-back",1,"0","ACTIVE"
"5031",0.427388884880202,"0","P033","2-back",1,"0","ACTIVE"
"5032",0.551168441143091,"0","P033","2-back",1,"0","ACTIVE"
"5033",0.604811670975323,"0","P033","2-back",1,"0","ACTIVE"
"5034",0.419214648809429,"1","P033","2-back",1,"1","ACTIVE"
"5035",0.254097692726646,"0","P033","3-back",1,"0","ACTIVE"
"5036",0.271763646949694,"0","P033","3-back",1,"0","ACTIVE"
"5037",0.285460670856992,"0","P033","3-back",1,"0","ACTIVE"
"5038",0.447101663834474,"1","P033","3-back",1,"1","ACTIVE"
"5039",0.556968037064507,"0","P033","3-back",1,"0","ACTIVE"
"5040",0.444397031122207,"0","P033","3-back",1,"0","ACTIVE"
"5041",0.795027966945781,"1","P033","3-back",0,"0","ACTIVE"
"5042",0.695203195798967,"1","P033","3-back",0,"0","ACTIVE"
"5043",0.849362905973976,"1","P033","3-back",0,"0","ACTIVE"
"5044",1.40199220956129,"0","P033","3-back",0,"1","ACTIVE"
"5045",0.379737461527839,"0","P033","1-back",1,"0","ACTIVE"
"5046",0.427630858692282,"0","P033","1-back",0,"1","ACTIVE"
"5047",0.587964011217991,"0","P033","1-back",1,"0","ACTIVE"
"5048",0.582328323002002,"0","P033","1-back",1,"0","ACTIVE"
"5049",0.658174049462104,"0","P033","1-back",1,"0","ACTIVE"
"5050",0.516953095648205,"0","P033","1-back",1,"0","ACTIVE"
"5051",0.433045411456987,"0","P033","1-back",1,"0","ACTIVE"
"5052",1.16073810098533,"0","P033","1-back",0,"1","ACTIVE"
"5053",0.738267380438629,"0","P033","1-back",1,"0","ACTIVE"
"5054",0.607553315105179,"1","P033","1-back",1,"1","ACTIVE"
"5055",0.596729496919579,"0","P033","0-back",1,"0","ACTIVE"
"5056",0.433704463514005,"0","P033","0-back",1,"0","ACTIVE"
"5057",0.367848087724269,"0","P033","0-back",1,"0","ACTIVE"
"5058",0.491351146916713,"0","P033","0-back",1,"0","ACTIVE"
"5059",0.428720362873719,"0","P033","0-back",1,"0","ACTIVE"
"5060",0.424771337860875,"0","P033","0-back",1,"0","ACTIVE"
"5061",0.460288303394918,"1","P033","0-back",1,"1","ACTIVE"
"5062",0.456712502767914,"1","P033","0-back",1,"1","ACTIVE"
"5063",0.366462803212926,"0","P033","0-back",1,"0","ACTIVE"
"5064",0.511348198444466,"0","P033","0-back",1,"0","ACTIVE"
"5065",0.722573917089903,"0","P033","3-back",1,"0","ACTIVE"
"5066",0.407760703456006,"0","P033","3-back",1,"0","ACTIVE"
"5067",0.82677847639934,"0","P033","3-back",1,"0","ACTIVE"
"5068",0.578086005825753,"0","P033","3-back",1,"0","ACTIVE"
"5069",0.51343016847386,"1","P033","3-back",1,"1","ACTIVE"
"5070",0.835194375260471,"0","P033","3-back",1,"0","ACTIVE"
"5071",0.856911369162844,"1","P033","3-back",1,"1","ACTIVE"
"5072",0.57169422721563,"0","P033","3-back",1,"0","ACTIVE"
"5073",NA,NA,"P033","3-back",0,"1","ACTIVE"
"5074",0.576775055174949,"0","P033","3-back",1,"0","ACTIVE"
"5075",0.599810775234801,"0","P033","2-back",1,"0","ACTIVE"
"5076",0.455726879372378,"0","P033","2-back",1,"0","ACTIVE"
"5077",0.594936153745948,"1","P033","2-back",1,"1","ACTIVE"
"5078",0.594448473886587,"0","P033","2-back",1,"0","ACTIVE"
"5079",0.660024309348955,"0","P033","2-back",1,"0","ACTIVE"
"5080",0.487808936486545,"0","P033","2-back",1,"0","ACTIVE"
"5081",0.784382363402983,"0","P033","2-back",1,"0","ACTIVE"
"5082",0.880846559990459,"0","P033","2-back",1,"0","ACTIVE"
"5083",0.59267814622217,"1","P033","2-back",1,"1","ACTIVE"
"5084",0.618725787069707,"1","P033","2-back",1,"1","ACTIVE"
"5085",0.370739021604095,"0","P033","3-back",1,"0","ACTIVE"
"5086",0.330274655825633,"0","P033","3-back",1,"0","ACTIVE"
"5087",0.777184420119738,"0","P033","3-back",1,"0","ACTIVE"
"5088",0.682690848287166,"0","P033","3-back",1,"0","ACTIVE"
"5089",0.447082380575011,"0","P033","3-back",1,"0","ACTIVE"
"5090",0.544014662744303,"0","P033","3-back",1,"0","ACTIVE"
"5091",1.61921128978793,"0","P033","3-back",1,"0","ACTIVE"
"5092",0.9590224506901,"1","P033","3-back",1,"1","ACTIVE"
"5093",0.878231190112274,"0","P033","3-back",1,"0","ACTIVE"
"5094",0.813695717621158,"1","P033","3-back",1,"1","ACTIVE"
"5095",0.635445928495756,"1","P033","0-back",1,"1","ACTIVE"
"5096",0.521534424973652,"0","P033","0-back",1,"0","ACTIVE"
"5097",0.520110573943384,"0","P033","0-back",1,"0","ACTIVE"
"5098",0.537333635231334,"0","P033","0-back",1,"0","ACTIVE"
"5099",0.412733607365226,"0","P033","0-back",1,"0","ACTIVE"
"5100",0.430622252137255,"0","P033","0-back",1,"0","ACTIVE"
"5101",0.391064199568063,"0","P033","0-back",1,"0","ACTIVE"
"5102",0.440465112227685,"1","P033","0-back",1,"1","ACTIVE"
"5103",0.408355063289491,"0","P033","0-back",1,"0","ACTIVE"
"5104",0.46499652901548,"1","P033","0-back",1,"1","ACTIVE"
"5105",0.403163512091851,"0","P033","2-back",1,"0","ACTIVE"
"5106",0.70980933210376,"0","P033","2-back",1,"0","ACTIVE"
"5107",0.497438436636003,"0","P033","2-back",1,"0","ACTIVE"
"5108",0.492112524665572,"0","P033","2-back",1,"0","ACTIVE"
"5109",0.609843979764264,"0","P033","2-back",1,"0","ACTIVE"
"5110",0.439399245587992,"1","P033","2-back",1,"1","ACTIVE"
"5111",0.830767312010721,"0","P033","2-back",0,"1","ACTIVE"
"5112",0.794543397285452,"0","P033","2-back",1,"0","ACTIVE"
"5113",0.825710432614869,"0","P033","2-back",1,"0","ACTIVE"
"5114",0.712670408032864,"1","P033","2-back",1,"1","ACTIVE"
"5115",0.352797192357684,"0","P033","1-back",1,"0","ACTIVE"
"5116",0.464739315208135,"1","P033","1-back",1,"1","ACTIVE"
"5117",0.373352525359223,"0","P033","1-back",1,"0","ACTIVE"
"5118",0.471993553168431,"0","P033","1-back",1,"0","ACTIVE"
"5119",0.419354607951391,"0","P033","1-back",1,"0","ACTIVE"
"5120",0.500849085474329,"0","P033","1-back",1,"0","ACTIVE"
"5121",0.694906498252749,"0","P036","0-back",1,"0","ACTIVE"
"5122",0.496599003368829,"0","P036","0-back",1,"0","ACTIVE"
"5123",0.496825114440071,"0","P036","0-back",1,"0","ACTIVE"
"5124",0.569297289093811,"1","P036","0-back",1,"1","ACTIVE"
"5125",0.568863728112774,"0","P036","0-back",1,"0","ACTIVE"
"5126",0.5042423039813,"0","P036","0-back",1,"0","ACTIVE"
"5127",0.435884604356033,"1","P036","0-back",1,"1","ACTIVE"
"5128",0.491257556994242,"0","P036","0-back",1,"0","ACTIVE"
"5129",0.536248372591217,"0","P036","0-back",1,"0","ACTIVE"
"5130",0.375986942164673,"1","P036","0-back",1,"1","ACTIVE"
"5131",0.506201725907886,"0","P036","1-back",1,"0","ACTIVE"
"5132",0.393570421314507,"0","P036","1-back",1,"0","ACTIVE"
"5133",0.637195613135191,"0","P036","1-back",1,"0","ACTIVE"
"5134",0.419614559936235,"1","P036","1-back",1,"1","ACTIVE"
"5135",0.608931729386313,"0","P036","1-back",1,"0","ACTIVE"
"5136",0.683045464187671,"0","P036","1-back",1,"0","ACTIVE"
"5137",0.569482034588873,"0","P036","1-back",1,"0","ACTIVE"
"5138",0.574325227960799,"0","P036","1-back",1,"0","ACTIVE"
"5139",0.47091502515832,"0","P036","1-back",1,"0","ACTIVE"
"5140",1.19065735184449,"0","P036","1-back",0,"1","ACTIVE"
"5141",0.360364129017398,"0","P036","2-back",1,"0","ACTIVE"
"5142",0.379773291773745,"0","P036","2-back",1,"0","ACTIVE"
"5143",0.559545899302975,"0","P036","2-back",1,"0","ACTIVE"
"5144",0.477269461569449,"1","P036","2-back",1,"1","ACTIVE"
"5145",0.666984113753642,"0","P036","2-back",1,"0","ACTIVE"
"5146",0.687623047031593,"0","P036","2-back",1,"0","ACTIVE"
"5147",0.454359775991179,"1","P036","2-back",0,"0","ACTIVE"
"5148",0.820715070814913,"0","P036","2-back",1,"0","ACTIVE"
"5149",1.01753060586088,"0","P036","2-back",1,"0","ACTIVE"
"5150",0.958090142115907,"1","P036","2-back",1,"1","ACTIVE"
"5151",0.365122103088652,"0","P036","3-back",1,"0","ACTIVE"
"5152",0.366688707572393,"0","P036","3-back",1,"0","ACTIVE"
"5153",0.474269057865968,"0","P036","3-back",1,"0","ACTIVE"
"5154",0.602064422060721,"1","P036","3-back",1,"1","ACTIVE"
"5155",1.46352240614397,"0","P036","3-back",1,"0","ACTIVE"
"5156",1.38140645439853,"0","P036","3-back",1,"0","ACTIVE"
"5157",0.671329676160894,"0","P036","3-back",1,"0","ACTIVE"
"5158",0.553815678735191,"1","P036","3-back",0,"0","ACTIVE"
"5159",1.34987593437836,"1","P036","3-back",0,"0","ACTIVE"
"5160",1.06722372306467,"1","P036","3-back",1,"1","ACTIVE"
"5161",0.762711205466985,"0","P036","1-back",1,"0","ACTIVE"
"5162",1.96469961439834,"1","P036","1-back",1,"1","ACTIVE"
"5163",1.00231118481679,"0","P036","1-back",1,"0","ACTIVE"
"5164",0.859157995964779,"0","P036","1-back",1,"0","ACTIVE"
"5165",0.62080333810809,"0","P036","1-back",1,"0","ACTIVE"
"5166",0.56965029605999,"0","P036","1-back",1,"0","ACTIVE"
"5167",1.23531599877424,"0","P036","1-back",1,"0","ACTIVE"
"5168",0.34820824860617,"1","P036","1-back",1,"1","ACTIVE"
"5169",0.600840560904544,"0","P036","1-back",1,"0","ACTIVE"
"5170",0.633968165302576,"1","P036","1-back",1,"1","ACTIVE"
"5171",0.502502150699002,"0","P036","0-back",1,"0","ACTIVE"
"5172",0.448560820144849,"0","P036","0-back",1,"0","ACTIVE"
"5173",0.487629827253841,"0","P036","0-back",1,"0","ACTIVE"
"5174",0.589980387119795,"0","P036","0-back",1,"0","ACTIVE"
"5175",0.507583584896565,"0","P036","0-back",1,"0","ACTIVE"
"5176",0.714228264569101,"0","P036","0-back",1,"0","ACTIVE"
"5177",0.325809256806679,"1","P036","0-back",1,"1","ACTIVE"
"5178",0.561236289489898,"1","P036","0-back",1,"1","ACTIVE"
"5179",0.496110080946892,"0","P036","0-back",1,"0","ACTIVE"
"5180",0.525978202518672,"0","P036","0-back",1,"0","ACTIVE"
"5181",0.5937751342517,"0","P036","3-back",1,"0","ACTIVE"
"5182",0.555311681824605,"0","P036","3-back",1,"0","ACTIVE"
"5183",0.523870735380115,"0","P036","3-back",1,"0","ACTIVE"
"5184",0.713548065241412,"0","P036","3-back",1,"0","ACTIVE"
"5185",0.975402101370491,"1","P036","3-back",1,"1","ACTIVE"
"5186",1.08001563805374,"0","P036","3-back",1,"0","ACTIVE"
"5187",1.54740556985962,"0","P036","3-back",0,"1","ACTIVE"
"5188",0.625693495403539,"0","P036","3-back",1,"0","ACTIVE"
"5189",0.608864860225367,"1","P036","3-back",1,"1","ACTIVE"
"5190",1.33667471792069,"1","P036","3-back",0,"0","ACTIVE"
"5191",1.3161113623446,"0","P036","2-back",1,"0","ACTIVE"
"5192",1.48080139734702,"0","P036","2-back",1,"0","ACTIVE"
"5193",1.51032335437958,"1","P036","2-back",1,"1","ACTIVE"
"5194",1.04916345124548,"0","P036","2-back",1,"0","ACTIVE"
"5195",1.58852139533155,"0","P036","2-back",1,"0","ACTIVE"
"5196",0.806946866076032,"0","P036","2-back",1,"0","ACTIVE"
"5197",0.752646619188454,"0","P036","2-back",1,"0","ACTIVE"
"5198",0.727144587299335,"1","P036","2-back",0,"0","ACTIVE"
"5199",0.830839061791266,"1","P036","2-back",1,"1","ACTIVE"
"5200",0.762455858577596,"1","P036","2-back",1,"1","ACTIVE"
"5201",0.680621690364205,"0","P036","3-back",1,"0","ACTIVE"
"5202",1.04777537187147,"0","P036","3-back",1,"0","ACTIVE"
"5203",0.964518912154745,"0","P036","3-back",1,"0","ACTIVE"
"5204",1.22109837106655,"0","P036","3-back",1,"0","ACTIVE"
"5205",0.755509552336662,"0","P036","3-back",1,"0","ACTIVE"
"5206",1.27843541092079,"0","P036","3-back",1,"0","ACTIVE"
"5207",0.547381932388816,"1","P036","3-back",0,"0","ACTIVE"
"5208",1.18179236721335,"1","P036","3-back",1,"1","ACTIVE"
"5209",1.88953245704579,"1","P036","3-back",0,"0","ACTIVE"
"5210",0.82745828141924,"1","P036","3-back",1,"1","ACTIVE"
"5211",0.672983988100896,"1","P036","0-back",1,"1","ACTIVE"
"5212",0.790854724726159,"0","P036","0-back",1,"0","ACTIVE"
"5213",0.925773987211869,"0","P036","0-back",1,"0","ACTIVE"
"5214",0.763724506521612,"0","P036","0-back",1,"0","ACTIVE"
"5215",0.555961712272619,"0","P036","0-back",1,"0","ACTIVE"
"5216",1.2505749192751,"0","P036","0-back",1,"0","ACTIVE"
"5217",0.57526543946733,"0","P036","0-back",1,"0","ACTIVE"
"5218",0.47011663847843,"1","P036","0-back",1,"1","ACTIVE"
"5219",0.762041580799632,"0","P036","0-back",1,"0","ACTIVE"
"5220",0.595741398605242,"1","P036","0-back",1,"1","ACTIVE"
"5221",0.467356652734452,"0","P036","2-back",1,"0","ACTIVE"
"5222",1.09964469149054,"0","P036","2-back",1,"0","ACTIVE"
"5223",1.49538229565769,"0","P036","2-back",1,"0","ACTIVE"
"5224",0.893090829471475,"0","P036","2-back",1,"0","ACTIVE"
"5225",1.134061471108,"0","P036","2-back",1,"0","ACTIVE"
"5226",0.773693920878941,"1","P036","2-back",1,"1","ACTIVE"
"5227",1.23015556566133,"0","P036","2-back",0,"1","ACTIVE"
"5228",0.966533073486062,"0","P036","2-back",1,"0","ACTIVE"
"5229",1.7360702207061,"0","P036","2-back",1,"0","ACTIVE"
"5230",0.770372545202918,"1","P036","2-back",1,"1","ACTIVE"
"5231",1.56942791722031,"0","P036","1-back",1,"0","ACTIVE"
"5232",0.816593442345038,"1","P036","1-back",1,"1","ACTIVE"
"5233",0.712063569868405,"0","P036","1-back",1,"0","ACTIVE"
"5234",0.769049779892157,"0","P036","1-back",1,"0","ACTIVE"
"5235",0.859811136608187,"0","P036","1-back",1,"0","ACTIVE"
"5236",1.04796727080975,"0","P036","1-back",1,"0","ACTIVE"
"5237",0.779160708054405,"0","P036","1-back",1,"0","ACTIVE"
"5238",0.859324391318296,"0","P036","1-back",1,"0","ACTIVE"
"5239",0.423730590060586,"1","P036","1-back",1,"1","ACTIVE"
"5240",0.96953503228724,"0","P036","1-back",1,"0","ACTIVE"
"5241",0.774996158910653,"0","P036","2-back",1,"0","ACTIVE"
"5242",0.973520745301357,"0","P036","2-back",1,"0","ACTIVE"
"5243",0.783033832063666,"0","P036","2-back",1,"0","ACTIVE"
"5244",1.24577278045763,"0","P036","2-back",1,"0","ACTIVE"
"5245",0.893966037931023,"0","P036","2-back",1,"0","ACTIVE"
"5246",1.12658643196846,"0","P036","2-back",1,"0","ACTIVE"
"5247",0.752851891962564,"1","P036","2-back",1,"1","ACTIVE"
"5248",0.770869554129604,"0","P036","2-back",0,"1","ACTIVE"
"5249",1.21566641805839,"0","P036","2-back",1,"0","ACTIVE"
"5250",0.999499258841752,"0","P036","2-back",1,"0","ACTIVE"
"5251",0.579904915162842,"0","P036","0-back",1,"0","ACTIVE"
"5252",0.47727941418816,"1","P036","0-back",1,"1","ACTIVE"
"5253",0.771660787364453,"0","P036","0-back",1,"0","ACTIVE"
"5254",0.437087938234981,"0","P036","0-back",1,"0","ACTIVE"
"5255",0.464211625032476,"0","P036","0-back",1,"0","ACTIVE"
"5256",0.522349850740284,"0","P036","0-back",1,"0","ACTIVE"
"5257",0.403444352727092,"0","P036","0-back",1,"0","ACTIVE"
"5258",0.568060676143432,"0","P036","0-back",1,"0","ACTIVE"
"5259",0.623000689842229,"0","P036","0-back",1,"0","ACTIVE"
"5260",0.415914984725532,"1","P036","0-back",1,"1","ACTIVE"
"5261",0.618900521705655,"0","P036","1-back",1,"0","ACTIVE"
"5262",0.616645009353306,"0","P036","1-back",1,"0","ACTIVE"
"5263",0.502454564737491,"0","P036","1-back",1,"0","ACTIVE"
"5264",0.704498957151372,"0","P036","1-back",1,"0","ACTIVE"
"5265",0.597208476894593,"0","P036","1-back",1,"0","ACTIVE"
"5266",0.541290929368188,"1","P036","1-back",1,"1","ACTIVE"
"5267",0.780441796770901,"1","P036","1-back",1,"1","ACTIVE"
"5268",0.657569868941209,"0","P036","1-back",1,"0","ACTIVE"
"5269",0.726112314065176,"0","P036","1-back",1,"0","ACTIVE"
"5270",0.73363027387677,"1","P036","1-back",1,"1","ACTIVE"
"5271",0.874539147072937,"0","P036","3-back",1,"0","ACTIVE"
"5272",0.834473633954985,"0","P036","3-back",1,"0","ACTIVE"
"5273",0.679936825748882,"0","P036","3-back",1,"0","ACTIVE"
"5274",0.495766404559618,"1","P036","3-back",1,"1","ACTIVE"
"5275",0.747034896992773,"0","P036","3-back",1,"0","ACTIVE"
"5276",0.876752360793034,"0","P036","3-back",1,"0","ACTIVE"
"5277",1.34444273729423,"0","P036","3-back",0,"1","ACTIVE"
"5278",1.83521790326995,"1","P036","3-back",1,"1","ACTIVE"
"5279",0.931773861560941,"1","P036","3-back",0,"0","ACTIVE"
"5280",1.50784701828889,"0","P036","3-back",1,"0","ACTIVE"
"5281",0.962329218742525,"0","P037","0-back",1,"0","ACTIVE"
"5282",0.489085052860901,"0","P037","0-back",1,"0","ACTIVE"
"5283",0.358853069024917,"0","P037","0-back",1,"0","ACTIVE"
"5284",0.393809886963936,"1","P037","0-back",1,"1","ACTIVE"
"5285",0.40701549876394,"0","P037","0-back",1,"0","ACTIVE"
"5286",0.295043517962768,"0","P037","0-back",1,"0","ACTIVE"
"5287",0.494458550943818,"1","P037","0-back",1,"1","ACTIVE"
"5288",0.427109899652351,"0","P037","0-back",1,"0","ACTIVE"
"5289",0.569504022114415,"0","P037","0-back",1,"0","ACTIVE"
"5290",0.397249460691455,"1","P037","0-back",1,"1","ACTIVE"
"5291",0.452482626404162,"0","P037","1-back",1,"0","ACTIVE"
"5292",0.507960876131619,"0","P037","1-back",1,"0","ACTIVE"
"5293",0.479603287360078,"0","P037","1-back",1,"0","ACTIVE"
"5294",0.434266788253808,"1","P037","1-back",1,"1","ACTIVE"
"5295",0.419336568775179,"0","P037","1-back",1,"0","ACTIVE"
"5296",0.450633610596924,"0","P037","1-back",1,"0","ACTIVE"
"5297",0.693138642905978,"0","P037","1-back",1,"0","ACTIVE"
"5298",0.374577634403977,"0","P037","1-back",1,"0","ACTIVE"
"5299",0.413449887162642,"0","P037","1-back",1,"0","ACTIVE"
"5300",0.518537122141424,"1","P037","1-back",1,"1","ACTIVE"
"5301",0.731916967526558,"0","P037","2-back",1,"0","ACTIVE"
"5302",0.279841466723155,"0","P037","2-back",1,"0","ACTIVE"
"5303",0.62986373577769,"0","P037","2-back",1,"0","ACTIVE"
"5304",1.12344396533445,"1","P037","2-back",1,"1","ACTIVE"
"5305",0.491829185151801,"0","P037","2-back",1,"0","ACTIVE"
"5306",0.640634369487088,"0","P037","2-back",1,"0","ACTIVE"
"5307",0.455022107324112,"0","P037","2-back",1,"0","ACTIVE"
"5308",0.834435174656392,"0","P037","2-back",1,"0","ACTIVE"
"5309",0.567418630864267,"0","P037","2-back",1,"0","ACTIVE"
"5310",1.20818642806989,"1","P037","2-back",1,"1","ACTIVE"
"5311",0.231452303169135,"0","P037","3-back",1,"0","ACTIVE"
"5312",0.262312983481024,"0","P037","3-back",1,"0","ACTIVE"
"5313",0.349536455312773,"0","P037","3-back",1,"0","ACTIVE"
"5314",0.498594499169485,"1","P037","3-back",1,"1","ACTIVE"
"5315",0.694722358381114,"0","P037","3-back",1,"0","ACTIVE"
"5316",0.591459257582756,"0","P037","3-back",1,"0","ACTIVE"
"5317",0.673682455717426,"0","P037","3-back",1,"0","ACTIVE"
"5318",1.13032653401388,"0","P037","3-back",1,"0","ACTIVE"
"5319",0.780992552929092,"1","P037","3-back",0,"0","ACTIVE"
"5320",0.965895999781424,"1","P037","3-back",1,"1","ACTIVE"
"5321",0.68450129757548,"0","P037","1-back",1,"0","ACTIVE"
"5322",0.469222051091492,"1","P037","1-back",1,"1","ACTIVE"
"5323",0.509101698668019,"0","P037","1-back",1,"0","ACTIVE"
"5324",0.588051718947099,"0","P037","1-back",1,"0","ACTIVE"
"5325",0.528269881040615,"0","P037","1-back",1,"0","ACTIVE"
"5326",0.586171290087805,"0","P037","1-back",1,"0","ACTIVE"
"5327",0.697228560124131,"0","P037","1-back",1,"0","ACTIVE"
"5328",0.506570615296368,"1","P037","1-back",1,"1","ACTIVE"
"5329",0.426127697479387,"0","P037","1-back",1,"0","ACTIVE"
"5330",0.430837789217549,"1","P037","1-back",1,"1","ACTIVE"
"5331",0.41088459155435,"0","P037","0-back",1,"0","ACTIVE"
"5332",0.367256838093454,"0","P037","0-back",1,"0","ACTIVE"
"5333",0.350072965366053,"0","P037","0-back",1,"0","ACTIVE"
"5334",0.440432144074293,"0","P037","0-back",1,"0","ACTIVE"
"5335",0.466864828080361,"0","P037","0-back",1,"0","ACTIVE"
"5336",0.324973936498282,"0","P037","0-back",1,"0","ACTIVE"
"5337",0.365221521113199,"1","P037","0-back",1,"1","ACTIVE"
"5338",0.46946900122748,"1","P037","0-back",1,"1","ACTIVE"
"5339",0.516262630535493,"0","P037","0-back",1,"0","ACTIVE"
"5340",0.318477344035273,"0","P037","0-back",1,"0","ACTIVE"
"5341",0.206310353492881,"0","P037","3-back",1,"0","ACTIVE"
"5342",0.20448746339207,"0","P037","3-back",1,"0","ACTIVE"
"5343",0.284221565900225,"0","P037","3-back",1,"0","ACTIVE"
"5344",0.380769737970695,"0","P037","3-back",1,"0","ACTIVE"
"5345",0.558158933872619,"1","P037","3-back",1,"1","ACTIVE"
"5346",0.991559530533777,"0","P037","3-back",1,"0","ACTIVE"
"5347",0.576159856978848,"1","P037","3-back",1,"1","ACTIVE"
"5348",0.68275398541482,"0","P037","3-back",1,"0","ACTIVE"
"5349",0.932358989606655,"0","P037","3-back",0,"1","ACTIVE"
"5350",1.29400875335705,"1","P037","3-back",0,"0","ACTIVE"
"5351",0.627237791208245,"0","P037","2-back",1,"0","ACTIVE"
"5352",1.36538822800503,"0","P037","2-back",1,"0","ACTIVE"
"5353",0.693544524425306,"1","P037","2-back",1,"1","ACTIVE"
"5354",0.481851342239679,"0","P037","2-back",1,"0","ACTIVE"
"5355",0.6048601901457,"0","P037","2-back",1,"0","ACTIVE"
"5356",0.54193704699901,"0","P037","2-back",1,"0","ACTIVE"
"5357",0.726374274390764,"0","P037","2-back",1,"0","ACTIVE"
"5358",0.768755458406304,"0","P037","2-back",1,"0","ACTIVE"
"5359",0.537072689181514,"1","P037","2-back",1,"1","ACTIVE"
"5360",0.490458829617637,"1","P037","2-back",1,"1","ACTIVE"
"5361",0.818304105716379,"0","P037","3-back",1,"0","ACTIVE"
"5362",0.294060382730095,"0","P037","3-back",1,"0","ACTIVE"
"5363",0.40222609684497,"0","P037","3-back",1,"0","ACTIVE"
"5364",0.482536831026664,"0","P037","3-back",1,"0","ACTIVE"
"5365",0.538594822632149,"0","P037","3-back",1,"0","ACTIVE"
"5366",0.626933302313773,"0","P037","3-back",1,"0","ACTIVE"
"5367",0.784833653891837,"0","P037","3-back",1,"0","ACTIVE"
"5368",0.443023876408915,"1","P037","3-back",1,"1","ACTIVE"
"5369",0.798784781401991,"0","P037","3-back",1,"0","ACTIVE"
"5370",0.715115027755019,"0","P037","3-back",0,"1","ACTIVE"
"5371",0.48784128259831,"1","P037","0-back",1,"1","ACTIVE"
"5372",0.375787503451647,"0","P037","0-back",1,"0","ACTIVE"
"5373",0.448467354062814,"0","P037","0-back",1,"0","ACTIVE"
"5374",0.341867938283031,"0","P037","0-back",1,"0","ACTIVE"
"5375",NA,NA,"P037","0-back",0,"0","ACTIVE"
"5376",0.321486465640191,"0","P037","0-back",1,"0","ACTIVE"
"5377",0.348889844066434,"0","P037","0-back",1,"0","ACTIVE"
"5378",0.353899759395063,"1","P037","0-back",1,"1","ACTIVE"
"5379",0.359026929383617,"0","P037","0-back",1,"0","ACTIVE"
"5380",0.468996250338023,"1","P037","0-back",1,"1","ACTIVE"
"5381",0.72023442223508,"0","P037","2-back",1,"0","ACTIVE"
"5382",0.834270644907519,"0","P037","2-back",1,"0","ACTIVE"
"5383",0.789392589755153,"0","P037","2-back",1,"0","ACTIVE"
"5384",0.623259219264582,"0","P037","2-back",1,"0","ACTIVE"
"5385",0.6541824146625,"0","P037","2-back",1,"0","ACTIVE"
"5386",0.504127550677367,"1","P037","2-back",1,"1","ACTIVE"
"5387",0.750857172004544,"1","P037","2-back",1,"1","ACTIVE"
"5388",0.727136896217417,"0","P037","2-back",1,"0","ACTIVE"
"5389",0.738805445591424,"1","P037","2-back",0,"0","ACTIVE"
"5390",0.587245865295699,"0","P037","2-back",0,"1","ACTIVE"
"5391",0.55593016225248,"0","P037","1-back",1,"0","ACTIVE"
"5392",0.469827918675946,"1","P037","1-back",1,"1","ACTIVE"
"5393",0.41085069033943,"0","P037","1-back",1,"0","ACTIVE"
"5394",0.423206283605396,"0","P037","1-back",1,"0","ACTIVE"
"5395",0.509247878218957,"0","P037","1-back",1,"0","ACTIVE"
"5396",0.388806503062369,"0","P037","1-back",1,"0","ACTIVE"
"5397",0.470021062295928,"0","P037","1-back",1,"0","ACTIVE"
"5398",0.445944357221379,"0","P037","1-back",1,"0","ACTIVE"
"5399",0.574539441109664,"1","P037","1-back",1,"1","ACTIVE"
"5400",0.345691000065926,"0","P037","1-back",1,"0","ACTIVE"
"5401",0.568329609382999,"0","P037","2-back",1,"0","ACTIVE"
"5402",0.318949161861383,"0","P037","2-back",1,"0","ACTIVE"
"5403",0.490922249897267,"0","P037","2-back",1,"0","ACTIVE"
"5404",0.432373607562113,"0","P037","2-back",1,"0","ACTIVE"
"5405",0.781319746305599,"0","P037","2-back",1,"0","ACTIVE"
"5406",0.815789817444966,"0","P037","2-back",1,"0","ACTIVE"
"5407",0.628571135323,"1","P037","2-back",1,"1","ACTIVE"
"5408",0.704901742461516,"1","P037","2-back",1,"1","ACTIVE"
"5409",0.496250961054102,"0","P037","2-back",1,"0","ACTIVE"
"5410",0.725359726102397,"0","P037","2-back",1,"0","ACTIVE"
"5411",0.395404799166499,"0","P037","0-back",1,"0","ACTIVE"
"5412",0.360229333942698,"1","P037","0-back",1,"1","ACTIVE"
"5413",0.306902100755906,"0","P037","0-back",1,"0","ACTIVE"
"5414",0.422031248834173,"0","P037","0-back",1,"0","ACTIVE"
"5415",0.324109922044954,"0","P037","0-back",1,"0","ACTIVE"
"5416",0.487620769190471,"0","P037","0-back",1,"0","ACTIVE"
"5417",0.345416991163802,"0","P037","0-back",1,"0","ACTIVE"
"5418",0.332028499413354,"0","P037","0-back",1,"0","ACTIVE"
"5419",0.323792370298179,"0","P037","0-back",1,"0","ACTIVE"
"5420",0.490613717738597,"1","P037","0-back",1,"1","ACTIVE"
"5421",1.00996384699829,"0","P037","1-back",1,"0","ACTIVE"
"5422",0.672262336933272,"0","P037","1-back",1,"0","ACTIVE"
"5423",0.76548725687644,"0","P037","1-back",1,"0","ACTIVE"
"5424",0.667533272953733,"0","P037","1-back",1,"0","ACTIVE"
"5425",0.561398521533192,"0","P037","1-back",1,"0","ACTIVE"
"5426",0.398005862110949,"1","P037","1-back",1,"1","ACTIVE"
"5427",0.423039576715382,"1","P037","1-back",1,"1","ACTIVE"
"5428",0.327148901600594,"0","P037","1-back",1,"0","ACTIVE"
"5429",0.402219876437812,"0","P037","1-back",1,"0","ACTIVE"
"5430",0.41824768663173,"1","P037","1-back",1,"1","ACTIVE"
"5431",0.304777520945208,"0","P037","3-back",1,"0","ACTIVE"
"5432",0.191889896317662,"0","P037","3-back",1,"0","ACTIVE"
"5433",0.334693010503543,"0","P037","3-back",1,"0","ACTIVE"
"5434",0.408861715388412,"1","P037","3-back",1,"1","ACTIVE"
"5435",0.434770330153697,"0","P037","3-back",1,"0","ACTIVE"
"5436",0.476911095462128,"0","P037","3-back",1,"0","ACTIVE"
"5437",0.611595646212663,"0","P037","3-back",0,"1","ACTIVE"
"5438",0.57998696202776,"1","P037","3-back",1,"1","ACTIVE"
"5439",0.472014391532866,"0","P037","3-back",1,"0","ACTIVE"
"5440",1.61433822340223,"0","P037","3-back",1,"0","ACTIVE"
"5441",NA,NA,"P038","0-back",0,"0","PLACEBO"
"5442",NA,NA,"P038","0-back",0,"0","PLACEBO"
"5443",NA,NA,"P038","0-back",0,"0","PLACEBO"
"5444",0.372586878591392,"1","P038","0-back",1,"1","PLACEBO"
"5445",NA,NA,"P038","0-back",0,"0","PLACEBO"
"5446",NA,NA,"P038","0-back",0,"0","PLACEBO"
"5447",0.350698891589218,"1","P038","0-back",1,"1","PLACEBO"
"5448",NA,NA,"P038","0-back",0,"0","PLACEBO"
"5449",NA,NA,"P038","0-back",0,"0","PLACEBO"
"5450",0.451295302301332,"1","P038","0-back",1,"1","PLACEBO"
"5451",NA,NA,"P038","1-back",0,"0","PLACEBO"
"5452",0.787495404689253,"0","P038","1-back",1,"0","PLACEBO"
"5453",0.516431463464414,"0","P038","1-back",1,"0","PLACEBO"
"5454",0.296345149373337,"0","P038","1-back",0,"1","PLACEBO"
"5455",0.650031070833393,"0","P038","1-back",1,"0","PLACEBO"
"5456",1.10128687367705,"0","P038","1-back",1,"0","PLACEBO"
"5457",0.489887516740509,"0","P038","1-back",1,"0","PLACEBO"
"5458",0.500433871998212,"0","P038","1-back",1,"0","PLACEBO"
"5459",0.504721895824787,"0","P038","1-back",1,"0","PLACEBO"
"5460",0.475172258068596,"0","P038","1-back",0,"1","PLACEBO"
"5461",NA,NA,"P038","2-back",0,"0","PLACEBO"
"5462",NA,NA,"P038","2-back",0,"0","PLACEBO"
"5463",0.750862612176661,"0","P038","2-back",1,"0","PLACEBO"
"5464",1.55976921119918,"0","P038","2-back",0,"1","PLACEBO"
"5465",NA,NA,"P038","2-back",0,"0","PLACEBO"
"5466",0.445617332984057,"0","P038","2-back",1,"0","PLACEBO"
"5467",NA,NA,"P038","2-back",0,"0","PLACEBO"
"5468",1.28356443108032,"0","P038","2-back",1,"0","PLACEBO"
"5469",NA,NA,"P038","2-back",0,"0","PLACEBO"
"5470",0.646302881842985,"1","P038","2-back",1,"1","PLACEBO"
"5471",NA,NA,"P038","3-back",0,"0","PLACEBO"
"5472",NA,NA,"P038","3-back",0,"0","PLACEBO"
"5473",NA,NA,"P038","3-back",0,"0","PLACEBO"
"5474",1.9563879331954,"1","P038","3-back",1,"1","PLACEBO"
"5475",1.90243478390676,"0","P038","3-back",1,"0","PLACEBO"
"5476",NA,NA,"P038","3-back",0,"0","PLACEBO"
"5477",NA,NA,"P038","3-back",0,"0","PLACEBO"
"5478",0.256535916203575,"0","P038","3-back",1,"0","PLACEBO"
"5479",0.53688627328529,"1","P038","3-back",0,"0","PLACEBO"
"5480",NA,NA,"P038","3-back",0,"1","PLACEBO"
"5481",NA,NA,"P038","1-back",0,"0","PLACEBO"
"5482",1.33380929661735,"1","P038","1-back",1,"1","PLACEBO"
"5483",1.70454218884197,"0","P038","1-back",1,"0","PLACEBO"
"5484",1.00007153445131,"0","P038","1-back",1,"0","PLACEBO"
"5485",0.530828238318009,"0","P038","1-back",1,"0","PLACEBO"
"5486",0.601583897159344,"0","P038","1-back",1,"0","PLACEBO"
"5487",0.648857594812398,"0","P038","1-back",1,"0","PLACEBO"
"5488",0.441287943583575,"0","P038","1-back",0,"1","PLACEBO"
"5489",0.760380737451669,"0","P038","1-back",1,"0","PLACEBO"
"5490",0.442504651294257,"0","P038","1-back",0,"1","PLACEBO"
"5491",0.468115228938586,"0","P038","0-back",1,"0","PLACEBO"
"5492",0.4367038293326,"1","P038","0-back",0,"0","PLACEBO"
"5493",0.459878192380529,"0","P038","0-back",1,"0","PLACEBO"
"5494",0.34377373466441,"0","P038","0-back",1,"0","PLACEBO"
"5495",0.445476130197676,"0","P038","0-back",1,"0","PLACEBO"
"5496",0.41359695748406,"0","P038","0-back",1,"0","PLACEBO"
"5497",0.374096877552347,"0","P038","0-back",0,"1","PLACEBO"
"5498",0.368820745239645,"1","P038","0-back",1,"1","PLACEBO"
"5499",0.486265696369173,"0","P038","0-back",1,"0","PLACEBO"
"5500",0.512737175583879,"0","P038","0-back",1,"0","PLACEBO"
"5501",NA,NA,"P038","3-back",0,"0","PLACEBO"
"5502",NA,NA,"P038","3-back",0,"0","PLACEBO"
"5503",NA,NA,"P038","3-back",0,"0","PLACEBO"
"5504",0.902254392681698,"0","P038","3-back",1,"0","PLACEBO"
"5505",1.68422236142032,"0","P038","3-back",0,"1","PLACEBO"
"5506",0.945214251902144,"0","P038","3-back",1,"0","PLACEBO"
"5507",1.53227043506013,"1","P038","3-back",1,"1","PLACEBO"
"5508",0.980667659026039,"0","P038","3-back",1,"0","PLACEBO"
"5509",NA,NA,"P038","3-back",0,"1","PLACEBO"
"5510",1.96022093570809,"1","P038","3-back",0,"0","PLACEBO"
"5511",NA,NA,"P038","2-back",0,"0","PLACEBO"
"5512",NA,NA,"P038","2-back",0,"0","PLACEBO"
"5513",1.30183712911685,"1","P038","2-back",1,"1","PLACEBO"
"5514",NA,NA,"P038","2-back",0,"0","PLACEBO"
"5515",1.17956329150547,"0","P038","2-back",1,"0","PLACEBO"
"5516",0.914440130951334,"0","P038","2-back",1,"0","PLACEBO"
"5517",0.610431775727648,"0","P038","2-back",1,"0","PLACEBO"
"5518",NA,NA,"P038","2-back",0,"0","PLACEBO"
"5519",0.606964220955433,"0","P038","2-back",0,"1","PLACEBO"
"5520",NA,NA,"P038","2-back",0,"1","PLACEBO"
"5521",NA,NA,"P038","3-back",0,"0","PLACEBO"
"5522",NA,NA,"P038","3-back",0,"0","PLACEBO"
"5523",NA,NA,"P038","3-back",0,"0","PLACEBO"
"5524",0.9860874822798,"0","P038","3-back",1,"0","PLACEBO"
"5525",NA,NA,"P038","3-back",0,"0","PLACEBO"
"5526",0.50753288874148,"0","P038","3-back",1,"0","PLACEBO"
"5527",NA,NA,"P038","3-back",0,"0","PLACEBO"
"5528",1.34319337255101,"1","P038","3-back",1,"1","PLACEBO"
"5529",NA,NA,"P038","3-back",0,"0","PLACEBO"
"5530",0.527675746150635,"0","P038","3-back",0,"1","PLACEBO"
"5531",0.490004771036638,"1","P038","0-back",1,"1","PLACEBO"
"5532",0.498128285530584,"0","P038","0-back",1,"0","PLACEBO"
"5533",1.19518672668892,"0","P038","0-back",1,"0","PLACEBO"
"5534",0.688446004241086,"0","P038","0-back",1,"0","PLACEBO"
"5535",0.507161531633756,"0","P038","0-back",1,"0","PLACEBO"
"5536",0.499657878710877,"0","P038","0-back",1,"0","PLACEBO"
"5537",0.313169741300044,"0","P038","0-back",1,"0","PLACEBO"
"5538",0.491588792604489,"1","P038","0-back",1,"1","PLACEBO"
"5539",0.436459679140171,"0","P038","0-back",1,"0","PLACEBO"
"5540",0.74535352636849,"1","P038","0-back",1,"1","PLACEBO"
"5541",NA,NA,"P038","2-back",0,"0","PLACEBO"
"5542",NA,NA,"P038","2-back",0,"0","PLACEBO"
"5543",0.873649320702953,"0","P038","2-back",1,"0","PLACEBO"
"5544",1.00707506825302,"0","P038","2-back",1,"0","PLACEBO"
"5545",1.52296722415849,"0","P038","2-back",1,"0","PLACEBO"
"5546",NA,NA,"P038","2-back",0,"1","PLACEBO"
"5547",0.344081021785314,"0","P038","2-back",0,"1","PLACEBO"
"5548",NA,NA,"P038","2-back",0,"0","PLACEBO"
"5549",NA,NA,"P038","2-back",0,"0","PLACEBO"
"5550",0.676026690436629,"1","P038","2-back",1,"1","PLACEBO"
"5551",NA,NA,"P038","1-back",0,"0","PLACEBO"
"5552",0.465513241026656,"1","P038","1-back",1,"1","PLACEBO"
"5553",1.13001604237843,"0","P038","1-back",1,"0","PLACEBO"
"5554",0.856904038710582,"0","P038","1-back",1,"0","PLACEBO"
"5555",0.831985479128434,"0","P038","1-back",1,"0","PLACEBO"
"5556",0.901179198776845,"0","P038","1-back",1,"0","PLACEBO"
"5557",0.555839792687038,"0","P038","1-back",1,"0","PLACEBO"
"5558",0.77108198034739,"0","P038","1-back",1,"0","PLACEBO"
"5559",0.384166440141144,"1","P038","1-back",1,"1","PLACEBO"
"5560",0.7929951599167,"0","P038","1-back",1,"0","PLACEBO"
"5561",NA,NA,"P038","2-back",0,"0","PLACEBO"
"5562",NA,NA,"P038","2-back",0,"0","PLACEBO"
"5563",0.92995191018781,"0","P038","2-back",1,"0","PLACEBO"
"5564",NA,NA,"P038","2-back",0,"0","PLACEBO"
"5565",0.376804301024549,"0","P038","2-back",1,"0","PLACEBO"
"5566",NA,NA,"P038","2-back",0,"0","PLACEBO"
"5567",0.920638746667009,"1","P038","2-back",1,"1","PLACEBO"
"5568",0.846360171608012,"1","P038","2-back",1,"1","PLACEBO"
"5569",1.04056501019795,"0","P038","2-back",1,"0","PLACEBO"
"5570",0.961551165482888,"0","P038","2-back",1,"0","PLACEBO"
"5571",0.709315713879732,"0","P038","0-back",1,"0","PLACEBO"
"5572",0.481847666453177,"1","P038","0-back",1,"1","PLACEBO"
"5573",0.687577949225215,"0","P038","0-back",1,"0","PLACEBO"
"5574",0.573111941463594,"0","P038","0-back",1,"0","PLACEBO"
"5575",0.44683497375263,"0","P038","0-back",1,"0","PLACEBO"
"5576",0.3942045897752,"0","P038","0-back",1,"0","PLACEBO"
"5577",0.458635048024462,"0","P038","0-back",1,"0","PLACEBO"
"5578",0.450638429426817,"0","P038","0-back",1,"0","PLACEBO"
"5579",0.411527123686483,"0","P038","0-back",1,"0","PLACEBO"
"5580",0.534623296469363,"1","P038","0-back",1,"1","PLACEBO"
"5581",NA,NA,"P038","1-back",0,"0","PLACEBO"
"5582",0.719588372106045,"0","P038","1-back",1,"0","PLACEBO"
"5583",1.25928252811445,"0","P038","1-back",1,"0","PLACEBO"
"5584",0.922019361576531,"0","P038","1-back",1,"0","PLACEBO"
"5585",0.489633413928914,"0","P038","1-back",1,"0","PLACEBO"
"5586",0.385201201529981,"1","P038","1-back",1,"1","PLACEBO"
"5587",0.524066055534149,"1","P038","1-back",1,"1","PLACEBO"
"5588",0.514779639677727,"1","P038","1-back",0,"0","PLACEBO"
"5589",0.90047131872825,"0","P038","1-back",1,"0","PLACEBO"
"5590",0.726637625752574,"1","P038","1-back",1,"1","PLACEBO"
"5591",NA,NA,"P038","3-back",0,"0","PLACEBO"
"5592",NA,NA,"P038","3-back",0,"0","PLACEBO"
"5593",NA,NA,"P038","3-back",0,"0","PLACEBO"
"5594",0.783513423906243,"1","P038","3-back",1,"1","PLACEBO"
"5595",NA,NA,"P038","3-back",0,"0","PLACEBO"
"5596",0.725472858273861,"0","P038","3-back",1,"0","PLACEBO"
"5597",1.31637635083507,"1","P038","3-back",1,"1","PLACEBO"
"5598",1.71846403714289,"0","P038","3-back",0,"1","PLACEBO"
"5599",1.73837176392135,"0","P038","3-back",1,"0","PLACEBO"
"5600",NA,NA,"P038","3-back",0,"0","PLACEBO"
"5601",0.96875932077819,"0","P039","0-back",1,"0","ACTIVE"
"5602",0.44313202372723,"0","P039","0-back",1,"0","ACTIVE"
"5603",0.29720461436591,"0","P039","0-back",1,"0","ACTIVE"
"5604",0.519761835967074,"1","P039","0-back",1,"1","ACTIVE"
"5605",0.333085349473549,"0","P039","0-back",1,"0","ACTIVE"
"5606",0.379692112281191,"0","P039","0-back",1,"0","ACTIVE"
"5607",0.384249437760445,"1","P039","0-back",1,"1","ACTIVE"
"5608",0.350813603741699,"0","P039","0-back",1,"0","ACTIVE"
"5609",0.38375865364651,"0","P039","0-back",1,"0","ACTIVE"
"5610",0.346598085445294,"1","P039","0-back",1,"1","ACTIVE"
"5611",0.569353735605546,"0","P039","1-back",1,"0","ACTIVE"
"5612",0.475781607914541,"1","P039","1-back",0,"0","ACTIVE"
"5613",0.37583986131358,"0","P039","1-back",1,"0","ACTIVE"
"5614",0.764488628145045,"1","P039","1-back",1,"1","ACTIVE"
"5615",0.447496518947446,"0","P039","1-back",1,"0","ACTIVE"
"5616",0.698873155943147,"0","P039","1-back",1,"0","ACTIVE"
"5617",0.593613026368985,"0","P039","1-back",1,"0","ACTIVE"
"5618",0.530260821589764,"0","P039","1-back",1,"0","ACTIVE"
"5619",0.681727746687102,"0","P039","1-back",1,"0","ACTIVE"
"5620",0.800560327414132,"0","P039","1-back",0,"1","ACTIVE"
"5621",0.335732411316712,"0","P039","2-back",1,"0","ACTIVE"
"5622",0.307402535967412,"0","P039","2-back",1,"0","ACTIVE"
"5623",0.394907041820261,"0","P039","2-back",1,"0","ACTIVE"
"5624",0.634451054236706,"1","P039","2-back",1,"1","ACTIVE"
"5625",0.484817260672571,"0","P039","2-back",1,"0","ACTIVE"
"5626",0.473335773778672,"0","P039","2-back",1,"0","ACTIVE"
"5627",0.827009174674458,"0","P039","2-back",1,"0","ACTIVE"
"5628",0.591187408310361,"0","P039","2-back",1,"0","ACTIVE"
"5629",0.81704731463833,"1","P039","2-back",0,"0","ACTIVE"
"5630",0.988111081427633,"1","P039","2-back",1,"1","ACTIVE"
"5631",0.3651250302064,"0","P039","3-back",1,"0","ACTIVE"
"5632",0.417239585065545,"0","P039","3-back",1,"0","ACTIVE"
"5633",0.570880204824789,"0","P039","3-back",1,"0","ACTIVE"
"5634",0.492395178869629,"1","P039","3-back",1,"1","ACTIVE"
"5635",0.610068911933922,"0","P039","3-back",1,"0","ACTIVE"
"5636",0.760526899353863,"0","P039","3-back",1,"0","ACTIVE"
"5637",0.881202564145497,"0","P039","3-back",1,"0","ACTIVE"
"5638",0.985377556982712,"0","P039","3-back",1,"0","ACTIVE"
"5639",0.914722372632241,"0","P039","3-back",1,"0","ACTIVE"
"5640",1.05609027939499,"0","P039","3-back",0,"1","ACTIVE"
"5641",0.413868787716638,"0","P039","1-back",1,"0","ACTIVE"
"5642",0.443641157817183,"1","P039","1-back",1,"1","ACTIVE"
"5643",0.640486641372263,"0","P039","1-back",1,"0","ACTIVE"
"5644",0.491416409793601,"0","P039","1-back",1,"0","ACTIVE"
"5645",0.433994357535994,"0","P039","1-back",1,"0","ACTIVE"
"5646",0.568720816929272,"0","P039","1-back",1,"0","ACTIVE"
"5647",0.622195758172893,"0","P039","1-back",1,"0","ACTIVE"
"5648",0.882030490196485,"0","P039","1-back",0,"1","ACTIVE"
"5649",0.512534744437289,"0","P039","1-back",1,"0","ACTIVE"
"5650",0.522875111615576,"1","P039","1-back",1,"1","ACTIVE"
"5651",0.485271966867003,"0","P039","0-back",1,"0","ACTIVE"
"5652",0.451149408305355,"0","P039","0-back",1,"0","ACTIVE"
"5653",0.427720531726663,"0","P039","0-back",1,"0","ACTIVE"
"5654",0.429694864775229,"0","P039","0-back",1,"0","ACTIVE"
"5655",0.427208287474059,"0","P039","0-back",1,"0","ACTIVE"
"5656",0.655064920036239,"0","P039","0-back",1,"0","ACTIVE"
"5657",0.409761503178743,"1","P039","0-back",1,"1","ACTIVE"
"5658",0.399273092123622,"1","P039","0-back",1,"1","ACTIVE"
"5659",0.41300198459794,"0","P039","0-back",1,"0","ACTIVE"
"5660",0.546898651835363,"0","P039","0-back",1,"0","ACTIVE"
"5661",0.376699511049083,"0","P039","3-back",1,"0","ACTIVE"
"5662",0.378074515210756,"0","P039","3-back",1,"0","ACTIVE"
"5663",0.704668949321785,"0","P039","3-back",1,"0","ACTIVE"
"5664",0.572330474988121,"0","P039","3-back",1,"0","ACTIVE"
"5665",0.672994713029766,"1","P039","3-back",1,"1","ACTIVE"
"5666",0.589245731996925,"0","P039","3-back",1,"0","ACTIVE"
"5667",0.735017944101855,"0","P039","3-back",0,"1","ACTIVE"
"5668",0.72009692519714,"0","P039","3-back",1,"0","ACTIVE"
"5669",0.71012542364042,"1","P039","3-back",1,"1","ACTIVE"
"5670",0.477775535000546,"0","P039","3-back",1,"0","ACTIVE"
"5671",0.752054497563222,"0","P039","2-back",1,"0","ACTIVE"
"5672",0.77780666776016,"0","P039","2-back",1,"0","ACTIVE"
"5673",0.703153365680919,"1","P039","2-back",1,"1","ACTIVE"
"5674",0.615603451413335,"0","P039","2-back",1,"0","ACTIVE"
"5675",0.638837631635397,"0","P039","2-back",1,"0","ACTIVE"
"5676",0.71366168179884,"0","P039","2-back",1,"0","ACTIVE"
"5677",0.611939054440882,"0","P039","2-back",1,"0","ACTIVE"
"5678",0.757853401104512,"0","P039","2-back",1,"0","ACTIVE"
"5679",1.14070699659715,"0","P039","2-back",0,"1","ACTIVE"
"5680",1.1661475282126,"1","P039","2-back",1,"1","ACTIVE"
"5681",0.896193561773543,"0","P039","3-back",1,"0","ACTIVE"
"5682",0.655708413276443,"0","P039","3-back",1,"0","ACTIVE"
"5683",0.726224262212781,"0","P039","3-back",1,"0","ACTIVE"
"5684",0.560731423836842,"0","P039","3-back",1,"0","ACTIVE"
"5685",0.652278522786219,"0","P039","3-back",1,"0","ACTIVE"
"5686",0.689235375146382,"0","P039","3-back",1,"0","ACTIVE"
"5687",0.983225633484835,"0","P039","3-back",1,"0","ACTIVE"
"5688",0.795408960322675,"1","P039","3-back",1,"1","ACTIVE"
"5689",1.20504201367294,"0","P039","3-back",1,"0","ACTIVE"
"5690",0.872181529161026,"0","P039","3-back",0,"1","ACTIVE"
"5691",0.558030556130689,"0","P039","0-back",0,"1","ACTIVE"
"5692",0.553066732023581,"0","P039","0-back",1,"0","ACTIVE"
"5693",0.501867187846074,"0","P039","0-back",1,"0","ACTIVE"
"5694",0.427056511394767,"0","P039","0-back",1,"0","ACTIVE"
"5695",0.350763530073891,"0","P039","0-back",1,"0","ACTIVE"
"5696",0.359008267751051,"0","P039","0-back",1,"0","ACTIVE"
"5697",0.374373729304352,"0","P039","0-back",1,"0","ACTIVE"
"5698",0.498335594944365,"1","P039","0-back",1,"1","ACTIVE"
"5699",0.552020783368789,"0","P039","0-back",1,"0","ACTIVE"
"5700",0.468278644701059,"1","P039","0-back",1,"1","ACTIVE"
"5701",0.779273732820002,"0","P039","2-back",1,"0","ACTIVE"
"5702",0.843725692113367,"0","P039","2-back",1,"0","ACTIVE"
"5703",0.665032067361608,"0","P039","2-back",1,"0","ACTIVE"
"5704",0.58068593455755,"0","P039","2-back",1,"0","ACTIVE"
"5705",0.516110190674226,"0","P039","2-back",1,"0","ACTIVE"
"5706",1.01932998948905,"1","P039","2-back",1,"1","ACTIVE"
"5707",0.968079749618482,"0","P039","2-back",0,"1","ACTIVE"
"5708",0.582020506564731,"0","P039","2-back",1,"0","ACTIVE"
"5709",0.867173540704243,"0","P039","2-back",1,"0","ACTIVE"
"5710",1.31688698560538,"0","P039","2-back",0,"1","ACTIVE"
"5711",0.742649668158265,"0","P039","1-back",1,"0","ACTIVE"
"5712",0.476280167436926,"1","P039","1-back",1,"1","ACTIVE"
"5713",0.56884926676139,"0","P039","1-back",1,"0","ACTIVE"
"5714",0.487592150315322,"0","P039","1-back",1,"0","ACTIVE"
"5715",0.691468784978497,"0","P039","1-back",1,"0","ACTIVE"
"5716",0.575769073944684,"0","P039","1-back",1,"0","ACTIVE"
"5717",0.745315702009975,"0","P039","1-back",1,"0","ACTIVE"
"5718",0.720198938626709,"0","P039","1-back",1,"0","ACTIVE"
"5719",1.04127065188732,"0","P039","1-back",0,"1","ACTIVE"
"5720",0.525214889108611,"0","P039","1-back",1,"0","ACTIVE"
"5721",0.556857090698031,"0","P039","2-back",1,"0","ACTIVE"
"5722",0.589797786371491,"0","P039","2-back",1,"0","ACTIVE"
"5723",0.535712630662601,"0","P039","2-back",1,"0","ACTIVE"
"5724",0.578585950821434,"0","P039","2-back",1,"0","ACTIVE"
"5725",0.71305240037691,"0","P039","2-back",1,"0","ACTIVE"
"5726",1.37443935379633,"0","P039","2-back",1,"0","ACTIVE"
"5727",1.11840742110144,"0","P039","2-back",0,"1","ACTIVE"
"5728",1.06583536090329,"0","P039","2-back",0,"1","ACTIVE"
"5729",0.94325254263822,"0","P039","2-back",1,"0","ACTIVE"
"5730",0.74485975175412,"0","P039","2-back",1,"0","ACTIVE"
"5731",0.524278729299112,"0","P039","0-back",1,"0","ACTIVE"
"5732",0.573365849075344,"1","P039","0-back",1,"1","ACTIVE"
"5733",0.507592691486934,"0","P039","0-back",1,"0","ACTIVE"
"5734",0.385056836719741,"0","P039","0-back",1,"0","ACTIVE"
"5735",0.401587988293613,"0","P039","0-back",1,"0","ACTIVE"
"5736",0.515819701220607,"0","P039","0-back",1,"0","ACTIVE"
"5737",0.393480097893189,"0","P039","0-back",1,"0","ACTIVE"
"5738",0.395118222055316,"0","P039","0-back",1,"0","ACTIVE"
"5739",0.462631828249869,"0","P039","0-back",1,"0","ACTIVE"
"5740",0.461408911185572,"1","P039","0-back",1,"1","ACTIVE"
"5741",0.262779747721652,"0","P039","1-back",1,"0","ACTIVE"
"5742",0.519078532612184,"0","P039","1-back",1,"0","ACTIVE"
"5743",0.528689877002762,"0","P039","1-back",1,"0","ACTIVE"
"5744",0.516400369113398,"0","P039","1-back",1,"0","ACTIVE"
"5745",0.451041485564929,"0","P039","1-back",1,"0","ACTIVE"
"5746",0.57030015896089,"1","P039","1-back",1,"1","ACTIVE"
"5747",0.542383313590108,"1","P039","1-back",1,"1","ACTIVE"
"5748",0.486928752019594,"0","P039","1-back",1,"0","ACTIVE"
"5749",0.832269708575041,"0","P039","1-back",1,"0","ACTIVE"
"5750",0.60504661671439,"1","P039","1-back",1,"1","ACTIVE"
"5751",0.616398098693026,"0","P039","3-back",1,"0","ACTIVE"
"5752",0.399859047298378,"0","P039","3-back",1,"0","ACTIVE"
"5753",0.825477729191334,"0","P039","3-back",1,"0","ACTIVE"
"5754",0.342896988520806,"1","P039","3-back",1,"1","ACTIVE"
"5755",NA,NA,"P039","3-back",0,"0","ACTIVE"
"5756",0.532087110761495,"0","P039","3-back",1,"0","ACTIVE"
"5757",0.644399851586059,"0","P039","3-back",0,"1","ACTIVE"
"5758",0.90301633179115,"0","P039","3-back",0,"1","ACTIVE"
"5759",0.952680387264991,"0","P039","3-back",1,"0","ACTIVE"
"5760",1.02488723317219,"0","P039","3-back",1,"0","ACTIVE"
"5761",1.76514037503875,"0","P040","0-back",1,"0","PLACEBO"
"5762",0.550057476197253,"0","P040","0-back",1,"0","PLACEBO"
"5763",0.393532186048105,"0","P040","0-back",1,"0","PLACEBO"
"5764",0.436266112308658,"1","P040","0-back",1,"1","PLACEBO"
"5765",0.424783624508564,"0","P040","0-back",1,"0","PLACEBO"
"5766",0.403066454677173,"0","P040","0-back",1,"0","PLACEBO"
"5767",0.415974961775646,"1","P040","0-back",1,"1","PLACEBO"
"5768",0.675946211234987,"0","P040","0-back",1,"0","PLACEBO"
"5769",0.369498862295586,"0","P040","0-back",1,"0","PLACEBO"
"5770",0.324492013669442,"0","P040","0-back",0,"1","PLACEBO"
"5771",0.499492729011763,"0","P040","1-back",1,"0","PLACEBO"
"5772",0.602758608678414,"0","P040","1-back",1,"0","PLACEBO"
"5773",0.888224035252279,"0","P040","1-back",1,"0","PLACEBO"
"5774",0.62957585800541,"1","P040","1-back",1,"1","PLACEBO"
"5775",0.516138433038577,"0","P040","1-back",1,"0","PLACEBO"
"5776",0.453016318513619,"0","P040","1-back",1,"0","PLACEBO"
"5777",0.406227956571456,"0","P040","1-back",1,"0","PLACEBO"
"5778",0.440831862215418,"0","P040","1-back",1,"0","PLACEBO"
"5779",0.577929699891683,"0","P040","1-back",1,"0","PLACEBO"
"5780",0.970451387203866,"1","P040","1-back",1,"1","PLACEBO"
"5781",1.07531154711796,"0","P040","2-back",1,"0","PLACEBO"
"5782",1.1743873870837,"0","P040","2-back",1,"0","PLACEBO"
"5783",0.71033769132373,"0","P040","2-back",1,"0","PLACEBO"
"5784",1.13277126090725,"1","P040","2-back",1,"1","PLACEBO"
"5785",1.16551309947317,"1","P040","2-back",0,"0","PLACEBO"
"5786",1.0333097581406,"0","P040","2-back",1,"0","PLACEBO"
"5787",1.28941411600499,"0","P040","2-back",1,"0","PLACEBO"
"5788",0.94682798568283,"0","P040","2-back",1,"0","PLACEBO"
"5789",1.33516709773721,"1","P040","2-back",0,"0","PLACEBO"
"5790",1.29160648460856,"0","P040","2-back",0,"1","PLACEBO"
"5791",1.41951466202772,"0","P040","3-back",1,"0","PLACEBO"
"5792",NA,NA,"P040","3-back",0,"0","PLACEBO"
"5793",1.09306447659947,"0","P040","3-back",1,"0","PLACEBO"
"5794",0.509936104383087,"1","P040","3-back",1,"1","PLACEBO"
"5795",1.36551409473032,"0","P040","3-back",1,"0","PLACEBO"
"5796",0.996820148020561,"0","P040","3-back",1,"0","PLACEBO"
"5797",0.916576471334338,"0","P040","3-back",1,"0","PLACEBO"
"5798",0.274958603451523,"0","P040","3-back",1,"0","PLACEBO"
"5799",0.565753952110754,"0","P040","3-back",1,"0","PLACEBO"
"5800",0.940379952500734,"1","P040","3-back",1,"1","PLACEBO"
"5801",1.14372221828307,"0","P040","1-back",1,"0","PLACEBO"
"5802",0.410653126171383,"1","P040","1-back",1,"1","PLACEBO"
"5803",0.598014023196811,"0","P040","1-back",1,"0","PLACEBO"
"5804",0.625117409441373,"0","P040","1-back",1,"0","PLACEBO"
"5805",0.58876433639125,"0","P040","1-back",1,"0","PLACEBO"
"5806",0.823733750845349,"0","P040","1-back",1,"0","PLACEBO"
"5807",0.830301837122533,"0","P040","1-back",1,"0","PLACEBO"
"5808",0.467074349568065,"1","P040","1-back",1,"1","PLACEBO"
"5809",0.480904093124991,"0","P040","1-back",1,"0","PLACEBO"
"5810",0.41916383329044,"1","P040","1-back",1,"1","PLACEBO"
"5811",0.592833078921103,"0","P040","0-back",1,"0","PLACEBO"
"5812",0.407301903060215,"0","P040","0-back",1,"0","PLACEBO"
"5813",0.385435133382998,"0","P040","0-back",1,"0","PLACEBO"
"5814",0.498617523273424,"0","P040","0-back",1,"0","PLACEBO"
"5815",0.42497583387194,"0","P040","0-back",1,"0","PLACEBO"
"5816",0.402659331608447,"0","P040","0-back",1,"0","PLACEBO"
"5817",0.312450625831843,"1","P040","0-back",1,"1","PLACEBO"
"5818",0.474641426902963,"1","P040","0-back",1,"1","PLACEBO"
"5819",0.393446344973199,"0","P040","0-back",1,"0","PLACEBO"
"5820",0.407400184869402,"0","P040","0-back",1,"0","PLACEBO"
"5821",1.09433280958001,"0","P040","3-back",1,"0","PLACEBO"
"5822",0.783545199057698,"0","P040","3-back",1,"0","PLACEBO"
"5823",0.309324580031898,"0","P040","3-back",1,"0","PLACEBO"
"5824",0.422250068733774,"0","P040","3-back",1,"0","PLACEBO"
"5825",0.698656773793118,"0","P040","3-back",0,"1","PLACEBO"
"5826",0.812182527981349,"0","P040","3-back",1,"0","PLACEBO"
"5827",0.423650895547325,"1","P040","3-back",1,"1","PLACEBO"
"5828",0.671814954012007,"0","P040","3-back",1,"0","PLACEBO"
"5829",0.661528331909722,"1","P040","3-back",1,"1","PLACEBO"
"5830",0.834174638068362,"0","P040","3-back",1,"0","PLACEBO"
"5831",NA,NA,"P040","2-back",0,"0","PLACEBO"
"5832",0.793621883751257,"0","P040","2-back",1,"0","PLACEBO"
"5833",0.465756875682928,"1","P040","2-back",1,"1","PLACEBO"
"5834",0.700300194945157,"0","P040","2-back",1,"0","PLACEBO"
"5835",0.382807961075741,"0","P040","2-back",1,"0","PLACEBO"
"5836",0.786223378379873,"0","P040","2-back",1,"0","PLACEBO"
"5837",0.440029123761633,"0","P040","2-back",1,"0","PLACEBO"
"5838",0.564449852017788,"1","P040","2-back",0,"0","PLACEBO"
"5839",0.6470672210271,"0","P040","2-back",0,"1","PLACEBO"
"5840",0.506566220168679,"1","P040","2-back",1,"1","PLACEBO"
"5841",1.504292986785,"0","P040","3-back",1,"0","PLACEBO"
"5842",0.633239343576861,"0","P040","3-back",1,"0","PLACEBO"
"5843",0.72052851976332,"0","P040","3-back",1,"0","PLACEBO"
"5844",0.642203515502842,"0","P040","3-back",1,"0","PLACEBO"
"5845",1.24301079482575,"0","P040","3-back",1,"0","PLACEBO"
"5846",0.74650415333781,"0","P040","3-back",1,"0","PLACEBO"
"5847",0.567265812485857,"1","P040","3-back",0,"0","PLACEBO"
"5848",0.963662788888541,"1","P040","3-back",1,"1","PLACEBO"
"5849",1.15094966354081,"1","P040","3-back",0,"0","PLACEBO"
"5850",0.966544374237856,"0","P040","3-back",0,"1","PLACEBO"
"5851",0.694095689161259,"1","P040","0-back",1,"1","PLACEBO"
"5852",0.923479835433682,"0","P040","0-back",1,"0","PLACEBO"
"5853",0.650540052325596,"0","P040","0-back",1,"0","PLACEBO"
"5854",0.481160994313541,"0","P040","0-back",1,"0","PLACEBO"
"5855",0.539691233387202,"0","P040","0-back",1,"0","PLACEBO"
"5856",0.364079055898401,"0","P040","0-back",1,"0","PLACEBO"
"5857",0.484341779347233,"0","P040","0-back",1,"0","PLACEBO"
"5858",0.503221217426471,"1","P040","0-back",1,"1","PLACEBO"
"5859",0.435864587570904,"0","P040","0-back",1,"0","PLACEBO"
"5860",0.507388241763692,"1","P040","0-back",1,"1","PLACEBO"
"5861",1.49156362627582,"0","P040","2-back",1,"0","PLACEBO"
"5862",0.739884126989637,"0","P040","2-back",1,"0","PLACEBO"
"5863",1.07011256377518,"0","P040","2-back",1,"0","PLACEBO"
"5864",0.631087718380513,"0","P040","2-back",1,"0","PLACEBO"
"5865",1.12362825340824,"1","P040","2-back",0,"0","PLACEBO"
"5866",1.52726698191327,"1","P040","2-back",1,"1","PLACEBO"
"5867",1.58301920476333,"1","P040","2-back",1,"1","PLACEBO"
"5868",0.759694443097032,"0","P040","2-back",1,"0","PLACEBO"
"5869",1.97451857463966,"0","P040","2-back",1,"0","PLACEBO"
"5870",0.93639269679079,"1","P040","2-back",1,"1","PLACEBO"
"5871",1.4028126636731,"0","P040","1-back",1,"0","PLACEBO"
"5872",0.418561079655774,"1","P040","1-back",1,"1","PLACEBO"
"5873",0.635504801502975,"0","P040","1-back",1,"0","PLACEBO"
"5874",0.45802682471367,"0","P040","1-back",1,"0","PLACEBO"
"5875",0.455578176959534,"0","P040","1-back",1,"0","PLACEBO"
"5876",0.61917944641209,"0","P040","1-back",1,"0","PLACEBO"
"5877",0.485207343517686,"0","P040","1-back",1,"0","PLACEBO"
"5878",0.500996502909402,"0","P040","1-back",1,"0","PLACEBO"
"5879",0.349453105269276,"1","P040","1-back",1,"1","PLACEBO"
"5880",0.736093434899885,"0","P040","1-back",1,"0","PLACEBO"
"5881",1.44077090261271,"0","P040","2-back",1,"0","PLACEBO"
"5882",0.727089141601027,"0","P040","2-back",1,"0","PLACEBO"
"5883",0.549832920922199,"0","P040","2-back",1,"0","PLACEBO"
"5884",0.577703278506306,"0","P040","2-back",1,"0","PLACEBO"
"5885",0.601345652150485,"0","P040","2-back",1,"0","PLACEBO"
"5886",1.00878937959351,"1","P040","2-back",0,"0","PLACEBO"
"5887",1.12140291685319,"1","P040","2-back",1,"1","PLACEBO"
"5888",0.815784431912107,"0","P040","2-back",0,"1","PLACEBO"
"5889",1.63335348732471,"0","P040","2-back",1,"0","PLACEBO"
"5890",1.3139833244386,"0","P040","2-back",1,"0","PLACEBO"
"5891",0.996717200932835,"0","P040","0-back",1,"0","PLACEBO"
"5892",0.513694761579245,"1","P040","0-back",1,"1","PLACEBO"
"5893",0.626510149773821,"0","P040","0-back",1,"0","PLACEBO"
"5894",0.666545058478732,"0","P040","0-back",1,"0","PLACEBO"
"5895",0.322894001201348,"0","P040","0-back",1,"0","PLACEBO"
"5896",0.375917348730582,"0","P040","0-back",1,"0","PLACEBO"
"5897",0.388693984034035,"0","P040","0-back",1,"0","PLACEBO"
"5898",0.321602341844482,"0","P040","0-back",1,"0","PLACEBO"
"5899",0.338641173109863,"0","P040","0-back",1,"0","PLACEBO"
"5900",0.440033167000365,"1","P040","0-back",1,"1","PLACEBO"
"5901",0.931638469741301,"0","P040","1-back",1,"0","PLACEBO"
"5902",0.382031037146589,"0","P040","1-back",1,"0","PLACEBO"
"5903",0.453854824081645,"0","P040","1-back",1,"0","PLACEBO"
"5904",0.437939702243966,"0","P040","1-back",1,"0","PLACEBO"
"5905",0.360494880014812,"0","P040","1-back",1,"0","PLACEBO"
"5906",0.388601611572085,"1","P040","1-back",1,"1","PLACEBO"
"5907",0.555776793300538,"1","P040","1-back",1,"1","PLACEBO"
"5908",0.512353961315966,"0","P040","1-back",1,"0","PLACEBO"
"5909",0.444996087388063,"0","P040","1-back",1,"0","PLACEBO"
"5910",0.731541680817827,"1","P040","1-back",1,"1","PLACEBO"
"5911",1.10539480051921,"0","P040","3-back",1,"0","PLACEBO"
"5912",0.595479534367769,"0","P040","3-back",1,"0","PLACEBO"
"5913",0.506937265103261,"0","P040","3-back",1,"0","PLACEBO"
"5914",0.466227757518936,"1","P040","3-back",1,"1","PLACEBO"
"5915",0.580729487404824,"0","P040","3-back",1,"0","PLACEBO"
"5916",0.739685075222951,"0","P040","3-back",1,"0","PLACEBO"
"5917",0.829750090506423,"1","P040","3-back",1,"1","PLACEBO"
"5918",0.645638402560508,"1","P040","3-back",1,"1","PLACEBO"
"5919",1.25817822846511,"0","P040","3-back",1,"0","PLACEBO"
"5920",1.03857903163771,"0","P040","3-back",1,"0","PLACEBO"
"5921",0.839122250891251,"0","P041","0-back",1,"0","PLACEBO"
"5922",0.936270692181552,"0","P041","0-back",1,"0","PLACEBO"
"5923",0.621661818896428,"0","P041","0-back",1,"0","PLACEBO"
"5924",0.55453585815485,"1","P041","0-back",1,"1","PLACEBO"
"5925",0.599262446411558,"0","P041","0-back",1,"0","PLACEBO"
"5926",0.436662577786137,"0","P041","0-back",1,"0","PLACEBO"
"5927",0.487434156998461,"1","P041","0-back",1,"1","PLACEBO"
"5928",0.485080666230715,"0","P041","0-back",1,"0","PLACEBO"
"5929",0.64247685386772,"0","P041","0-back",1,"0","PLACEBO"
"5930",0.583074460752869,"1","P041","0-back",1,"1","PLACEBO"
"5931",1.39415263135652,"0","P041","1-back",1,"0","PLACEBO"
"5932",NA,NA,"P041","1-back",0,"0","PLACEBO"
"5933",0.559972804383051,"1","P041","1-back",0,"0","PLACEBO"
"5934",0.539502690947756,"1","P041","1-back",1,"1","PLACEBO"
"5935",0.601943441577077,"1","P041","1-back",0,"0","PLACEBO"
"5936",0.698420701015039,"0","P041","1-back",1,"0","PLACEBO"
"5937",0.646223715672932,"1","P041","1-back",0,"0","PLACEBO"
"5938",0.833682505480283,"1","P041","1-back",0,"0","PLACEBO"
"5939",1.03091635295095,"1","P041","1-back",0,"0","PLACEBO"
"5940",0.670772549595313,"1","P041","1-back",1,"1","PLACEBO"
"5941",0.762418108349266,"0","P041","2-back",1,"0","PLACEBO"
"5942",0.812473096742451,"0","P041","2-back",1,"0","PLACEBO"
"5943",1.20999781041701,"0","P041","2-back",1,"0","PLACEBO"
"5944",0.752585200906651,"1","P041","2-back",1,"1","PLACEBO"
"5945",1.80390479792368,"0","P041","2-back",1,"0","PLACEBO"
"5946",1.65786209607768,"0","P041","2-back",1,"0","PLACEBO"
"5947",NA,NA,"P041","2-back",0,"0","PLACEBO"
"5948",0.305869202270515,"0","P041","2-back",1,"0","PLACEBO"
"5949",0.0478803343098662,"0","P041","2-back",1,"0","PLACEBO"
"5950",1.53556517368634,"1","P041","2-back",1,"1","PLACEBO"
"5951",0.877471367469298,"0","P041","3-back",1,"0","PLACEBO"
"5952",1.39799528742014,"0","P041","3-back",1,"0","PLACEBO"
"5953",NA,NA,"P041","3-back",0,"0","PLACEBO"
"5954",1.24714856569835,"1","P041","3-back",1,"1","PLACEBO"
"5955",1.70592188911269,"0","P041","3-back",1,"0","PLACEBO"
"5956",NA,NA,"P041","3-back",0,"0","PLACEBO"
"5957",1.92683620177013,"0","P041","3-back",1,"0","PLACEBO"
"5958",1.4386593282461,"1","P041","3-back",0,"0","PLACEBO"
"5959",1.63608165403093,"1","P041","3-back",0,"0","PLACEBO"
"5960",1.2524072972833,"1","P041","3-back",1,"1","PLACEBO"
"5961",0.990696138122985,"0","P041","1-back",1,"0","PLACEBO"
"5962",1.46562945536607,"1","P041","1-back",1,"1","PLACEBO"
"5963",1.662218868732,"0","P041","1-back",1,"0","PLACEBO"
"5964",1.03197693224456,"0","P041","1-back",1,"0","PLACEBO"
"5965",1.1515847729429,"0","P041","1-back",1,"0","PLACEBO"
"5966",1.12781037961895,"0","P041","1-back",1,"0","PLACEBO"
"5967",1.15993100325204,"0","P041","1-back",1,"0","PLACEBO"
"5968",0.767675595852779,"1","P041","1-back",1,"1","PLACEBO"
"5969",1.09211893168231,"0","P041","1-back",1,"0","PLACEBO"
"5970",0.806761830590858,"1","P041","1-back",1,"1","PLACEBO"
"5971",0.997796421027033,"0","P041","0-back",1,"0","PLACEBO"
"5972",0.619246435085188,"0","P041","0-back",1,"0","PLACEBO"
"5973",0.557060721118887,"0","P041","0-back",1,"0","PLACEBO"
"5974",0.688682343749861,"0","P041","0-back",1,"0","PLACEBO"
"5975",0.548610921042837,"0","P041","0-back",1,"0","PLACEBO"
"5976",0.535621779384655,"0","P041","0-back",1,"0","PLACEBO"
"5977",0.569174651594949,"1","P041","0-back",1,"1","PLACEBO"
"5978",0.456494477522938,"1","P041","0-back",1,"1","PLACEBO"
"5979",1.11995649447772,"0","P041","0-back",1,"0","PLACEBO"
"5980",0.855885002102696,"0","P041","0-back",1,"0","PLACEBO"
"5981",NA,NA,"P041","3-back",0,"0","PLACEBO"
"5982",1.16009553300182,"0","P041","3-back",1,"0","PLACEBO"
"5983",1.23351654503676,"0","P041","3-back",1,"0","PLACEBO"
"5984",1.14250297957506,"0","P041","3-back",1,"0","PLACEBO"
"5985",1.68772782238511,"1","P041","3-back",1,"1","PLACEBO"
"5986",1.52828201083366,"0","P041","3-back",1,"0","PLACEBO"
"5987",NA,NA,"P041","3-back",0,"1","PLACEBO"
"5988",0.0156601841736119,"1","P041","3-back",0,"0","PLACEBO"
"5989",1.70942024568103,"0","P041","3-back",0,"1","PLACEBO"
"5990",1.270811302727,"1","P041","3-back",0,"0","PLACEBO"
"5991",NA,NA,"P041","2-back",0,"0","PLACEBO"
"5992",NA,NA,"P041","2-back",0,"0","PLACEBO"
"5993",NA,NA,"P041","2-back",0,"1","PLACEBO"
"5994",NA,NA,"P041","2-back",0,"0","PLACEBO"
"5995",NA,NA,"P041","2-back",0,"0","PLACEBO"
"5996",NA,NA,"P041","2-back",0,"0","PLACEBO"
"5997",NA,NA,"P041","2-back",0,"0","PLACEBO"
"5998",NA,NA,"P041","2-back",0,"0","PLACEBO"
"5999",NA,NA,"P041","2-back",0,"1","PLACEBO"
"6000",NA,NA,"P041","2-back",0,"1","PLACEBO"
"6001",NA,NA,"P041","3-back",0,"0","PLACEBO"
"6002",NA,NA,"P041","3-back",0,"0","PLACEBO"
"6003",NA,NA,"P041","3-back",0,"0","PLACEBO"
"6004",1.52411029527048,"0","P041","3-back",1,"0","PLACEBO"
"6005",1.79802091549482,"0","P041","3-back",1,"0","PLACEBO"
"6006",NA,NA,"P041","3-back",0,"0","PLACEBO"
"6007",0.111506072360498,"0","P041","3-back",1,"0","PLACEBO"
"6008",1.54469206500107,"0","P041","3-back",0,"1","PLACEBO"
"6009",0.973738999211037,"1","P041","3-back",0,"0","PLACEBO"
"6010",1.66230284421863,"1","P041","3-back",1,"1","PLACEBO"
"6011",1.2692614884686,"1","P041","0-back",1,"1","PLACEBO"
"6012",0.549100467027984,"0","P041","0-back",1,"0","PLACEBO"
"6013",0.538130469292355,"0","P041","0-back",1,"0","PLACEBO"
"6014",0.549848781919991,"0","P041","0-back",1,"0","PLACEBO"
"6015",1.12974461499425,"0","P041","0-back",1,"0","PLACEBO"
"6016",1.32470645902094,"0","P041","0-back",1,"0","PLACEBO"
"6017",0.599619186718883,"0","P041","0-back",1,"0","PLACEBO"
"6018",0.567988731111654,"1","P041","0-back",1,"1","PLACEBO"
"6019",NA,NA,"P041","0-back",0,"0","PLACEBO"
"6020",NA,NA,"P041","0-back",0,"1","PLACEBO"
"6021",0.706553260363762,"0","P041","2-back",1,"0","PLACEBO"
"6022",1.75637311739365,"0","P041","2-back",1,"0","PLACEBO"
"6023",1.8440404152243,"0","P041","2-back",1,"0","PLACEBO"
"6024",NA,NA,"P041","2-back",0,"0","PLACEBO"
"6025",1.05384850324572,"0","P041","2-back",1,"0","PLACEBO"
"6026",1.66299268729017,"1","P041","2-back",1,"1","PLACEBO"
"6027",1.08974273643116,"1","P041","2-back",1,"1","PLACEBO"
"6028",1.80879279328565,"0","P041","2-back",1,"0","PLACEBO"
"6029",1.39339902911888,"1","P041","2-back",0,"0","PLACEBO"
"6030",1.57570421221044,"1","P041","2-back",1,"1","PLACEBO"
"6031",NA,NA,"P041","1-back",0,"0","PLACEBO"
"6032",0.836696603409109,"0","P041","1-back",0,"1","PLACEBO"
"6033",0.894800486684744,"1","P041","1-back",0,"0","PLACEBO"
"6034",1.08610628684028,"0","P041","1-back",1,"0","PLACEBO"
"6035",1.67088669405302,"0","P041","1-back",1,"0","PLACEBO"
"6036",1.67788745045482,"0","P041","1-back",1,"0","PLACEBO"
"6037",1.29093618360639,"0","P041","1-back",1,"0","PLACEBO"
"6038",0.931782357932207,"0","P041","1-back",1,"0","PLACEBO"
"6039",1.04833380193713,"1","P041","1-back",1,"1","PLACEBO"
"6040",0.90163018190924,"0","P041","1-back",1,"0","PLACEBO"
"6041",NA,NA,"P041","2-back",0,"0","PLACEBO"
"6042",NA,NA,"P041","2-back",0,"0","PLACEBO"
"6043",NA,NA,"P041","2-back",0,"0","PLACEBO"
"6044",NA,NA,"P041","2-back",0,"0","PLACEBO"
"6045",NA,NA,"P041","2-back",0,"0","PLACEBO"
"6046",NA,NA,"P041","2-back",0,"0","PLACEBO"
"6047",1.80725137657555,"0","P041","2-back",0,"1","PLACEBO"
"6048",0.783083542546592,"0","P041","2-back",0,"1","PLACEBO"
"6049",1.75208041492579,"0","P041","2-back",1,"0","PLACEBO"
"6050",1.17275872536402,"0","P041","2-back",1,"0","PLACEBO"
"6051",1.37897701684233,"0","P041","0-back",1,"0","PLACEBO"
"6052",NA,NA,"P041","0-back",0,"1","PLACEBO"
"6053",0.770706799899472,"1","P041","0-back",0,"0","PLACEBO"
"6054",0.611731873113513,"0","P041","0-back",1,"0","PLACEBO"
"6055",0.59880244735632,"0","P041","0-back",1,"0","PLACEBO"
"6056",0.500676469197515,"0","P041","0-back",1,"0","PLACEBO"
"6057",0.443642184805867,"0","P041","0-back",1,"0","PLACEBO"
"6058",1.13735870346818,"0","P041","0-back",1,"0","PLACEBO"
"6059",NA,NA,"P041","0-back",0,"0","PLACEBO"
"6060",NA,NA,"P041","0-back",0,"1","PLACEBO"
"6061",1.68085893859961,"0","P041","1-back",1,"0","PLACEBO"
"6062",0.997800775311589,"0","P041","1-back",1,"0","PLACEBO"
"6063",0.691806853893013,"0","P041","1-back",1,"0","PLACEBO"
"6064",1.294784438036,"0","P041","1-back",1,"0","PLACEBO"
"6065",0.862462148827035,"0","P041","1-back",1,"0","PLACEBO"
"6066",NA,NA,"P041","1-back",0,"1","PLACEBO"
"6067",NA,NA,"P041","1-back",0,"1","PLACEBO"
"6068",NA,NA,"P041","1-back",0,"0","PLACEBO"
"6069",NA,NA,"P041","1-back",0,"0","PLACEBO"
"6070",NA,NA,"P041","1-back",0,"1","PLACEBO"
"6071",NA,NA,"P041","3-back",0,"0","PLACEBO"
"6072",NA,NA,"P041","3-back",0,"0","PLACEBO"
"6073",NA,NA,"P041","3-back",0,"0","PLACEBO"
"6074",0.919084953334277,"1","P041","3-back",1,"1","PLACEBO"
"6075",0.754961085137438,"0","P041","3-back",1,"0","PLACEBO"
"6076",NA,NA,"P041","3-back",0,"0","PLACEBO"
"6077",0.475770583946542,"0","P041","3-back",0,"1","PLACEBO"
"6078",NA,NA,"P041","3-back",0,"1","PLACEBO"
"6079",0.370968865621762,"1","P041","3-back",0,"0","PLACEBO"
"6080",0.17462018198421,"0","P041","3-back",1,"0","PLACEBO"
"6081",0.618619009956092,"0","P042","0-back",1,"0","ACTIVE"
"6082",0.484775009774239,"0","P042","0-back",1,"0","ACTIVE"
"6083",0.473053454559704,"0","P042","0-back",1,"0","ACTIVE"
"6084",0.439462527754586,"1","P042","0-back",1,"1","ACTIVE"
"6085",0.331803862378365,"0","P042","0-back",1,"0","ACTIVE"
"6086",0.396343638627513,"0","P042","0-back",1,"0","ACTIVE"
"6087",0.458975956318682,"1","P042","0-back",1,"1","ACTIVE"
"6088",0.369362725965402,"0","P042","0-back",1,"0","ACTIVE"
"6089",0.424205347415409,"0","P042","0-back",1,"0","ACTIVE"
"6090",0.388693277365746,"1","P042","0-back",1,"1","ACTIVE"
"6091",0.318292412495794,"0","P042","1-back",1,"0","ACTIVE"
"6092",0.660579366043748,"0","P042","1-back",1,"0","ACTIVE"
"6093",0.386487554866108,"0","P042","1-back",1,"0","ACTIVE"
"6094",0.645161390650173,"1","P042","1-back",1,"1","ACTIVE"
"6095",0.343035568052073,"0","P042","1-back",1,"0","ACTIVE"
"6096",0.729898207709994,"0","P042","1-back",1,"0","ACTIVE"
"6097",0.433612324677597,"0","P042","1-back",1,"0","ACTIVE"
"6098",0.441754401570506,"0","P042","1-back",1,"0","ACTIVE"
"6099",0.487456275097429,"0","P042","1-back",1,"0","ACTIVE"
"6100",0.471798506690902,"1","P042","1-back",1,"1","ACTIVE"
"6101",0.456752816946391,"0","P042","2-back",1,"0","ACTIVE"
"6102",0.401901176042884,"0","P042","2-back",1,"0","ACTIVE"
"6103",0.752053402618913,"0","P042","2-back",1,"0","ACTIVE"
"6104",0.879564814558762,"1","P042","2-back",1,"1","ACTIVE"
"6105",1.01231559497319,"0","P042","2-back",1,"0","ACTIVE"
"6106",0.97176258438958,"0","P042","2-back",1,"0","ACTIVE"
"6107",0.773446920371498,"0","P042","2-back",1,"0","ACTIVE"
"6108",0.61551134227193,"0","P042","2-back",1,"0","ACTIVE"
"6109",0.70726280474446,"0","P042","2-back",1,"0","ACTIVE"
"6110",0.634799906571061,"1","P042","2-back",1,"1","ACTIVE"
"6111",0.328397930750725,"0","P042","3-back",1,"0","ACTIVE"
"6112",0.708680724777878,"0","P042","3-back",1,"0","ACTIVE"
"6113",0.51206818207902,"0","P042","3-back",1,"0","ACTIVE"
"6114",0.747089593947749,"1","P042","3-back",1,"1","ACTIVE"
"6115",1.65967804288994,"0","P042","3-back",1,"0","ACTIVE"
"6116",1.14138768309931,"0","P042","3-back",1,"0","ACTIVE"
"6117",0.746452323021003,"0","P042","3-back",1,"0","ACTIVE"
"6118",0.671022336206079,"1","P042","3-back",0,"0","ACTIVE"
"6119",1.4892881568685,"0","P042","3-back",1,"0","ACTIVE"
"6120",0.636004469915861,"1","P042","3-back",1,"1","ACTIVE"
"6121",0.91754883644353,"0","P042","1-back",1,"0","ACTIVE"
"6122",0.624990786163835,"1","P042","1-back",1,"1","ACTIVE"
"6123",0.860241105498062,"0","P042","1-back",1,"0","ACTIVE"
"6124",0.648833551613279,"1","P042","1-back",0,"0","ACTIVE"
"6125",0.855328614397877,"0","P042","1-back",1,"0","ACTIVE"
"6126",0.686238773503646,"0","P042","1-back",1,"0","ACTIVE"
"6127",0.796114979972117,"0","P042","1-back",1,"0","ACTIVE"
"6128",0.516638556042381,"1","P042","1-back",1,"1","ACTIVE"
"6129",0.475579212092271,"0","P042","1-back",1,"0","ACTIVE"
"6130",0.603126079806316,"1","P042","1-back",1,"1","ACTIVE"
"6131",0.547506852450169,"0","P042","0-back",1,"0","ACTIVE"
"6132",0.391320114964401,"0","P042","0-back",1,"0","ACTIVE"
"6133",0.555215995656908,"0","P042","0-back",1,"0","ACTIVE"
"6134",0.491422656799841,"0","P042","0-back",1,"0","ACTIVE"
"6135",0.507559389203379,"0","P042","0-back",1,"0","ACTIVE"
"6136",0.530609686953539,"0","P042","0-back",1,"0","ACTIVE"
"6137",0.481044999911319,"1","P042","0-back",1,"1","ACTIVE"
"6138",0.460733194349814,"1","P042","0-back",1,"1","ACTIVE"
"6139",0.411040368890099,"0","P042","0-back",1,"0","ACTIVE"
"6140",0.357466068977374,"0","P042","0-back",1,"0","ACTIVE"
"6141",0.794960179120608,"0","P042","3-back",1,"0","ACTIVE"
"6142",0.418976864482829,"0","P042","3-back",1,"0","ACTIVE"
"6143",0.36000240103931,"0","P042","3-back",1,"0","ACTIVE"
"6144",0.726500362488878,"0","P042","3-back",1,"0","ACTIVE"
"6145",0.687256727498607,"1","P042","3-back",1,"1","ACTIVE"
"6146",1.0917228490398,"0","P042","3-back",1,"0","ACTIVE"
"6147",0.998110580345383,"1","P042","3-back",1,"1","ACTIVE"
"6148",0.826894947955225,"0","P042","3-back",1,"0","ACTIVE"
"6149",0.74549066284635,"0","P042","3-back",0,"1","ACTIVE"
"6150",0.719426313098666,"0","P042","3-back",1,"0","ACTIVE"
"6151",0.871920051578854,"0","P042","2-back",1,"0","ACTIVE"
"6152",0.745402956452381,"0","P042","2-back",1,"0","ACTIVE"
"6153",0.578067865464618,"1","P042","2-back",1,"1","ACTIVE"
"6154",0.980602891262606,"0","P042","2-back",1,"0","ACTIVE"
"6155",1.65470428172011,"0","P042","2-back",1,"0","ACTIVE"
"6156",1.5882903255806,"0","P042","2-back",1,"0","ACTIVE"
"6157",0.921347269733815,"0","P042","2-back",1,"0","ACTIVE"
"6158",0.76271968196852,"0","P042","2-back",1,"0","ACTIVE"
"6159",0.470088543024758,"1","P042","2-back",1,"1","ACTIVE"
"6160",0.498378831285663,"0","P042","2-back",0,"1","ACTIVE"
"6161",0.309015750763137,"0","P042","3-back",1,"0","ACTIVE"
"6162",0.590163883440255,"0","P042","3-back",1,"0","ACTIVE"
"6163",0.640811215718713,"0","P042","3-back",1,"0","ACTIVE"
"6164",0.748551367178152,"0","P042","3-back",1,"0","ACTIVE"
"6165",1.12365295264135,"0","P042","3-back",1,"0","ACTIVE"
"6166",1.45041836260862,"0","P042","3-back",1,"0","ACTIVE"
"6167",1.31312955385147,"0","P042","3-back",1,"0","ACTIVE"
"6168",0.944333187258962,"1","P042","3-back",1,"1","ACTIVE"
"6169",1.03751780952916,"1","P042","3-back",0,"0","ACTIVE"
"6170",0.853282131874948,"0","P042","3-back",0,"1","ACTIVE"
"6171",0.450739019674074,"1","P042","0-back",1,"1","ACTIVE"
"6172",0.446540620345331,"0","P042","0-back",1,"0","ACTIVE"
"6173",0.582921885637916,"0","P042","0-back",1,"0","ACTIVE"
"6174",0.411230088393495,"0","P042","0-back",1,"0","ACTIVE"
"6175",0.434125189369297,"0","P042","0-back",1,"0","ACTIVE"
"6176",0.511346625931765,"0","P042","0-back",1,"0","ACTIVE"
"6177",0.485344479302512,"0","P042","0-back",1,"0","ACTIVE"
"6178",0.407953228233964,"1","P042","0-back",1,"1","ACTIVE"
"6179",0.522116473468486,"0","P042","0-back",1,"0","ACTIVE"
"6180",0.553161737743721,"1","P042","0-back",1,"1","ACTIVE"
"6181",1.06272406728749,"0","P042","2-back",1,"0","ACTIVE"
"6182",0.648452557528799,"0","P042","2-back",1,"0","ACTIVE"
"6183",0.459866082910594,"0","P042","2-back",1,"0","ACTIVE"
"6184",0.612483605591478,"0","P042","2-back",1,"0","ACTIVE"
"6185",0.494421469031295,"0","P042","2-back",1,"0","ACTIVE"
"6186",0.45997151719348,"1","P042","2-back",1,"1","ACTIVE"
"6187",1.20238281477032,"0","P042","2-back",0,"1","ACTIVE"
"6188",0.968867651361506,"0","P042","2-back",1,"0","ACTIVE"
"6189",0.729385343018293,"1","P042","2-back",0,"0","ACTIVE"
"6190",0.690040938980019,"1","P042","2-back",1,"1","ACTIVE"
"6191",0.859103410504758,"0","P042","1-back",1,"0","ACTIVE"
"6192",0.975180645624278,"1","P042","1-back",1,"1","ACTIVE"
"6193",0.606349134272023,"0","P042","1-back",1,"0","ACTIVE"
"6194",0.862730474207638,"0","P042","1-back",1,"0","ACTIVE"
"6195",0.732898264004689,"0","P042","1-back",1,"0","ACTIVE"
"6196",0.690458632905575,"0","P042","1-back",1,"0","ACTIVE"
"6197",0.647239907777475,"0","P042","1-back",1,"0","ACTIVE"
"6198",0.621681891398111,"0","P042","1-back",1,"0","ACTIVE"
"6199",0.398973275365279,"1","P042","1-back",1,"1","ACTIVE"
"6200",1.13983447128703,"0","P042","1-back",1,"0","ACTIVE"
"6201",0.827257281109269,"0","P042","2-back",1,"0","ACTIVE"
"6202",0.882639514591574,"0","P042","2-back",1,"0","ACTIVE"
"6203",0.501727847060465,"0","P042","2-back",1,"0","ACTIVE"
"6204",0.443699493014719,"0","P042","2-back",1,"0","ACTIVE"
"6205",0.443045738262299,"0","P042","2-back",1,"0","ACTIVE"
"6206",0.598870142597661,"0","P042","2-back",1,"0","ACTIVE"
"6207",0.406876181275948,"1","P042","2-back",1,"1","ACTIVE"
"6208",0.646191785270275,"1","P042","2-back",1,"1","ACTIVE"
"6209",0.565846508214236,"0","P042","2-back",1,"0","ACTIVE"
"6210",0.64022775048943,"0","P042","2-back",1,"0","ACTIVE"
"6211",0.369991599469358,"0","P042","0-back",1,"0","ACTIVE"
"6212",0.539548896780616,"1","P042","0-back",1,"1","ACTIVE"
"6213",0.62316014845419,"0","P042","0-back",1,"0","ACTIVE"
"6214",0.523658177704419,"0","P042","0-back",1,"0","ACTIVE"
"6215",0.481793614415437,"0","P042","0-back",1,"0","ACTIVE"
"6216",0.562351315113119,"0","P042","0-back",1,"0","ACTIVE"
"6217",0.471644242959883,"0","P042","0-back",1,"0","ACTIVE"
"6218",0.456563408455622,"0","P042","0-back",1,"0","ACTIVE"
"6219",0.415312167893717,"0","P042","0-back",1,"0","ACTIVE"
"6220",0.506841876256658,"1","P042","0-back",1,"1","ACTIVE"
"6221",0.407322799650501,"0","P042","1-back",1,"0","ACTIVE"
"6222",1.26290458073163,"0","P042","1-back",1,"0","ACTIVE"
"6223",0.889572051890354,"0","P042","1-back",1,"0","ACTIVE"
"6224",0.478923251617744,"0","P042","1-back",1,"0","ACTIVE"
"6225",0.463327064295299,"0","P042","1-back",1,"0","ACTIVE"
"6226",0.508856635191478,"1","P042","1-back",1,"1","ACTIVE"
"6227",0.568506624476868,"1","P042","1-back",1,"1","ACTIVE"
"6228",0.506885729453643,"0","P042","1-back",1,"0","ACTIVE"
"6229",0.667376922581752,"1","P042","1-back",0,"0","ACTIVE"
"6230",0.658830214417321,"1","P042","1-back",1,"1","ACTIVE"
"6231",0.750163671949849,"0","P042","3-back",1,"0","ACTIVE"
"6232",0.62937921601042,"0","P042","3-back",1,"0","ACTIVE"
"6233",0.281652288933401,"0","P042","3-back",1,"0","ACTIVE"
"6234",0.607156219706667,"1","P042","3-back",1,"1","ACTIVE"
"6235",0.863639572751708,"0","P042","3-back",1,"0","ACTIVE"
"6236",1.07745780840378,"0","P042","3-back",1,"0","ACTIVE"
"6237",1.34538622381478,"1","P042","3-back",1,"1","ACTIVE"
"6238",1.28123148485247,"1","P042","3-back",1,"1","ACTIVE"
"6239",0.632730719909887,"0","P042","3-back",1,"0","ACTIVE"
"6240",0.730507487234718,"0","P042","3-back",1,"0","ACTIVE"
"6241",0.691549381632285,"0","P043","0-back",1,"0","ACTIVE"
"6242",0.390598660629621,"0","P043","0-back",1,"0","ACTIVE"
"6243",0.365781570542822,"0","P043","0-back",1,"0","ACTIVE"
"6244",0.288383090053685,"0","P043","0-back",0,"1","ACTIVE"
"6245",0.374897830459304,"0","P043","0-back",1,"0","ACTIVE"
"6246",0.39165083583066,"0","P043","0-back",1,"0","ACTIVE"
"6247",0.350188041717047,"1","P043","0-back",1,"1","ACTIVE"
"6248",0.455020832012451,"0","P043","0-back",1,"0","ACTIVE"
"6249",0.463389403728797,"0","P043","0-back",1,"0","ACTIVE"
"6250",0.314094980038135,"1","P043","0-back",1,"1","ACTIVE"
"6251",0.305689708153295,"0","P043","1-back",1,"0","ACTIVE"
"6252",0.550727409801766,"0","P043","1-back",1,"0","ACTIVE"
"6253",0.395065817710929,"0","P043","1-back",1,"0","ACTIVE"
"6254",0.309214790540864,"1","P043","1-back",1,"1","ACTIVE"
"6255",0.394609864755694,"0","P043","1-back",1,"0","ACTIVE"
"6256",0.372500811758073,"1","P043","1-back",0,"0","ACTIVE"
"6257",0.498564339128279,"0","P043","1-back",1,"0","ACTIVE"
"6258",0.424807261904789,"0","P043","1-back",1,"0","ACTIVE"
"6259",0.413864079988343,"0","P043","1-back",1,"0","ACTIVE"
"6260",0.432607914050095,"1","P043","1-back",1,"1","ACTIVE"
"6261",0.333460539854059,"0","P043","2-back",1,"0","ACTIVE"
"6262",0.248051780828973,"0","P043","2-back",1,"0","ACTIVE"
"6263",0.476078953883189,"0","P043","2-back",1,"0","ACTIVE"
"6264",0.314427769713802,"1","P043","2-back",1,"1","ACTIVE"
"6265",0.402212398188567,"0","P043","2-back",1,"0","ACTIVE"
"6266",0.608421009417725,"0","P043","2-back",1,"0","ACTIVE"
"6267",0.785280681653603,"0","P043","2-back",1,"0","ACTIVE"
"6268",0.706638438638038,"0","P043","2-back",1,"0","ACTIVE"
"6269",0.933128558828685,"0","P043","2-back",1,"0","ACTIVE"
"6270",0.763262757041957,"1","P043","2-back",1,"1","ACTIVE"
"6271",0.735967783470187,"0","P043","3-back",1,"0","ACTIVE"
"6272",0.335141594230663,"0","P043","3-back",1,"0","ACTIVE"
"6273",0.310497741384097,"0","P043","3-back",1,"0","ACTIVE"
"6274",0.407640602081301,"1","P043","3-back",1,"1","ACTIVE"
"6275",0.421390413914196,"0","P043","3-back",1,"0","ACTIVE"
"6276",0.477399226932903,"0","P043","3-back",1,"0","ACTIVE"
"6277",0.478798187632492,"0","P043","3-back",1,"0","ACTIVE"
"6278",0.51879795125933,"1","P043","3-back",0,"0","ACTIVE"
"6279",0.216858502808464,"0","P043","3-back",1,"0","ACTIVE"
"6280",0.479865602734208,"1","P043","3-back",1,"1","ACTIVE"
"6281",0.52715439325948,"0","P043","1-back",1,"0","ACTIVE"
"6282",0.395633737283788,"1","P043","1-back",1,"1","ACTIVE"
"6283",0.397635762636128,"0","P043","1-back",1,"0","ACTIVE"
"6284",0.402041960111092,"0","P043","1-back",1,"0","ACTIVE"
"6285",0.379404486875501,"0","P043","1-back",1,"0","ACTIVE"
"6286",0.446409665953979,"0","P043","1-back",1,"0","ACTIVE"
"6287",0.376263201174879,"0","P043","1-back",1,"0","ACTIVE"
"6288",0.342301237480569,"1","P043","1-back",1,"1","ACTIVE"
"6289",0.483812737073094,"0","P043","1-back",1,"0","ACTIVE"
"6290",0.363672865883927,"1","P043","1-back",1,"1","ACTIVE"
"6291",0.385149929523322,"0","P043","0-back",1,"0","ACTIVE"
"6292",0.289775519369869,"0","P043","0-back",1,"0","ACTIVE"
"6293",0.351296822263976,"0","P043","0-back",1,"0","ACTIVE"
"6294",0.38482615938301,"0","P043","0-back",1,"0","ACTIVE"
"6295",0.437986355002067,"0","P043","0-back",1,"0","ACTIVE"
"6296",0.303488942052354,"0","P043","0-back",1,"0","ACTIVE"
"6297",0.316410511924914,"1","P043","0-back",1,"1","ACTIVE"
"6298",0.481398301342779,"1","P043","0-back",1,"1","ACTIVE"
"6299",0.342843342526976,"0","P043","0-back",1,"0","ACTIVE"
"6300",0.648432280722773,"0","P043","0-back",1,"0","ACTIVE"
"6301",0.367964919612859,"0","P043","3-back",1,"0","ACTIVE"
"6302",0.267050960983397,"0","P043","3-back",1,"0","ACTIVE"
"6303",0.173955071526507,"0","P043","3-back",1,"0","ACTIVE"
"6304",0.353096685663331,"0","P043","3-back",1,"0","ACTIVE"
"6305",0.370842772739707,"1","P043","3-back",1,"1","ACTIVE"
"6306",0.408265749038037,"0","P043","3-back",1,"0","ACTIVE"
"6307",0.361820751395499,"1","P043","3-back",1,"1","ACTIVE"
"6308",0.427315003153126,"0","P043","3-back",1,"0","ACTIVE"
"6309",0.84007185768678,"1","P043","3-back",1,"1","ACTIVE"
"6310",0.728586384111622,"0","P043","3-back",1,"0","ACTIVE"
"6311",0.497314045216626,"0","P043","2-back",1,"0","ACTIVE"
"6312",0.313598283677493,"0","P043","2-back",1,"0","ACTIVE"
"6313",0.653185263699925,"1","P043","2-back",1,"1","ACTIVE"
"6314",0.311294881508729,"0","P043","2-back",1,"0","ACTIVE"
"6315",0.442714456508838,"0","P043","2-back",1,"0","ACTIVE"
"6316",0.517240993218365,"0","P043","2-back",1,"0","ACTIVE"
"6317",0.486047715197856,"0","P043","2-back",1,"0","ACTIVE"
"6318",0.306813728600901,"1","P043","2-back",0,"0","ACTIVE"
"6319",0.628838122394882,"1","P043","2-back",1,"1","ACTIVE"
"6320",0.323780403601631,"0","P043","2-back",0,"1","ACTIVE"
"6321",0.815863741601788,"0","P043","3-back",1,"0","ACTIVE"
"6322",0.420538534557636,"0","P043","3-back",1,"0","ACTIVE"
"6323",0.441937532579686,"0","P043","3-back",1,"0","ACTIVE"
"6324",0.402792447479442,"0","P043","3-back",1,"0","ACTIVE"
"6325",0.400799752678722,"0","P043","3-back",1,"0","ACTIVE"
"6326",0.41521794302389,"0","P043","3-back",1,"0","ACTIVE"
"6327",0.476787453766519,"1","P043","3-back",0,"0","ACTIVE"
"6328",0.246383478206553,"0","P043","3-back",0,"1","ACTIVE"
"6329",0.537572887158603,"1","P043","3-back",0,"0","ACTIVE"
"6330",0.407903101599004,"0","P043","3-back",0,"1","ACTIVE"
"6331",0.529707543191762,"1","P043","0-back",1,"1","ACTIVE"
"6332",0.350760004528638,"0","P043","0-back",1,"0","ACTIVE"
"6333",0.5526435940792,"0","P043","0-back",1,"0","ACTIVE"
"6334",0.402140552940182,"0","P043","0-back",1,"0","ACTIVE"
"6335",0.362860174842353,"0","P043","0-back",1,"0","ACTIVE"
"6336",0.350504347414244,"0","P043","0-back",1,"0","ACTIVE"
"6337",0.354626896123591,"0","P043","0-back",1,"0","ACTIVE"
"6338",0.326736944380173,"1","P043","0-back",1,"1","ACTIVE"
"6339",0.303515689633059,"0","P043","0-back",1,"0","ACTIVE"
"6340",0.431908433698482,"1","P043","0-back",1,"1","ACTIVE"
"6341",0.727181203044893,"0","P043","2-back",1,"0","ACTIVE"
"6342",0.276364717577962,"0","P043","2-back",1,"0","ACTIVE"
"6343",0.383999472513096,"0","P043","2-back",1,"0","ACTIVE"
"6344",0.423799873353346,"0","P043","2-back",1,"0","ACTIVE"
"6345",0.749600652392473,"0","P043","2-back",1,"0","ACTIVE"
"6346",0.442819580721334,"1","P043","2-back",1,"1","ACTIVE"
"6347",0.478072270721896,"0","P043","2-back",0,"1","ACTIVE"
"6348",0.580845808279264,"0","P043","2-back",1,"0","ACTIVE"
"6349",0.697393417109197,"1","P043","2-back",0,"0","ACTIVE"
"6350",0.882919616675281,"0","P043","2-back",0,"1","ACTIVE"
"6351",0.453338844579775,"0","P043","1-back",1,"0","ACTIVE"
"6352",0.466673757886383,"1","P043","1-back",1,"1","ACTIVE"
"6353",0.303343385447079,"0","P043","1-back",1,"0","ACTIVE"
"6354",0.372647923455588,"0","P043","1-back",1,"0","ACTIVE"
"6355",0.52618214978429,"0","P043","1-back",1,"0","ACTIVE"
"6356",0.343684958279482,"0","P043","1-back",1,"0","ACTIVE"
"6357",0.592644601778375,"0","P043","1-back",1,"0","ACTIVE"
"6358",0.378602992494052,"0","P043","1-back",1,"0","ACTIVE"
"6359",0.32909881800515,"1","P043","1-back",1,"1","ACTIVE"
"6360",0.425609378324225,"0","P043","1-back",1,"0","ACTIVE"
"6361",0.512495785700594,"0","P043","2-back",1,"0","ACTIVE"
"6362",0.27241322898044,"0","P043","2-back",1,"0","ACTIVE"
"6363",0.401164888264248,"0","P043","2-back",1,"0","ACTIVE"
"6364",0.369141813187525,"0","P043","2-back",1,"0","ACTIVE"
"6365",0.271034795492596,"0","P043","2-back",1,"0","ACTIVE"
"6366",0.442363938786002,"0","P043","2-back",1,"0","ACTIVE"
"6367",0.391716771729989,"1","P043","2-back",1,"1","ACTIVE"
"6368",0.418848149627593,"1","P043","2-back",1,"1","ACTIVE"
"6369",0.427144254059385,"0","P043","2-back",1,"0","ACTIVE"
"6370",0.394160754205586,"0","P043","2-back",1,"0","ACTIVE"
"6371",0.574526225691443,"0","P043","0-back",1,"0","ACTIVE"
"6372",0.400887770882036,"1","P043","0-back",1,"1","ACTIVE"
"6373",0.380345939531253,"0","P043","0-back",1,"0","ACTIVE"
"6374",0.396739718664321,"0","P043","0-back",1,"0","ACTIVE"
"6375",0.303497961584071,"0","P043","0-back",1,"0","ACTIVE"
"6376",0.592163767352758,"0","P043","0-back",1,"0","ACTIVE"
"6377",0.316029514400725,"0","P043","0-back",1,"0","ACTIVE"
"6378",0.336420812853248,"0","P043","0-back",1,"0","ACTIVE"
"6379",0.351466638301645,"0","P043","0-back",1,"0","ACTIVE"
"6380",0.29909580734784,"1","P043","0-back",1,"1","ACTIVE"
"6381",0.301808820730002,"0","P043","1-back",1,"0","ACTIVE"
"6382",0.389149625969367,"0","P043","1-back",1,"0","ACTIVE"
"6383",0.374256199529555,"0","P043","1-back",1,"0","ACTIVE"
"6384",0.36020221171384,"0","P043","1-back",1,"0","ACTIVE"
"6385",0.295387846148515,"0","P043","1-back",1,"0","ACTIVE"
"6386",0.297011673141242,"1","P043","1-back",1,"1","ACTIVE"
"6387",0.365833510613811,"1","P043","1-back",1,"1","ACTIVE"
"6388",0.564426214619743,"0","P043","1-back",1,"0","ACTIVE"
"6389",0.483149023837541,"0","P043","1-back",1,"0","ACTIVE"
"6390",0.343733166129823,"1","P043","1-back",1,"1","ACTIVE"
"6391",0.350241225860373,"0","P043","3-back",1,"0","ACTIVE"
"6392",0.247152315656422,"0","P043","3-back",1,"0","ACTIVE"
"6393",0.315350250244592,"0","P043","3-back",1,"0","ACTIVE"
"6394",0.446509502855406,"1","P043","3-back",1,"1","ACTIVE"
"6395",0.371115535865101,"0","P043","3-back",1,"0","ACTIVE"
"6396",0.400351575184686,"0","P043","3-back",1,"0","ACTIVE"
"6397",0.500482389517856,"0","P043","3-back",0,"1","ACTIVE"
"6398",0.639367027821208,"1","P043","3-back",1,"1","ACTIVE"
"6399",0.484195289687705,"0","P043","3-back",1,"0","ACTIVE"
"6400",0.515349690413132,"0","P043","3-back",1,"0","ACTIVE"
"6401",1.15737250423354,"0","P044","0-back",1,"0","PLACEBO"
"6402",0.770687387955149,"0","P044","0-back",1,"0","PLACEBO"
"6403",0.50453558112622,"0","P044","0-back",1,"0","PLACEBO"
"6404",0.46999387915821,"1","P044","0-back",1,"1","PLACEBO"
"6405",0.464669866423719,"0","P044","0-back",1,"0","PLACEBO"
"6406",0.61134675937501,"0","P044","0-back",1,"0","PLACEBO"
"6407",0.548500518156288,"1","P044","0-back",1,"1","PLACEBO"
"6408",0.532821148255607,"0","P044","0-back",1,"0","PLACEBO"
"6409",1.47053380707621,"0","P044","0-back",1,"0","PLACEBO"
"6410",0.587522750995049,"1","P044","0-back",1,"1","PLACEBO"
"6411",NA,NA,"P044","1-back",0,"0","PLACEBO"
"6412",NA,NA,"P044","1-back",0,"0","PLACEBO"
"6413",NA,NA,"P044","1-back",0,"0","PLACEBO"
"6414",0.642503026208942,"1","P044","1-back",1,"1","PLACEBO"
"6415",NA,NA,"P044","1-back",0,"0","PLACEBO"
"6416",NA,NA,"P044","1-back",0,"0","PLACEBO"
"6417",0.528678694369773,"1","P044","1-back",0,"0","PLACEBO"
"6418",NA,NA,"P044","1-back",0,"0","PLACEBO"
"6419",NA,NA,"P044","1-back",0,"0","PLACEBO"
"6420",0.686570288289658,"1","P044","1-back",1,"1","PLACEBO"
"6421",NA,NA,"P044","2-back",0,"0","PLACEBO"
"6422",NA,NA,"P044","2-back",0,"0","PLACEBO"
"6423",NA,NA,"P044","2-back",0,"0","PLACEBO"
"6424",NA,NA,"P044","2-back",0,"1","PLACEBO"
"6425",NA,NA,"P044","2-back",0,"0","PLACEBO"
"6426",NA,NA,"P044","2-back",0,"0","PLACEBO"
"6427",NA,NA,"P044","2-back",0,"0","PLACEBO"
"6428",NA,NA,"P044","2-back",0,"0","PLACEBO"
"6429",NA,NA,"P044","2-back",0,"0","PLACEBO"
"6430",1.79589107389711,"1","P044","2-back",1,"1","PLACEBO"
"6431",NA,NA,"P044","3-back",0,"0","PLACEBO"
"6432",NA,NA,"P044","3-back",0,"0","PLACEBO"
"6433",NA,NA,"P044","3-back",0,"0","PLACEBO"
"6434",0.523162472272816,"1","P044","3-back",1,"1","PLACEBO"
"6435",NA,NA,"P044","3-back",0,"0","PLACEBO"
"6436",NA,NA,"P044","3-back",0,"0","PLACEBO"
"6437",NA,NA,"P044","3-back",0,"0","PLACEBO"
"6438",0.437914509754592,"1","P044","3-back",0,"0","PLACEBO"
"6439",NA,NA,"P044","3-back",0,"0","PLACEBO"
"6440",NA,NA,"P044","3-back",0,"1","PLACEBO"
"6441",NA,NA,"P044","1-back",0,"0","PLACEBO"
"6442",1.32324607401461,"1","P044","1-back",1,"1","PLACEBO"
"6443",NA,NA,"P044","1-back",0,"0","PLACEBO"
"6444",NA,NA,"P044","1-back",0,"0","PLACEBO"
"6445",NA,NA,"P044","1-back",0,"0","PLACEBO"
"6446",0.807418037324169,"1","P044","1-back",0,"0","PLACEBO"
"6447",1.12542469560594,"0","P044","1-back",1,"0","PLACEBO"
"6448",0.804371923250983,"0","P044","1-back",0,"1","PLACEBO"
"6449",NA,NA,"P044","1-back",0,"0","PLACEBO"
"6450",0.284583378431307,"1","P044","1-back",1,"1","PLACEBO"
"6451",1.50219983304487,"0","P044","0-back",1,"0","PLACEBO"
"6452",1.04206990200419,"0","P044","0-back",1,"0","PLACEBO"
"6453",0.532275310987643,"0","P044","0-back",1,"0","PLACEBO"
"6454",0.497489459586177,"0","P044","0-back",1,"0","PLACEBO"
"6455",0.487911026348229,"0","P044","0-back",1,"0","PLACEBO"
"6456",0.490436184625651,"0","P044","0-back",1,"0","PLACEBO"
"6457",0.618784764079464,"1","P044","0-back",1,"1","PLACEBO"
"6458",0.695907371260546,"1","P044","0-back",1,"1","PLACEBO"
"6459",0.501296946670664,"0","P044","0-back",1,"0","PLACEBO"
"6460",0.538077669999439,"0","P044","0-back",1,"0","PLACEBO"
"6461",0.421629276036583,"0","P044","3-back",1,"0","PLACEBO"
"6462",0.702863919504125,"0","P044","3-back",1,"0","PLACEBO"
"6463",0.905209993394237,"0","P044","3-back",1,"0","PLACEBO"
"6464",0.788031950296499,"0","P044","3-back",1,"0","PLACEBO"
"6465",1.28903996088593,"0","P044","3-back",0,"1","PLACEBO"
"6466",0.816296368176154,"0","P044","3-back",1,"0","PLACEBO"
"6467",0.769880917279806,"1","P044","3-back",1,"1","PLACEBO"
"6468",0.626561467807733,"0","P044","3-back",1,"0","PLACEBO"
"6469",0.500199362785679,"0","P044","3-back",0,"1","PLACEBO"
"6470",0.414284265828428,"0","P044","3-back",1,"0","PLACEBO"
"6471",1.29340323782526,"0","P044","2-back",1,"0","PLACEBO"
"6472",1.04650813437456,"0","P044","2-back",1,"0","PLACEBO"
"6473",0.487216833310413,"0","P044","2-back",0,"1","PLACEBO"
"6474",1.00174978944051,"1","P044","2-back",0,"0","PLACEBO"
"6475",0.591000558589258,"0","P044","2-back",1,"0","PLACEBO"
"6476",0.668285828385706,"0","P044","2-back",1,"0","PLACEBO"
"6477",0.46624983982565,"0","P044","2-back",1,"0","PLACEBO"
"6478",0.476415164758691,"0","P044","2-back",1,"0","PLACEBO"
"6479",0.447952006131345,"1","P044","2-back",1,"1","PLACEBO"
"6480",0.384804699115193,"0","P044","2-back",0,"1","PLACEBO"
"6481",1.51893200018458,"0","P044","3-back",1,"0","PLACEBO"
"6482",1.14788551039965,"0","P044","3-back",1,"0","PLACEBO"
"6483",0.800958807481038,"0","P044","3-back",1,"0","PLACEBO"
"6484",0.490269789788726,"0","P044","3-back",1,"0","PLACEBO"
"6485",0.608407324607469,"0","P044","3-back",1,"0","PLACEBO"
"6486",0.628167566753291,"0","P044","3-back",1,"0","PLACEBO"
"6487",0.478022507778405,"0","P044","3-back",1,"0","PLACEBO"
"6488",0.560996925894869,"1","P044","3-back",1,"1","PLACEBO"
"6489",0.792076433390321,"1","P044","3-back",0,"0","PLACEBO"
"6490",0.764485681334918,"1","P044","3-back",1,"1","PLACEBO"
"6491",1.39566981541702,"1","P044","0-back",1,"1","PLACEBO"
"6492",1.10492143053489,"0","P044","0-back",1,"0","PLACEBO"
"6493",0.730271481728778,"0","P044","0-back",1,"0","PLACEBO"
"6494",0.596474171167756,"0","P044","0-back",1,"0","PLACEBO"
"6495",0.432432188660641,"0","P044","0-back",1,"0","PLACEBO"
"6496",0.422668699482529,"0","P044","0-back",1,"0","PLACEBO"
"6497",0.459800562570308,"0","P044","0-back",1,"0","PLACEBO"
"6498",0.29299051642738,"0","P044","0-back",0,"1","PLACEBO"
"6499",0.355877812073231,"0","P044","0-back",1,"0","PLACEBO"
"6500",0.452619459051675,"1","P044","0-back",1,"1","PLACEBO"
"6501",1.52661695348797,"0","P044","2-back",1,"0","PLACEBO"
"6502",0.923822888713403,"0","P044","2-back",1,"0","PLACEBO"
"6503",1.03100604495285,"0","P044","2-back",1,"0","PLACEBO"
"6504",0.784143909450904,"0","P044","2-back",1,"0","PLACEBO"
"6505",1.27634045814193,"0","P044","2-back",1,"0","PLACEBO"
"6506",0.837934539337766,"1","P044","2-back",1,"1","PLACEBO"
"6507",0.908946568285501,"1","P044","2-back",1,"1","PLACEBO"
"6508",0.804268354127998,"1","P044","2-back",0,"0","PLACEBO"
"6509",0.5502823424913,"1","P044","2-back",0,"0","PLACEBO"
"6510",0.531946253534443,"1","P044","2-back",1,"1","PLACEBO"
"6511",1.11437732252944,"0","P044","1-back",1,"0","PLACEBO"
"6512",1.32060646097125,"1","P044","1-back",1,"1","PLACEBO"
"6513",0.896523560886635,"0","P044","1-back",1,"0","PLACEBO"
"6514",0.853497277345014,"0","P044","1-back",1,"0","PLACEBO"
"6515",0.687796633785183,"0","P044","1-back",1,"0","PLACEBO"
"6516",0.65477798885604,"0","P044","1-back",1,"0","PLACEBO"
"6517",0.631538695040945,"1","P044","1-back",0,"0","PLACEBO"
"6518",0.654553122562902,"0","P044","1-back",1,"0","PLACEBO"
"6519",0.686856114185503,"1","P044","1-back",1,"1","PLACEBO"
"6520",1.2926735886922,"0","P044","1-back",1,"0","PLACEBO"
"6521",1.30185080821229,"0","P044","2-back",1,"0","PLACEBO"
"6522",0.828579106282632,"0","P044","2-back",1,"0","PLACEBO"
"6523",0.612061790644475,"0","P044","2-back",1,"0","PLACEBO"
"6524",0.708591012065881,"0","P044","2-back",1,"0","PLACEBO"
"6525",0.471431717157429,"0","P044","2-back",1,"0","PLACEBO"
"6526",0.837199602890905,"1","P044","2-back",0,"0","PLACEBO"
"6527",0.46909068176501,"0","P044","2-back",0,"1","PLACEBO"
"6528",1.00160205570683,"1","P044","2-back",1,"1","PLACEBO"
"6529",NA,NA,"P044","2-back",0,"0","PLACEBO"
"6530",0.625644896624181,"1","P044","2-back",0,"0","PLACEBO"
"6531",0.841035392648337,"0","P044","0-back",1,"0","PLACEBO"
"6532",0.613603508784763,"1","P044","0-back",1,"1","PLACEBO"
"6533",0.832598085868085,"0","P044","0-back",1,"0","PLACEBO"
"6534",0.467426733398497,"0","P044","0-back",1,"0","PLACEBO"
"6535",0.469759993331536,"0","P044","0-back",1,"0","PLACEBO"
"6536",0.74608676666503,"0","P044","0-back",1,"0","PLACEBO"
"6537",0.387006398270387,"0","P044","0-back",1,"0","PLACEBO"
"6538",0.439341151091867,"0","P044","0-back",1,"0","PLACEBO"
"6539",0.407341713412279,"0","P044","0-back",1,"0","PLACEBO"
"6540",0.252463265617735,"0","P044","0-back",0,"1","PLACEBO"
"6541",0.932381492664717,"0","P044","1-back",1,"0","PLACEBO"
"6542",0.565346518024853,"0","P044","1-back",1,"0","PLACEBO"
"6543",1.105421859118,"0","P044","1-back",1,"0","PLACEBO"
"6544",0.726675176129902,"0","P044","1-back",1,"0","PLACEBO"
"6545",0.717529680484404,"0","P044","1-back",1,"0","PLACEBO"
"6546",1.10483683353414,"1","P044","1-back",1,"1","PLACEBO"
"6547",0.433604727977581,"1","P044","1-back",1,"1","PLACEBO"
"6548",0.739781490922724,"0","P044","1-back",1,"0","PLACEBO"
"6549",0.577849146130575,"1","P044","1-back",0,"0","PLACEBO"
"6550",0.627885473078095,"1","P044","1-back",1,"1","PLACEBO"
"6551",1.32784230372545,"0","P044","3-back",1,"0","PLACEBO"
"6552",1.19307088357891,"0","P044","3-back",1,"0","PLACEBO"
"6553",1.02569198480705,"1","P044","3-back",0,"0","PLACEBO"
"6554",0.661566276152371,"0","P044","3-back",0,"1","PLACEBO"
"6555",0.818094676485089,"1","P044","3-back",0,"0","PLACEBO"
"6556",0.67432549442583,"1","P044","3-back",0,"0","PLACEBO"
"6557",0.477320228263125,"1","P044","3-back",1,"1","PLACEBO"
"6558",0.318787625448749,"1","P044","3-back",1,"1","PLACEBO"
"6559",0.367381138103156,"1","P044","3-back",0,"0","PLACEBO"
"6560",0.46546762858452,"1","P044","3-back",0,"0","PLACEBO"
"6561",0.824673440400147,"0","P045","0-back",1,"0","ACTIVE"
"6562",0.709364366150112,"0","P045","0-back",1,"0","ACTIVE"
"6563",0.774893064735807,"0","P045","0-back",1,"0","ACTIVE"
"6564",0.625648352872304,"1","P045","0-back",1,"1","ACTIVE"
"6565",0.475101414720484,"0","P045","0-back",1,"0","ACTIVE"
"6566",0.603955259648501,"0","P045","0-back",1,"0","ACTIVE"
"6567",0.660515174031389,"1","P045","0-back",1,"1","ACTIVE"
"6568",0.49182384147025,"0","P045","0-back",1,"0","ACTIVE"
"6569",0.739743840549636,"0","P045","0-back",1,"0","ACTIVE"
"6570",0.718417124820917,"1","P045","0-back",1,"1","ACTIVE"
"6571",0.749237620686472,"0","P045","1-back",1,"0","ACTIVE"
"6572",0.975610393303214,"0","P045","1-back",1,"0","ACTIVE"
"6573",0.708243773526192,"0","P045","1-back",1,"0","ACTIVE"
"6574",0.556392742988464,"1","P045","1-back",1,"1","ACTIVE"
"6575",0.521572885329078,"0","P045","1-back",1,"0","ACTIVE"
"6576",0.767992851595409,"0","P045","1-back",1,"0","ACTIVE"
"6577",0.677688574776766,"0","P045","1-back",1,"0","ACTIVE"
"6578",0.633177752488336,"0","P045","1-back",1,"0","ACTIVE"
"6579",0.630490569512403,"0","P045","1-back",1,"0","ACTIVE"
"6580",0.521977517857522,"1","P045","1-back",1,"1","ACTIVE"
"6581",0.910827512399919,"0","P045","2-back",1,"0","ACTIVE"
"6582",1.05007677443427,"0","P045","2-back",1,"0","ACTIVE"
"6583",0.923314826812202,"0","P045","2-back",1,"0","ACTIVE"
"6584",0.992433900430115,"1","P045","2-back",1,"1","ACTIVE"
"6585",0.614686263612384,"0","P045","2-back",1,"0","ACTIVE"
"6586",0.937110587843563,"0","P045","2-back",1,"0","ACTIVE"
"6587",1.03333226550967,"0","P045","2-back",1,"0","ACTIVE"
"6588",0.989220477453273,"0","P045","2-back",1,"0","ACTIVE"
"6589",0.777054940761445,"0","P045","2-back",1,"0","ACTIVE"
"6590",0.507282607984962,"1","P045","2-back",1,"1","ACTIVE"
"6591",0.995233049365197,"0","P045","3-back",1,"0","ACTIVE"
"6592",0.580101845478566,"0","P045","3-back",1,"0","ACTIVE"
"6593",0.370755984813513,"0","P045","3-back",1,"0","ACTIVE"
"6594",0.717978902503091,"0","P045","3-back",0,"1","ACTIVE"
"6595",0.765753532448798,"0","P045","3-back",1,"0","ACTIVE"
"6596",0.999128220615603,"0","P045","3-back",1,"0","ACTIVE"
"6597",0.897964801013586,"0","P045","3-back",1,"0","ACTIVE"
"6598",0.787265614040734,"1","P045","3-back",0,"0","ACTIVE"
"6599",0.571780286712965,"0","P045","3-back",1,"0","ACTIVE"
"6600",0.425324460238699,"1","P045","3-back",1,"1","ACTIVE"
"6601",0.38881982593557,"0","P045","1-back",1,"0","ACTIVE"
"6602",0.468102609336711,"1","P045","1-back",1,"1","ACTIVE"
"6603",0.515511483818045,"0","P045","1-back",1,"0","ACTIVE"
"6604",NA,NA,"P045","1-back",0,"0","ACTIVE"
"6605",0.556692873957218,"0","P045","1-back",1,"0","ACTIVE"
"6606",0.597781581163872,"0","P045","1-back",1,"0","ACTIVE"
"6607",0.598479813315862,"0","P045","1-back",1,"0","ACTIVE"
"6608",0.553342292681918,"1","P045","1-back",1,"1","ACTIVE"
"6609",0.464187844041589,"0","P045","1-back",1,"0","ACTIVE"
"6610",0.524951147075626,"1","P045","1-back",1,"1","ACTIVE"
"6611",0.649269748695588,"0","P045","0-back",1,"0","ACTIVE"
"6612",0.451097779559859,"0","P045","0-back",1,"0","ACTIVE"
"6613",0.543394428386819,"0","P045","0-back",1,"0","ACTIVE"
"6614",0.623107969704506,"0","P045","0-back",1,"0","ACTIVE"
"6615",0.572756878675136,"0","P045","0-back",1,"0","ACTIVE"
"6616",0.578592171154014,"0","P045","0-back",1,"0","ACTIVE"
"6617",0.588480631287894,"1","P045","0-back",1,"1","ACTIVE"
"6618",0.712143921042298,"1","P045","0-back",1,"1","ACTIVE"
"6619",0.552932372873329,"0","P045","0-back",1,"0","ACTIVE"
"6620",0.587621603581283,"0","P045","0-back",1,"0","ACTIVE"
"6621",0.89226200158555,"0","P045","3-back",1,"0","ACTIVE"
"6622",0.64604979437172,"0","P045","3-back",1,"0","ACTIVE"
"6623",0.350817024920616,"0","P045","3-back",1,"0","ACTIVE"
"6624",NA,NA,"P045","3-back",0,"0","ACTIVE"
"6625",0.764963550414905,"1","P045","3-back",1,"1","ACTIVE"
"6626",1.03502450654923,"0","P045","3-back",1,"0","ACTIVE"
"6627",1.45785212593728,"0","P045","3-back",0,"1","ACTIVE"
"6628",1.20536578189785,"0","P045","3-back",1,"0","ACTIVE"
"6629",0.609597721864702,"0","P045","3-back",0,"1","ACTIVE"
"6630",0.781099399955565,"0","P045","3-back",1,"0","ACTIVE"
"6631",0.402675613162501,"0","P045","2-back",1,"0","ACTIVE"
"6632",0.641441773192128,"0","P045","2-back",1,"0","ACTIVE"
"6633",0.628296658780528,"1","P045","2-back",1,"1","ACTIVE"
"6634",0.623886133109409,"0","P045","2-back",1,"0","ACTIVE"
"6635",0.749599021915856,"0","P045","2-back",1,"0","ACTIVE"
"6636",0.738892277240666,"0","P045","2-back",1,"0","ACTIVE"
"6637",0.853215118017033,"0","P045","2-back",1,"0","ACTIVE"
"6638",0.986291012584843,"0","P045","2-back",1,"0","ACTIVE"
"6639",0.636115925819468,"1","P045","2-back",1,"1","ACTIVE"
"6640",0.609623847256444,"1","P045","2-back",1,"1","ACTIVE"
"6641",0.350620151446492,"0","P045","3-back",1,"0","ACTIVE"
"6642",0.320170076289287,"0","P045","3-back",1,"0","ACTIVE"
"6643",0.281773217308,"0","P045","3-back",1,"0","ACTIVE"
"6644",0.531284999080526,"0","P045","3-back",1,"0","ACTIVE"
"6645",0.547792202378332,"0","P045","3-back",1,"0","ACTIVE"
"6646",1.17972308952812,"0","P045","3-back",1,"0","ACTIVE"
"6647",1.14038447243729,"1","P045","3-back",0,"0","ACTIVE"
"6648",1.16508105246612,"1","P045","3-back",1,"1","ACTIVE"
"6649",0.873615004433304,"1","P045","3-back",0,"0","ACTIVE"
"6650",0.97103502886057,"0","P045","3-back",0,"1","ACTIVE"
"6651",0.613279846782461,"1","P045","0-back",1,"1","ACTIVE"
"6652",0.55161708389096,"0","P045","0-back",1,"0","ACTIVE"
"6653",0.486909157974878,"0","P045","0-back",1,"0","ACTIVE"
"6654",0.65036825914467,"0","P045","0-back",1,"0","ACTIVE"
"6655",0.576846435267726,"0","P045","0-back",1,"0","ACTIVE"
"6656",0.603522324612641,"0","P045","0-back",1,"0","ACTIVE"
"6657",0.615311095856669,"0","P045","0-back",1,"0","ACTIVE"
"6658",0.627162692446291,"1","P045","0-back",1,"1","ACTIVE"
"6659",0.723716535787389,"0","P045","0-back",1,"0","ACTIVE"
"6660",0.625923602518014,"1","P045","0-back",1,"1","ACTIVE"
"6661",0.736721070717977,"0","P045","2-back",1,"0","ACTIVE"
"6662",0.478608126302788,"0","P045","2-back",1,"0","ACTIVE"
"6663",0.512977009968381,"0","P045","2-back",1,"0","ACTIVE"
"6664",0.670282026694622,"0","P045","2-back",1,"0","ACTIVE"
"6665",0.705274187523173,"0","P045","2-back",1,"0","ACTIVE"
"6666",0.836380725309937,"1","P045","2-back",1,"1","ACTIVE"
"6667",0.700750762845928,"1","P045","2-back",1,"1","ACTIVE"
"6668",0.676273449482323,"0","P045","2-back",1,"0","ACTIVE"
"6669",0.918853916460648,"0","P045","2-back",1,"0","ACTIVE"
"6670",0.602230050855724,"1","P045","2-back",1,"1","ACTIVE"
"6671",0.294511522073662,"0","P045","1-back",1,"0","ACTIVE"
"6672",0.404717125784373,"1","P045","1-back",1,"1","ACTIVE"
"6673",0.431230353473438,"0","P045","1-back",1,"0","ACTIVE"
"6674",0.571547335319337,"0","P045","1-back",1,"0","ACTIVE"
"6675",0.531863800877545,"0","P045","1-back",1,"0","ACTIVE"
"6676",0.564928281139146,"0","P045","1-back",1,"0","ACTIVE"
"6677",0.57822392755952,"0","P045","1-back",1,"0","ACTIVE"
"6678",0.566933093808984,"0","P045","1-back",1,"0","ACTIVE"
"6679",0.497935316643634,"1","P045","1-back",1,"1","ACTIVE"
"6680",0.450862029016207,"0","P045","1-back",1,"0","ACTIVE"
"6681",0.870344043394653,"0","P045","2-back",1,"0","ACTIVE"
"6682",0.796451176778646,"0","P045","2-back",1,"0","ACTIVE"
"6683",0.821785029716921,"0","P045","2-back",1,"0","ACTIVE"
"6684",0.736629320836073,"0","P045","2-back",1,"0","ACTIVE"
"6685",0.631239497359275,"0","P045","2-back",1,"0","ACTIVE"
"6686",1.02146636216094,"0","P045","2-back",1,"0","ACTIVE"
"6687",0.750060881488025,"1","P045","2-back",1,"1","ACTIVE"
"6688",0.815260524566838,"1","P045","2-back",1,"1","ACTIVE"
"6689",1.08135633072743,"0","P045","2-back",1,"0","ACTIVE"
"6690",1.0056583240621,"0","P045","2-back",1,"0","ACTIVE"
"6691",0.573367404158489,"0","P045","0-back",1,"0","ACTIVE"
"6692",0.827959641248526,"1","P045","0-back",1,"1","ACTIVE"
"6693",0.706642971352267,"0","P045","0-back",1,"0","ACTIVE"
"6694",0.624351724882217,"0","P045","0-back",1,"0","ACTIVE"
"6695",0.54159426460501,"0","P045","0-back",1,"0","ACTIVE"
"6696",0.583656453609365,"0","P045","0-back",1,"0","ACTIVE"
"6697",0.516672508592819,"0","P045","0-back",1,"0","ACTIVE"
"6698",0.546883101009371,"0","P045","0-back",1,"0","ACTIVE"
"6699",0.403750797368048,"0","P045","0-back",1,"0","ACTIVE"
"6700",0.467181689335121,"1","P045","0-back",1,"1","ACTIVE"
"6701",0.383501131944286,"0","P045","1-back",1,"0","ACTIVE"
"6702",0.617983972073489,"0","P045","1-back",1,"0","ACTIVE"
"6703",0.567782791018544,"0","P045","1-back",1,"0","ACTIVE"
"6704",0.764198138689608,"0","P045","1-back",1,"0","ACTIVE"
"6705",0.665874300173527,"0","P045","1-back",1,"0","ACTIVE"
"6706",0.6679207890611,"1","P045","1-back",1,"1","ACTIVE"
"6707",0.731350125946847,"1","P045","1-back",1,"1","ACTIVE"
"6708",0.747536360167942,"0","P045","1-back",1,"0","ACTIVE"
"6709",0.65829513790959,"0","P045","1-back",1,"0","ACTIVE"
"6710",0.643133703213607,"1","P045","1-back",1,"1","ACTIVE"
"6711",0.478591331409916,"0","P045","3-back",1,"0","ACTIVE"
"6712",0.264595773347537,"0","P045","3-back",1,"0","ACTIVE"
"6713",0.462598238464125,"0","P045","3-back",1,"0","ACTIVE"
"6714",0.871639738335944,"1","P045","3-back",1,"1","ACTIVE"
"6715",0.612844112596576,"0","P045","3-back",1,"0","ACTIVE"
"6716",0.80053295795733,"0","P045","3-back",1,"0","ACTIVE"
"6717",0.72498299516883,"1","P045","3-back",1,"1","ACTIVE"
"6718",1.24404006763871,"1","P045","3-back",1,"1","ACTIVE"
"6719",0.785055841466601,"0","P045","3-back",1,"0","ACTIVE"
"6720",0.664129186321588,"1","P045","3-back",0,"0","ACTIVE"
"6721",0.39960699594485,"0","P046","0-back",1,"0","PLACEBO"
"6722",0.301329545531189,"0","P046","0-back",1,"0","PLACEBO"
"6723",0.291540522399373,"0","P046","0-back",1,"0","PLACEBO"
"6724",0.347346102958909,"1","P046","0-back",1,"1","PLACEBO"
"6725",0.327983282088098,"0","P046","0-back",1,"0","PLACEBO"
"6726",0.375393206217268,"0","P046","0-back",1,"0","PLACEBO"
"6727",0.410148685912645,"1","P046","0-back",1,"1","PLACEBO"
"6728",0.499003805010943,"0","P046","0-back",1,"0","PLACEBO"
"6729",0.442974912557474,"0","P046","0-back",1,"0","PLACEBO"
"6730",0.430831783938629,"1","P046","0-back",1,"1","PLACEBO"
"6731",0.330303486465709,"0","P046","1-back",1,"0","PLACEBO"
"6732",0.53794591622318,"0","P046","1-back",1,"0","PLACEBO"
"6733",0.446670444514893,"0","P046","1-back",1,"0","PLACEBO"
"6734",0.300996132786167,"1","P046","1-back",1,"1","PLACEBO"
"6735",0.352072664072693,"0","P046","1-back",1,"0","PLACEBO"
"6736",0.518197742372649,"0","P046","1-back",1,"0","PLACEBO"
"6737",0.657779807004772,"0","P046","1-back",1,"0","PLACEBO"
"6738",0.389620164505686,"0","P046","1-back",1,"0","PLACEBO"
"6739",0.388018103814829,"0","P046","1-back",1,"0","PLACEBO"
"6740",0.362678735047666,"1","P046","1-back",1,"1","PLACEBO"
"6741",0.405579500589738,"0","P046","2-back",1,"0","PLACEBO"
"6742",0.763573351114246,"0","P046","2-back",1,"0","PLACEBO"
"6743",0.720843646215144,"0","P046","2-back",1,"0","PLACEBO"
"6744",0.562000775060369,"1","P046","2-back",1,"1","PLACEBO"
"6745",0.743573251589623,"0","P046","2-back",1,"0","PLACEBO"
"6746",0.644889298881026,"0","P046","2-back",1,"0","PLACEBO"
"6747",0.430936597460459,"1","P046","2-back",0,"0","PLACEBO"
"6748",0.668799222699818,"0","P046","2-back",1,"0","PLACEBO"
"6749",0.999192282739386,"0","P046","2-back",1,"0","PLACEBO"
"6750",0.569874229993729,"1","P046","2-back",1,"1","PLACEBO"
"6751",0.468179609944855,"0","P046","3-back",1,"0","PLACEBO"
"6752",0.506293476617429,"0","P046","3-back",1,"0","PLACEBO"
"6753",0.787962866777889,"0","P046","3-back",1,"0","PLACEBO"
"6754",0.916753803923712,"1","P046","3-back",1,"1","PLACEBO"
"6755",0.696864676101541,"0","P046","3-back",1,"0","PLACEBO"
"6756",0.836636151521816,"0","P046","3-back",1,"0","PLACEBO"
"6757",0.94226827658531,"0","P046","3-back",1,"0","PLACEBO"
"6758",0.387737253338855,"1","P046","3-back",0,"0","PLACEBO"
"6759",0.683437970612431,"1","P046","3-back",0,"0","PLACEBO"
"6760",0.553154451588853,"0","P046","3-back",0,"1","PLACEBO"
"6761",0.547157998453258,"0","P046","1-back",1,"0","PLACEBO"
"6762",0.342649399701259,"1","P046","1-back",1,"1","PLACEBO"
"6763",0.317241606677271,"0","P046","1-back",1,"0","PLACEBO"
"6764",0.450829395311303,"0","P046","1-back",1,"0","PLACEBO"
"6765",0.352638719297829,"0","P046","1-back",1,"0","PLACEBO"
"6766",0.44822585230213,"0","P046","1-back",1,"0","PLACEBO"
"6767",0.358011889647969,"0","P046","1-back",1,"0","PLACEBO"
"6768",0.543387821851866,"1","P046","1-back",1,"1","PLACEBO"
"6769",0.634613530461138,"0","P046","1-back",1,"0","PLACEBO"
"6770",0.402856215130669,"1","P046","1-back",1,"1","PLACEBO"
"6771",0.709218053802033,"0","P046","0-back",1,"0","PLACEBO"
"6772",0.483041047713414,"0","P046","0-back",1,"0","PLACEBO"
"6773",0.293119567659232,"0","P046","0-back",1,"0","PLACEBO"
"6774",0.304489191143148,"0","P046","0-back",1,"0","PLACEBO"
"6775",0.357207593599014,"0","P046","0-back",1,"0","PLACEBO"
"6776",0.354016224013321,"0","P046","0-back",1,"0","PLACEBO"
"6777",0.342014298181311,"1","P046","0-back",1,"1","PLACEBO"
"6778",0.449983111649999,"1","P046","0-back",1,"1","PLACEBO"
"6779",0.421940673679273,"0","P046","0-back",1,"0","PLACEBO"
"6780",0.286859059091512,"0","P046","0-back",1,"0","PLACEBO"
"6781",0.515636809015632,"0","P046","3-back",1,"0","PLACEBO"
"6782",0.622865707440724,"0","P046","3-back",1,"0","PLACEBO"
"6783",0.637549864177345,"0","P046","3-back",1,"0","PLACEBO"
"6784",0.583850195662308,"0","P046","3-back",1,"0","PLACEBO"
"6785",0.343552599902978,"1","P046","3-back",1,"1","PLACEBO"
"6786",0.365100953771616,"0","P046","3-back",1,"0","PLACEBO"
"6787",0.724203588291857,"0","P046","3-back",0,"1","PLACEBO"
"6788",0.484661147524093,"1","P046","3-back",0,"0","PLACEBO"
"6789",0.816261584694075,"0","P046","3-back",0,"1","PLACEBO"
"6790",1.10098207471128,"1","P046","3-back",0,"0","PLACEBO"
"6791",0.355449712214977,"0","P046","2-back",1,"0","PLACEBO"
"6792",0.334195582654502,"0","P046","2-back",1,"0","PLACEBO"
"6793",0.505281108620693,"1","P046","2-back",1,"1","PLACEBO"
"6794",0.414568892963871,"0","P046","2-back",1,"0","PLACEBO"
"6795",0.49142488540565,"0","P046","2-back",1,"0","PLACEBO"
"6796",0.619355543018173,"0","P046","2-back",1,"0","PLACEBO"
"6797",0.413748112889152,"0","P046","2-back",1,"0","PLACEBO"
"6798",0.450252143389662,"0","P046","2-back",1,"0","PLACEBO"
"6799",0.495572017465747,"1","P046","2-back",1,"1","PLACEBO"
"6800",0.825660900576622,"1","P046","2-back",1,"1","PLACEBO"
"6801",0.470796837804301,"0","P046","3-back",1,"0","PLACEBO"
"6802",0.408263908630033,"0","P046","3-back",1,"0","PLACEBO"
"6803",0.580010039704575,"0","P046","3-back",1,"0","PLACEBO"
"6804",0.407548564116951,"0","P046","3-back",1,"0","PLACEBO"
"6805",0.899197072438255,"0","P046","3-back",1,"0","PLACEBO"
"6806",0.787315635503546,"0","P046","3-back",1,"0","PLACEBO"
"6807",0.916748827612537,"0","P046","3-back",1,"0","PLACEBO"
"6808",0.61195141628923,"1","P046","3-back",1,"1","PLACEBO"
"6809",0.602188829801889,"0","P046","3-back",1,"0","PLACEBO"
"6810",0.640887101841145,"0","P046","3-back",0,"1","PLACEBO"
"6811",0.723006785819962,"1","P046","0-back",1,"1","PLACEBO"
"6812",0.492658077142551,"0","P046","0-back",1,"0","PLACEBO"
"6813",0.42117960932228,"0","P046","0-back",1,"0","PLACEBO"
"6814",0.299229542857574,"0","P046","0-back",1,"0","PLACEBO"
"6815",0.394526183787093,"0","P046","0-back",1,"0","PLACEBO"
"6816",0.366032456735411,"0","P046","0-back",1,"0","PLACEBO"
"6817",0.423378205132394,"0","P046","0-back",1,"0","PLACEBO"
"6818",0.342052864580182,"1","P046","0-back",1,"1","PLACEBO"
"6819",0.249283877938069,"0","P046","0-back",1,"0","PLACEBO"
"6820",0.430494327940323,"1","P046","0-back",1,"1","PLACEBO"
"6821",0.572098018370525,"0","P046","2-back",1,"0","PLACEBO"
"6822",0.55298401298387,"0","P046","2-back",1,"0","PLACEBO"
"6823",0.62244334315983,"0","P046","2-back",1,"0","PLACEBO"
"6824",0.548965953956213,"1","P046","2-back",0,"0","PLACEBO"
"6825",0.511442402013927,"0","P046","2-back",1,"0","PLACEBO"
"6826",0.974962942043931,"1","P046","2-back",1,"1","PLACEBO"
"6827",0.792921137310259,"1","P046","2-back",1,"1","PLACEBO"
"6828",0.782584720116574,"0","P046","2-back",1,"0","PLACEBO"
"6829",1.39099269291182,"1","P046","2-back",0,"0","PLACEBO"
"6830",0.706913089374211,"0","P046","2-back",0,"1","PLACEBO"
"6831",0.406306041799326,"0","P046","1-back",1,"0","PLACEBO"
"6832",0.517635108362811,"1","P046","1-back",1,"1","PLACEBO"
"6833",0.396900505529629,"0","P046","1-back",1,"0","PLACEBO"
"6834",0.358364896614148,"0","P046","1-back",1,"0","PLACEBO"
"6835",0.536969315451643,"0","P046","1-back",1,"0","PLACEBO"
"6836",0.395486300531047,"0","P046","1-back",1,"0","PLACEBO"
"6837",0.587126473532408,"0","P046","1-back",1,"0","PLACEBO"
"6838",0.477681251193644,"0","P046","1-back",1,"0","PLACEBO"
"6839",0.275026949826497,"1","P046","1-back",1,"1","PLACEBO"
"6840",0.556992119390998,"0","P046","1-back",1,"0","PLACEBO"
"6841",0.30828735949035,"0","P046","2-back",1,"0","PLACEBO"
"6842",0.329749872014872,"0","P046","2-back",1,"0","PLACEBO"
"6843",0.671350825476111,"0","P046","2-back",1,"0","PLACEBO"
"6844",0.563822726431681,"0","P046","2-back",1,"0","PLACEBO"
"6845",0.522687617760312,"0","P046","2-back",1,"0","PLACEBO"
"6846",0.809096942866745,"0","P046","2-back",1,"0","PLACEBO"
"6847",0.695720124880609,"1","P046","2-back",1,"1","PLACEBO"
"6848",1.26002493131091,"1","P046","2-back",1,"1","PLACEBO"
"6849",0.742353744704815,"0","P046","2-back",1,"0","PLACEBO"
"6850",1.24725540971667,"0","P046","2-back",1,"0","PLACEBO"
"6851",0.335685054338683,"0","P046","0-back",1,"0","PLACEBO"
"6852",0.475939231795564,"1","P046","0-back",1,"1","PLACEBO"
"6853",0.404406024570562,"0","P046","0-back",1,"0","PLACEBO"
"6854",0.554840176484504,"0","P046","0-back",1,"0","PLACEBO"
"6855",0.340966162959376,"0","P046","0-back",1,"0","PLACEBO"
"6856",0.335098471838137,"0","P046","0-back",1,"0","PLACEBO"
"6857",0.301505893505237,"0","P046","0-back",1,"0","PLACEBO"
"6858",0.289984181556065,"0","P046","0-back",1,"0","PLACEBO"
"6859",0.35454931118511,"0","P046","0-back",1,"0","PLACEBO"
"6860",0.305093190729167,"1","P046","0-back",1,"1","PLACEBO"
"6861",0.317018294781519,"0","P046","1-back",1,"0","PLACEBO"
"6862",0.424714344275344,"1","P046","1-back",0,"0","PLACEBO"
"6863",0.487723133061081,"0","P046","1-back",1,"0","PLACEBO"
"6864",0.427322552573969,"0","P046","1-back",1,"0","PLACEBO"
"6865",0.352651782110115,"0","P046","1-back",1,"0","PLACEBO"
"6866",0.317406757952995,"1","P046","1-back",1,"1","PLACEBO"
"6867",0.479072440763048,"1","P046","1-back",1,"1","PLACEBO"
"6868",0.363318190837163,"0","P046","1-back",1,"0","PLACEBO"
"6869",0.716668211396609,"0","P046","1-back",1,"0","PLACEBO"
"6870",0.474269990923858,"1","P046","1-back",1,"1","PLACEBO"
"6871",0.787410185384942,"0","P046","3-back",1,"0","PLACEBO"
"6872",0.334026077105591,"0","P046","3-back",1,"0","PLACEBO"
"6873",0.533599109738134,"0","P046","3-back",1,"0","PLACEBO"
"6874",0.37834789007502,"1","P046","3-back",1,"1","PLACEBO"
"6875",0.602543391865765,"0","P046","3-back",1,"0","PLACEBO"
"6876",0.494701785313737,"0","P046","3-back",1,"0","PLACEBO"
"6877",0.604989559080423,"1","P046","3-back",1,"1","PLACEBO"
"6878",0.596136704203673,"1","P046","3-back",1,"1","PLACEBO"
"6879",0.418261003709631,"0","P046","3-back",1,"0","PLACEBO"
"6880",0.666358342814419,"0","P046","3-back",1,"0","PLACEBO"
"6881",0.713800352256385,"0","P047","0-back",1,"0","ACTIVE"
"6882",0.827260702279091,"0","P047","0-back",1,"0","ACTIVE"
"6883",0.519334439097292,"0","P047","0-back",1,"0","ACTIVE"
"6884",0.55415729861852,"1","P047","0-back",1,"1","ACTIVE"
"6885",0.755304137471285,"0","P047","0-back",1,"0","ACTIVE"
"6886",0.730623496045609,"0","P047","0-back",1,"0","ACTIVE"
"6887",0.691753079754108,"1","P047","0-back",1,"1","ACTIVE"
"6888",0.716433721180238,"0","P047","0-back",1,"0","ACTIVE"
"6889",1.2118781204581,"0","P047","0-back",1,"0","ACTIVE"
"6890",0.782647694301431,"1","P047","0-back",1,"1","ACTIVE"
"6891",1.01434155046854,"0","P047","1-back",1,"0","ACTIVE"
"6892",1.16449956193492,"0","P047","1-back",1,"0","ACTIVE"
"6893",0.925326403076724,"0","P047","1-back",1,"0","ACTIVE"
"6894",0.976681917833957,"1","P047","1-back",1,"1","ACTIVE"
"6895",0.742238683931191,"0","P047","1-back",1,"0","ACTIVE"
"6896",0.804937558957135,"0","P047","1-back",1,"0","ACTIVE"
"6897",0.819448923932669,"0","P047","1-back",1,"0","ACTIVE"
"6898",0.789618797532967,"0","P047","1-back",1,"0","ACTIVE"
"6899",0.779356838439526,"0","P047","1-back",1,"0","ACTIVE"
"6900",0.855898705957316,"1","P047","1-back",1,"1","ACTIVE"
"6901",0.988220284871659,"0","P047","2-back",1,"0","ACTIVE"
"6902",0.935707170121987,"0","P047","2-back",1,"0","ACTIVE"
"6903",0.873301893805092,"0","P047","2-back",1,"0","ACTIVE"
"6904",1.24798267518781,"1","P047","2-back",1,"1","ACTIVE"
"6905",1.37641811441836,"0","P047","2-back",1,"0","ACTIVE"
"6906",1.39266463532022,"0","P047","2-back",1,"0","ACTIVE"
"6907",1.11880328668849,"0","P047","2-back",1,"0","ACTIVE"
"6908",1.08904376082501,"0","P047","2-back",1,"0","ACTIVE"
"6909",0.754504516412908,"0","P047","2-back",1,"0","ACTIVE"
"6910",0.720089398318578,"1","P047","2-back",1,"1","ACTIVE"
"6911",1.03001455863932,"0","P047","3-back",1,"0","ACTIVE"
"6912",0.973577671320527,"0","P047","3-back",1,"0","ACTIVE"
"6913",1.03589772936857,"0","P047","3-back",1,"0","ACTIVE"
"6914",0.86922541258582,"1","P047","3-back",1,"1","ACTIVE"
"6915",0.61598906220388,"0","P047","3-back",1,"0","ACTIVE"
"6916",0.867527889544817,"0","P047","3-back",1,"0","ACTIVE"
"6917",0.949387501465935,"0","P047","3-back",1,"0","ACTIVE"
"6918",0.760945960109439,"1","P047","3-back",0,"0","ACTIVE"
"6919",0.846300765129399,"0","P047","3-back",1,"0","ACTIVE"
"6920",1.14807700621395,"0","P047","3-back",0,"1","ACTIVE"
"6921",0.991210077651431,"0","P047","1-back",1,"0","ACTIVE"
"6922",0.804775208823685,"1","P047","1-back",1,"1","ACTIVE"
"6923",0.850114749198838,"0","P047","1-back",1,"0","ACTIVE"
"6924",0.64497260419239,"0","P047","1-back",1,"0","ACTIVE"
"6925",0.721812113621581,"0","P047","1-back",1,"0","ACTIVE"
"6926",0.841549069084067,"0","P047","1-back",1,"0","ACTIVE"
"6927",0.611598766263342,"0","P047","1-back",1,"0","ACTIVE"
"6928",0.706658812486694,"1","P047","1-back",1,"1","ACTIVE"
"6929",0.812203815974499,"0","P047","1-back",1,"0","ACTIVE"
"6930",0.800202657752379,"1","P047","1-back",1,"1","ACTIVE"
"6931",0.759417318529358,"0","P047","0-back",1,"0","ACTIVE"
"6932",0.82359134045555,"0","P047","0-back",1,"0","ACTIVE"
"6933",0.735851045929849,"0","P047","0-back",1,"0","ACTIVE"
"6934",0.782443046049139,"0","P047","0-back",1,"0","ACTIVE"
"6935",0.697506245970544,"0","P047","0-back",1,"0","ACTIVE"
"6936",0.780993091410892,"0","P047","0-back",1,"0","ACTIVE"
"6937",0.723791105762757,"1","P047","0-back",1,"1","ACTIVE"
"6938",0.797562135470343,"1","P047","0-back",1,"1","ACTIVE"
"6939",0.739852883410094,"0","P047","0-back",1,"0","ACTIVE"
"6940",0.857678337111793,"0","P047","0-back",1,"0","ACTIVE"
"6941",1.01944158396509,"0","P047","3-back",1,"0","ACTIVE"
"6942",1.17553315068426,"0","P047","3-back",1,"0","ACTIVE"
"6943",1.24542115086342,"0","P047","3-back",1,"0","ACTIVE"
"6944",0.82143382537015,"0","P047","3-back",1,"0","ACTIVE"
"6945",0.775365575489559,"1","P047","3-back",1,"1","ACTIVE"
"6946",1.04139586280871,"0","P047","3-back",1,"0","ACTIVE"
"6947",0.840991729162852,"1","P047","3-back",1,"1","ACTIVE"
"6948",1.00069169865219,"0","P047","3-back",1,"0","ACTIVE"
"6949",0.991061412203635,"1","P047","3-back",1,"1","ACTIVE"
"6950",0.82991428721607,"1","P047","3-back",0,"0","ACTIVE"
"6951",0.858980559348765,"0","P047","2-back",1,"0","ACTIVE"
"6952",0.912655006277873,"0","P047","2-back",1,"0","ACTIVE"
"6953",0.687486256998909,"1","P047","2-back",1,"1","ACTIVE"
"6954",0.893902943855664,"0","P047","2-back",1,"0","ACTIVE"
"6955",0.756197374219937,"0","P047","2-back",1,"0","ACTIVE"
"6956",0.735921335451167,"0","P047","2-back",1,"0","ACTIVE"
"6957",0.774822231269354,"0","P047","2-back",1,"0","ACTIVE"
"6958",1.11232949737087,"0","P047","2-back",1,"0","ACTIVE"
"6959",0.720300888913698,"1","P047","2-back",1,"1","ACTIVE"
"6960",1.34693352632894,"1","P047","2-back",1,"1","ACTIVE"
"6961",1.01717583545815,"0","P047","3-back",1,"0","ACTIVE"
"6962",0.954353176231052,"0","P047","3-back",1,"0","ACTIVE"
"6963",1.14238417702018,"0","P047","3-back",1,"0","ACTIVE"
"6964",0.816337213045699,"0","P047","3-back",1,"0","ACTIVE"
"6965",0.862735761473232,"0","P047","3-back",1,"0","ACTIVE"
"6966",1.12046815309304,"0","P047","3-back",1,"0","ACTIVE"
"6967",1.0493821208961,"1","P047","3-back",0,"0","ACTIVE"
"6968",0.989787181368229,"1","P047","3-back",1,"1","ACTIVE"
"6969",1.22596370510337,"1","P047","3-back",0,"0","ACTIVE"
"6970",1.24174587974312,"1","P047","3-back",1,"1","ACTIVE"
"6971",0.751835380696775,"1","P047","0-back",1,"1","ACTIVE"
"6972",0.758748012999149,"0","P047","0-back",1,"0","ACTIVE"
"6973",0.801985710078043,"0","P047","0-back",1,"0","ACTIVE"
"6974",0.788422631608682,"0","P047","0-back",1,"0","ACTIVE"
"6975",0.789351324133349,"0","P047","0-back",1,"0","ACTIVE"
"6976",0.758999313588447,"0","P047","0-back",1,"0","ACTIVE"
"6977",0.677731875333848,"0","P047","0-back",1,"0","ACTIVE"
"6978",0.969801320136867,"1","P047","0-back",1,"1","ACTIVE"
"6979",0.537705196416937,"0","P047","0-back",1,"0","ACTIVE"
"6980",0.827626456602502,"1","P047","0-back",1,"1","ACTIVE"
"6981",0.810251260157656,"0","P047","2-back",1,"0","ACTIVE"
"6982",0.953562263608546,"0","P047","2-back",1,"0","ACTIVE"
"6983",0.812856948694389,"0","P047","2-back",1,"0","ACTIVE"
"6984",0.781105368035696,"0","P047","2-back",1,"0","ACTIVE"
"6985",0.722134636778719,"0","P047","2-back",1,"0","ACTIVE"
"6986",1.11428765146866,"1","P047","2-back",1,"1","ACTIVE"
"6987",1.41240168408694,"1","P047","2-back",1,"1","ACTIVE"
"6988",1.00795546754534,"0","P047","2-back",1,"0","ACTIVE"
"6989",1.11491621395726,"0","P047","2-back",1,"0","ACTIVE"
"6990",1.00934881734747,"1","P047","2-back",1,"1","ACTIVE"
"6991",1.05432104832153,"0","P047","1-back",1,"0","ACTIVE"
"6992",0.842889546237984,"1","P047","1-back",1,"1","ACTIVE"
"6993",0.811971798350896,"0","P047","1-back",1,"0","ACTIVE"
"6994",0.795291721729427,"0","P047","1-back",1,"0","ACTIVE"
"6995",0.736514442163752,"0","P047","1-back",1,"0","ACTIVE"
"6996",0.783488680432583,"0","P047","1-back",1,"0","ACTIVE"
"6997",0.852740031717531,"0","P047","1-back",1,"0","ACTIVE"
"6998",0.74122788329305,"0","P047","1-back",1,"0","ACTIVE"
"6999",0.773141503069837,"1","P047","1-back",1,"1","ACTIVE"
"7000",0.97926303614031,"0","P047","1-back",1,"0","ACTIVE"
"7001",1.02054911044843,"0","P047","2-back",1,"0","ACTIVE"
"7002",1.14228185289403,"0","P047","2-back",1,"0","ACTIVE"
"7003",1.07147697878236,"0","P047","2-back",1,"0","ACTIVE"
"7004",0.82939022596247,"0","P047","2-back",1,"0","ACTIVE"
"7005",0.936741607944441,"0","P047","2-back",1,"0","ACTIVE"
"7006",1.18459614471294,"1","P047","2-back",0,"0","ACTIVE"
"7007",0.964089830008106,"1","P047","2-back",1,"1","ACTIVE"
"7008",0.902979933585357,"0","P047","2-back",0,"1","ACTIVE"
"7009",0.857863702397935,"0","P047","2-back",1,"0","ACTIVE"
"7010",0.972264874553275,"1","P047","2-back",0,"0","ACTIVE"
"7011",0.773682359164923,"0","P047","0-back",1,"0","ACTIVE"
"7012",0.908232053700885,"1","P047","0-back",1,"1","ACTIVE"
"7013",0.916326545211177,"0","P047","0-back",1,"0","ACTIVE"
"7014",0.841301500681311,"0","P047","0-back",1,"0","ACTIVE"
"7015",0.778663584709648,"0","P047","0-back",1,"0","ACTIVE"
"7016",0.769559847639357,"0","P047","0-back",1,"0","ACTIVE"
"7017",0.811340747737177,"0","P047","0-back",1,"0","ACTIVE"
"7018",0.831029589089212,"0","P047","0-back",1,"0","ACTIVE"
"7019",0.728954586437794,"0","P047","0-back",1,"0","ACTIVE"
"7020",0.802023342963366,"1","P047","0-back",1,"1","ACTIVE"
"7021",0.789513985282156,"0","P047","1-back",1,"0","ACTIVE"
"7022",1.0577671009587,"0","P047","1-back",1,"0","ACTIVE"
"7023",0.805250751646781,"0","P047","1-back",1,"0","ACTIVE"
"7024",0.765253214890436,"0","P047","1-back",1,"0","ACTIVE"
"7025",0.73241587883831,"0","P047","1-back",1,"0","ACTIVE"
"7026",0.786918249243627,"1","P047","1-back",1,"1","ACTIVE"
"7027",0.865718711910176,"1","P047","1-back",1,"1","ACTIVE"
"7028",0.868462802381146,"0","P047","1-back",1,"0","ACTIVE"
"7029",0.794921924203663,"0","P047","1-back",1,"0","ACTIVE"
"7030",0.799387485914849,"1","P047","1-back",1,"1","ACTIVE"
"7031",1.11839336815228,"0","P047","3-back",1,"0","ACTIVE"
"7032",1.14477370972827,"0","P047","3-back",1,"0","ACTIVE"
"7033",1.01329467202322,"0","P047","3-back",1,"0","ACTIVE"
"7034",0.742093750670847,"1","P047","3-back",1,"1","ACTIVE"
"7035",0.786506464614376,"0","P047","3-back",1,"0","ACTIVE"
"7036",1.18950272651819,"0","P047","3-back",1,"0","ACTIVE"
"7037",1.18688397532651,"1","P047","3-back",1,"1","ACTIVE"
"7038",0.958802254116563,"1","P047","3-back",1,"1","ACTIVE"
"7039",1.1962489654843,"1","P047","3-back",0,"0","ACTIVE"
"7040",0.952157406229617,"0","P047","3-back",1,"0","ACTIVE"
"7041",0.688163013444864,"0","P048","0-back",1,"0","PLACEBO"
"7042",0.540472200555087,"0","P048","0-back",1,"0","PLACEBO"
"7043",0.352420531693497,"0","P048","0-back",1,"0","PLACEBO"
"7044",0.429043643343903,"1","P048","0-back",1,"1","PLACEBO"
"7045",0.33608491299492,"0","P048","0-back",1,"0","PLACEBO"
"7046",0.442233622083222,"0","P048","0-back",1,"0","PLACEBO"
"7047",0.585707336675114,"1","P048","0-back",1,"1","PLACEBO"
"7048",0.355164024875194,"0","P048","0-back",1,"0","PLACEBO"
"7049",0.340402159214136,"0","P048","0-back",1,"0","PLACEBO"
"7050",0.446490219715997,"1","P048","0-back",1,"1","PLACEBO"
"7051",0.58281424364759,"1","P048","1-back",0,"0","PLACEBO"
"7052",0.69466765197285,"0","P048","1-back",1,"0","PLACEBO"
"7053",0.371064217833919,"0","P048","1-back",1,"0","PLACEBO"
"7054",0.459461863547403,"1","P048","1-back",1,"1","PLACEBO"
"7055",0.282447926190798,"0","P048","1-back",1,"0","PLACEBO"
"7056",0.431964728028106,"0","P048","1-back",1,"0","PLACEBO"
"7057",0.412588282568322,"0","P048","1-back",1,"0","PLACEBO"
"7058",0.412534787405093,"0","P048","1-back",1,"0","PLACEBO"
"7059",0.343330086301648,"0","P048","1-back",1,"0","PLACEBO"
"7060",0.470203194532587,"1","P048","1-back",1,"1","PLACEBO"
"7061",1.11537506951208,"1","P048","2-back",0,"0","PLACEBO"
"7062",0.857368523196783,"1","P048","2-back",0,"0","PLACEBO"
"7063",0.321760961220207,"0","P048","2-back",1,"0","PLACEBO"
"7064",0.578390940157988,"1","P048","2-back",1,"1","PLACEBO"
"7065",0.458006919536274,"1","P048","2-back",0,"0","PLACEBO"
"7066",0.579962516065279,"0","P048","2-back",1,"0","PLACEBO"
"7067",1.0487014360333,"1","P048","2-back",0,"0","PLACEBO"
"7068",0.790506101559004,"0","P048","2-back",1,"0","PLACEBO"
"7069",0.60639379157692,"1","P048","2-back",0,"0","PLACEBO"
"7070",0.558805490345549,"1","P048","2-back",1,"1","PLACEBO"
"7071",0.599120626615331,"1","P048","3-back",0,"0","PLACEBO"
"7072",0.350328622027519,"0","P048","3-back",1,"0","PLACEBO"
"7073",0.583893166427515,"1","P048","3-back",0,"0","PLACEBO"
"7074",0.382366937004917,"0","P048","3-back",0,"1","PLACEBO"
"7075",0.407812906267282,"1","P048","3-back",0,"0","PLACEBO"
"7076",0.885377594981037,"0","P048","3-back",1,"0","PLACEBO"
"7077",0.470837050002956,"0","P048","3-back",1,"0","PLACEBO"
"7078",0.311444481352737,"1","P048","3-back",0,"0","PLACEBO"
"7079",0.550647478075916,"0","P048","3-back",1,"0","PLACEBO"
"7080",0.609168697616042,"1","P048","3-back",1,"1","PLACEBO"
"7081",0.412224080038868,"0","P048","1-back",1,"0","PLACEBO"
"7082",0.599927719327752,"1","P048","1-back",1,"1","PLACEBO"
"7083",0.599502868210038,"0","P048","1-back",1,"0","PLACEBO"
"7084",0.432999486198241,"1","P048","1-back",0,"0","PLACEBO"
"7085",0.463584723274835,"0","P048","1-back",1,"0","PLACEBO"
"7086",0.478602868086455,"0","P048","1-back",1,"0","PLACEBO"
"7087",0.411789276335185,"0","P048","1-back",1,"0","PLACEBO"
"7088",0.387545704152217,"1","P048","1-back",1,"1","PLACEBO"
"7089",0.354204844174092,"0","P048","1-back",1,"0","PLACEBO"
"7090",0.389334681907712,"1","P048","1-back",1,"1","PLACEBO"
"7091",0.577251990829609,"0","P048","0-back",1,"0","PLACEBO"
"7092",0.497552596318201,"0","P048","0-back",1,"0","PLACEBO"
"7093",0.415051548188785,"0","P048","0-back",1,"0","PLACEBO"
"7094",0.424991695810604,"0","P048","0-back",1,"0","PLACEBO"
"7095",0.364040489617764,"0","P048","0-back",1,"0","PLACEBO"
"7096",0.883538543264876,"0","P048","0-back",1,"0","PLACEBO"
"7097",0.643653794239071,"1","P048","0-back",1,"1","PLACEBO"
"7098",0.502347566778553,"1","P048","0-back",1,"1","PLACEBO"
"7099",0.51518889390718,"0","P048","0-back",1,"0","PLACEBO"
"7100",0.414039805376888,"0","P048","0-back",1,"0","PLACEBO"
"7101",0.674436216970207,"1","P048","3-back",0,"0","PLACEBO"
"7102",0.475118218088028,"0","P048","3-back",1,"0","PLACEBO"
"7103",1.21461263904166,"0","P048","3-back",1,"0","PLACEBO"
"7104",0.650580795734641,"0","P048","3-back",1,"0","PLACEBO"
"7105",0.577909794716106,"1","P048","3-back",1,"1","PLACEBO"
"7106",0.452212335983859,"0","P048","3-back",1,"0","PLACEBO"
"7107",0.436922672121,"0","P048","3-back",0,"1","PLACEBO"
"7108",0.550593049860254,"0","P048","3-back",1,"0","PLACEBO"
"7109",0.752528268461901,"1","P048","3-back",1,"1","PLACEBO"
"7110",0.493693169164544,"0","P048","3-back",1,"0","PLACEBO"
"7111",0.742876123866154,"1","P048","2-back",0,"0","PLACEBO"
"7112",0.879195793539111,"0","P048","2-back",1,"0","PLACEBO"
"7113",0.408070429490181,"1","P048","2-back",1,"1","PLACEBO"
"7114",0.41996688276231,"0","P048","2-back",1,"0","PLACEBO"
"7115",0.461440873539686,"0","P048","2-back",1,"0","PLACEBO"
"7116",0.556751213905955,"0","P048","2-back",1,"0","PLACEBO"
"7117",0.408239001455513,"0","P048","2-back",1,"0","PLACEBO"
"7118",0.385062533356177,"1","P048","2-back",0,"0","PLACEBO"
"7119",1.05638794443075,"0","P048","2-back",0,"1","PLACEBO"
"7120",0.688588797615012,"0","P048","2-back",0,"1","PLACEBO"
"7121",NA,NA,"P048","3-back",0,"0","PLACEBO"
"7122",0.508551139510018,"0","P048","3-back",1,"0","PLACEBO"
"7123",0.406245995638528,"0","P048","3-back",1,"0","PLACEBO"
"7124",0.516727190844904,"0","P048","3-back",1,"0","PLACEBO"
"7125",0.419414514108212,"0","P048","3-back",1,"0","PLACEBO"
"7126",0.585722265557706,"1","P048","3-back",0,"0","PLACEBO"
"7127",0.877341190902371,"1","P048","3-back",0,"0","PLACEBO"
"7128",0.478072270721896,"1","P048","3-back",1,"1","PLACEBO"
"7129",0.397497670472148,"1","P048","3-back",0,"0","PLACEBO"
"7130",0.5991259139264,"1","P048","3-back",1,"1","PLACEBO"
"7131",0.536154021281618,"1","P048","0-back",1,"1","PLACEBO"
"7132",0.426338094403036,"0","P048","0-back",1,"0","PLACEBO"
"7133",0.363778301118145,"0","P048","0-back",1,"0","PLACEBO"
"7134",0.372114526920996,"0","P048","0-back",1,"0","PLACEBO"
"7135",0.444436876330656,"0","P048","0-back",1,"0","PLACEBO"
"7136",0.341032593481941,"0","P048","0-back",1,"0","PLACEBO"
"7137",0.351525731795846,"0","P048","0-back",1,"0","PLACEBO"
"7138",0.333957236214701,"0","P048","0-back",0,"1","PLACEBO"
"7139",0.723480395266961,"0","P048","0-back",1,"0","PLACEBO"
"7140",0.371945643939398,"1","P048","0-back",1,"1","PLACEBO"
"7141",0.722924294392215,"0","P048","2-back",1,"0","PLACEBO"
"7142",0.705877998683718,"0","P048","2-back",1,"0","PLACEBO"
"7143",0.762305753467444,"0","P048","2-back",1,"0","PLACEBO"
"7144",0.484366660819433,"0","P048","2-back",1,"0","PLACEBO"
"7145",0.446692070649078,"0","P048","2-back",1,"0","PLACEBO"
"7146",0.316162319251816,"1","P048","2-back",1,"1","PLACEBO"
"7147",0.708073166453687,"1","P048","2-back",1,"1","PLACEBO"
"7148",0.49755881668716,"0","P048","2-back",1,"0","PLACEBO"
"7149",0.834250215537395,"0","P048","2-back",1,"0","PLACEBO"
"7150",0.390960686032486,"1","P048","2-back",1,"1","PLACEBO"
"7151",1.04294386366928,"1","P048","1-back",0,"0","PLACEBO"
"7152",0.388286860965309,"1","P048","1-back",1,"1","PLACEBO"
"7153",0.325480741119463,"0","P048","1-back",1,"0","PLACEBO"
"7154",0.400401338125448,"0","P048","1-back",1,"0","PLACEBO"
"7155",0.397744308053007,"0","P048","1-back",1,"0","PLACEBO"
"7156",0.420256751898705,"0","P048","1-back",1,"0","PLACEBO"
"7157",0.581836090821525,"0","P048","1-back",1,"0","PLACEBO"
"7158",0.388610942125524,"0","P048","1-back",1,"0","PLACEBO"
"7159",0.434046996122561,"1","P048","1-back",1,"1","PLACEBO"
"7160",0.405403446829951,"0","P048","1-back",1,"0","PLACEBO"
"7161",1.75165026355717,"0","P048","2-back",1,"0","PLACEBO"
"7162",0.680311976322628,"0","P048","2-back",1,"0","PLACEBO"
"7163",0.548625858566083,"0","P048","2-back",1,"0","PLACEBO"
"7164",0.464418874586045,"0","P048","2-back",1,"0","PLACEBO"
"7165",0.530877905377565,"0","P048","2-back",1,"0","PLACEBO"
"7166",0.677572526377844,"0","P048","2-back",1,"0","PLACEBO"
"7167",0.732194819429424,"0","P048","2-back",0,"1","PLACEBO"
"7168",0.359542230697116,"1","P048","2-back",1,"1","PLACEBO"
"7169",0.355296207690117,"0","P048","2-back",1,"0","PLACEBO"
"7170",0.728135096434926,"0","P048","2-back",1,"0","PLACEBO"
"7171",0.682055545395997,"0","P048","0-back",1,"0","PLACEBO"
"7172",0.463515677192845,"1","P048","0-back",1,"1","PLACEBO"
"7173",0.347804085786265,"0","P048","0-back",1,"0","PLACEBO"
"7174",0.435175992863151,"0","P048","0-back",1,"0","PLACEBO"
"7175",0.464482633355146,"0","P048","0-back",1,"0","PLACEBO"
"7176",0.382454644190148,"0","P048","0-back",1,"0","PLACEBO"
"7177",0.364993760971629,"0","P048","0-back",1,"0","PLACEBO"
"7178",0.329670158782392,"0","P048","0-back",1,"0","PLACEBO"
"7179",0.317941344419523,"0","P048","0-back",1,"0","PLACEBO"
"7180",0.506406667736883,"1","P048","0-back",1,"1","PLACEBO"
"7181",1.03224731933187,"0","P048","1-back",1,"0","PLACEBO"
"7182",NA,NA,"P048","1-back",0,"0","PLACEBO"
"7183",0.62052491195027,"0","P048","1-back",1,"0","PLACEBO"
"7184",0.390677348281315,"0","P048","1-back",1,"0","PLACEBO"
"7185",0.399358804494113,"0","P048","1-back",1,"0","PLACEBO"
"7186",0.394763507840253,"1","P048","1-back",1,"1","PLACEBO"
"7187",0.672533406484945,"1","P048","1-back",1,"1","PLACEBO"
"7188",0.573969191762444,"0","P048","1-back",1,"0","PLACEBO"
"7189",0.398547979561044,"0","P048","1-back",1,"0","PLACEBO"
"7190",0.526452424761374,"0","P048","1-back",0,"1","PLACEBO"
"7191",0.928808513443073,"0","P048","3-back",1,"0","PLACEBO"
"7192",0.668897290532186,"0","P048","3-back",1,"0","PLACEBO"
"7193",0.753235524271076,"0","P048","3-back",1,"0","PLACEBO"
"7194",0.524978508628919,"1","P048","3-back",1,"1","PLACEBO"
"7195",0.458524143112299,"0","P048","3-back",1,"0","PLACEBO"
"7196",0.576423437849371,"0","P048","3-back",1,"0","PLACEBO"
"7197",0.448981476989502,"1","P048","3-back",1,"1","PLACEBO"
"7198",0.625506493441208,"0","P048","3-back",0,"1","PLACEBO"
"7199",1.10499607494785,"0","P048","3-back",1,"0","PLACEBO"
"7200",0.764207630898454,"1","P048","3-back",0,"0","PLACEBO"
"7201",0.484314671964967,"0","P049","0-back",1,"0","ACTIVE"
"7202",0.443822751314656,"0","P049","0-back",1,"0","ACTIVE"
"7203",0.456013465893193,"0","P049","0-back",1,"0","ACTIVE"
"7204",0.472060198417239,"1","P049","0-back",1,"1","ACTIVE"
"7205",0.450234104266201,"0","P049","0-back",1,"0","ACTIVE"
"7206",0.451686564649208,"0","P049","0-back",1,"0","ACTIVE"
"7207",0.447790736225215,"1","P049","0-back",1,"1","ACTIVE"
"7208",0.415831631538822,"0","P049","0-back",1,"0","ACTIVE"
"7209",0.434573035741778,"0","P049","0-back",1,"0","ACTIVE"
"7210",0.420671714718992,"1","P049","0-back",1,"1","ACTIVE"
"7211",0.502539473021898,"0","P049","1-back",1,"0","ACTIVE"
"7212",0.47608665496773,"0","P049","1-back",1,"0","ACTIVE"
"7213",0.481595429757363,"0","P049","1-back",1,"0","ACTIVE"
"7214",0.59976754413583,"1","P049","1-back",1,"1","ACTIVE"
"7215",0.441352635609292,"0","P049","1-back",1,"0","ACTIVE"
"7216",0.444595323388057,"0","P049","1-back",1,"0","ACTIVE"
"7217",0.467139250205946,"0","P049","1-back",1,"0","ACTIVE"
"7218",0.441040994217474,"0","P049","1-back",1,"0","ACTIVE"
"7219",0.416732654604857,"0","P049","1-back",1,"0","ACTIVE"
"7220",0.470640084049592,"1","P049","1-back",1,"1","ACTIVE"
"7221",0.867602171412727,"0","P049","2-back",1,"0","ACTIVE"
"7222",0.89533421206761,"0","P049","2-back",1,"0","ACTIVE"
"7223",0.704994722000265,"0","P049","2-back",1,"0","ACTIVE"
"7224",0.548456193235324,"1","P049","2-back",1,"1","ACTIVE"
"7225",0.444311362718508,"0","P049","2-back",1,"0","ACTIVE"
"7226",0.451655151693558,"0","P049","2-back",1,"0","ACTIVE"
"7227",0.733037782008978,"0","P049","2-back",1,"0","ACTIVE"
"7228",0.524045217236562,"0","P049","2-back",1,"0","ACTIVE"
"7229",0.631808446911236,"0","P049","2-back",1,"0","ACTIVE"
"7230",0.582261819825362,"0","P049","2-back",0,"1","ACTIVE"
"7231",0.809117159124071,"0","P049","3-back",1,"0","ACTIVE"
"7232",0.64002184599849,"0","P049","3-back",1,"0","ACTIVE"
"7233",0.442695928197281,"0","P049","3-back",1,"0","ACTIVE"
"7234",0.44170470951758,"1","P049","3-back",1,"1","ACTIVE"
"7235",0.531333644767074,"0","P049","3-back",1,"0","ACTIVE"
"7236",0.443215952556784,"0","P049","3-back",1,"0","ACTIVE"
"7237",0.770261511292119,"0","P049","3-back",1,"0","ACTIVE"
"7238",0.513618293412947,"1","P049","3-back",0,"0","ACTIVE"
"7239",0.739431406858785,"0","P049","3-back",1,"0","ACTIVE"
"7240",0.673276968333084,"0","P049","3-back",0,"1","ACTIVE"
"7241",0.498538831077894,"0","P049","1-back",1,"0","ACTIVE"
"7242",0.469561468933534,"1","P049","1-back",1,"1","ACTIVE"
"7243",0.564310093761378,"0","P049","1-back",1,"0","ACTIVE"
"7244",0.587374977994841,"0","P049","1-back",1,"0","ACTIVE"
"7245",0.461530949223743,"0","P049","1-back",1,"0","ACTIVE"
"7246",0.410110119511955,"0","P049","1-back",1,"0","ACTIVE"
"7247",0.500147423173985,"0","P049","1-back",1,"0","ACTIVE"
"7248",0.396289352500389,"1","P049","1-back",1,"1","ACTIVE"
"7249",0.458085476826454,"0","P049","1-back",1,"0","ACTIVE"
"7250",0.481848910529152,"1","P049","1-back",1,"1","ACTIVE"
"7251",0.764951166851461,"0","P049","0-back",1,"0","ACTIVE"
"7252",0.427486148753815,"0","P049","0-back",1,"0","ACTIVE"
"7253",0.407983369172143,"0","P049","0-back",1,"0","ACTIVE"
"7254",0.552402095772777,"0","P049","0-back",1,"0","ACTIVE"
"7255",0.502315228068255,"0","P049","0-back",1,"0","ACTIVE"
"7256",0.426645463441673,"0","P049","0-back",1,"0","ACTIVE"
"7257",0.394998933203169,"1","P049","0-back",1,"1","ACTIVE"
"7258",0.366406301998722,"1","P049","0-back",1,"1","ACTIVE"
"7259",0.440033913551815,"0","P049","0-back",1,"0","ACTIVE"
"7260",0.490912014491187,"0","P049","0-back",1,"0","ACTIVE"
"7261",0.528550954612001,"0","P049","3-back",1,"0","ACTIVE"
"7262",0.439427736830112,"0","P049","3-back",1,"0","ACTIVE"
"7263",0.378253962229792,"0","P049","3-back",1,"0","ACTIVE"
"7264",0.458097917600753,"0","P049","3-back",1,"0","ACTIVE"
"7265",0.550433032245564,"1","P049","3-back",1,"1","ACTIVE"
"7266",0.507124209310859,"0","P049","3-back",1,"0","ACTIVE"
"7267",0.682937540470448,"0","P049","3-back",0,"1","ACTIVE"
"7268",0.467762532991401,"0","P049","3-back",1,"0","ACTIVE"
"7269",0.592524525431145,"0","P049","3-back",0,"1","ACTIVE"
"7270",0.427618020958107,"0","P049","3-back",1,"0","ACTIVE"
"7271",0.596879729439024,"0","P049","2-back",1,"0","ACTIVE"
"7272",0.599368506304018,"0","P049","2-back",1,"0","ACTIVE"
"7273",0.461327231549149,"1","P049","2-back",1,"1","ACTIVE"
"7274",0.368432593086254,"0","P049","2-back",1,"0","ACTIVE"
"7275",0.415055016213955,"0","P049","2-back",1,"0","ACTIVE"
"7276",0.40399174679078,"0","P049","2-back",1,"0","ACTIVE"
"7277",0.364606744020421,"0","P049","2-back",1,"0","ACTIVE"
"7278",0.643231254707644,"0","P049","2-back",1,"0","ACTIVE"
"7279",0.50872564796191,"1","P049","2-back",1,"1","ACTIVE"
"7280",0.430867551163828,"0","P049","2-back",0,"1","ACTIVE"
"7281",0.813364750432811,"0","P049","3-back",1,"0","ACTIVE"
"7282",0.515567762719002,"0","P049","3-back",1,"0","ACTIVE"
"7283",0.476530790605466,"0","P049","3-back",1,"0","ACTIVE"
"7284",0.418403139552538,"0","P049","3-back",1,"0","ACTIVE"
"7285",0.352638408279745,"0","P049","3-back",1,"0","ACTIVE"
"7286",0.504237016652041,"0","P049","3-back",1,"0","ACTIVE"
"7287",0.449987776941271,"0","P049","3-back",1,"0","ACTIVE"
"7288",0.491381031675701,"1","P049","3-back",1,"1","ACTIVE"
"7289",0.520259178647393,"0","P049","3-back",1,"0","ACTIVE"
"7290",0.508803402797639,"0","P049","3-back",0,"1","ACTIVE"
"7291",0.645147444945906,"1","P049","0-back",1,"1","ACTIVE"
"7292",0.462562289401831,"0","P049","0-back",1,"0","ACTIVE"
"7293",0.434385491073044,"0","P049","0-back",1,"0","ACTIVE"
"7294",0.392471589937486,"0","P049","0-back",1,"0","ACTIVE"
"7295",0.38547583161926,"0","P049","0-back",1,"0","ACTIVE"
"7296",0.370302752460702,"0","P049","0-back",1,"0","ACTIVE"
"7297",0.392811223071476,"0","P049","0-back",1,"0","ACTIVE"
"7298",0.341470014314837,"1","P049","0-back",1,"1","ACTIVE"
"7299",0.406055671217473,"0","P049","0-back",1,"0","ACTIVE"
"7300",0.530498868822178,"1","P049","0-back",1,"1","ACTIVE"
"7301",0.423975984329445,"0","P049","2-back",1,"0","ACTIVE"
"7302",0.89487545852171,"0","P049","2-back",1,"0","ACTIVE"
"7303",0.571648906421615,"0","P049","2-back",1,"0","ACTIVE"
"7304",0.509387497146236,"0","P049","2-back",1,"0","ACTIVE"
"7305",0.497724271390325,"0","P049","2-back",1,"0","ACTIVE"
"7306",0.57025616176179,"0","P049","2-back",0,"1","ACTIVE"
"7307",0.741953773813293,"1","P049","2-back",1,"1","ACTIVE"
"7308",0.453539928974351,"0","P049","2-back",1,"0","ACTIVE"
"7309",0.582753230402886,"1","P049","2-back",0,"0","ACTIVE"
"7310",0.36679134395672,"0","P049","2-back",0,"1","ACTIVE"
"7311",0.763310539761733,"0","P049","1-back",1,"0","ACTIVE"
"7312",0.595690702448337,"1","P049","1-back",1,"1","ACTIVE"
"7313",0.454061819451454,"0","P049","1-back",1,"0","ACTIVE"
"7314",0.474203121764731,"0","P049","1-back",1,"0","ACTIVE"
"7315",0.493938854837324,"0","P049","1-back",1,"0","ACTIVE"
"7316",0.612388709498191,"0","P049","1-back",1,"0","ACTIVE"
"7317",0.477385160767881,"0","P049","1-back",1,"0","ACTIVE"
"7318",0.498821858691372,"0","P049","1-back",1,"0","ACTIVE"
"7319",0.354768890851119,"1","P049","1-back",1,"1","ACTIVE"
"7320",0.492940482712584,"0","P049","1-back",1,"0","ACTIVE"
"7321",0.710920573743351,"0","P049","2-back",1,"0","ACTIVE"
"7322",0.869307801549439,"0","P049","2-back",1,"0","ACTIVE"
"7323",0.632803397824318,"0","P049","2-back",1,"0","ACTIVE"
"7324",0.518762553518172,"0","P049","2-back",1,"0","ACTIVE"
"7325",0.442383664765657,"0","P049","2-back",1,"0","ACTIVE"
"7326",0.514861748786643,"0","P049","2-back",1,"0","ACTIVE"
"7327",0.607715021673357,"0","P049","2-back",0,"1","ACTIVE"
"7328",0.793116457465658,"1","P049","2-back",1,"1","ACTIVE"
"7329",0.69484118418768,"0","P049","2-back",1,"0","ACTIVE"
"7330",0.568881145198247,"0","P049","2-back",1,"0","ACTIVE"
"7331",0.619723478914239,"0","P049","0-back",1,"0","ACTIVE"
"7332",0.443172409846738,"1","P049","0-back",1,"1","ACTIVE"
"7333",0.406122540382057,"0","P049","0-back",1,"0","ACTIVE"
"7334",0.418528480353416,"0","P049","0-back",1,"0","ACTIVE"
"7335",0.359606485872064,"0","P049","0-back",1,"0","ACTIVE"
"7336",0.441163224822958,"0","P049","0-back",1,"0","ACTIVE"
"7337",0.435053871660784,"0","P049","0-back",1,"0","ACTIVE"
"7338",0.367619899516285,"0","P049","0-back",1,"0","ACTIVE"
"7339",0.39786933081632,"0","P049","0-back",1,"0","ACTIVE"
"7340",0.377111588146363,"1","P049","0-back",1,"1","ACTIVE"
"7341",0.880658452850184,"0","P049","1-back",1,"0","ACTIVE"
"7342",0.572850996224588,"0","P049","1-back",1,"0","ACTIVE"
"7343",NA,NA,"P049","1-back",0,"0","ACTIVE"
"7344",0.678385150196846,"0","P049","1-back",1,"0","ACTIVE"
"7345",0.549974589717749,"0","P049","1-back",1,"0","ACTIVE"
"7346",0.445302270378306,"1","P049","1-back",1,"1","ACTIVE"
"7347",0.457343384648993,"1","P049","1-back",1,"1","ACTIVE"
"7348",0.431939945894555,"0","P049","1-back",1,"0","ACTIVE"
"7349",0.52857863533427,"0","P049","1-back",1,"0","ACTIVE"
"7350",0.527356640293874,"1","P049","1-back",1,"1","ACTIVE"
"7351",0.493976799200027,"0","P049","3-back",1,"0","ACTIVE"
"7352",0.430836138209997,"0","P049","3-back",1,"0","ACTIVE"
"7353",0.711385236656497,"0","P049","3-back",1,"0","ACTIVE"
"7354",0.611807725348626,"1","P049","3-back",1,"1","ACTIVE"
"7355",0.553592366839439,"0","P049","3-back",1,"0","ACTIVE"
"7356",0.55162983471746,"0","P049","3-back",1,"0","ACTIVE"
"7357",0.466919981561659,"0","P049","3-back",0,"1","ACTIVE"
"7358",0.568470910671749,"1","P049","3-back",1,"1","ACTIVE"
"7359",0.386160074198415,"0","P049","3-back",1,"0","ACTIVE"
"7360",0.502493753177987,"0","P049","3-back",1,"0","ACTIVE"
"7361",0.596787677700377,"0","P050","0-back",1,"0","PLACEBO"
"7362",0.601303042630207,"0","P050","0-back",1,"0","PLACEBO"
"7363",0.656559191153065,"0","P050","0-back",1,"0","PLACEBO"
"7364",0.366813840567374,"1","P050","0-back",1,"1","PLACEBO"
"7365",0.483281206651554,"0","P050","0-back",1,"0","PLACEBO"
"7366",0.474263228545169,"0","P050","0-back",1,"0","PLACEBO"
"7367",0.311067216049196,"1","P050","0-back",1,"1","PLACEBO"
"7368",0.485034728312712,"0","P050","0-back",1,"0","PLACEBO"
"7369",0.508529990259376,"0","P050","0-back",1,"0","PLACEBO"
"7370",0.318379880344764,"1","P050","0-back",1,"1","PLACEBO"
"7371",0.692819891740328,"0","P050","1-back",1,"0","PLACEBO"
"7372",1.00568075082356,"0","P050","1-back",1,"0","PLACEBO"
"7373",0.727247449960487,"0","P050","1-back",1,"0","PLACEBO"
"7374",0.573502042147084,"1","P050","1-back",1,"1","PLACEBO"
"7375",0.714140824149581,"0","P050","1-back",1,"0","PLACEBO"
"7376",0.685068691520428,"0","P050","1-back",1,"0","PLACEBO"
"7377",0.57557124747018,"0","P050","1-back",1,"0","PLACEBO"
"7378",0.596218514054272,"0","P050","1-back",1,"0","PLACEBO"
"7379",0.600174356907701,"0","P050","1-back",1,"0","PLACEBO"
"7380",0.362967787203161,"1","P050","1-back",1,"1","PLACEBO"
"7381",0.649474814353198,"0","P050","2-back",1,"0","PLACEBO"
"7382",0.590880816510435,"0","P050","2-back",1,"0","PLACEBO"
"7383",0.819600005474058,"0","P050","2-back",1,"0","PLACEBO"
"7384",NA,NA,"P050","2-back",0,"1","PLACEBO"
"7385",0.150670058011201,"1","P050","2-back",0,"0","PLACEBO"
"7386",NA,NA,"P050","2-back",0,"0","PLACEBO"
"7387",NA,NA,"P050","2-back",0,"0","PLACEBO"
"7388",NA,NA,"P050","2-back",0,"0","PLACEBO"
"7389",NA,NA,"P050","2-back",0,"0","PLACEBO"
"7390",0.348876788199959,"0","P050","2-back",0,"1","PLACEBO"
"7391",NA,NA,"P050","3-back",0,"0","PLACEBO"
"7392",0.27815929366443,"0","P050","3-back",1,"0","PLACEBO"
"7393",0.738265898326972,"0","P050","3-back",1,"0","PLACEBO"
"7394",0.524999968897646,"1","P050","3-back",1,"1","PLACEBO"
"7395",1.03053702922716,"0","P050","3-back",1,"0","PLACEBO"
"7396",1.21848450693051,"0","P050","3-back",1,"0","PLACEBO"
"7397",0.56414971927461,"1","P050","3-back",0,"0","PLACEBO"
"7398",0.294210641555765,"0","P050","3-back",1,"0","PLACEBO"
"7399",0.218622288075494,"0","P050","3-back",1,"0","PLACEBO"
"7400",0.136541736800609,"0","P050","3-back",0,"1","PLACEBO"
"7401",0.546375018506296,"0","P050","1-back",1,"0","PLACEBO"
"7402",0.491304236940778,"1","P050","1-back",1,"1","PLACEBO"
"7403",NA,NA,"P050","1-back",0,"0","PLACEBO"
"7404",0.554518101891517,"0","P050","1-back",1,"0","PLACEBO"
"7405",0.536871229679491,"0","P050","1-back",1,"0","PLACEBO"
"7406",0.56690129893741,"0","P050","1-back",1,"0","PLACEBO"
"7407",0.868410608961312,"0","P050","1-back",1,"0","PLACEBO"
"7408",0.293999460071973,"1","P050","1-back",1,"1","PLACEBO"
"7409",0.382109724798283,"0","P050","1-back",1,"0","PLACEBO"
"7410",0.432007959582734,"1","P050","1-back",1,"1","PLACEBO"
"7411",0.390752303713271,"0","P050","0-back",1,"0","PLACEBO"
"7412",0.430752067339199,"0","P050","0-back",1,"0","PLACEBO"
"7413",0.420301538545573,"0","P050","0-back",1,"0","PLACEBO"
"7414",0.46577180456552,"0","P050","0-back",1,"0","PLACEBO"
"7415",0.485893139058135,"0","P050","0-back",1,"0","PLACEBO"
"7416",0.400069792525755,"0","P050","0-back",1,"0","PLACEBO"
"7417",0.29810490276941,"1","P050","0-back",1,"1","PLACEBO"
"7418",0.359530411999913,"1","P050","0-back",1,"1","PLACEBO"
"7419",0.372197568832235,"0","P050","0-back",1,"0","PLACEBO"
"7420",0.500943940801335,"0","P050","0-back",1,"0","PLACEBO"
"7421",0.361465879416755,"0","P050","3-back",1,"0","PLACEBO"
"7422",0.475217121935202,"0","P050","3-back",1,"0","PLACEBO"
"7423",0.379718615445199,"0","P050","3-back",1,"0","PLACEBO"
"7424",0.954339079708916,"0","P050","3-back",1,"0","PLACEBO"
"7425",0.738005886955762,"1","P050","3-back",1,"1","PLACEBO"
"7426",1.33190264875702,"0","P050","3-back",1,"0","PLACEBO"
"7427",1.9173409545283,"1","P050","3-back",1,"1","PLACEBO"
"7428",1.19851899264904,"0","P050","3-back",1,"0","PLACEBO"
"7429",1.1808332431383,"1","P050","3-back",1,"1","PLACEBO"
"7430",1.10652068707714,"0","P050","3-back",1,"0","PLACEBO"
"7431",0.475126615584486,"0","P050","2-back",1,"0","PLACEBO"
"7432",0.306779205559906,"0","P050","2-back",1,"0","PLACEBO"
"7433",0.421151240776453,"1","P050","2-back",1,"1","PLACEBO"
"7434",0.673722740793892,"0","P050","2-back",1,"0","PLACEBO"
"7435",1.06237131614216,"0","P050","2-back",1,"0","PLACEBO"
"7436",1.1409087459615,"0","P050","2-back",1,"0","PLACEBO"
"7437",1.27368529417981,"0","P050","2-back",1,"0","PLACEBO"
"7438",1.53152202445654,"0","P050","2-back",1,"0","PLACEBO"
"7439",1.18016330953469,"1","P050","2-back",1,"1","PLACEBO"
"7440",1.38994832118533,"0","P050","2-back",0,"1","PLACEBO"
"7441",1.66853650920348,"0","P050","3-back",1,"0","PLACEBO"
"7442",0.938838856397524,"0","P050","3-back",1,"0","PLACEBO"
"7443",0.588537915006782,"0","P050","3-back",1,"0","PLACEBO"
"7444",0.822091884783731,"0","P050","3-back",1,"0","PLACEBO"
"7445",1.02687043347305,"0","P050","3-back",1,"0","PLACEBO"
"7446",0.972480471155905,"0","P050","3-back",1,"0","PLACEBO"
"7447",0.718167890213408,"1","P050","3-back",0,"0","PLACEBO"
"7448",1.74759396176432,"1","P050","3-back",1,"1","PLACEBO"
"7449",1.72308291376885,"1","P050","3-back",0,"0","PLACEBO"
"7450",0.390639093020582,"0","P050","3-back",0,"1","PLACEBO"
"7451",0.346175282498734,"1","P050","0-back",1,"1","PLACEBO"
"7452",0.611415494438006,"0","P050","0-back",1,"0","PLACEBO"
"7453",0.560054229165871,"0","P050","0-back",1,"0","PLACEBO"
"7454",0.41112463004356,"0","P050","0-back",1,"0","PLACEBO"
"7455",0.478389820492339,"0","P050","0-back",1,"0","PLACEBO"
"7456",0.493221354273373,"0","P050","0-back",1,"0","PLACEBO"
"7457",0.389641657056018,"0","P050","0-back",1,"0","PLACEBO"
"7458",0.370809804791861,"1","P050","0-back",1,"1","PLACEBO"
"7459",0.396275990251524,"0","P050","0-back",1,"0","PLACEBO"
"7460",0.35061506996044,"1","P050","0-back",1,"1","PLACEBO"
"7461",0.544857559799311,"0","P050","2-back",1,"0","PLACEBO"
"7462",0.591592426577336,"0","P050","2-back",1,"0","PLACEBO"
"7463",0.452393037667207,"1","P050","2-back",0,"0","PLACEBO"
"7464",0.932801989522886,"0","P050","2-back",1,"0","PLACEBO"
"7465",1.5671420271683,"0","P050","2-back",1,"0","PLACEBO"
"7466",NA,NA,"P050","2-back",0,"1","PLACEBO"
"7467",1.53077993458646,"0","P050","2-back",0,"1","PLACEBO"
"7468",1.70910543647642,"0","P050","2-back",1,"0","PLACEBO"
"7469",1.47239587415424,"1","P050","2-back",0,"0","PLACEBO"
"7470",1.18987952391763,"0","P050","2-back",0,"1","PLACEBO"
"7471",0.29709844727131,"0","P050","1-back",1,"0","PLACEBO"
"7472",0.460736416894179,"1","P050","1-back",1,"1","PLACEBO"
"7473",0.570155795329811,"0","P050","1-back",1,"0","PLACEBO"
"7474",0.437847329782926,"0","P050","1-back",1,"0","PLACEBO"
"7475",0.530355394489561,"0","P050","1-back",1,"0","PLACEBO"
"7476",0.644459642876427,"0","P050","1-back",1,"0","PLACEBO"
"7477",0.554810459175314,"0","P050","1-back",1,"0","PLACEBO"
"7478",0.54626118577653,"0","P050","1-back",1,"0","PLACEBO"
"7479",0.410667121997903,"1","P050","1-back",1,"1","PLACEBO"
"7480",1.31965629980186,"0","P050","1-back",1,"0","PLACEBO"
"7481",0.270681167588009,"0","P050","2-back",1,"0","PLACEBO"
"7482",0.266628286997729,"0","P050","2-back",1,"0","PLACEBO"
"7483",0.526320863984438,"1","P050","2-back",0,"0","PLACEBO"
"7484",1.46599138354577,"0","P050","2-back",1,"0","PLACEBO"
"7485",NA,NA,"P050","2-back",0,"0","PLACEBO"
"7486",0.875563098788916,"1","P050","2-back",0,"0","PLACEBO"
"7487",1.37532485870452,"1","P050","2-back",1,"1","PLACEBO"
"7488",0.837597084389017,"1","P050","2-back",1,"1","PLACEBO"
"7489",1.49254893252328,"0","P050","2-back",1,"0","PLACEBO"
"7490",1.41009982446121,"1","P050","2-back",0,"0","PLACEBO"
"7491",0.402329341101904,"0","P050","0-back",1,"0","PLACEBO"
"7492",0.537891992023106,"1","P050","0-back",1,"1","PLACEBO"
"7493",0.428336387533818,"0","P050","0-back",1,"0","PLACEBO"
"7494",0.466205053177873,"0","P050","0-back",1,"0","PLACEBO"
"7495",0.462310480946144,"0","P050","0-back",1,"0","PLACEBO"
"7496",0.458210325561595,"0","P050","0-back",1,"0","PLACEBO"
"7497",0.416001087320183,"0","P050","0-back",1,"0","PLACEBO"
"7498",0.356793450201621,"0","P050","0-back",1,"0","PLACEBO"
"7499",0.300713102956252,"0","P050","0-back",1,"0","PLACEBO"
"7500",0.428389571678053,"1","P050","0-back",1,"1","PLACEBO"
"7501",1.12244389539319,"0","P050","1-back",1,"0","PLACEBO"
"7502",1.12534414184393,"0","P050","1-back",1,"0","PLACEBO"
"7503",0.669795200613407,"0","P050","1-back",1,"0","PLACEBO"
"7504",0.873719692813211,"0","P050","1-back",1,"0","PLACEBO"
"7505",0.607153609493253,"0","P050","1-back",1,"0","PLACEBO"
"7506",0.459273386405584,"1","P050","1-back",1,"1","PLACEBO"
"7507",0.425341902511718,"1","P050","1-back",1,"1","PLACEBO"
"7508",0.514097530389336,"0","P050","1-back",1,"0","PLACEBO"
"7509",0.891789861049801,"0","P050","1-back",1,"0","PLACEBO"
"7510",0.401289606636055,"1","P050","1-back",1,"1","PLACEBO"
"7511",0.547194551952998,"0","P050","3-back",1,"0","PLACEBO"
"7512",0.207837414516689,"0","P050","3-back",1,"0","PLACEBO"
"7513",0.261445165592704,"0","P050","3-back",1,"0","PLACEBO"
"7514",1.11324459356729,"0","P050","3-back",0,"1","PLACEBO"
"7515",1.54999807168588,"0","P050","3-back",1,"0","PLACEBO"
"7516",1.23581382937027,"0","P050","3-back",1,"0","PLACEBO"
"7517",1.46819463779411,"0","P050","3-back",0,"1","PLACEBO"
"7518",1.13094029566673,"1","P050","3-back",1,"1","PLACEBO"
"7519",1.18772105631797,"1","P050","3-back",0,"0","PLACEBO"
"7520",0.795885475565228,"1","P050","3-back",0,"0","PLACEBO"
"7521",1.45973730061451,"0","P051","0-back",1,"0","ACTIVE"
"7522",0.859484877306386,"0","P051","0-back",1,"0","ACTIVE"
"7523",0.538578840605624,"0","P051","0-back",1,"0","ACTIVE"
"7524",0.372135278492351,"1","P051","0-back",1,"1","ACTIVE"
"7525",0.537494005104236,"0","P051","0-back",1,"0","ACTIVE"
"7526",0.458692586606048,"0","P051","0-back",1,"0","ACTIVE"
"7527",0.361725460730668,"1","P051","0-back",1,"1","ACTIVE"
"7528",0.537291220483894,"0","P051","0-back",1,"0","ACTIVE"
"7529",0.677025062563189,"0","P051","0-back",1,"0","ACTIVE"
"7530",0.394963788017776,"1","P051","0-back",1,"1","ACTIVE"
"7531",0.681197698206233,"0","P051","1-back",1,"0","ACTIVE"
"7532",0.778091734537156,"1","P051","1-back",0,"0","ACTIVE"
"7533",0.881765370733774,"0","P051","1-back",1,"0","ACTIVE"
"7534",0.661688076204882,"1","P051","1-back",1,"1","ACTIVE"
"7535",0.633487640403473,"0","P051","1-back",1,"0","ACTIVE"
"7536",0.746281297098903,"0","P051","1-back",1,"0","ACTIVE"
"7537",0.607077743021364,"0","P051","1-back",1,"0","ACTIVE"
"7538",0.753252484890254,"0","P051","1-back",1,"0","ACTIVE"
"7539",0.680914981614478,"0","P051","1-back",1,"0","ACTIVE"
"7540",0.4174660382414,"1","P051","1-back",1,"1","ACTIVE"
"7541",0.621568445716548,"0","P051","2-back",1,"0","ACTIVE"
"7542",1.04231760425682,"0","P051","2-back",1,"0","ACTIVE"
"7543",0.687123860967404,"0","P051","2-back",1,"0","ACTIVE"
"7544",1.1449051608688,"1","P051","2-back",1,"1","ACTIVE"
"7545",1.52836931930869,"0","P051","2-back",1,"0","ACTIVE"
"7546",1.24161600679508,"0","P051","2-back",1,"0","ACTIVE"
"7547",0.839789265726722,"1","P051","2-back",0,"0","ACTIVE"
"7548",1.75900416579316,"0","P051","2-back",1,"0","ACTIVE"
"7549",1.14948803104198,"0","P051","2-back",1,"0","ACTIVE"
"7550",0.788127084997541,"1","P051","2-back",1,"1","ACTIVE"
"7551",1.20910484275737,"0","P051","3-back",1,"0","ACTIVE"
"7552",1.38418043601268,"0","P051","3-back",1,"0","ACTIVE"
"7553",0.839454608900269,"0","P051","3-back",1,"0","ACTIVE"
"7554",0.764342190959724,"1","P051","3-back",1,"1","ACTIVE"
"7555",1.52859822955361,"1","P051","3-back",0,"0","ACTIVE"
"7556",1.21352940408178,"0","P051","3-back",1,"0","ACTIVE"
"7557",1.53732387751734,"0","P051","3-back",1,"0","ACTIVE"
"7558",0.777349020321708,"1","P051","3-back",0,"0","ACTIVE"
"7559",0.925318654881266,"0","P051","3-back",1,"0","ACTIVE"
"7560",0.856858629882481,"1","P051","3-back",1,"1","ACTIVE"
"7561",0.833854394422815,"0","P051","1-back",1,"0","ACTIVE"
"7562",0.885362620574597,"1","P051","1-back",1,"1","ACTIVE"
"7563",1.11723034777606,"0","P051","1-back",1,"0","ACTIVE"
"7564",1.09533240815654,"0","P051","1-back",1,"0","ACTIVE"
"7565",0.849907969371998,"0","P051","1-back",1,"0","ACTIVE"
"7566",0.808582516856404,"0","P051","1-back",1,"0","ACTIVE"
"7567",0.717703594822524,"0","P051","1-back",1,"0","ACTIVE"
"7568",0.686803200016584,"1","P051","1-back",1,"1","ACTIVE"
"7569",1.05287453416895,"0","P051","1-back",1,"0","ACTIVE"
"7570",0.684441941084515,"1","P051","1-back",1,"1","ACTIVE"
"7571",0.640029621485155,"0","P051","0-back",1,"0","ACTIVE"
"7572",0.631381417337252,"0","P051","0-back",1,"0","ACTIVE"
"7573",0.598262832500041,"0","P051","0-back",1,"0","ACTIVE"
"7574",0.916351033862156,"0","P051","0-back",1,"0","ACTIVE"
"7575",0.458951354707096,"0","P051","0-back",1,"0","ACTIVE"
"7576",0.442335767787881,"0","P051","0-back",1,"0","ACTIVE"
"7577",0.392612481704418,"1","P051","0-back",1,"1","ACTIVE"
"7578",0.496255326983373,"1","P051","0-back",1,"1","ACTIVE"
"7579",0.538553959060664,"0","P051","0-back",1,"0","ACTIVE"
"7580",0.56281004741686,"0","P051","0-back",1,"0","ACTIVE"
"7581",0.573886068632419,"0","P051","3-back",1,"0","ACTIVE"
"7582",0.994959931376798,"0","P051","3-back",1,"0","ACTIVE"
"7583",0.598073421719164,"0","P051","3-back",1,"0","ACTIVE"
"7584",0.767335130196443,"0","P051","3-back",1,"0","ACTIVE"
"7585",1.15169098112165,"1","P051","3-back",1,"1","ACTIVE"
"7586",1.91753477351813,"0","P051","3-back",1,"0","ACTIVE"
"7587",0.736064933378657,"1","P051","3-back",1,"1","ACTIVE"
"7588",0.826175948623131,"0","P051","3-back",1,"0","ACTIVE"
"7589",1.36457097679522,"1","P051","3-back",1,"1","ACTIVE"
"7590",0.890549490330159,"0","P051","3-back",1,"0","ACTIVE"
"7591",0.916202988646546,"0","P051","2-back",1,"0","ACTIVE"
"7592",1.30921637429856,"0","P051","2-back",1,"0","ACTIVE"
"7593",0.703096881905367,"1","P051","2-back",1,"1","ACTIVE"
"7594",1.20686830258637,"0","P051","2-back",1,"0","ACTIVE"
"7595",0.796897830761736,"0","P051","2-back",1,"0","ACTIVE"
"7596",1.17330309395766,"0","P051","2-back",1,"0","ACTIVE"
"7597",0.878861072011205,"1","P051","2-back",0,"0","ACTIVE"
"7598",1.19853889328078,"0","P051","2-back",1,"0","ACTIVE"
"7599",1.14271402952363,"1","P051","2-back",1,"1","ACTIVE"
"7600",0.920324306098337,"1","P051","2-back",1,"1","ACTIVE"
"7601",0.899298153726704,"0","P051","3-back",1,"0","ACTIVE"
"7602",1.25033419029569,"0","P051","3-back",1,"0","ACTIVE"
"7603",0.916011400724528,"0","P051","3-back",1,"0","ACTIVE"
"7604",0.735167953564087,"0","P051","3-back",1,"0","ACTIVE"
"7605",1.1636036443997,"0","P051","3-back",1,"0","ACTIVE"
"7606",1.28412675407162,"1","P051","3-back",0,"0","ACTIVE"
"7607",1.10480201441169,"1","P051","3-back",0,"0","ACTIVE"
"7608",0.941945127477084,"1","P051","3-back",1,"1","ACTIVE"
"7609",0.586041949045466,"0","P051","3-back",1,"0","ACTIVE"
"7610",0.724356298793282,"1","P051","3-back",1,"1","ACTIVE"
"7611",0.845622433702374,"1","P051","0-back",1,"1","ACTIVE"
"7612",0.865245266752027,"0","P051","0-back",1,"0","ACTIVE"
"7613",0.754422850717674,"0","P051","0-back",1,"0","ACTIVE"
"7614",0.55762224459977,"0","P051","0-back",1,"0","ACTIVE"
"7615",0.448233627783338,"0","P051","0-back",1,"0","ACTIVE"
"7616",0.428992415483663,"0","P051","0-back",1,"0","ACTIVE"
"7617",0.435101457620476,"0","P051","0-back",1,"0","ACTIVE"
"7618",0.329183505771653,"1","P051","0-back",1,"1","ACTIVE"
"7619",0.451035601141484,"0","P051","0-back",1,"0","ACTIVE"
"7620",0.362025283386174,"1","P051","0-back",1,"1","ACTIVE"
"7621",0.435731271812983,"0","P051","2-back",1,"0","ACTIVE"
"7622",1.44626456425976,"1","P051","2-back",0,"0","ACTIVE"
"7623",1.12361557510303,"0","P051","2-back",1,"0","ACTIVE"
"7624",1.94635289375583,"0","P051","2-back",1,"0","ACTIVE"
"7625",0.71686197645613,"1","P051","2-back",0,"0","ACTIVE"
"7626",1.17730093672799,"0","P051","2-back",0,"1","ACTIVE"
"7627",0.876964787010365,"1","P051","2-back",1,"1","ACTIVE"
"7628",0.774819499914884,"0","P051","2-back",1,"0","ACTIVE"
"7629",1.11474437008292,"1","P051","2-back",0,"0","ACTIVE"
"7630",1.06154793088353,"1","P051","2-back",1,"1","ACTIVE"
"7631",0.441891321130242,"0","P051","1-back",1,"0","ACTIVE"
"7632",0.658241048706259,"1","P051","1-back",1,"1","ACTIVE"
"7633",0.600729526995565,"0","P051","1-back",1,"0","ACTIVE"
"7634",0.669864775005408,"0","P051","1-back",1,"0","ACTIVE"
"7635",0.632778516275721,"0","P051","1-back",1,"0","ACTIVE"
"7636",0.63279189010791,"0","P051","1-back",1,"0","ACTIVE"
"7637",1.17922676856324,"0","P051","1-back",1,"0","ACTIVE"
"7638",1.18720565906187,"0","P051","1-back",1,"0","ACTIVE"
"7639",0.372068409331405,"1","P051","1-back",1,"1","ACTIVE"
"7640",0.96348788299656,"0","P051","1-back",1,"0","ACTIVE"
"7641",0.929685055583832,"0","P051","2-back",1,"0","ACTIVE"
"7642",0.826352607615263,"1","P051","2-back",0,"0","ACTIVE"
"7643",1.1221285915708,"0","P051","2-back",1,"0","ACTIVE"
"7644",1.39633445030995,"0","P051","2-back",1,"0","ACTIVE"
"7645",1.18802892728854,"0","P051","2-back",1,"0","ACTIVE"
"7646",0.976075458271225,"1","P051","2-back",0,"0","ACTIVE"
"7647",0.905206277366233,"1","P051","2-back",1,"1","ACTIVE"
"7648",0.931721610308159,"1","P051","2-back",1,"1","ACTIVE"
"7649",0.814179310124018,"0","P051","2-back",1,"0","ACTIVE"
"7650",0.749875747769693,"1","P051","2-back",0,"0","ACTIVE"
"7651",0.606488672365231,"0","P051","0-back",1,"0","ACTIVE"
"7652",0.555209356458363,"1","P051","0-back",1,"1","ACTIVE"
"7653",0.52251002570847,"0","P051","0-back",1,"0","ACTIVE"
"7654",0.439760527537146,"0","P051","0-back",1,"0","ACTIVE"
"7655",0.424700348401529,"0","P051","0-back",1,"0","ACTIVE"
"7656",0.482404391092132,"0","P051","0-back",1,"0","ACTIVE"
"7657",0.558030301992403,"0","P051","0-back",1,"0","ACTIVE"
"7658",0.488641884228855,"0","P051","0-back",1,"0","ACTIVE"
"7659",0.489386464563722,"0","P051","0-back",1,"0","ACTIVE"
"7660",0.60859987173535,"1","P051","0-back",1,"1","ACTIVE"
"7661",0.460451401046157,"0","P051","1-back",1,"0","ACTIVE"
"7662",0.912355057207606,"0","P051","1-back",1,"0","ACTIVE"
"7663",0.697044134267344,"0","P051","1-back",1,"0","ACTIVE"
"7664",0.486270050638268,"0","P051","1-back",1,"0","ACTIVE"
"7665",0.451024715464882,"0","P051","1-back",1,"0","ACTIVE"
"7666",0.679860314987309,"1","P051","1-back",1,"1","ACTIVE"
"7667",0.743200339384202,"1","P051","1-back",1,"1","ACTIVE"
"7668",0.450539214252785,"0","P051","1-back",1,"0","ACTIVE"
"7669",0.464891513340262,"0","P051","1-back",1,"0","ACTIVE"
"7670",0.750322060539474,"1","P051","1-back",1,"1","ACTIVE"
"7671",1.02149454751634,"0","P051","3-back",1,"0","ACTIVE"
"7672",1.30922881506922,"0","P051","3-back",1,"0","ACTIVE"
"7673",0.669322046232992,"0","P051","3-back",1,"0","ACTIVE"
"7674",0.840136985363642,"1","P051","3-back",1,"1","ACTIVE"
"7675",1.15274595877054,"0","P051","3-back",1,"0","ACTIVE"
"7676",0.794150285793876,"0","P051","3-back",1,"0","ACTIVE"
"7677",0.878683479961182,"1","P051","3-back",1,"1","ACTIVE"
"7678",0.812230151834228,"0","P051","3-back",0,"1","ACTIVE"
"7679",0.841156817823503,"0","P051","3-back",1,"0","ACTIVE"
"7680",1.4101210051922,"0","P051","3-back",1,"0","ACTIVE"
"7681",0.529418058236843,"0","P052","0-back",1,"0","PLACEBO"
"7682",0.436331759896348,"0","P052","0-back",1,"0","PLACEBO"
"7683",0.327428354783478,"0","P052","0-back",1,"0","PLACEBO"
"7684",0.381548512666996,"1","P052","0-back",1,"1","PLACEBO"
"7685",0.388895679438065,"0","P052","0-back",1,"0","PLACEBO"
"7686",0.380690726358807,"0","P052","0-back",1,"0","PLACEBO"
"7687",0.337639059818684,"1","P052","0-back",1,"1","PLACEBO"
"7688",0.374972358316882,"0","P052","0-back",1,"0","PLACEBO"
"7689",0.390274420084097,"0","P052","0-back",1,"0","PLACEBO"
"7690",0.533971354665482,"1","P052","0-back",1,"1","PLACEBO"
"7691",0.371334075420236,"0","P052","1-back",1,"0","PLACEBO"
"7692",0.805115491690231,"0","P052","1-back",1,"0","PLACEBO"
"7693",0.594542326840383,"0","P052","1-back",1,"0","PLACEBO"
"7694",0.42141660391826,"0","P052","1-back",0,"1","PLACEBO"
"7695",0.501684315355305,"0","P052","1-back",1,"0","PLACEBO"
"7696",0.549354903019776,"0","P052","1-back",1,"0","PLACEBO"
"7697",0.589909409927714,"0","P052","1-back",1,"0","PLACEBO"
"7698",0.403242606415006,"0","P052","1-back",1,"0","PLACEBO"
"7699",0.458413070447932,"0","P052","1-back",1,"0","PLACEBO"
"7700",0.63809286547621,"1","P052","1-back",1,"1","PLACEBO"
"7701",0.412395540879515,"0","P052","2-back",1,"0","PLACEBO"
"7702",0.562963474414573,"0","P052","2-back",1,"0","PLACEBO"
"7703",0.506265914378673,"0","P052","2-back",1,"0","PLACEBO"
"7704",0.670573979714391,"1","P052","2-back",1,"1","PLACEBO"
"7705",0.592423053489256,"0","P052","2-back",1,"0","PLACEBO"
"7706",0.750289324043479,"0","P052","2-back",1,"0","PLACEBO"
"7707",1.4319787587483,"0","P052","2-back",1,"0","PLACEBO"
"7708",1.02855514013936,"0","P052","2-back",1,"0","PLACEBO"
"7709",1.32529353055543,"0","P052","2-back",1,"0","PLACEBO"
"7710",1.06988470269789,"1","P052","2-back",1,"1","PLACEBO"
"7711",0.716159505953328,"0","P052","3-back",1,"0","PLACEBO"
"7712",0.389482569489701,"0","P052","3-back",1,"0","PLACEBO"
"7713",0.383014960254513,"0","P052","3-back",1,"0","PLACEBO"
"7714",0.666539149484379,"1","P052","3-back",1,"1","PLACEBO"
"7715",1.01808784565401,"0","P052","3-back",1,"0","PLACEBO"
"7716",0.609285490130787,"0","P052","3-back",1,"0","PLACEBO"
"7717",0.702666011040492,"0","P052","3-back",1,"0","PLACEBO"
"7718",0.969857426460294,"1","P052","3-back",0,"0","PLACEBO"
"7719",0.697518360142567,"0","P052","3-back",1,"0","PLACEBO"
"7720",1.15137004770804,"1","P052","3-back",1,"1","PLACEBO"
"7721",0.612128190223302,"0","P052","1-back",1,"0","PLACEBO"
"7722",0.912596613703499,"1","P052","1-back",1,"1","PLACEBO"
"7723",0.493555250552163,"0","P052","1-back",1,"0","PLACEBO"
"7724",0.655374864745681,"0","P052","1-back",1,"0","PLACEBO"
"7725",0.434621474578307,"0","P052","1-back",1,"0","PLACEBO"
"7726",0.465395724690097,"0","P052","1-back",1,"0","PLACEBO"
"7727",0.399983142851852,"0","P052","1-back",1,"0","PLACEBO"
"7728",0.537314481938665,"1","P052","1-back",1,"1","PLACEBO"
"7729",0.429304941166265,"0","P052","1-back",1,"0","PLACEBO"
"7730",0.494341813846404,"1","P052","1-back",1,"1","PLACEBO"
"7731",0.934029763753642,"0","P052","0-back",1,"0","PLACEBO"
"7732",0.792482271224799,"0","P052","0-back",1,"0","PLACEBO"
"7733",0.675530976877781,"1","P052","0-back",0,"0","PLACEBO"
"7734",0.420660209321795,"0","P052","0-back",1,"0","PLACEBO"
"7735",0.300233294237842,"0","P052","0-back",1,"0","PLACEBO"
"7736",0.338022233399897,"0","P052","0-back",1,"0","PLACEBO"
"7737",0.580056997068823,"1","P052","0-back",1,"1","PLACEBO"
"7738",0.411789678759305,"1","P052","0-back",1,"1","PLACEBO"
"7739",0.533431739275329,"0","P052","0-back",1,"0","PLACEBO"
"7740",0.433226872037267,"0","P052","0-back",1,"0","PLACEBO"
"7741",1.49991244856938,"0","P052","3-back",1,"0","PLACEBO"
"7742",0.601555460798409,"0","P052","3-back",1,"0","PLACEBO"
"7743",0.303200712354737,"0","P052","3-back",1,"0","PLACEBO"
"7744",0.664575384891577,"0","P052","3-back",1,"0","PLACEBO"
"7745",0.810124739795356,"0","P052","3-back",0,"1","PLACEBO"
"7746",0.450816156613655,"0","P052","3-back",1,"0","PLACEBO"
"7747",0.890906563185126,"1","P052","3-back",1,"1","PLACEBO"
"7748",0.524842368547979,"0","P052","3-back",1,"0","PLACEBO"
"7749",0.70971957727852,"1","P052","3-back",1,"1","PLACEBO"
"7750",0.444003939970571,"0","P052","3-back",1,"0","PLACEBO"
"7751",0.307838605547659,"0","P052","2-back",1,"0","PLACEBO"
"7752",0.277625431031993,"0","P052","2-back",1,"0","PLACEBO"
"7753",0.372606137059847,"1","P052","2-back",1,"1","PLACEBO"
"7754",0.441116142337705,"0","P052","2-back",1,"0","PLACEBO"
"7755",0.528696186584057,"0","P052","2-back",1,"0","PLACEBO"
"7756",0.445755279601144,"0","P052","2-back",1,"0","PLACEBO"
"7757",0.549928419319258,"0","P052","2-back",1,"0","PLACEBO"
"7758",0.410868755896445,"0","P052","2-back",1,"0","PLACEBO"
"7759",0.793042724786574,"0","P052","2-back",0,"1","PLACEBO"
"7760",0.580431462158231,"1","P052","2-back",1,"1","PLACEBO"
"7761",0.748629734580391,"0","P052","3-back",1,"0","PLACEBO"
"7762",0.343625524958043,"0","P052","3-back",1,"0","PLACEBO"
"7763",0.279131377843441,"0","P052","3-back",1,"0","PLACEBO"
"7764",0.441896174266731,"0","P052","3-back",1,"0","PLACEBO"
"7765",0.37186747045962,"0","P052","3-back",1,"0","PLACEBO"
"7766",0.419270272044741,"0","P052","3-back",1,"0","PLACEBO"
"7767",0.336948911952277,"0","P052","3-back",1,"0","PLACEBO"
"7768",0.586537358025453,"1","P052","3-back",1,"1","PLACEBO"
"7769",0.649436296303975,"0","P052","3-back",1,"0","PLACEBO"
"7770",0.653154821720818,"0","P052","3-back",0,"1","PLACEBO"
"7771",0.481983843883427,"1","P052","0-back",1,"1","PLACEBO"
"7772",0.454658467000627,"0","P052","0-back",1,"0","PLACEBO"
"7773",0.471916517923091,"0","P052","0-back",1,"0","PLACEBO"
"7774",0.30737892165962,"0","P052","0-back",1,"0","PLACEBO"
"7775",0.464758449801593,"0","P052","0-back",1,"0","PLACEBO"
"7776",0.299598818506638,"0","P052","0-back",1,"0","PLACEBO"
"7777",0.42617486088966,"0","P052","0-back",1,"0","PLACEBO"
"7778",0.386411893558034,"1","P052","0-back",1,"1","PLACEBO"
"7779",0.425838961973568,"0","P052","0-back",1,"0","PLACEBO"
"7780",0.461074136312163,"1","P052","0-back",1,"1","PLACEBO"
"7781",0.565481161202115,"0","P052","2-back",1,"0","PLACEBO"
"7782",0.456005172842197,"0","P052","2-back",1,"0","PLACEBO"
"7783",0.460700293258924,"0","P052","2-back",1,"0","PLACEBO"
"7784",0.499125263237147,"0","P052","2-back",1,"0","PLACEBO"
"7785",0.529568901731182,"0","P052","2-back",1,"0","PLACEBO"
"7786",0.704941104169848,"1","P052","2-back",1,"1","PLACEBO"
"7787",0.378663825211333,"0","P052","2-back",0,"1","PLACEBO"
"7788",0.406172702427284,"0","P052","2-back",1,"0","PLACEBO"
"7789",0.592380755106205,"0","P052","2-back",1,"0","PLACEBO"
"7790",0.660231403251601,"1","P052","2-back",1,"1","PLACEBO"
"7791",0.616344654681598,"0","P052","1-back",1,"0","PLACEBO"
"7792",0.569739302009111,"1","P052","1-back",1,"1","PLACEBO"
"7793",0.327213441680215,"0","P052","1-back",1,"0","PLACEBO"
"7794",0.357895319591989,"0","P052","1-back",1,"0","PLACEBO"
"7795",0.451210837840335,"0","P052","1-back",1,"0","PLACEBO"
"7796",0.466115108203667,"0","P052","1-back",1,"0","PLACEBO"
"7797",0.554390276598497,"0","P052","1-back",1,"0","PLACEBO"
"7798",0.618998256126361,"0","P052","1-back",1,"0","PLACEBO"
"7799",0.398722588859528,"1","P052","1-back",1,"1","PLACEBO"
"7800",0.319507671714746,"0","P052","1-back",1,"0","PLACEBO"
"7801",0.561763879855789,"0","P052","2-back",1,"0","PLACEBO"
"7802",0.425726373632642,"0","P052","2-back",1,"0","PLACEBO"
"7803",0.530408338006964,"0","P052","2-back",1,"0","PLACEBO"
"7804",0.469389189591311,"0","P052","2-back",1,"0","PLACEBO"
"7805",0.691934662685526,"0","P052","2-back",1,"0","PLACEBO"
"7806",0.403683629250736,"0","P052","2-back",1,"0","PLACEBO"
"7807",0.465427448476476,"1","P052","2-back",1,"1","PLACEBO"
"7808",0.603091265289549,"0","P052","2-back",0,"1","PLACEBO"
"7809",0.653752908403476,"0","P052","2-back",1,"0","PLACEBO"
"7810",0.512992601205042,"0","P052","2-back",1,"0","PLACEBO"
"7811",0.628293636613307,"0","P052","0-back",1,"0","PLACEBO"
"7812",0.444760956601385,"1","P052","0-back",1,"1","PLACEBO"
"7813",0.320490798081664,"0","P052","0-back",1,"0","PLACEBO"
"7814",0.361422258216407,"0","P052","0-back",1,"0","PLACEBO"
"7815",0.296155543592249,"0","P052","0-back",1,"0","PLACEBO"
"7816",0.356319082822665,"0","P052","0-back",1,"0","PLACEBO"
"7817",0.256228981046661,"0","P052","0-back",1,"0","PLACEBO"
"7818",0.367109524506304,"0","P052","0-back",1,"0","PLACEBO"
"7819",0.317665825987206,"0","P052","0-back",1,"0","PLACEBO"
"7820",0.359073764957429,"1","P052","0-back",1,"1","PLACEBO"
"7821",0.326181174545127,"0","P052","1-back",1,"0","PLACEBO"
"7822",0.374342236831581,"0","P052","1-back",1,"0","PLACEBO"
"7823",0.42294058974403,"0","P052","1-back",1,"0","PLACEBO"
"7824",0.374415947982925,"0","P052","1-back",1,"0","PLACEBO"
"7825",0.376186259682072,"0","P052","1-back",1,"0","PLACEBO"
"7826",0.343349030386889,"1","P052","1-back",1,"1","PLACEBO"
"7827",0.427786553655096,"1","P052","1-back",1,"1","PLACEBO"
"7828",0.327054822746504,"0","P052","1-back",1,"0","PLACEBO"
"7829",0.43377892812714,"0","P052","1-back",1,"0","PLACEBO"
"7830",0.497502995875038,"1","P052","1-back",1,"1","PLACEBO"
"7831",0.674121445497804,"0","P052","3-back",1,"0","PLACEBO"
"7832",0.385381803545897,"0","P052","3-back",1,"0","PLACEBO"
"7833",0.24101182706363,"0","P052","3-back",1,"0","PLACEBO"
"7834",0.455590275476425,"1","P052","3-back",1,"1","PLACEBO"
"7835",0.374917308217846,"0","P052","3-back",1,"0","PLACEBO"
"7836",0.605992747694472,"0","P052","3-back",1,"0","PLACEBO"
"7837",0.725367801538596,"1","P052","3-back",1,"1","PLACEBO"
"7838",0.894047218058404,"1","P052","3-back",1,"1","PLACEBO"
"7839",0.543837763310876,"0","P052","3-back",1,"0","PLACEBO"
"7840",0.407859350414583,"0","P052","3-back",1,"0","PLACEBO"
"7841",0.499679497447232,"0","P054","0-back",1,"0","ACTIVE"
"7842",0.434687613423648,"0","P054","0-back",1,"0","ACTIVE"
"7843",0.425492098157974,"0","P054","0-back",1,"0","ACTIVE"
"7844",0.43369858080041,"1","P054","0-back",1,"1","ACTIVE"
"7845",0.36694572108081,"0","P054","0-back",1,"0","ACTIVE"
"7846",0.366454314934799,"0","P054","0-back",1,"0","ACTIVE"
"7847",0.44759231204398,"1","P054","0-back",1,"1","ACTIVE"
"7848",0.371408808548495,"0","P054","0-back",1,"0","ACTIVE"
"7849",0.333900834861652,"0","P054","0-back",1,"0","ACTIVE"
"7850",0.398767068199504,"1","P054","0-back",1,"1","ACTIVE"
"7851",0.433738390918734,"0","P054","1-back",1,"0","ACTIVE"
"7852",0.474448590986412,"0","P054","1-back",1,"0","ACTIVE"
"7853",0.542704593683084,"0","P054","1-back",1,"0","ACTIVE"
"7854",0.477994490653145,"1","P054","1-back",1,"1","ACTIVE"
"7855",0.392665545555701,"0","P054","1-back",1,"0","ACTIVE"
"7856",0.43252667044635,"0","P054","1-back",1,"0","ACTIVE"
"7857",0.439880967746376,"0","P054","1-back",1,"0","ACTIVE"
"7858",0.420175581282365,"0","P054","1-back",1,"0","ACTIVE"
"7859",0.418201559250065,"0","P054","1-back",1,"0","ACTIVE"
"7860",0.328887559120631,"1","P054","1-back",1,"1","ACTIVE"
"7861",0.447610662020452,"0","P054","2-back",1,"0","ACTIVE"
"7862",0.436815899663543,"0","P054","2-back",1,"0","ACTIVE"
"7863",0.396596172692625,"0","P054","2-back",1,"0","ACTIVE"
"7864",0.372287119280827,"1","P054","2-back",1,"1","ACTIVE"
"7865",0.472095128765432,"0","P054","2-back",1,"0","ACTIVE"
"7866",0.65478158396354,"0","P054","2-back",1,"0","ACTIVE"
"7867",0.545369072452104,"1","P054","2-back",0,"0","ACTIVE"
"7868",0.621161628146638,"0","P054","2-back",1,"0","ACTIVE"
"7869",0.776871440999003,"0","P054","2-back",1,"0","ACTIVE"
"7870",0.343481388614236,"1","P054","2-back",1,"1","ACTIVE"
"7871",0.444998123015012,"0","P054","3-back",1,"0","ACTIVE"
"7872",0.552312205875296,"0","P054","3-back",1,"0","ACTIVE"
"7873",0.356916992482638,"0","P054","3-back",1,"0","ACTIVE"
"7874",0.593654702585809,"1","P054","3-back",1,"1","ACTIVE"
"7875",1.22342744590378,"0","P054","3-back",1,"0","ACTIVE"
"7876",1.09404082963056,"0","P054","3-back",1,"0","ACTIVE"
"7877",0.882625775869656,"0","P054","3-back",1,"0","ACTIVE"
"7878",0.423542957450081,"1","P054","3-back",0,"0","ACTIVE"
"7879",0.878411190623865,"0","P054","3-back",1,"0","ACTIVE"
"7880",0.705447734757854,"1","P054","3-back",1,"1","ACTIVE"
"7881",0.578297016449142,"0","P054","1-back",1,"0","ACTIVE"
"7882",0.538424072929956,"1","P054","1-back",1,"1","ACTIVE"
"7883",0.56151145333979,"0","P054","1-back",1,"0","ACTIVE"
"7884",0.571795526524511,"0","P054","1-back",1,"0","ACTIVE"
"7885",0.675248027921953,"0","P054","1-back",1,"0","ACTIVE"
"7886",0.672924112272995,"0","P054","1-back",1,"0","ACTIVE"
"7887",0.655501587272738,"0","P054","1-back",1,"0","ACTIVE"
"7888",0.353964823406386,"1","P054","1-back",1,"1","ACTIVE"
"7889",0.340810689514456,"0","P054","1-back",1,"0","ACTIVE"
"7890",0.61267491959461,"1","P054","1-back",1,"1","ACTIVE"
"7891",0.464692934916911,"0","P054","0-back",1,"0","ACTIVE"
"7892",0.394810004655938,"0","P054","0-back",1,"0","ACTIVE"
"7893",0.359618482220412,"0","P054","0-back",1,"0","ACTIVE"
"7894",0.357193797210584,"0","P054","0-back",1,"0","ACTIVE"
"7895",0.343999853199875,"0","P054","0-back",1,"0","ACTIVE"
"7896",0.408471406537956,"0","P054","0-back",1,"0","ACTIVE"
"7897",0.377171945187911,"1","P054","0-back",1,"1","ACTIVE"
"7898",0.400436605030336,"1","P054","0-back",1,"1","ACTIVE"
"7899",0.557494674619193,"0","P054","0-back",1,"0","ACTIVE"
"7900",0.389485401349702,"0","P054","0-back",1,"0","ACTIVE"
"7901",0.40814670526197,"0","P054","3-back",1,"0","ACTIVE"
"7902",0.473471376991711,"0","P054","3-back",1,"0","ACTIVE"
"7903",0.446691297103825,"0","P054","3-back",1,"0","ACTIVE"
"7904",0.646020558815962,"0","P054","3-back",1,"0","ACTIVE"
"7905",0.413174287764377,"1","P054","3-back",1,"1","ACTIVE"
"7906",0.596972316106076,"0","P054","3-back",1,"0","ACTIVE"
"7907",1.43449042893235,"0","P054","3-back",0,"1","ACTIVE"
"7908",1.22077665186316,"0","P054","3-back",1,"0","ACTIVE"
"7909",0.645294335176004,"1","P054","3-back",1,"1","ACTIVE"
"7910",0.665855639181245,"0","P054","3-back",1,"0","ACTIVE"
"7911",0.429105488415644,"0","P054","2-back",1,"0","ACTIVE"
"7912",0.374747571193893,"0","P054","2-back",1,"0","ACTIVE"
"7913",0.472141781247956,"1","P054","2-back",1,"1","ACTIVE"
"7914",0.584465718667616,"0","P054","2-back",1,"0","ACTIVE"
"7915",0.720834967466089,"0","P054","2-back",1,"0","ACTIVE"
"7916",0.989293566342894,"0","P054","2-back",1,"0","ACTIVE"
"7917",0.991919479060016,"0","P054","2-back",1,"0","ACTIVE"
"7918",1.22076545526761,"0","P054","2-back",1,"0","ACTIVE"
"7919",0.522665486462756,"1","P054","2-back",1,"1","ACTIVE"
"7920",1.20098293669889,"1","P054","2-back",1,"1","ACTIVE"
"7921",0.418371374285925,"0","P054","3-back",1,"0","ACTIVE"
"7922",0.471588171792064,"0","P054","3-back",1,"0","ACTIVE"
"7923",0.396449994914747,"0","P054","3-back",1,"0","ACTIVE"
"7924",0.527413465088102,"0","P054","3-back",1,"0","ACTIVE"
"7925",0.743494700122483,"0","P054","3-back",1,"0","ACTIVE"
"7926",1.13051560634403,"0","P054","3-back",1,"0","ACTIVE"
"7927",1.13194472738314,"0","P054","3-back",1,"0","ACTIVE"
"7928",1.50493163389729,"0","P054","3-back",0,"1","ACTIVE"
"7929",1.49642813045193,"0","P054","3-back",1,"0","ACTIVE"
"7930",1.57142697191466,"0","P054","3-back",0,"1","ACTIVE"
"7931",0.556645599442163,"1","P054","0-back",1,"1","ACTIVE"
"7932",0.375549060839148,"0","P054","0-back",1,"0","ACTIVE"
"7933",0.322881829573362,"0","P054","0-back",1,"0","ACTIVE"
"7934",0.425374844919588,"0","P054","0-back",1,"0","ACTIVE"
"7935",0.335939548335318,"0","P054","0-back",1,"0","ACTIVE"
"7936",0.285315695792178,"0","P054","0-back",1,"0","ACTIVE"
"7937",0.32627470909847,"0","P054","0-back",1,"0","ACTIVE"
"7938",0.466828063520552,"1","P054","0-back",1,"1","ACTIVE"
"7939",0.507172508127496,"0","P054","0-back",1,"0","ACTIVE"
"7940",0.477268578028998,"1","P054","0-back",1,"1","ACTIVE"
"7941",0.48431963419489,"0","P054","2-back",1,"0","ACTIVE"
"7942",0.691782600677016,"0","P054","2-back",1,"0","ACTIVE"
"7943",0.581055111199476,"0","P054","2-back",1,"0","ACTIVE"
"7944",0.715066543545618,"0","P054","2-back",1,"0","ACTIVE"
"7945",0.776393719580483,"0","P054","2-back",1,"0","ACTIVE"
"7946",0.399194404936679,"1","P054","2-back",1,"1","ACTIVE"
"7947",0.770963059631413,"0","P054","2-back",0,"1","ACTIVE"
"7948",0.678403290803999,"0","P054","2-back",1,"0","ACTIVE"
"7949",0.592786344383057,"0","P054","2-back",1,"0","ACTIVE"
"7950",0.782499907472356,"1","P054","2-back",1,"1","ACTIVE"
"7951",0.388101066693253,"0","P054","1-back",1,"0","ACTIVE"
"7952",0.544715004651607,"1","P054","1-back",1,"1","ACTIVE"
"7953",0.527574882676618,"0","P054","1-back",1,"0","ACTIVE"
"7954",0.451841109109864,"0","P054","1-back",1,"0","ACTIVE"
"7955",0.488813512300567,"0","P054","1-back",1,"0","ACTIVE"
"7956",0.565500551587775,"0","P054","1-back",1,"0","ACTIVE"
"7957",0.469893442620105,"0","P054","1-back",1,"0","ACTIVE"
"7958",0.45270573511425,"0","P054","1-back",1,"0","ACTIVE"
"7959",0.473977089899108,"1","P054","1-back",1,"1","ACTIVE"
"7960",0.381181259511322,"0","P054","1-back",1,"0","ACTIVE"
"7961",0.332434391836614,"0","P054","2-back",1,"0","ACTIVE"
"7962",0.432934724157803,"0","P054","2-back",1,"0","ACTIVE"
"7963",0.492188352865924,"0","P054","2-back",1,"0","ACTIVE"
"7964",0.689961598786795,"0","P054","2-back",1,"0","ACTIVE"
"7965",0.878856255304527,"0","P054","2-back",1,"0","ACTIVE"
"7966",1.29843250769818,"0","P054","2-back",1,"0","ACTIVE"
"7967",1.36375780146136,"0","P054","2-back",0,"1","ACTIVE"
"7968",0.719279573708263,"1","P054","2-back",1,"1","ACTIVE"
"7969",0.734902867976871,"0","P054","2-back",1,"0","ACTIVE"
"7970",0.862506737395961,"0","P054","2-back",1,"0","ACTIVE"
"7971",0.521253782349959,"0","P054","0-back",1,"0","ACTIVE"
"7972",0.398619335338935,"1","P054","0-back",1,"1","ACTIVE"
"7973",0.417477512726236,"0","P054","0-back",1,"0","ACTIVE"
"7974",0.341321689702909,"0","P054","0-back",1,"0","ACTIVE"
"7975",0.360456049785171,"0","P054","0-back",1,"0","ACTIVE"
"7976",0.431580869123536,"0","P054","0-back",1,"0","ACTIVE"
"7977",0.420724836506452,"0","P054","0-back",1,"0","ACTIVE"
"7978",0.311174544664027,"0","P054","0-back",1,"0","ACTIVE"
"7979",0.321028481962458,"0","P054","0-back",1,"0","ACTIVE"
"7980",0.310452364239154,"0","P054","0-back",0,"1","ACTIVE"
"7981",0.525002775822941,"0","P054","1-back",1,"0","ACTIVE"
"7982",0.495508765534851,"0","P054","1-back",1,"0","ACTIVE"
"7983",0.577413729452473,"0","P054","1-back",1,"0","ACTIVE"
"7984",0.654761367888113,"0","P054","1-back",1,"0","ACTIVE"
"7985",0.533443453925884,"0","P054","1-back",1,"0","ACTIVE"
"7986",0.525279891567152,"1","P054","1-back",1,"1","ACTIVE"
"7987",0.561044617501011,"1","P054","1-back",1,"1","ACTIVE"
"7988",0.479232647531262,"0","P054","1-back",1,"0","ACTIVE"
"7989",0.533710617140969,"0","P054","1-back",1,"0","ACTIVE"
"7990",0.618151609992765,"1","P054","1-back",1,"1","ACTIVE"
"7991",0.445478954598457,"0","P054","3-back",1,"0","ACTIVE"
"7992",0.455183914970348,"0","P054","3-back",1,"0","ACTIVE"
"7993",0.65695807776865,"0","P054","3-back",1,"0","ACTIVE"
"7994",0.464057217092432,"1","P054","3-back",1,"1","ACTIVE"
"7995",0.78919391664067,"0","P054","3-back",1,"0","ACTIVE"
"7996",1.08330795956635,"0","P054","3-back",1,"0","ACTIVE"
"7997",1.26345869684656,"0","P054","3-back",0,"1","ACTIVE"
"7998",1.38415737686182,"0","P054","3-back",0,"1","ACTIVE"
"7999",1.40767116095958,"0","P054","3-back",1,"0","ACTIVE"
"8000",1.67081697515869,"0","P054","3-back",1,"0","ACTIVE"
"8001",0.722277842523908,"1","P055","0-back",0,"0","ACTIVE"
"8002",1.20025826894562,"0","P055","0-back",1,"0","ACTIVE"
"8003",0.647529136898811,"0","P055","0-back",1,"0","ACTIVE"
"8004",0.590253395297623,"1","P055","0-back",1,"1","ACTIVE"
"8005",0.513599396377685,"0","P055","0-back",1,"0","ACTIVE"
"8006",0.630030047399487,"0","P055","0-back",1,"0","ACTIVE"
"8007",0.492854528089083,"1","P055","0-back",1,"1","ACTIVE"
"8008",0.490624843518162,"0","P055","0-back",1,"0","ACTIVE"
"8009",0.429299342849845,"0","P055","0-back",1,"0","ACTIVE"
"8010",0.56310032212059,"1","P055","0-back",1,"1","ACTIVE"
"8011",0.389945674571209,"0","P055","1-back",1,"0","ACTIVE"
"8012",0.507197100818303,"0","P055","1-back",1,"0","ACTIVE"
"8013",0.748873572312732,"0","P055","1-back",1,"0","ACTIVE"
"8014",0.736273008686112,"1","P055","1-back",1,"1","ACTIVE"
"8015",0.706464778977534,"0","P055","1-back",1,"0","ACTIVE"
"8016",0.912034916069388,"0","P055","1-back",1,"0","ACTIVE"
"8017",0.716173812761554,"0","P055","1-back",1,"0","ACTIVE"
"8018",0.651644520665286,"0","P055","1-back",1,"0","ACTIVE"
"8019",0.523310296266573,"0","P055","1-back",1,"0","ACTIVE"
"8020",0.882876401949034,"1","P055","1-back",1,"1","ACTIVE"
"8021",0.451047864662542,"0","P055","2-back",1,"0","ACTIVE"
"8022",0.470734340346098,"0","P055","2-back",1,"0","ACTIVE"
"8023",0.820443056891236,"0","P055","2-back",1,"0","ACTIVE"
"8024",0.912134752692509,"1","P055","2-back",1,"1","ACTIVE"
"8025",0.740470190059568,"0","P055","2-back",1,"0","ACTIVE"
"8026",0.631069156919693,"0","P055","2-back",1,"0","ACTIVE"
"8027",1.04766934359577,"0","P055","2-back",1,"0","ACTIVE"
"8028",0.784052763498039,"0","P055","2-back",1,"0","ACTIVE"
"8029",0.80979754936925,"0","P055","2-back",1,"0","ACTIVE"
"8030",1.16134624553524,"1","P055","2-back",1,"1","ACTIVE"
"8031",0.696505998130306,"0","P055","3-back",1,"0","ACTIVE"
"8032",0.434880552165851,"0","P055","3-back",1,"0","ACTIVE"
"8033",0.50027074074751,"0","P055","3-back",1,"0","ACTIVE"
"8034",0.572143467401474,"1","P055","3-back",1,"1","ACTIVE"
"8035",0.580665658348153,"0","P055","3-back",1,"0","ACTIVE"
"8036",0.517455080520449,"0","P055","3-back",1,"0","ACTIVE"
"8037",0.920823338008631,"0","P055","3-back",1,"0","ACTIVE"
"8038",0.707286798267887,"1","P055","3-back",0,"0","ACTIVE"
"8039",0.605317217647098,"0","P055","3-back",1,"0","ACTIVE"
"8040",0.86682883120011,"1","P055","3-back",1,"1","ACTIVE"
"8041",0.761835227276606,"0","P055","1-back",1,"0","ACTIVE"
"8042",0.470269991194073,"1","P055","1-back",1,"1","ACTIVE"
"8043",0.748970920794818,"0","P055","1-back",1,"0","ACTIVE"
"8044",0.576875598904735,"0","P055","1-back",1,"0","ACTIVE"
"8045",0.592697992971807,"0","P055","1-back",1,"0","ACTIVE"
"8046",0.546276140630653,"0","P055","1-back",1,"0","ACTIVE"
"8047",0.566953829136764,"0","P055","1-back",1,"0","ACTIVE"
"8048",0.687219015115261,"1","P055","1-back",1,"1","ACTIVE"
"8049",0.59035572006178,"0","P055","1-back",1,"0","ACTIVE"
"8050",0.626392075522745,"1","P055","1-back",1,"1","ACTIVE"
"8051",0.690525442321814,"0","P055","0-back",1,"0","ACTIVE"
"8052",0.476801670040004,"0","P055","0-back",1,"0","ACTIVE"
"8053",0.480055535288557,"0","P055","0-back",1,"0","ACTIVE"
"8054",0.498504783292447,"0","P055","0-back",1,"0","ACTIVE"
"8055",0.594148889682401,"0","P055","0-back",1,"0","ACTIVE"
"8056",0.603406326034019,"0","P055","0-back",1,"0","ACTIVE"
"8057",0.667044241930853,"1","P055","0-back",1,"1","ACTIVE"
"8058",0.398887117124104,"1","P055","0-back",1,"1","ACTIVE"
"8059",0.523890965967439,"0","P055","0-back",1,"0","ACTIVE"
"8060",0.576820548802061,"0","P055","0-back",1,"0","ACTIVE"
"8061",0.714092794562021,"0","P055","3-back",1,"0","ACTIVE"
"8062",0.483985241597111,"0","P055","3-back",1,"0","ACTIVE"
"8063",0.409575234050862,"0","P055","3-back",1,"0","ACTIVE"
"8064",0.932131934874633,"0","P055","3-back",1,"0","ACTIVE"
"8065",0.861551174977649,"1","P055","3-back",1,"1","ACTIVE"
"8066",0.743187861109618,"0","P055","3-back",1,"0","ACTIVE"
"8067",0.808749109324708,"1","P055","3-back",1,"1","ACTIVE"
"8068",0.906487296644627,"0","P055","3-back",1,"0","ACTIVE"
"8069",0.983760531442385,"0","P055","3-back",0,"1","ACTIVE"
"8070",0.925208373959322,"0","P055","3-back",1,"0","ACTIVE"
"8071",0.800291921037569,"0","P055","2-back",1,"0","ACTIVE"
"8072",0.806555813804152,"0","P055","2-back",1,"0","ACTIVE"
"8073",0.495193379807461,"1","P055","2-back",1,"1","ACTIVE"
"8074",0.530883261755662,"0","P055","2-back",1,"0","ACTIVE"
"8075",0.885801210668433,"0","P055","2-back",1,"0","ACTIVE"
"8076",0.719325353245949,"0","P055","2-back",1,"0","ACTIVE"
"8077",0.822120063334296,"0","P055","2-back",1,"0","ACTIVE"
"8078",0.764299419050076,"0","P055","2-back",1,"0","ACTIVE"
"8079",1.45798013406966,"1","P055","2-back",1,"1","ACTIVE"
"8080",1.09144505891163,"1","P055","2-back",1,"1","ACTIVE"
"8081",0.628280884895503,"0","P055","3-back",1,"0","ACTIVE"
"8082",0.56317310022132,"0","P055","3-back",1,"0","ACTIVE"
"8083",0.829824589232885,"0","P055","3-back",1,"0","ACTIVE"
"8084",0.6964126928724,"0","P055","3-back",1,"0","ACTIVE"
"8085",0.516699307954696,"0","P055","3-back",1,"0","ACTIVE"
"8086",0.957573167648661,"0","P055","3-back",1,"0","ACTIVE"
"8087",1.09206429478218,"0","P055","3-back",1,"0","ACTIVE"
"8088",1.01237320982182,"1","P055","3-back",1,"1","ACTIVE"
"8089",1.18289260596066,"1","P055","3-back",0,"0","ACTIVE"
"8090",1.09653921479912,"0","P055","3-back",0,"1","ACTIVE"
"8091",0.70221379157374,"1","P055","0-back",1,"1","ACTIVE"
"8092",0.43788218221016,"0","P055","0-back",1,"0","ACTIVE"
"8093",0.554754789121944,"0","P055","0-back",1,"0","ACTIVE"
"8094",0.576878398060217,"0","P055","0-back",1,"0","ACTIVE"
"8095",0.572231796377309,"0","P055","0-back",1,"0","ACTIVE"
"8096",0.612702950591483,"0","P055","0-back",1,"0","ACTIVE"
"8097",0.512339775439614,"0","P055","0-back",1,"0","ACTIVE"
"8098",0.6295644541824,"1","P055","0-back",1,"1","ACTIVE"
"8099",0.577111350179621,"0","P055","0-back",1,"0","ACTIVE"
"8100",0.57811749184475,"1","P055","0-back",1,"1","ACTIVE"
"8101",0.69476678817955,"0","P055","2-back",1,"0","ACTIVE"
"8102",0.468469510797149,"0","P055","2-back",1,"0","ACTIVE"
"8103",0.858073999155749,"0","P055","2-back",1,"0","ACTIVE"
"8104",0.660850639123964,"0","P055","2-back",1,"0","ACTIVE"
"8105",0.657474543993885,"0","P055","2-back",1,"0","ACTIVE"
"8106",0.82198881394288,"1","P055","2-back",1,"1","ACTIVE"
"8107",0.915701812577026,"1","P055","2-back",1,"1","ACTIVE"
"8108",0.720097298719338,"0","P055","2-back",1,"0","ACTIVE"
"8109",1.28936603122565,"0","P055","2-back",1,"0","ACTIVE"
"8110",0.945989631298289,"1","P055","2-back",1,"1","ACTIVE"
"8111",0.887295027794607,"0","P055","1-back",1,"0","ACTIVE"
"8112",0.549427370100602,"1","P055","1-back",1,"1","ACTIVE"
"8113",0.980967283136124,"0","P055","1-back",1,"0","ACTIVE"
"8114",0.667531295359368,"0","P055","1-back",1,"0","ACTIVE"
"8115",0.605197164888523,"0","P055","1-back",1,"0","ACTIVE"
"8116",0.50567155990575,"0","P055","1-back",1,"0","ACTIVE"
"8117",1.08533511981659,"0","P055","1-back",1,"0","ACTIVE"
"8118",1.04412249985035,"0","P055","1-back",1,"0","ACTIVE"
"8119",0.574678882192529,"1","P055","1-back",1,"1","ACTIVE"
"8120",0.690189854423807,"0","P055","1-back",1,"0","ACTIVE"
"8121",0.585381616936502,"0","P055","2-back",1,"0","ACTIVE"
"8122",0.629897864957456,"0","P055","2-back",1,"0","ACTIVE"
"8123",0.615091876126826,"0","P055","2-back",1,"0","ACTIVE"
"8124",0.776842755454709,"0","P055","2-back",1,"0","ACTIVE"
"8125",0.756743248512066,"0","P055","2-back",1,"0","ACTIVE"
"8126",0.834292355844809,"0","P055","2-back",1,"0","ACTIVE"
"8127",0.45399942088261,"1","P055","2-back",1,"1","ACTIVE"
"8128",0.412283263554855,"1","P055","2-back",1,"1","ACTIVE"
"8129",0.556980430468684,"0","P055","2-back",1,"0","ACTIVE"
"8130",0.642757506175258,"0","P055","2-back",1,"0","ACTIVE"
"8131",0.583856076023949,"0","P055","0-back",1,"0","ACTIVE"
"8132",0.489778253839177,"1","P055","0-back",1,"1","ACTIVE"
"8133",0.636800587697508,"0","P055","0-back",1,"0","ACTIVE"
"8134",0.869739955145633,"0","P055","0-back",1,"0","ACTIVE"
"8135",0.421325164770678,"0","P055","0-back",1,"0","ACTIVE"
"8136",0.525584456339857,"0","P055","0-back",1,"0","ACTIVE"
"8137",0.52406202560087,"0","P055","0-back",1,"0","ACTIVE"
"8138",0.520810959511437,"0","P055","0-back",1,"0","ACTIVE"
"8139",0.458836054269341,"0","P055","0-back",1,"0","ACTIVE"
"8140",0.484635268207057,"1","P055","0-back",1,"1","ACTIVE"
"8141",0.785593233253167,"0","P055","1-back",1,"0","ACTIVE"
"8142",0.410936557716923,"0","P055","1-back",1,"0","ACTIVE"
"8143",0.521424286049296,"0","P055","1-back",1,"0","ACTIVE"
"8144",0.618240928473824,"0","P055","1-back",1,"0","ACTIVE"
"8145",0.615705513686407,"0","P055","1-back",1,"0","ACTIVE"
"8146",0.653787120329071,"1","P055","1-back",1,"1","ACTIVE"
"8147",0.569357061478513,"1","P055","1-back",1,"1","ACTIVE"
"8148",0.645783395582839,"0","P055","1-back",1,"0","ACTIVE"
"8149",0.516027199104428,"0","P055","1-back",1,"0","ACTIVE"
"8150",0.68967138822336,"1","P055","1-back",1,"1","ACTIVE"
"8151",0.812158483327948,"0","P055","3-back",1,"0","ACTIVE"
"8152",0.500290023832349,"0","P055","3-back",1,"0","ACTIVE"
"8153",0.839548862870288,"0","P055","3-back",1,"0","ACTIVE"
"8154",0.647326664497086,"1","P055","3-back",1,"1","ACTIVE"
"8155",0.501995021852053,"0","P055","3-back",1,"0","ACTIVE"
"8156",0.614231912695686,"0","P055","3-back",1,"0","ACTIVE"
"8157",1.10511116854468,"0","P055","3-back",0,"1","ACTIVE"
"8158",0.919583933209651,"1","P055","3-back",1,"1","ACTIVE"
"8159",0.998369335167808,"1","P055","3-back",0,"0","ACTIVE"
"8160",0.737577727162716,"0","P055","3-back",1,"0","ACTIVE"
"8161",1.46513742121533,"0","P056","0-back",1,"0","PLACEBO"
"8162",0.738205176370684,"0","P056","0-back",1,"0","PLACEBO"
"8163",0.423950866254017,"0","P056","0-back",1,"0","PLACEBO"
"8164",0.409667880063353,"1","P056","0-back",1,"1","PLACEBO"
"8165",0.480081325593346,"0","P056","0-back",1,"0","PLACEBO"
"8166",0.398102278410079,"0","P056","0-back",1,"0","PLACEBO"
"8167",0.348977551795542,"1","P056","0-back",1,"1","PLACEBO"
"8168",0.494773614529549,"0","P056","0-back",1,"0","PLACEBO"
"8169",0.418512986965652,"0","P056","0-back",1,"0","PLACEBO"
"8170",0.43241994958953,"1","P056","0-back",1,"1","PLACEBO"
"8171",0.475721753755352,"0","P056","1-back",1,"0","PLACEBO"
"8172",0.83179367906996,"0","P056","1-back",1,"0","PLACEBO"
"8173",0.626616683628527,"0","P056","1-back",1,"0","PLACEBO"
"8174",0.678857833856455,"1","P056","1-back",1,"1","PLACEBO"
"8175",0.728167617558938,"0","P056","1-back",1,"0","PLACEBO"
"8176",0.959253538789199,"0","P056","1-back",1,"0","PLACEBO"
"8177",0.612953560936148,"0","P056","1-back",1,"0","PLACEBO"
"8178",0.474796468301065,"0","P056","1-back",1,"0","PLACEBO"
"8179",0.703208858853031,"0","P056","1-back",1,"0","PLACEBO"
"8180",0.450710743636591,"1","P056","1-back",1,"1","PLACEBO"
"8181",0.377366242602875,"0","P056","2-back",1,"0","PLACEBO"
"8182",0.802816848841758,"0","P056","2-back",1,"0","PLACEBO"
"8183",0.752973665286845,"0","P056","2-back",1,"0","PLACEBO"
"8184",0.495620211841015,"1","P056","2-back",1,"1","PLACEBO"
"8185",0.614367770333047,"0","P056","2-back",1,"0","PLACEBO"
"8186",0.692283026004588,"0","P056","2-back",1,"0","PLACEBO"
"8187",0.864440860110335,"0","P056","2-back",1,"0","PLACEBO"
"8188",0.781157082677964,"0","P056","2-back",1,"0","PLACEBO"
"8189",0.837664809667331,"1","P056","2-back",0,"0","PLACEBO"
"8190",0.574721387994941,"0","P056","2-back",0,"1","PLACEBO"
"8191",0.974826326251787,"0","P056","3-back",1,"0","PLACEBO"
"8192",0.466322719661548,"0","P056","3-back",1,"0","PLACEBO"
"8193",1.05733721818615,"0","P056","3-back",1,"0","PLACEBO"
"8194",0.406245412450517,"1","P056","3-back",1,"1","PLACEBO"
"8195",0.609677583892335,"0","P056","3-back",1,"0","PLACEBO"
"8196",0.876179700077046,"0","P056","3-back",1,"0","PLACEBO"
"8197",1.54911726212595,"1","P056","3-back",0,"0","PLACEBO"
"8198",0.962719549243047,"1","P056","3-back",0,"0","PLACEBO"
"8199",1.10245102673798,"0","P056","3-back",1,"0","PLACEBO"
"8200",0.754255691052094,"1","P056","3-back",1,"1","PLACEBO"
"8201",0.617523382508807,"0","P056","1-back",1,"0","PLACEBO"
"8202",0.687327850253496,"1","P056","1-back",1,"1","PLACEBO"
"8203",0.561152815480455,"0","P056","1-back",1,"0","PLACEBO"
"8204",0.688566644192179,"0","P056","1-back",1,"0","PLACEBO"
"8205",0.722582003618299,"0","P056","1-back",1,"0","PLACEBO"
"8206",0.728290159564494,"0","P056","1-back",1,"0","PLACEBO"
"8207",0.576018342733732,"0","P056","1-back",1,"0","PLACEBO"
"8208",0.422984215096221,"1","P056","1-back",1,"1","PLACEBO"
"8209",0.682181397001841,"0","P056","1-back",1,"0","PLACEBO"
"8210",0.49397957965266,"1","P056","1-back",1,"1","PLACEBO"
"8211",0.443534571775672,"0","P056","0-back",1,"0","PLACEBO"
"8212",0.419707927034324,"0","P056","0-back",1,"0","PLACEBO"
"8213",0.332347917283187,"0","P056","0-back",1,"0","PLACEBO"
"8214",0.40477832959732,"0","P056","0-back",1,"0","PLACEBO"
"8215",0.471381154158735,"0","P056","0-back",1,"0","PLACEBO"
"8216",0.313301343856438,"0","P056","0-back",1,"0","PLACEBO"
"8217",0.400090009283304,"1","P056","0-back",1,"1","PLACEBO"
"8218",0.452841854876169,"1","P056","0-back",1,"1","PLACEBO"
"8219",0.471388929669047,"0","P056","0-back",1,"0","PLACEBO"
"8220",0.624281232037902,"0","P056","0-back",1,"0","PLACEBO"
"8221",0.452930495666806,"0","P056","3-back",1,"0","PLACEBO"
"8222",0.344495126933907,"0","P056","3-back",1,"0","PLACEBO"
"8223",0.543251418876025,"0","P056","3-back",1,"0","PLACEBO"
"8224",0.833798205039784,"0","P056","3-back",1,"0","PLACEBO"
"8225",0.464284292476805,"1","P056","3-back",1,"1","PLACEBO"
"8226",0.737611127558921,"0","P056","3-back",1,"0","PLACEBO"
"8227",0.678102987534658,"1","P056","3-back",1,"1","PLACEBO"
"8228",0.753444550053246,"0","P056","3-back",1,"0","PLACEBO"
"8229",0.77043776732171,"1","P056","3-back",1,"1","PLACEBO"
"8230",0.5635772188798,"0","P056","3-back",1,"0","PLACEBO"
"8231",0.585636957177485,"0","P056","2-back",1,"0","PLACEBO"
"8232",0.761550983694178,"0","P056","2-back",1,"0","PLACEBO"
"8233",0.429598373240879,"1","P056","2-back",1,"1","PLACEBO"
"8234",NA,NA,"P056","2-back",0,"0","PLACEBO"
"8235",1.03249322597912,"0","P056","2-back",1,"0","PLACEBO"
"8236",0.762270062674361,"0","P056","2-back",1,"0","PLACEBO"
"8237",0.797197644707921,"0","P056","2-back",1,"0","PLACEBO"
"8238",0.890168150024692,"0","P056","2-back",1,"0","PLACEBO"
"8239",0.616899786764407,"1","P056","2-back",1,"1","PLACEBO"
"8240",1.45053595021454,"1","P056","2-back",1,"1","PLACEBO"
"8241",1.02519544517054,"0","P056","3-back",1,"0","PLACEBO"
"8242",0.725177468193579,"0","P056","3-back",1,"0","PLACEBO"
"8243",0.720796435954981,"0","P056","3-back",1,"0","PLACEBO"
"8244",0.618676956877607,"0","P056","3-back",1,"0","PLACEBO"
"8245",0.768257514871948,"1","P056","3-back",0,"0","PLACEBO"
"8246",0.95575051691776,"1","P056","3-back",0,"0","PLACEBO"
"8247",0.807558975673601,"0","P056","3-back",1,"0","PLACEBO"
"8248",0.819372149497212,"1","P056","3-back",1,"1","PLACEBO"
"8249",0.877086946351483,"1","P056","3-back",0,"0","PLACEBO"
"8250",1.2112176321134,"1","P056","3-back",1,"1","PLACEBO"
"8251",0.562583508955868,"1","P056","0-back",1,"1","PLACEBO"
"8252",0.592157187184057,"0","P056","0-back",1,"0","PLACEBO"
"8253",0.532027006516728,"0","P056","0-back",1,"0","PLACEBO"
"8254",0.497364724822546,"0","P056","0-back",1,"0","PLACEBO"
"8255",0.466752860767883,"0","P056","0-back",1,"0","PLACEBO"
"8256",0.407479852106917,"0","P056","0-back",1,"0","PLACEBO"
"8257",0.431621249404998,"0","P056","0-back",1,"0","PLACEBO"
"8258",0.4902554223263,"1","P056","0-back",1,"1","PLACEBO"
"8259",0.494677820272045,"0","P056","0-back",1,"0","PLACEBO"
"8260",0.435146353724122,"1","P056","0-back",1,"1","PLACEBO"
"8261",0.413092835831776,"0","P056","2-back",1,"0","PLACEBO"
"8262",0.366794039855449,"0","P056","2-back",1,"0","PLACEBO"
"8263",0.625944568713749,"0","P056","2-back",1,"0","PLACEBO"
"8264",0.750472439867735,"0","P056","2-back",1,"0","PLACEBO"
"8265",1.00047399496907,"1","P056","2-back",0,"0","PLACEBO"
"8266",0.822391223751765,"1","P056","2-back",1,"1","PLACEBO"
"8267",0.934813250958541,"1","P056","2-back",1,"1","PLACEBO"
"8268",1.1999925977143,"0","P056","2-back",1,"0","PLACEBO"
"8269",0.817115386049409,"1","P056","2-back",0,"0","PLACEBO"
"8270",0.911724657442392,"1","P056","2-back",1,"1","PLACEBO"
"8271",0.710947044437489,"0","P056","1-back",1,"0","PLACEBO"
"8272",0.440786085200671,"1","P056","1-back",1,"1","PLACEBO"
"8273",0.80262619338464,"0","P056","1-back",1,"0","PLACEBO"
"8274",0.607752368108777,"0","P056","1-back",1,"0","PLACEBO"
"8275",0.505557933134696,"0","P056","1-back",1,"0","PLACEBO"
"8276",0.534522011530498,"0","P056","1-back",1,"0","PLACEBO"
"8277",0.634560453643644,"0","P056","1-back",1,"0","PLACEBO"
"8278",0.540968529719976,"0","P056","1-back",1,"0","PLACEBO"
"8279",0.353850929204782,"1","P056","1-back",1,"1","PLACEBO"
"8280",0.577886019760626,"0","P056","1-back",1,"0","PLACEBO"
"8281",0.379935270451824,"0","P056","2-back",1,"0","PLACEBO"
"8282",0.534838941239286,"0","P056","2-back",1,"0","PLACEBO"
"8283",0.566618686596485,"0","P056","2-back",1,"0","PLACEBO"
"8284",1.27041319671844,"0","P056","2-back",1,"0","PLACEBO"
"8285",1.08589852526347,"0","P056","2-back",1,"0","PLACEBO"
"8286",1.14349109113391,"0","P056","2-back",1,"0","PLACEBO"
"8287",0.848031116958737,"1","P056","2-back",1,"1","PLACEBO"
"8288",0.959909480647184,"0","P056","2-back",0,"1","PLACEBO"
"8289",0.828391116760031,"1","P056","2-back",0,"0","PLACEBO"
"8290",0.902103865857498,"1","P056","2-back",0,"0","PLACEBO"
"8291",0.902991517850751,"0","P056","0-back",1,"0","PLACEBO"
"8292",0.509835706623562,"1","P056","0-back",1,"1","PLACEBO"
"8293",0.584370482429222,"0","P056","0-back",1,"0","PLACEBO"
"8294",0.442149598289689,"0","P056","0-back",1,"0","PLACEBO"
"8295",0.465521842332237,"0","P056","0-back",1,"0","PLACEBO"
"8296",0.458688725888351,"0","P056","0-back",1,"0","PLACEBO"
"8297",0.458287509671209,"0","P056","0-back",1,"0","PLACEBO"
"8298",0.385181872243265,"0","P056","0-back",1,"0","PLACEBO"
"8299",0.397165796224726,"0","P056","0-back",1,"0","PLACEBO"
"8300",0.588331948256382,"1","P056","0-back",1,"1","PLACEBO"
"8301",0.78001470504023,"0","P056","1-back",1,"0","PLACEBO"
"8302",0.590606128844229,"0","P056","1-back",1,"0","PLACEBO"
"8303",0.543104617281642,"0","P056","1-back",1,"0","PLACEBO"
"8304",0.590822910005954,"0","P056","1-back",1,"0","PLACEBO"
"8305",0.63904412258853,"0","P056","1-back",1,"0","PLACEBO"
"8306",0.421521486528945,"1","P056","1-back",1,"1","PLACEBO"
"8307",0.490029621574649,"1","P056","1-back",1,"1","PLACEBO"
"8308",0.811039915104629,"0","P056","1-back",1,"0","PLACEBO"
"8309",0.513400621541223,"0","P056","1-back",1,"0","PLACEBO"
"8310",0.39917871974103,"1","P056","1-back",1,"1","PLACEBO"
"8311",0.768941137535876,"0","P056","3-back",1,"0","PLACEBO"
"8312",0.413696215255186,"0","P056","3-back",1,"0","PLACEBO"
"8313",0.438703804149554,"0","P056","3-back",1,"0","PLACEBO"
"8314",0.397465619815193,"1","P056","3-back",1,"1","PLACEBO"
"8315",0.716565626531519,"0","P056","3-back",1,"0","PLACEBO"
"8316",0.850881618200219,"0","P056","3-back",1,"0","PLACEBO"
"8317",0.658602324441745,"1","P056","3-back",1,"1","PLACEBO"
"8318",0.74244096212351,"1","P056","3-back",1,"1","PLACEBO"
"8319",0.775168075379042,"0","P056","3-back",1,"0","PLACEBO"
"8320",1.01642591620111,"0","P056","3-back",1,"0","PLACEBO"
"8321",0.545736836261312,"0","P057","0-back",1,"0","ACTIVE"
"8322",0.357322114309682,"0","P057","0-back",1,"0","ACTIVE"
"8323",0.385496569010684,"0","P057","0-back",1,"0","ACTIVE"
"8324",0.317932367996946,"1","P057","0-back",1,"1","ACTIVE"
"8325",0.308069069526027,"0","P057","0-back",1,"0","ACTIVE"
"8326",0.32762025258944,"0","P057","0-back",1,"0","ACTIVE"
"8327",0.374111772852302,"1","P057","0-back",1,"1","ACTIVE"
"8328",0.36714591355576,"0","P057","0-back",1,"0","ACTIVE"
"8329",0.3508299346895,"0","P057","0-back",1,"0","ACTIVE"
"8330",0.375240766434217,"1","P057","0-back",1,"1","ACTIVE"
"8331",0.671832978618113,"0","P057","1-back",1,"0","ACTIVE"
"8332",0.397085703675657,"0","P057","1-back",1,"0","ACTIVE"
"8333",0.493057000491717,"0","P057","1-back",1,"0","ACTIVE"
"8334",0.509093996645788,"1","P057","1-back",1,"1","ACTIVE"
"8335",0.408217020557458,"0","P057","1-back",1,"0","ACTIVE"
"8336",0.605541461278335,"1","P057","1-back",0,"0","ACTIVE"
"8337",0.508404159797465,"0","P057","1-back",1,"0","ACTIVE"
"8338",0.307384208956137,"0","P057","1-back",1,"0","ACTIVE"
"8339",0.321979949944762,"0","P057","1-back",1,"0","ACTIVE"
"8340",0.518078048601637,"1","P057","1-back",1,"1","ACTIVE"
"8341",0.642711475582473,"0","P057","2-back",1,"0","ACTIVE"
"8342",0.458532190157712,"0","P057","2-back",1,"0","ACTIVE"
"8343",0.544991016258791,"0","P057","2-back",1,"0","ACTIVE"
"8344",0.658690622480208,"1","P057","2-back",1,"1","ACTIVE"
"8345",0.524356559188163,"0","P057","2-back",1,"0","ACTIVE"
"8346",0.386233369505135,"0","P057","2-back",1,"0","ACTIVE"
"8347",0.799873913499141,"0","P057","2-back",1,"0","ACTIVE"
"8348",0.350531979909647,"1","P057","2-back",0,"0","ACTIVE"
"8349",0.37135864580523,"0","P057","2-back",1,"0","ACTIVE"
"8350",0.979185774805046,"1","P057","2-back",1,"1","ACTIVE"
"8351",0.444838088947108,"0","P057","3-back",1,"0","ACTIVE"
"8352",0.461127320307241,"0","P057","3-back",1,"0","ACTIVE"
"8353",0.436197711345812,"0","P057","3-back",1,"0","ACTIVE"
"8354",0.887258327727977,"0","P057","3-back",0,"1","ACTIVE"
"8355",1.745186459666,"0","P057","3-back",1,"0","ACTIVE"
"8356",0.811819474237382,"1","P057","3-back",0,"0","ACTIVE"
"8357",0.924304557059259,"0","P057","3-back",1,"0","ACTIVE"
"8358",0.82740487295996,"0","P057","3-back",1,"0","ACTIVE"
"8359",1.32786191319974,"0","P057","3-back",1,"0","ACTIVE"
"8360",1.37644067200927,"0","P057","3-back",0,"1","ACTIVE"
"8361",1.25002169347135,"0","P057","1-back",1,"0","ACTIVE"
"8362",0.691783819189368,"1","P057","1-back",1,"1","ACTIVE"
"8363",0.674097186130894,"0","P057","1-back",1,"0","ACTIVE"
"8364",0.578876996615691,"0","P057","1-back",1,"0","ACTIVE"
"8365",0.559355982250963,"0","P057","1-back",1,"0","ACTIVE"
"8366",0.493839209542784,"0","P057","1-back",1,"0","ACTIVE"
"8367",0.434370794459937,"0","P057","1-back",1,"0","ACTIVE"
"8368",0.496789521695064,"1","P057","1-back",1,"1","ACTIVE"
"8369",0.686328882984526,"0","P057","1-back",1,"0","ACTIVE"
"8370",0.528654510236265,"1","P057","1-back",1,"1","ACTIVE"
"8371",0.632873369529989,"0","P057","0-back",1,"0","ACTIVE"
"8372",0.393243082270601,"0","P057","0-back",1,"0","ACTIVE"
"8373",0.351223060829398,"0","P057","0-back",1,"0","ACTIVE"
"8374",0.434734684953582,"0","P057","0-back",1,"0","ACTIVE"
"8375",0.358549078408032,"0","P057","0-back",1,"0","ACTIVE"
"8376",0.40340278043459,"0","P057","0-back",1,"0","ACTIVE"
"8377",0.381329556335913,"1","P057","0-back",1,"1","ACTIVE"
"8378",0.391818000014609,"1","P057","0-back",1,"1","ACTIVE"
"8379",0.476755639447219,"0","P057","0-back",1,"0","ACTIVE"
"8380",0.371596263186802,"0","P057","0-back",1,"0","ACTIVE"
"8381",1.73169483085712,"0","P057","3-back",1,"0","ACTIVE"
"8382",0.72261156431523,"0","P057","3-back",1,"0","ACTIVE"
"8383",0.712344876126735,"0","P057","3-back",1,"0","ACTIVE"
"8384",0.828031573253611,"0","P057","3-back",1,"0","ACTIVE"
"8385",1.32365135807322,"1","P057","3-back",1,"1","ACTIVE"
"8386",0.935182705684383,"0","P057","3-back",1,"0","ACTIVE"
"8387",0.71771272742717,"0","P057","3-back",0,"1","ACTIVE"
"8388",0.664134051037763,"0","P057","3-back",1,"0","ACTIVE"
"8389",0.579855146702357,"1","P057","3-back",1,"1","ACTIVE"
"8390",0.52934310301498,"0","P057","3-back",1,"0","ACTIVE"
"8391",0.483875452414395,"0","P057","2-back",1,"0","ACTIVE"
"8392",1.50341201765423,"0","P057","2-back",1,"0","ACTIVE"
"8393",0.509723807115734,"1","P057","2-back",1,"1","ACTIVE"
"8394",0.811387781925987,"0","P057","2-back",1,"0","ACTIVE"
"8395",0.98299916056385,"0","P057","2-back",1,"0","ACTIVE"
"8396",0.85652015564574,"0","P057","2-back",1,"0","ACTIVE"
"8397",1.06958612588187,"0","P057","2-back",1,"0","ACTIVE"
"8398",1.01211568731924,"0","P057","2-back",1,"0","ACTIVE"
"8399",1.00887364073697,"1","P057","2-back",1,"1","ACTIVE"
"8400",1.81138436073343,"1","P057","2-back",1,"1","ACTIVE"
"8401",0.579134208101095,"0","P057","3-back",1,"0","ACTIVE"
"8402",0.77935142273418,"0","P057","3-back",1,"0","ACTIVE"
"8403",0.78299623699877,"0","P057","3-back",1,"0","ACTIVE"
"8404",0.943910790224436,"0","P057","3-back",1,"0","ACTIVE"
"8405",0.860689967476901,"0","P057","3-back",1,"0","ACTIVE"
"8406",0.586119039466212,"0","P057","3-back",1,"0","ACTIVE"
"8407",1.16803436619102,"0","P057","3-back",1,"0","ACTIVE"
"8408",0.732399285530846,"1","P057","3-back",1,"1","ACTIVE"
"8409",0.843106281216023,"1","P057","3-back",0,"0","ACTIVE"
"8410",0.409577100153001,"0","P057","3-back",0,"1","ACTIVE"
"8411",0.371616479324985,"1","P057","0-back",1,"1","ACTIVE"
"8412",0.462260979152234,"0","P057","0-back",1,"0","ACTIVE"
"8413",0.452107190320021,"0","P057","0-back",1,"0","ACTIVE"
"8414",0.422390088742759,"0","P057","0-back",1,"0","ACTIVE"
"8415",0.37486288015225,"0","P057","0-back",1,"0","ACTIVE"
"8416",0.350145385137694,"0","P057","0-back",1,"0","ACTIVE"
"8417",0.398617153921805,"0","P057","0-back",1,"0","ACTIVE"
"8418",0.364251584556769,"1","P057","0-back",1,"1","ACTIVE"
"8419",0.376571299365423,"0","P057","0-back",1,"0","ACTIVE"
"8420",0.330391418653562,"1","P057","0-back",1,"1","ACTIVE"
"8421",0.464931686557975,"0","P057","2-back",1,"0","ACTIVE"
"8422",1.08018746891776,"0","P057","2-back",1,"0","ACTIVE"
"8423",0.567899944421697,"0","P057","2-back",1,"0","ACTIVE"
"8424",1.07452788318733,"0","P057","2-back",1,"0","ACTIVE"
"8425",1.06998951559945,"0","P057","2-back",1,"0","ACTIVE"
"8426",0.754685867644184,"1","P057","2-back",1,"1","ACTIVE"
"8427",0.988311650747164,"1","P057","2-back",1,"1","ACTIVE"
"8428",0.619795394017274,"0","P057","2-back",1,"0","ACTIVE"
"8429",0.922597692934687,"0","P057","2-back",1,"0","ACTIVE"
"8430",0.720271779545328,"1","P057","2-back",1,"1","ACTIVE"
"8431",0.655340652820087,"0","P057","1-back",1,"0","ACTIVE"
"8432",1.25331319183897,"1","P057","1-back",1,"1","ACTIVE"
"8433",1.33998755307857,"0","P057","1-back",1,"0","ACTIVE"
"8434",0.595444899669928,"0","P057","1-back",1,"0","ACTIVE"
"8435",0.685763764157855,"0","P057","1-back",1,"0","ACTIVE"
"8436",0.53231767453417,"0","P057","1-back",1,"0","ACTIVE"
"8437",0.593028293574207,"0","P057","1-back",1,"0","ACTIVE"
"8438",0.556033693149402,"0","P057","1-back",1,"0","ACTIVE"
"8439",0.585855918647212,"1","P057","1-back",1,"1","ACTIVE"
"8440",0.507280142495802,"0","P057","1-back",1,"0","ACTIVE"
"8441",0.453671608423974,"0","P057","2-back",1,"0","ACTIVE"
"8442",0.632238893798785,"0","P057","2-back",1,"0","ACTIVE"
"8443",0.56111105409218,"0","P057","2-back",1,"0","ACTIVE"
"8444",0.566150159878816,"0","P057","2-back",1,"0","ACTIVE"
"8445",0.50488219745057,"0","P057","2-back",1,"0","ACTIVE"
"8446",0.768755678012894,"0","P057","2-back",1,"0","ACTIVE"
"8447",0.786431425458431,"1","P057","2-back",1,"1","ACTIVE"
"8448",0.803263071366018,"1","P057","2-back",1,"1","ACTIVE"
"8449",0.790112939790561,"0","P057","2-back",1,"0","ACTIVE"
"8450",0.807333979628311,"0","P057","2-back",1,"0","ACTIVE"
"8451",0.499667677784601,"0","P057","0-back",1,"0","ACTIVE"
"8452",0.433341015464975,"1","P057","0-back",1,"1","ACTIVE"
"8453",0.435955739720157,"0","P057","0-back",1,"0","ACTIVE"
"8454",0.446574810752281,"0","P057","0-back",1,"0","ACTIVE"
"8455",0.406747773813549,"0","P057","0-back",1,"0","ACTIVE"
"8456",0.387935257351273,"0","P057","0-back",1,"0","ACTIVE"
"8457",0.298699044833484,"0","P057","0-back",1,"0","ACTIVE"
"8458",0.354647674694206,"0","P057","0-back",1,"0","ACTIVE"
"8459",0.327431775975128,"0","P057","0-back",1,"0","ACTIVE"
"8460",0.350837710127962,"1","P057","0-back",1,"1","ACTIVE"
"8461",0.476901817679391,"0","P057","1-back",1,"0","ACTIVE"
"8462",0.551944745871879,"0","P057","1-back",1,"0","ACTIVE"
"8463",0.575779573178806,"0","P057","1-back",1,"0","ACTIVE"
"8464",0.48261489842298,"0","P057","1-back",1,"0","ACTIVE"
"8465",0.489462260045912,"0","P057","1-back",1,"0","ACTIVE"
"8466",0.312656266862177,"1","P057","1-back",1,"1","ACTIVE"
"8467",0.379679297400799,"1","P057","1-back",1,"1","ACTIVE"
"8468",0.347388525880888,"0","P057","1-back",1,"0","ACTIVE"
"8469",0.398354344120889,"0","P057","1-back",1,"0","ACTIVE"
"8470",0.561299530705583,"1","P057","1-back",1,"1","ACTIVE"
"8471",0.491579356274087,"0","P057","3-back",1,"0","ACTIVE"
"8472",0.371435156113876,"0","P057","3-back",1,"0","ACTIVE"
"8473",0.458542764752565,"0","P057","3-back",1,"0","ACTIVE"
"8474",0.616964201573865,"0","P057","3-back",0,"1","ACTIVE"
"8475",0.636866834429384,"0","P057","3-back",1,"0","ACTIVE"
"8476",0.521621782174407,"0","P057","3-back",1,"0","ACTIVE"
"8477",0.884505822714345,"1","P057","3-back",1,"1","ACTIVE"
"8478",0.682554996448744,"1","P057","3-back",1,"1","ACTIVE"
"8479",0.787878589957472,"0","P057","3-back",1,"0","ACTIVE"
"8480",0.944213721284541,"0","P057","3-back",1,"0","ACTIVE"
"8481",0.492586119971747,"0","P058","0-back",1,"0","PLACEBO"
"8482",0.812643981671499,"0","P058","0-back",1,"0","PLACEBO"
"8483",0.39514993065859,"0","P058","0-back",1,"0","PLACEBO"
"8484",0.391529686778085,"1","P058","0-back",1,"1","PLACEBO"
"8485",0.361211699359046,"0","P058","0-back",1,"0","PLACEBO"
"8486",0.423512239938646,"0","P058","0-back",1,"0","PLACEBO"
"8487",0.332714097461576,"1","P058","0-back",1,"1","PLACEBO"
"8488",0.36175753509815,"0","P058","0-back",1,"0","PLACEBO"
"8489",0.411750179535375,"0","P058","0-back",1,"0","PLACEBO"
"8490",0.462477758361274,"1","P058","0-back",1,"1","PLACEBO"
"8491",1.06926982106779,"0","P058","1-back",1,"0","PLACEBO"
"8492",1.21674624049774,"0","P058","1-back",1,"0","PLACEBO"
"8493",0.727561097057333,"0","P058","1-back",1,"0","PLACEBO"
"8494",0.589487048142473,"1","P058","1-back",1,"1","PLACEBO"
"8495",0.344944239224787,"0","P058","1-back",1,"0","PLACEBO"
"8496",0.389090998436586,"0","P058","1-back",1,"0","PLACEBO"
"8497",0.504805998160009,"0","P058","1-back",1,"0","PLACEBO"
"8498",0.376302891248997,"0","P058","1-back",1,"0","PLACEBO"
"8499",0.673978066422933,"0","P058","1-back",1,"0","PLACEBO"
"8500",0.385758445758256,"1","P058","1-back",1,"1","PLACEBO"
"8501",0.465763347394386,"0","P058","2-back",1,"0","PLACEBO"
"8502",0.902093863220216,"0","P058","2-back",1,"0","PLACEBO"
"8503",0.612804031283304,"0","P058","2-back",1,"0","PLACEBO"
"8504",1.02633976237667,"0","P058","2-back",0,"1","PLACEBO"
"8505",0.631834882044132,"1","P058","2-back",0,"0","PLACEBO"
"8506",0.44712873294884,"0","P058","2-back",1,"0","PLACEBO"
"8507",0.787046929121061,"0","P058","2-back",1,"0","PLACEBO"
"8508",0.756771862121241,"0","P058","2-back",1,"0","PLACEBO"
"8509",0.670879709932706,"0","P058","2-back",1,"0","PLACEBO"
"8510",0.442871525196097,"1","P058","2-back",1,"1","PLACEBO"
"8511",0.674220349068491,"0","P058","3-back",1,"0","PLACEBO"
"8512",0.622285089228171,"0","P058","3-back",1,"0","PLACEBO"
"8513",0.499824741629709,"0","P058","3-back",1,"0","PLACEBO"
"8514",0.378493698630336,"1","P058","3-back",1,"1","PLACEBO"
"8515",0.51196002305187,"0","P058","3-back",1,"0","PLACEBO"
"8516",0.249751730267235,"0","P058","3-back",1,"0","PLACEBO"
"8517",0.334197651009163,"0","P058","3-back",1,"0","PLACEBO"
"8518",0.397053046835936,"0","P058","3-back",1,"0","PLACEBO"
"8519",0.351703271873703,"0","P058","3-back",1,"0","PLACEBO"
"8520",0.437255170898425,"1","P058","3-back",1,"1","PLACEBO"
"8521",NA,NA,"P058","1-back",0,"0","PLACEBO"
"8522",0.038046461662816,"0","P058","1-back",0,"1","PLACEBO"
"8523",0.727851276400543,"1","P058","1-back",0,"0","PLACEBO"
"8524",0.424076114693889,"0","P058","1-back",1,"0","PLACEBO"
"8525",0.474566387154482,"0","P058","1-back",1,"0","PLACEBO"
"8526",0.56817426186899,"0","P058","1-back",1,"0","PLACEBO"
"8527",0.513681505000932,"0","P058","1-back",1,"0","PLACEBO"
"8528",0.499396781528048,"1","P058","1-back",1,"1","PLACEBO"
"8529",0.554350155338398,"0","P058","1-back",1,"0","PLACEBO"
"8530",0.908671261639029,"0","P058","1-back",0,"1","PLACEBO"
"8531",0.411894180644595,"0","P058","0-back",1,"0","PLACEBO"
"8532",0.331842937397596,"0","P058","0-back",1,"0","PLACEBO"
"8533",0.405001721483131,"0","P058","0-back",1,"0","PLACEBO"
"8534",0.451395893263907,"0","P058","0-back",1,"0","PLACEBO"
"8535",0.343879626268972,"0","P058","0-back",1,"0","PLACEBO"
"8536",0.347737176512965,"0","P058","0-back",1,"0","PLACEBO"
"8537",0.380393704632297,"1","P058","0-back",1,"1","PLACEBO"
"8538",0.293900044569455,"0","P058","0-back",0,"1","PLACEBO"
"8539",0.326597626997682,"0","P058","0-back",1,"0","PLACEBO"
"8540",0.515427246315085,"0","P058","0-back",1,"0","PLACEBO"
"8541",0.720471141772578,"0","P058","3-back",1,"0","PLACEBO"
"8542",0.63750566440649,"0","P058","3-back",1,"0","PLACEBO"
"8543",0.368749830886372,"0","P058","3-back",1,"0","PLACEBO"
"8544",0.450506694185606,"0","P058","3-back",1,"0","PLACEBO"
"8545",0.463153599419456,"1","P058","3-back",1,"1","PLACEBO"
"8546",0.47081675998561,"0","P058","3-back",1,"0","PLACEBO"
"8547",0.836216932228126,"0","P058","3-back",0,"1","PLACEBO"
"8548",0.425943774873303,"0","P058","3-back",1,"0","PLACEBO"
"8549",0.702950592069101,"0","P058","3-back",0,"1","PLACEBO"
"8550",0.45438103937704,"0","P058","3-back",1,"0","PLACEBO"
"8551",0.959768329274084,"0","P058","2-back",1,"0","PLACEBO"
"8552",0.922569701357133,"0","P058","2-back",1,"0","PLACEBO"
"8553",0.567810371379892,"1","P058","2-back",1,"1","PLACEBO"
"8554",0.435524047410581,"0","P058","2-back",1,"0","PLACEBO"
"8555",0.393961532732646,"0","P058","2-back",1,"0","PLACEBO"
"8556",0.391428917100711,"0","P058","2-back",1,"0","PLACEBO"
"8557",0.538489506114274,"0","P058","2-back",1,"0","PLACEBO"
"8558",0.557685818192112,"0","P058","2-back",1,"0","PLACEBO"
"8559",0.409535112790763,"0","P058","2-back",0,"1","PLACEBO"
"8560",0.330827776229853,"0","P058","2-back",0,"1","PLACEBO"
"8561",1.08825619632262,"0","P058","3-back",1,"0","PLACEBO"
"8562",0.489237705402047,"0","P058","3-back",1,"0","PLACEBO"
"8563",0.665144546946976,"0","P058","3-back",1,"0","PLACEBO"
"8564",0.455739563883981,"0","P058","3-back",1,"0","PLACEBO"
"8565",0.432416049374297,"0","P058","3-back",1,"0","PLACEBO"
"8566",0.556631779829331,"0","P058","3-back",1,"0","PLACEBO"
"8567",1.21320001878485,"0","P058","3-back",1,"0","PLACEBO"
"8568",0.763524052385037,"0","P058","3-back",0,"1","PLACEBO"
"8569",0.547043731861777,"1","P058","3-back",0,"0","PLACEBO"
"8570",0.314912387922959,"0","P058","3-back",0,"1","PLACEBO"
"8571",0.589245698549348,"1","P058","0-back",1,"1","PLACEBO"
"8572",0.558692892907857,"0","P058","0-back",1,"0","PLACEBO"
"8573",0.53906177834142,"0","P058","0-back",1,"0","PLACEBO"
"8574",0.787560108023172,"0","P058","0-back",1,"0","PLACEBO"
"8575",0.7407258464591,"0","P058","0-back",1,"0","PLACEBO"
"8576",0.609504446463689,"0","P058","0-back",1,"0","PLACEBO"
"8577",0.462638865432382,"0","P058","0-back",1,"0","PLACEBO"
"8578",0.50210356696698,"1","P058","0-back",1,"1","PLACEBO"
"8579",0.783921203092177,"0","P058","0-back",1,"0","PLACEBO"
"8580",0.545517257898609,"1","P058","0-back",1,"1","PLACEBO"
"8581",0.528696808618406,"0","P058","2-back",1,"0","PLACEBO"
"8582",1.08297885112188,"0","P058","2-back",1,"0","PLACEBO"
"8583",0.683750236759806,"0","P058","2-back",1,"0","PLACEBO"
"8584",0.588409683467034,"0","P058","2-back",1,"0","PLACEBO"
"8585",0.577409304958564,"0","P058","2-back",1,"0","PLACEBO"
"8586",0.903909272456076,"1","P058","2-back",1,"1","PLACEBO"
"8587",0.512090028372768,"0","P058","2-back",0,"1","PLACEBO"
"8588",0.494495767517947,"0","P058","2-back",1,"0","PLACEBO"
"8589",0.320507593023649,"0","P058","2-back",1,"0","PLACEBO"
"8590",0.618930454307701,"0","P058","2-back",0,"1","PLACEBO"
"8591",0.705889396573184,"0","P058","1-back",1,"0","PLACEBO"
"8592",0.458789090625942,"1","P058","1-back",1,"1","PLACEBO"
"8593",0.423298570905899,"0","P058","1-back",1,"0","PLACEBO"
"8594",0.421301527436299,"0","P058","1-back",1,"0","PLACEBO"
"8595",0.508541940558644,"0","P058","1-back",1,"0","PLACEBO"
"8596",0.672065308703168,"0","P058","1-back",1,"0","PLACEBO"
"8597",0.662901799641986,"0","P058","1-back",1,"0","PLACEBO"
"8598",0.530545807745511,"0","P058","1-back",1,"0","PLACEBO"
"8599",0.518573499502963,"1","P058","1-back",1,"1","PLACEBO"
"8600",0.484456122114352,"0","P058","1-back",1,"0","PLACEBO"
"8601",0.753368086432602,"0","P058","2-back",1,"0","PLACEBO"
"8602",0.528593861821719,"0","P058","2-back",1,"0","PLACEBO"
"8603",0.574486362351308,"0","P058","2-back",1,"0","PLACEBO"
"8604",0.417363112639578,"0","P058","2-back",1,"0","PLACEBO"
"8605",0.515296618959837,"0","P058","2-back",1,"0","PLACEBO"
"8606",0.417552211289149,"0","P058","2-back",1,"0","PLACEBO"
"8607",0.508053643054154,"1","P058","2-back",1,"1","PLACEBO"
"8608",0.637540809384518,"0","P058","2-back",0,"1","PLACEBO"
"8609",0.562065255828202,"0","P058","2-back",1,"0","PLACEBO"
"8610",0.432350113660505,"0","P058","2-back",1,"0","PLACEBO"
"8611",0.553868078190135,"0","P058","0-back",1,"0","PLACEBO"
"8612",0.687548693680583,"1","P058","0-back",1,"1","PLACEBO"
"8613",0.412226036332868,"0","P058","0-back",1,"0","PLACEBO"
"8614",0.569767915618286,"0","P058","0-back",1,"0","PLACEBO"
"8615",0.440323980725225,"0","P058","0-back",1,"0","PLACEBO"
"8616",0.514508500575175,"0","P058","0-back",1,"0","PLACEBO"
"8617",0.530845939651044,"0","P058","0-back",1,"0","PLACEBO"
"8618",0.498247571806132,"0","P058","0-back",1,"0","PLACEBO"
"8619",0.419808954378823,"0","P058","0-back",1,"0","PLACEBO"
"8620",0.465376752625161,"1","P058","0-back",1,"1","PLACEBO"
"8621",0.289224829273735,"0","P058","1-back",1,"0","PLACEBO"
"8622",0.439833506101422,"0","P058","1-back",1,"0","PLACEBO"
"8623",0.677803270849836,"0","P058","1-back",1,"0","PLACEBO"
"8624",0.430979459470109,"0","P058","1-back",1,"0","PLACEBO"
"8625",0.495881972583447,"0","P058","1-back",1,"0","PLACEBO"
"8626",0.641986804770568,"1","P058","1-back",1,"1","PLACEBO"
"8627",0.546421385814028,"1","P058","1-back",1,"1","PLACEBO"
"8628",0.448863588651875,"0","P058","1-back",1,"0","PLACEBO"
"8629",0.826100465499621,"0","P058","1-back",1,"0","PLACEBO"
"8630",0.927950304376282,"0","P058","1-back",0,"1","PLACEBO"
"8631",0.454395035165362,"0","P058","3-back",1,"0","PLACEBO"
"8632",0.532443947646243,"0","P058","3-back",1,"0","PLACEBO"
"8633",0.823912146261137,"0","P058","3-back",1,"0","PLACEBO"
"8634",0.325201158353593,"1","P058","3-back",1,"1","PLACEBO"
"8635",0.270319007555372,"0","P058","3-back",1,"0","PLACEBO"
"8636",0.420063988742186,"0","P058","3-back",1,"0","PLACEBO"
"8637",0.893771034505335,"1","P058","3-back",1,"1","PLACEBO"
"8638",0.262375309190247,"0","P058","3-back",0,"1","PLACEBO"
"8639",0.466836668842006,"0","P058","3-back",1,"0","PLACEBO"
"8640",1.17734623060824,"1","P058","3-back",0,"0","PLACEBO"
"8641",0.454080623430855,"0","P059","0-back",1,"0","PLACEBO"
"8642",0.428455507575563,"0","P059","0-back",1,"0","PLACEBO"
"8643",0.388523856976462,"0","P059","0-back",1,"0","PLACEBO"
"8644",0.361468056546073,"1","P059","0-back",1,"1","PLACEBO"
"8645",0.348173264610523,"0","P059","0-back",1,"0","PLACEBO"
"8646",0.402056266957516,"0","P059","0-back",1,"0","PLACEBO"
"8647",0.496667749010157,"1","P059","0-back",1,"1","PLACEBO"
"8648",0.275676433888293,"0","P059","0-back",1,"0","PLACEBO"
"8649",0.328199352834417,"0","P059","0-back",1,"0","PLACEBO"
"8650",0.364790043928224,"0","P059","0-back",0,"1","PLACEBO"
"8651",0.786412166542505,"0","P059","1-back",1,"0","PLACEBO"
"8652",0.475111686702803,"0","P059","1-back",1,"0","PLACEBO"
"8653",0.356610882408859,"0","P059","1-back",1,"0","PLACEBO"
"8654",0.331741541232986,"1","P059","1-back",1,"1","PLACEBO"
"8655",0.213659367685977,"0","P059","1-back",1,"0","PLACEBO"
"8656",0.319576990114001,"0","P059","1-back",1,"0","PLACEBO"
"8657",0.361000906928894,"0","P059","1-back",1,"0","PLACEBO"
"8658",0.418009333039663,"0","P059","1-back",1,"0","PLACEBO"
"8659",0.441109290617533,"0","P059","1-back",1,"0","PLACEBO"
"8660",0.316383142306222,"0","P059","1-back",0,"1","PLACEBO"
"8661",0.408303382262602,"0","P059","2-back",1,"0","PLACEBO"
"8662",0.352754565437863,"0","P059","2-back",1,"0","PLACEBO"
"8663",0.413167709823028,"0","P059","2-back",1,"0","PLACEBO"
"8664",0.352205617988147,"1","P059","2-back",1,"1","PLACEBO"
"8665",0.503580132643037,"0","P059","2-back",1,"0","PLACEBO"
"8666",0.510888131662796,"1","P059","2-back",0,"0","PLACEBO"
"8667",0.323868421806765,"0","P059","2-back",1,"0","PLACEBO"
"8668",0.590630446709838,"1","P059","2-back",0,"0","PLACEBO"
"8669",0.464109100274072,"0","P059","2-back",1,"0","PLACEBO"
"8670",0.759851196362433,"0","P059","2-back",0,"1","PLACEBO"
"8671",0.934707910191719,"0","P059","3-back",1,"0","PLACEBO"
"8672",0.395492223919064,"0","P059","3-back",1,"0","PLACEBO"
"8673",0.350492528716131,"0","P059","3-back",1,"0","PLACEBO"
"8674",0.499199749692707,"1","P059","3-back",1,"1","PLACEBO"
"8675",0.973752225338103,"0","P059","3-back",1,"0","PLACEBO"
"8676",0.472202109700447,"0","P059","3-back",1,"0","PLACEBO"
"8677",0.379793259857252,"0","P059","3-back",1,"0","PLACEBO"
"8678",0.419137707744085,"1","P059","3-back",0,"0","PLACEBO"
"8679",0.695051448661616,"0","P059","3-back",1,"0","PLACEBO"
"8680",0.623835080634308,"1","P059","3-back",1,"1","PLACEBO"
"8681",0.326027511442589,"0","P059","1-back",1,"0","PLACEBO"
"8682",0.711971470904246,"1","P059","1-back",1,"1","PLACEBO"
"8683",0.426254430458357,"0","P059","1-back",1,"0","PLACEBO"
"8684",0.383994496218293,"0","P059","1-back",1,"0","PLACEBO"
"8685",0.630355892119042,"0","P059","1-back",1,"0","PLACEBO"
"8686",0.498480053147432,"1","P059","1-back",0,"0","PLACEBO"
"8687",0.416309617559818,"0","P059","1-back",1,"0","PLACEBO"
"8688",0.760256142300932,"0","P059","1-back",0,"1","PLACEBO"
"8689",0.863916704300209,"0","P059","1-back",1,"0","PLACEBO"
"8690",0.45817891270417,"1","P059","1-back",1,"1","PLACEBO"
"8691",0.517917458208103,"0","P059","0-back",1,"0","PLACEBO"
"8692",0.29920373072855,"0","P059","0-back",1,"0","PLACEBO"
"8693",0.293492811120814,"0","P059","0-back",1,"0","PLACEBO"
"8694",0.399624725216199,"0","P059","0-back",1,"0","PLACEBO"
"8695",0.34199861658999,"0","P059","0-back",1,"0","PLACEBO"
"8696",0.300219516777361,"0","P059","0-back",1,"0","PLACEBO"
"8697",0.557882387774953,"1","P059","0-back",1,"1","PLACEBO"
"8698",0.543644277075146,"1","P059","0-back",1,"1","PLACEBO"
"8699",0.354524571073853,"0","P059","0-back",1,"0","PLACEBO"
"8700",0.344253499890328,"0","P059","0-back",1,"0","PLACEBO"
"8701",0.410545513808756,"0","P059","3-back",1,"0","PLACEBO"
"8702",0.808494782977505,"0","P059","3-back",1,"0","PLACEBO"
"8703",0.378198668591722,"0","P059","3-back",1,"0","PLACEBO"
"8704",0.603610488036793,"0","P059","3-back",1,"0","PLACEBO"
"8705",0.699945633987227,"1","P059","3-back",1,"1","PLACEBO"
"8706",0.670079782436005,"0","P059","3-back",1,"0","PLACEBO"
"8707",0.557790326332906,"0","P059","3-back",0,"1","PLACEBO"
"8708",0.788249974186328,"0","P059","3-back",1,"0","PLACEBO"
"8709",0.911894089529596,"0","P059","3-back",0,"1","PLACEBO"
"8710",0.562520293948182,"0","P059","3-back",1,"0","PLACEBO"
"8711",0.435275207730228,"0","P059","2-back",1,"0","PLACEBO"
"8712",0.269780769360295,"0","P059","2-back",1,"0","PLACEBO"
"8713",0.309954081245451,"1","P059","2-back",1,"1","PLACEBO"
"8714",0.381708822098517,"0","P059","2-back",1,"0","PLACEBO"
"8715",0.401460977765964,"0","P059","2-back",1,"0","PLACEBO"
"8716",0.482754030486831,"0","P059","2-back",1,"0","PLACEBO"
"8717",0.336584408523777,"0","P059","2-back",1,"0","PLACEBO"
"8718",0.506894966601976,"1","P059","2-back",0,"0","PLACEBO"
"8719",0.622820538657834,"1","P059","2-back",1,"1","PLACEBO"
"8720",0.487861885443635,"1","P059","2-back",1,"1","PLACEBO"
"8721",0.753813707451627,"0","P059","3-back",1,"0","PLACEBO"
"8722",0.361125625300701,"0","P059","3-back",1,"0","PLACEBO"
"8723",0.283703818435242,"0","P059","3-back",1,"0","PLACEBO"
"8724",0.410492018645527,"0","P059","3-back",1,"0","PLACEBO"
"8725",0.557154604752213,"0","P059","3-back",1,"0","PLACEBO"
"8726",0.368117940659431,"0","P059","3-back",1,"0","PLACEBO"
"8727",0.383638069148219,"0","P059","3-back",1,"0","PLACEBO"
"8728",0.50792194931455,"0","P059","3-back",0,"1","PLACEBO"
"8729",0.397628920231,"1","P059","3-back",0,"0","PLACEBO"
"8730",0.313854873844321,"0","P059","3-back",0,"1","PLACEBO"
"8731",0.54985313711768,"1","P059","0-back",1,"1","PLACEBO"
"8732",0.550881674920674,"0","P059","0-back",1,"0","PLACEBO"
"8733",0.891863883425685,"0","P059","0-back",1,"0","PLACEBO"
"8734",0.337308770345771,"0","P059","0-back",1,"0","PLACEBO"
"8735",0.279479566714144,"0","P059","0-back",1,"0","PLACEBO"
"8736",0.317793299667755,"0","P059","0-back",1,"0","PLACEBO"
"8737",0.359161855212733,"0","P059","0-back",1,"0","PLACEBO"
"8738",0.390903769666693,"1","P059","0-back",1,"1","PLACEBO"
"8739",0.526527691210504,"0","P059","0-back",1,"0","PLACEBO"
"8740",0.53906017708141,"1","P059","0-back",1,"1","PLACEBO"
"8741",0.464900331049648,"0","P059","2-back",1,"0","PLACEBO"
"8742",0.730386558530881,"0","P059","2-back",1,"0","PLACEBO"
"8743",0.614214970932153,"0","P059","2-back",1,"0","PLACEBO"
"8744",0.366268625335579,"0","P059","2-back",1,"0","PLACEBO"
"8745",0.415017336164965,"0","P059","2-back",1,"0","PLACEBO"
"8746",0.270926250077537,"1","P059","2-back",1,"1","PLACEBO"
"8747",0.39605921043767,"0","P059","2-back",0,"1","PLACEBO"
"8748",0.541761682783545,"0","P059","2-back",1,"0","PLACEBO"
"8749",0.452337676393654,"1","P059","2-back",0,"0","PLACEBO"
"8750",0.337721802761735,"0","P059","2-back",0,"1","PLACEBO"
"8751",0.647574180995434,"0","P059","1-back",1,"0","PLACEBO"
"8752",0.458538138940639,"1","P059","1-back",1,"1","PLACEBO"
"8753",0.350640573467899,"0","P059","1-back",1,"0","PLACEBO"
"8754",0.559530474203711,"0","P059","1-back",1,"0","PLACEBO"
"8755",0.399271719346871,"0","P059","1-back",1,"0","PLACEBO"
"8756",0.382997682292626,"0","P059","1-back",1,"0","PLACEBO"
"8757",0.339608129273984,"0","P059","1-back",1,"0","PLACEBO"
"8758",0.356040785707592,"0","P059","1-back",1,"0","PLACEBO"
"8759",0.64873707874176,"1","P059","1-back",1,"1","PLACEBO"
"8760",0.418558591509282,"0","P059","1-back",1,"0","PLACEBO"
"8761",0.471914728710544,"0","P059","2-back",1,"0","PLACEBO"
"8762",0.471825777452977,"0","P059","2-back",1,"0","PLACEBO"
"8763",0.517790251689803,"0","P059","2-back",1,"0","PLACEBO"
"8764",0.401326306806368,"0","P059","2-back",1,"0","PLACEBO"
"8765",0.371919518394861,"0","P059","2-back",1,"0","PLACEBO"
"8766",0.343554952594786,"0","P059","2-back",1,"0","PLACEBO"
"8767",0.395174052109724,"0","P059","2-back",0,"1","PLACEBO"
"8768",0.530267376287156,"0","P059","2-back",0,"1","PLACEBO"
"8769",0.294859114890642,"1","P059","2-back",0,"0","PLACEBO"
"8770",0.305337324321954,"0","P059","2-back",1,"0","PLACEBO"
"8771",0.496673036323045,"0","P059","0-back",1,"0","PLACEBO"
"8772",0.357641597340262,"1","P059","0-back",1,"1","PLACEBO"
"8773",0.498271670827307,"0","P059","0-back",1,"0","PLACEBO"
"8774",0.312873299817511,"0","P059","0-back",1,"0","PLACEBO"
"8775",0.299071236893724,"0","P059","0-back",1,"0","PLACEBO"
"8776",0.352319761735998,"0","P059","0-back",1,"0","PLACEBO"
"8777",0.308988369155486,"0","P059","0-back",1,"0","PLACEBO"
"8778",0.311567022596137,"0","P059","0-back",1,"0","PLACEBO"
"8779",0.300955697297468,"0","P059","0-back",1,"0","PLACEBO"
"8780",0.299355196681063,"0","P059","0-back",0,"1","PLACEBO"
"8781",0.370584005442652,"0","P059","1-back",1,"0","PLACEBO"
"8782",0.497751959104789,"0","P059","1-back",1,"0","PLACEBO"
"8783",0.418617685003483,"0","P059","1-back",1,"0","PLACEBO"
"8784",0.333595832851643,"0","P059","1-back",1,"0","PLACEBO"
"8785",0.370000223932948,"0","P059","1-back",1,"0","PLACEBO"
"8786",0.374503770164665,"1","P059","1-back",1,"1","PLACEBO"
"8787",0.514784881022933,"1","P059","1-back",1,"1","PLACEBO"
"8788",0.333909028366179,"0","P059","1-back",1,"0","PLACEBO"
"8789",0.412100294719494,"0","P059","1-back",1,"0","PLACEBO"
"8790",0.342442750845294,"1","P059","1-back",1,"1","PLACEBO"
"8791",0.382891314002336,"0","P059","3-back",1,"0","PLACEBO"
"8792",0.32470599431872,"0","P059","3-back",1,"0","PLACEBO"
"8793",0.281498698077485,"0","P059","3-back",1,"0","PLACEBO"
"8794",0.389717234524142,"0","P059","3-back",0,"1","PLACEBO"
"8795",0.415460537364197,"0","P059","3-back",1,"0","PLACEBO"
"8796",0.403853331194114,"0","P059","3-back",1,"0","PLACEBO"
"8797",0.411711521737743,"0","P059","3-back",0,"1","PLACEBO"
"8798",0.380137246193044,"1","P059","3-back",1,"1","PLACEBO"
"8799",0.456870147336303,"0","P059","3-back",1,"0","PLACEBO"
"8800",0.516124437212056,"0","P059","3-back",1,"0","PLACEBO"
